x,y,color,centroid_x,centroid_y
-49,-49,0,-50,-50
-49,-48,0,-50,-50
-49,-47,0,-50,-50
-49,-46,0,-50,-50
-49,-45,0,-50,-50
-49,-44,0,-50,-50
-49,-43,0,-50,-50
-49,-42,0,-50,-50
-49,-41,0,-50,-50
-49,-40,0,-50,-50
-49,-39,0,-50,-50
-49,-38,0,-50,-50
-49,-37,0,-50,-50
-49,-36,0,-50,-50
-49,-35,0,-50,-50
-49,-34,0,-50,-50
-49,-33,0,-50,-50
-49,-32,0,-50,-50
-49,-31,0,-50,-50
-49,-30,0,-50,-50
-49,-29,0,-50,-50
-49,-28,0,-50,-50
-49,-27,0,-50,-50
-49,-26,0,-50,-50
-49,-25,0,-50,-50
-49,-24,0,-50,-50
-49,-23,0,-50,-50
-49,-22,0,-50,-50
-49,-21,0,-50,-50
-49,-20,0,-50,-50
-49,-19,0,-50,-50
-49,-18,0,-50,-50
-49,-17,0,-50,-50
-49,-16,0,-50,-50
-49,-15,0,-50,-50
-49,-14,0,-50,-50
-49,-13,0,-50,-50
-49,-12,0,-50,-50
-49,-11,0,-50,-50
-49,-10,0,-50,-50
-49,-9,0,-50,-50
-49,-8,0,-50,-50
-49,-7,0,-50,-50
-49,-6,0,-50,-50
-49,-5,0,-50,-50
-49,-4,0,-50,-50
-49,-3,4,-23.5561,16.2664
-49,-2,0,-50,-50
-49,-1,4,-23.5561,16.2664
-49,0,0,-50,-50
-49,1,4,-23.5561,16.2664
-49,2,4,-23.5561,16.2664
-49,3,0,-50,-50
-49,4,0,-50,-50
-49,5,0,-50,-50
-49,6,4,-23.5561,16.2664
-49,7,4,-23.5561,16.2664
-49,8,4,-23.5561,16.2664
-49,9,0,-50,-50
-49,10,0,-50,-50
-49,11,0,-50,-50
-49,12,4,-23.5561,16.2664
-49,13,0,-50,-50
-49,14,4,-23.5561,16.2664
-49,15,4,-23.5561,16.2664
-49,16,4,-23.5561,16.2664
-49,17,0,-50,-50
-49,18,0,-50,-50
-49,19,0,-50,-50
-49,20,4,-23.5561,16.2664
-49,21,0,-50,-50
-49,22,4,-23.5561,16.2664
-49,23,4,-23.5561,16.2664
-49,24,4,-23.5561,16.2664
-49,25,4,-23.5561,16.2664
-49,26,0,-50,-50
-49,27,0,-50,-50
-49,28,0,-50,-50
-49,29,0,-50,-50
-49,30,0,-50,-50
-49,31,4,-23.5561,16.2664
-49,32,0,-50,-50
-49,33,0,-50,-50
-49,34,0,-50,-50
-49,35,4,-23.5561,16.2664
-49,36,0,-50,-50
-49,37,0,-50,-50
-49,38,0,-50,-50
-49,39,0,-50,-50
-49,40,0,-50,-50
-49,41,0,-50,-50
-49,42,0,-50,-50
-49,43,0,-50,-50
-49,44,0,-50,-50
-49,45,0,-50,-50
-49,46,0,-50,-50
-49,47,0,-50,-50
-49,48,0,-50,-50
-49,49,0,-50,-50
-48,-49,0,-50,-50
-48,-48,0,-50,-50
-48,-47,0,-50,-50
-48,-46,0,-50,-50
-48,-45,0,-50,-50
-48,-44,0,-50,-50
-48,-43,0,-50,-50
-48,-42,0,-50,-50
-48,-41,0,-50,-50
-48,-40,0,-50,-50
-48,-39,0,-50,-50
-48,-38,0,-50,-50
-48,-37,0,-50,-50
-48,-36,0,-50,-50
-48,-35,0,-50,-50
-48,-34,0,-50,-50
-48,-33,0,-50,-50
-48,-32,0,-50,-50
-48,-31,0,-50,-50
-48,-30,0,-50,-50
-48,-29,0,-50,-50
-48,-28,0,-50,-50
-48,-27,0,-50,-50
-48,-26,0,-50,-50
-48,-25,0,-50,-50
-48,-24,0,-50,-50
-48,-23,0,-50,-50
-48,-22,0,-50,-50
-48,-21,0,-50,-50
-48,-20,0,-50,-50
-48,-19,0,-50,-50
-48,-18,0,-50,-50
-48,-17,0,-50,-50
-48,-16,0,-50,-50
-48,-15,0,-50,-50
-48,-14,0,-50,-50
-48,-13,0,-50,-50
-48,-12,0,-50,-50
-48,-11,0,-50,-50
-48,-10,0,-50,-50
-48,-9,0,-50,-50
-48,-8,0,-50,-50
-48,-7,0,-50,-50
-48,-6,0,-50,-50
-48,-5,0,-50,-50
-48,-4,0,-50,-50
-48,-3,0,-50,-50
-48,-2,0,-50,-50
-48,-1,0,-50,-50
-48,0,0,-50,-50
-48,1,4,-23.5561,16.2664
-48,2,0,-50,-50
-48,3,4,-23.5561,16.2664
-48,4,0,-50,-50
-48,5,4,-23.5561,16.2664
-48,6,0,-50,-50
-48,7,0,-50,-50
-48,8,0,-50,-50
-48,9,0,-50,-50
-48,10,0,-50,-50
-48,11,0,-50,-50
-48,12,0,-50,-50
-48,13,4,-23.5561,16.2664
-48,14,0,-50,-50
-48,15,0,-50,-50
-48,16,0,-50,-50
-48,17,0,-50,-50
-48,18,0,-50,-50
-48,19,0,-50,-50
-48,20,0,-50,-50
-48,21,0,-50,-50
-48,22,0,-50,-50
-48,23,0,-50,-50
-48,24,0,-50,-50
-48,25,0,-50,-50
-48,26,0,-50,-50
-48,27,0,-50,-50
-48,28,0,-50,-50
-48,29,0,-50,-50
-48,30,0,-50,-50
-48,31,0,-50,-50
-48,32,0,-50,-50
-48,33,0,-50,-50
-48,34,0,-50,-50
-48,35,0,-50,-50
-48,36,0,-50,-50
-48,37,0,-50,-50
-48,38,0,-50,-50
-48,39,0,-50,-50
-48,40,0,-50,-50
-48,41,0,-50,-50
-48,42,0,-50,-50
-48,43,0,-50,-50
-48,44,0,-50,-50
-48,45,0,-50,-50
-48,46,0,-50,-50
-48,47,0,-50,-50
-48,48,0,-50,-50
-48,49,0,-50,-50
-47,-49,0,-50,-50
-47,-48,0,-50,-50
-47,-47,0,-50,-50
-47,-46,0,-50,-50
-47,-45,0,-50,-50
-47,-44,0,-50,-50
-47,-43,0,-50,-50
-47,-42,0,-50,-50
-47,-41,0,-50,-50
-47,-40,0,-50,-50
-47,-39,0,-50,-50
-47,-38,0,-50,-50
-47,-37,0,-50,-50
-47,-36,0,-50,-50
-47,-35,0,-50,-50
-47,-34,0,-50,-50
-47,-33,0,-50,-50
-47,-32,0,-50,-50
-47,-31,0,-50,-50
-47,-30,0,-50,-50
-47,-29,0,-50,-50
-47,-28,0,-50,-50
-47,-27,0,-50,-50
-47,-26,0,-50,-50
-47,-25,0,-50,-50
-47,-24,0,-50,-50
-47,-23,0,-50,-50
-47,-22,0,-50,-50
-47,-21,0,-50,-50
-47,-20,0,-50,-50
-47,-19,0,-50,-50
-47,-18,0,-50,-50
-47,-17,0,-50,-50
-47,-16,0,-50,-50
-47,-15,0,-50,-50
-47,-14,0,-50,-50
-47,-13,0,-50,-50
-47,-12,0,-50,-50
-47,-11,0,-50,-50
-47,-10,0,-50,-50
-47,-9,0,-50,-50
-47,-8,0,-50,-50
-47,-7,0,-50,-50
-47,-6,0,-50,-50
-47,-5,0,-50,-50
-47,-4,0,-50,-50
-47,-3,0,-50,-50
-47,-2,0,-50,-50
-47,-1,0,-50,-50
-47,0,0,-50,-50
-47,1,0,-50,-50
-47,2,0,-50,-50
-47,3,0,-50,-50
-47,4,0,-50,-50
-47,5,0,-50,-50
-47,6,4,-23.5561,16.2664
-47,7,0,-50,-50
-47,8,0,-50,-50
-47,9,0,-50,-50
-47,10,0,-50,-50
-47,11,0,-50,-50
-47,12,0,-50,-50
-47,13,0,-50,-50
-47,14,0,-50,-50
-47,15,0,-50,-50
-47,16,0,-50,-50
-47,17,0,-50,-50
-47,18,4,-23.5561,16.2664
-47,19,0,-50,-50
-47,20,0,-50,-50
-47,21,0,-50,-50
-47,22,0,-50,-50
-47,23,0,-50,-50
-47,24,4,-23.5561,16.2664
-47,25,0,-50,-50
-47,26,0,-50,-50
-47,27,4,-23.5561,16.2664
-47,28,0,-50,-50
-47,29,0,-50,-50
-47,30,0,-50,-50
-47,31,0,-50,-50
-47,32,0,-50,-50
-47,33,0,-50,-50
-47,34,0,-50,-50
-47,35,0,-50,-50
-47,36,0,-50,-50
-47,37,0,-50,-50
-47,38,0,-50,-50
-47,39,0,-50,-50
-47,40,4,-23.5561,16.2664
-47,41,0,-50,-50
-47,42,0,-50,-50
-47,43,0,-50,-50
-47,44,0,-50,-50
-47,45,0,-50,-50
-47,46,0,-50,-50
-47,47,0,-50,-50
-47,48,0,-50,-50
-47,49,0,-50,-50
-46,-49,0,-50,-50
-46,-48,0,-50,-50
-46,-47,0,-50,-50
-46,-46,0,-50,-50
-46,-45,0,-50,-50
-46,-44,0,-50,-50
-46,-43,0,-50,-50
-46,-42,0,-50,-50
-46,-41,0,-50,-50
-46,-40,0,-50,-50
-46,-39,0,-50,-50
-46,-38,5,-0.424353,-23.2557
-46,-37,0,-50,-50
-46,-36,0,-50,-50
-46,-35,0,-50,-50
-46,-34,0,-50,-50
-46,-33,0,-50,-50
-46,-32,0,-50,-50
-46,-31,0,-50,-50
-46,-30,0,-50,-50
-46,-29,0,-50,-50
-46,-28,0,-50,-50
-46,-27,0,-50,-50
-46,-26,0,-50,-50
-46,-25,0,-50,-50
-46,-24,0,-50,-50
-46,-23,0,-50,-50
-46,-22,0,-50,-50
-46,-21,0,-50,-50
-46,-20,0,-50,-50
-46,-19,0,-50,-50
-46,-18,0,-50,-50
-46,-17,0,-50,-50
-46,-16,0,-50,-50
-46,-15,0,-50,-50
-46,-14,0,-50,-50
-46,-13,0,-50,-50
-46,-12,0,-50,-50
-46,-11,0,-50,-50
-46,-10,0,-50,-50
-46,-9,0,-50,-50
-46,-8,0,-50,-50
-46,-7,0,-50,-50
-46,-6,0,-50,-50
-46,-5,0,-50,-50
-46,-4,0,-50,-50
-46,-3,0,-50,-50
-46,-2,0,-50,-50
-46,-1,0,-50,-50
-46,0,0,-50,-50
-46,1,0,-50,-50
-46,2,0,-50,-50
-46,3,0,-50,-50
-46,4,0,-50,-50
-46,5,0,-50,-50
-46,6,0,-50,-50
-46,7,4,-23.5561,16.2664
-46,8,0,-50,-50
-46,9,0,-50,-50
-46,10,0,-50,-50
-46,11,0,-50,-50
-46,12,0,-50,-50
-46,13,0,-50,-50
-46,14,4,-23.5561,16.2664
-46,15,4,-23.5561,16.2664
-46,16,0,-50,-50
-46,17,4,-23.5561,16.2664
-46,18,0,-50,-50
-46,19,4,-23.5561,16.2664
-46,20,4,-23.5561,16.2664
-46,21,0,-50,-50
-46,22,0,-50,-50
-46,23,0,-50,-50
-46,24,0,-50,-50
-46,25,4,-23.5561,16.2664
-46,26,0,-50,-50
-46,27,0,-50,-50
-46,28,0,-50,-50
-46,29,0,-50,-50
-46,30,0,-50,-50
-46,31,0,-50,-50
-46,32,0,-50,-50
-46,33,0,-50,-50
-46,34,0,-50,-50
-46,35,0,-50,-50
-46,36,0,-50,-50
-46,37,0,-50,-50
-46,38,0,-50,-50
-46,39,0,-50,-50
-46,40,0,-50,-50
-46,41,0,-50,-50
-46,42,0,-50,-50
-46,43,0,-50,-50
-46,44,0,-50,-50
-46,45,0,-50,-50
-46,46,0,-50,-50
-46,47,0,-50,-50
-46,48,0,-50,-50
-46,49,0,-50,-50
-45,-49,0,-50,-50
-45,-48,0,-50,-50
-45,-47,0,-50,-50
-45,-46,0,-50,-50
-45,-45,0,-50,-50
-45,-44,0,-50,-50
-45,-43,0,-50,-50
-45,-42,0,-50,-50
-45,-41,0,-50,-50
-45,-40,0,-50,-50
-45,-39,0,-50,-50
-45,-38,0,-50,-50
-45,-37,0,-50,-50
-45,-36,0,-50,-50
-45,-35,0,-50,-50
-45,-34,0,-50,-50
-45,-33,0,-50,-50
-45,-32,0,-50,-50
-45,-31,0,-50,-50
-45,-30,0,-50,-50
-45,-29,0,-50,-50
-45,-28,0,-50,-50
-45,-27,0,-50,-50
-45,-26,0,-50,-50
-45,-25,0,-50,-50
-45,-24,0,-50,-50
-45,-23,0,-50,-50
-45,-22,0,-50,-50
-45,-21,0,-50,-50
-45,-20,0,-50,-50
-45,-19,0,-50,-50
-45,-18,0,-50,-50
-45,-17,0,-50,-50
-45,-16,0,-50,-50
-45,-15,0,-50,-50
-45,-14,0,-50,-50
-45,-13,0,-50,-50
-45,-12,0,-50,-50
-45,-11,0,-50,-50
-45,-10,0,-50,-50
-45,-9,0,-50,-50
-45,-8,0,-50,-50
-45,-7,0,-50,-50
-45,-6,0,-50,-50
-45,-5,0,-50,-50
-45,-4,0,-50,-50
-45,-3,0,-50,-50
-45,-2,4,-23.5561,16.2664
-45,-1,0,-50,-50
-45,0,0,-50,-50
-45,1,0,-50,-50
-45,2,0,-50,-50
-45,3,0,-50,-50
-45,4,4,-23.5561,16.2664
-45,5,0,-50,-50
-45,6,0,-50,-50
-45,7,0,-50,-50
-45,8,4,-23.5561,16.2664
-45,9,4,-23.5561,16.2664
-45,10,0,-50,-50
-45,11,4,-23.5561,16.2664
-45,12,0,-50,-50
-45,13,0,-50,-50
-45,14,4,-23.5561,16.2664
-45,15,0,-50,-50
-45,16,0,-50,-50
-45,17,4,-23.5561,16.2664
-45,18,0,-50,-50
-45,19,0,-50,-50
-45,20,0,-50,-50
-45,21,0,-50,-50
-45,22,0,-50,-50
-45,23,4,-23.5561,16.2664
-45,24,4,-23.5561,16.2664
-45,25,0,-50,-50
-45,26,0,-50,-50
-45,27,0,-50,-50
-45,28,4,-23.5561,16.2664
-45,29,0,-50,-50
-45,30,0,-50,-50
-45,31,0,-50,-50
-45,32,0,-50,-50
-45,33,0,-50,-50
-45,34,0,-50,-50
-45,35,0,-50,-50
-45,36,0,-50,-50
-45,37,0,-50,-50
-45,38,0,-50,-50
-45,39,0,-50,-50
-45,40,0,-50,-50
-45,41,0,-50,-50
-45,42,4,-23.5561,16.2664
-45,43,0,-50,-50
-45,44,0,-50,-50
-45,45,0,-50,-50
-45,46,0,-50,-50
-45,47,0,-50,-50
-45,48,0,-50,-50
-45,49,0,-50,-50
-44,-49,0,-50,-50
-44,-48,0,-50,-50
-44,-47,0,-50,-50
-44,-46,0,-50,-50
-44,-45,0,-50,-50
-44,-44,0,-50,-50
-44,-43,0,-50,-50
-44,-42,0,-50,-50
-44,-41,0,-50,-50
-44,-40,0,-50,-50
-44,-39,0,-50,-50
-44,-38,0,-50,-50
-44,-37,0,-50,-50
-44,-36,0,-50,-50
-44,-35,0,-50,-50
-44,-34,0,-50,-50
-44,-33,0,-50,-50
-44,-32,0,-50,-50
-44,-31,0,-50,-50
-44,-30,0,-50,-50
-44,-29,0,-50,-50
-44,-28,0,-50,-50
-44,-27,0,-50,-50
-44,-26,0,-50,-50
-44,-25,0,-50,-50
-44,-24,0,-50,-50
-44,-23,0,-50,-50
-44,-22,0,-50,-50
-44,-21,0,-50,-50
-44,-20,0,-50,-50
-44,-19,0,-50,-50
-44,-18,0,-50,-50
-44,-17,0,-50,-50
-44,-16,0,-50,-50
-44,-15,0,-50,-50
-44,-14,0,-50,-50
-44,-13,0,-50,-50
-44,-12,0,-50,-50
-44,-11,0,-50,-50
-44,-10,0,-50,-50
-44,-9,0,-50,-50
-44,-8,0,-50,-50
-44,-7,0,-50,-50
-44,-6,0,-50,-50
-44,-5,4,-23.5561,16.2664
-44,-4,0,-50,-50
-44,-3,0,-50,-50
-44,-2,0,-50,-50
-44,-1,0,-50,-50
-44,0,0,-50,-50
-44,1,4,-23.5561,16.2664
-44,2,0,-50,-50
-44,3,0,-50,-50
-44,4,0,-50,-50
-44,5,0,-50,-50
-44,6,0,-50,-50
-44,7,0,-50,-50
-44,8,0,-50,-50
-44,9,0,-50,-50
-44,10,0,-50,-50
-44,11,4,-23.5561,16.2664
-44,12,0,-50,-50
-44,13,0,-50,-50
-44,14,0,-50,-50
-44,15,0,-50,-50
-44,16,0,-50,-50
-44,17,0,-50,-50
-44,18,4,-23.5561,16.2664
-44,19,4,-23.5561,16.2664
-44,20,0,-50,-50
-44,21,0,-50,-50
-44,22,0,-50,-50
-44,23,4,-23.5561,16.2664
-44,24,0,-50,-50
-44,25,0,-50,-50
-44,26,0,-50,-50
-44,27,0,-50,-50
-44,28,0,-50,-50
-44,29,0,-50,-50
-44,30,0,-50,-50
-44,31,0,-50,-50
-44,32,0,-50,-50
-44,33,4,-23.5561,16.2664
-44,34,0,-50,-50
-44,35,0,-50,-50
-44,36,0,-50,-50
-44,37,0,-50,-50
-44,38,4,-23.5561,16.2664
-44,39,0,-50,-50
-44,40,0,-50,-50
-44,41,0,-50,-50
-44,42,0,-50,-50
-44,43,0,-50,-50
-44,44,0,-50,-50
-44,45,0,-50,-50
-44,46,0,-50,-50
-44,47,0,-50,-50
-44,48,0,-50,-50
-44,49,0,-50,-50
-43,-49,0,-50,-50
-43,-48,0,-50,-50
-43,-47,0,-50,-50
-43,-46,0,-50,-50
-43,-45,0,-50,-50
-43,-44,0,-50,-50
-43,-43,0,-50,-50
-43,-42,0,-50,-50
-43,-41,0,-50,-50
-43,-40,0,-50,-50
-43,-39,0,-50,-50
-43,-38,0,-50,-50
-43,-37,0,-50,-50
-43,-36,0,-50,-50
-43,-35,0,-50,-50
-43,-34,0,-50,-50
-43,-33,0,-50,-50
-43,-32,0,-50,-50
-43,-31,0,-50,-50
-43,-30,0,-50,-50
-43,-29,0,-50,-50
-43,-28,0,-50,-50
-43,-27,0,-50,-50
-43,-26,0,-50,-50
-43,-25,0,-50,-50
-43,-24,0,-50,-50
-43,-23,0,-50,-50
-43,-22,0,-50,-50
-43,-21,0,-50,-50
-43,-20,0,-50,-50
-43,-19,0,-50,-50
-43,-18,0,-50,-50
-43,-17,0,-50,-50
-43,-16,0,-50,-50
-43,-15,0,-50,-50
-43,-14,0,-50,-50
-43,-13,0,-50,-50
-43,-12,0,-50,-50
-43,-11,0,-50,-50
-43,-10,0,-50,-50
-43,-9,4,-23.5561,16.2664
-43,-8,0,-50,-50
-43,-7,0,-50,-50
-43,-6,0,-50,-50
-43,-5,0,-50,-50
-43,-4,0,-50,-50
-43,-3,4,-23.5561,16.2664
-43,-2,0,-50,-50
-43,-1,0,-50,-50
-43,0,0,-50,-50
-43,1,0,-50,-50
-43,2,0,-50,-50
-43,3,0,-50,-50
-43,4,0,-50,-50
-43,5,0,-50,-50
-43,6,4,-23.5561,16.2664
-43,7,0,-50,-50
-43,8,0,-50,-50
-43,9,4,-23.5561,16.2664
-43,10,0,-50,-50
-43,11,0,-50,-50
-43,12,0,-50,-50
-43,13,4,-23.5561,16.2664
-43,14,0,-50,-50
-43,15,4,-23.5561,16.2664
-43,16,0,-50,-50
-43,17,0,-50,-50
-43,18,0,-50,-50
-43,19,0,-50,-50
-43,20,4,-23.5561,16.2664
-43,21,4,-23.5561,16.2664
-43,22,0,-50,-50
-43,23,4,-23.5561,16.2664
-43,24,0,-50,-50
-43,25,4,-23.5561,16.2664
-43,26,4,-23.5561,16.2664
-43,27,4,-23.5561,16.2664
-43,28,4,-23.5561,16.2664
-43,29,0,-50,-50
-43,30,4,-23.5561,16.2664
-43,31,0,-50,-50
-43,32,0,-50,-50
-43,33,0,-50,-50
-43,34,0,-50,-50
-43,35,0,-50,-50
-43,36,0,-50,-50
-43,37,0,-50,-50
-43,38,0,-50,-50
-43,39,0,-50,-50
-43,40,0,-50,-50
-43,41,0,-50,-50
-43,42,0,-50,-50
-43,43,0,-50,-50
-43,44,0,-50,-50
-43,45,0,-50,-50
-43,46,0,-50,-50
-43,47,0,-50,-50
-43,48,0,-50,-50
-43,49,0,-50,-50
-42,-49,0,-50,-50
-42,-48,0,-50,-50
-42,-47,0,-50,-50
-42,-46,0,-50,-50
-42,-45,0,-50,-50
-42,-44,0,-50,-50
-42,-43,0,-50,-50
-42,-42,0,-50,-50
-42,-41,0,-50,-50
-42,-40,0,-50,-50
-42,-39,0,-50,-50
-42,-38,0,-50,-50
-42,-37,0,-50,-50
-42,-36,0,-50,-50
-42,-35,0,-50,-50
-42,-34,0,-50,-50
-42,-33,0,-50,-50
-42,-32,0,-50,-50
-42,-31,0,-50,-50
-42,-30,0,-50,-50
-42,-29,0,-50,-50
-42,-28,0,-50,-50
-42,-27,0,-50,-50
-42,-26,0,-50,-50
-42,-25,0,-50,-50
-42,-24,0,-50,-50
-42,-23,0,-50,-50
-42,-22,0,-50,-50
-42,-21,0,-50,-50
-42,-20,0,-50,-50
-42,-19,0,-50,-50
-42,-18,0,-50,-50
-42,-17,0,-50,-50
-42,-16,0,-50,-50
-42,-15,0,-50,-50
-42,-14,0,-50,-50
-42,-13,0,-50,-50
-42,-12,0,-50,-50
-42,-11,4,-23.5561,16.2664
-42,-10,0,-50,-50
-42,-9,0,-50,-50
-42,-8,0,-50,-50
-42,-7,0,-50,-50
-42,-6,0,-50,-50
-42,-5,0,-50,-50
-42,-4,4,-23.5561,16.2664
-42,-3,0,-50,-50
-42,-2,0,-50,-50
-42,-1,0,-50,-50
-42,0,0,-50,-50
-42,1,0,-50,-50
-42,2,0,-50,-50
-42,3,0,-50,-50
-42,4,0,-50,-50
-42,5,0,-50,-50
-42,6,0,-50,-50
-42,7,4,-23.5561,16.2664
-42,8,0,-50,-50
-42,9,0,-50,-50
-42,10,4,-23.5561,16.2664
-42,11,4,-23.5561,16.2664
-42,12,0,-50,-50
-42,13,0,-50,-50
-42,14,0,-50,-50
-42,15,4,-23.5561,16.2664
-42,16,4,-23.5561,16.2664
-42,17,4,-23.5561,16.2664
-42,18,0,-50,-50
-42,19,4,-23.5561,16.2664
-42,20,0,-50,-50
-42,21,4,-23.5561,16.2664
-42,22,4,-23.5561,16.2664
-42,23,0,-50,-50
-42,24,0,-50,-50
-42,25,0,-50,-50
-42,26,0,-50,-50
-42,27,4,-23.5561,16.2664
-42,28,0,-50,-50
-42,29,0,-50,-50
-42,30,0,-50,-50
-42,31,0,-50,-50
-42,32,0,-50,-50
-42,33,0,-50,-50
-42,34,0,-50,-50
-42,35,4,-23.5561,16.2664
-42,36,0,-50,-50
-42,37,0,-50,-50
-42,38,0,-50,-50
-42,39,0,-50,-50
-42,40,0,-50,-50
-42,41,0,-50,-50
-42,42,0,-50,-50
-42,43,0,-50,-50
-42,44,0,-50,-50
-42,45,0,-50,-50
-42,46,0,-50,-50
-42,47,0,-50,-50
-42,48,0,-50,-50
-42,49,0,-50,-50
-41,-49,0,-50,-50
-41,-48,0,-50,-50
-41,-47,0,-50,-50
-41,-46,0,-50,-50
-41,-45,0,-50,-50
-41,-44,0,-50,-50
-41,-43,0,-50,-50
-41,-42,0,-50,-50
-41,-41,0,-50,-50
-41,-40,0,-50,-50
-41,-39,0,-50,-50
-41,-38,0,-50,-50
-41,-37,0,-50,-50
-41,-36,0,-50,-50
-41,-35,0,-50,-50
-41,-34,0,-50,-50
-41,-33,0,-50,-50
-41,-32,0,-50,-50
-41,-31,0,-50,-50
-41,-30,0,-50,-50
-41,-29,0,-50,-50
-41,-28,0,-50,-50
-41,-27,0,-50,-50
-41,-26,0,-50,-50
-41,-25,0,-50,-50
-41,-24,0,-50,-50
-41,-23,0,-50,-50
-41,-22,0,-50,-50
-41,-21,0,-50,-50
-41,-20,0,-50,-50
-41,-19,0,-50,-50
-41,-18,0,-50,-50
-41,-17,0,-50,-50
-41,-16,0,-50,-50
-41,-15,0,-50,-50
-41,-14,0,-50,-50
-41,-13,2,-13.0313,-1.20638
-41,-12,0,-50,-50
-41,-11,0,-50,-50
-41,-10,0,-50,-50
-41,-9,4,-23.5561,16.2664
-41,-8,0,-50,-50
-41,-7,0,-50,-50
-41,-6,0,-50,-50
-41,-5,4,-23.5561,16.2664
-41,-4,0,-50,-50
-41,-3,4,-23.5561,16.2664
-41,-2,0,-50,-50
-41,-1,0,-50,-50
-41,0,4,-23.5561,16.2664
-41,1,0,-50,-50
-41,2,0,-50,-50
-41,3,0,-50,-50
-41,4,0,-50,-50
-41,5,0,-50,-50
-41,6,0,-50,-50
-41,7,4,-23.5561,16.2664
-41,8,0,-50,-50
-41,9,4,-23.5561,16.2664
-41,10,4,-23.5561,16.2664
-41,11,4,-23.5561,16.2664
-41,12,0,-50,-50
-41,13,4,-23.5561,16.2664
-41,14,4,-23.5561,16.2664
-41,15,4,-23.5561,16.2664
-41,16,4,-23.5561,16.2664
-41,17,0,-50,-50
-41,18,0,-50,-50
-41,19,0,-50,-50
-41,20,0,-50,-50
-41,21,0,-50,-50
-41,22,4,-23.5561,16.2664
-41,23,0,-50,-50
-41,24,0,-50,-50
-41,25,0,-50,-50
-41,26,4,-23.5561,16.2664
-41,27,0,-50,-50
-41,28,0,-50,-50
-41,29,0,-50,-50
-41,30,4,-23.5561,16.2664
-41,31,4,-23.5561,16.2664
-41,32,0,-50,-50
-41,33,0,-50,-50
-41,34,0,-50,-50
-41,35,0,-50,-50
-41,36,0,-50,-50
-41,37,0,-50,-50
-41,38,0,-50,-50
-41,39,4,-23.5561,16.2664
-41,40,0,-50,-50
-41,41,0,-50,-50
-41,42,0,-50,-50
-41,43,0,-50,-50
-41,44,0,-50,-50
-41,45,0,-50,-50
-41,46,0,-50,-50
-41,47,0,-50,-50
-41,48,0,-50,-50
-41,49,0,-50,-50
-40,-49,0,-50,-50
-40,-48,0,-50,-50
-40,-47,0,-50,-50
-40,-46,0,-50,-50
-40,-45,0,-50,-50
-40,-44,0,-50,-50
-40,-43,0,-50,-50
-40,-42,0,-50,-50
-40,-41,0,-50,-50
-40,-40,0,-50,-50
-40,-39,0,-50,-50
-40,-38,0,-50,-50
-40,-37,0,-50,-50
-40,-36,0,-50,-50
-40,-35,0,-50,-50
-40,-34,0,-50,-50
-40,-33,0,-50,-50
-40,-32,0,-50,-50
-40,-31,0,-50,-50
-40,-30,0,-50,-50
-40,-29,0,-50,-50
-40,-28,0,-50,-50
-40,-27,0,-50,-50
-40,-26,0,-50,-50
-40,-25,0,-50,-50
-40,-24,0,-50,-50
-40,-23,0,-50,-50
-40,-22,0,-50,-50
-40,-21,0,-50,-50
-40,-20,0,-50,-50
-40,-19,0,-50,-50
-40,-18,0,-50,-50
-40,-17,0,-50,-50
-40,-16,0,-50,-50
-40,-15,0,-50,-50
-40,-14,2,-13.0313,-1.20638
-40,-13,0,-50,-50
-40,-12,0,-50,-50
-40,-11,0,-50,-50
-40,-10,0,-50,-50
-40,-9,0,-50,-50
-40,-8,0,-50,-50
-40,-7,0,-50,-50
-40,-6,0,-50,-50
-40,-5,0,-50,-50
-40,-4,0,-50,-50
-40,-3,0,-50,-50
-40,-2,4,-23.5561,16.2664
-40,-1,0,-50,-50
-40,0,4,-23.5561,16.2664
-40,1,4,-23.5561,16.2664
-40,2,0,-50,-50
-40,3,0,-50,-50
-40,4,0,-50,-50
-40,5,0,-50,-50
-40,6,0,-50,-50
-40,7,4,-23.5561,16.2664
-40,8,0,-50,-50
-40,9,4,-23.5561,16.2664
-40,10,4,-23.5561,16.2664
-40,11,4,-23.5561,16.2664
-40,12,4,-23.5561,16.2664
-40,13,4,-23.5561,16.2664
-40,14,0,-50,-50
-40,15,4,-23.5561,16.2664
-40,16,4,-23.5561,16.2664
-40,17,4,-23.5561,16.2664
-40,18,0,-50,-50
-40,19,4,-23.5561,16.2664
-40,20,4,-23.5561,16.2664
-40,21,4,-23.5561,16.2664
-40,22,4,-23.5561,16.2664
-40,23,0,-50,-50
-40,24,4,-23.5561,16.2664
-40,25,0,-50,-50
-40,26,4,-23.5561,16.2664
-40,27,0,-50,-50
-40,28,0,-50,-50
-40,29,4,-23.5561,16.2664
-40,30,0,-50,-50
-40,31,4,-23.5561,16.2664
-40,32,0,-50,-50
-40,33,0,-50,-50
-40,34,0,-50,-50
-40,35,0,-50,-50
-40,36,0,-50,-50
-40,37,0,-50,-50
-40,38,0,-50,-50
-40,39,0,-50,-50
-40,40,0,-50,-50
-40,41,0,-50,-50
-40,42,0,-50,-50
-40,43,0,-50,-50
-40,44,0,-50,-50
-40,45,0,-50,-50
-40,46,0,-50,-50
-40,47,0,-50,-50
-40,48,0,-50,-50
-40,49,4,-23.5561,16.2664
-39,-49,0,-50,-50
-39,-48,0,-50,-50
-39,-47,0,-50,-50
-39,-46,0,-50,-50
-39,-45,0,-50,-50
-39,-44,0,-50,-50
-39,-43,0,-50,-50
-39,-42,0,-50,-50
-39,-41,0,-50,-50
-39,-40,0,-50,-50
-39,-39,0,-50,-50
-39,-38,0,-50,-50
-39,-37,0,-50,-50
-39,-36,0,-50,-50
-39,-35,0,-50,-50
-39,-34,0,-50,-50
-39,-33,0,-50,-50
-39,-32,0,-50,-50
-39,-31,0,-50,-50
-39,-30,0,-50,-50
-39,-29,0,-50,-50
-39,-28,0,-50,-50
-39,-27,0,-50,-50
-39,-26,0,-50,-50
-39,-25,0,-50,-50
-39,-24,0,-50,-50
-39,-23,0,-50,-50
-39,-22,0,-50,-50
-39,-21,0,-50,-50
-39,-20,0,-50,-50
-39,-19,0,-50,-50
-39,-18,0,-50,-50
-39,-17,0,-50,-50
-39,-16,0,-50,-50
-39,-15,0,-50,-50
-39,-14,2,-13.0313,-1.20638
-39,-13,0,-50,-50
-39,-12,0,-50,-50
-39,-11,0,-50,-50
-39,-10,0,-50,-50
-39,-9,0,-50,-50
-39,-8,0,-50,-50
-39,-7,0,-50,-50
-39,-6,0,-50,-50
-39,-5,0,-50,-50
-39,-4,0,-50,-50
-39,-3,0,-50,-50
-39,-2,0,-50,-50
-39,-1,4,-23.5561,16.2664
-39,0,0,-50,-50
-39,1,4,-23.5561,16.2664
-39,2,4,-23.5561,16.2664
-39,3,0,-50,-50
-39,4,4,-23.5561,16.2664
-39,5,0,-50,-50
-39,6,0,-50,-50
-39,7,0,-50,-50
-39,8,4,-23.5561,16.2664
-39,9,4,-23.5561,16.2664
-39,10,4,-23.5561,16.2664
-39,11,4,-23.5561,16.2664
-39,12,4,-23.5561,16.2664
-39,13,4,-23.5561,16.2664
-39,14,4,-23.5561,16.2664
-39,15,4,-23.5561,16.2664
-39,16,4,-23.5561,16.2664
-39,17,4,-23.5561,16.2664
-39,18,4,-23.5561,16.2664
-39,19,4,-23.5561,16.2664
-39,20,4,-23.5561,16.2664
-39,21,4,-23.5561,16.2664
-39,22,0,-50,-50
-39,23,0,-50,-50
-39,24,4,-23.5561,16.2664
-39,25,0,-50,-50
-39,26,4,-23.5561,16.2664
-39,27,0,-50,-50
-39,28,0,-50,-50
-39,29,0,-50,-50
-39,30,0,-50,-50
-39,31,4,-23.5561,16.2664
-39,32,0,-50,-50
-39,33,0,-50,-50
-39,34,0,-50,-50
-39,35,0,-50,-50
-39,36,0,-50,-50
-39,37,0,-50,-50
-39,38,0,-50,-50
-39,39,0,-50,-50
-39,40,0,-50,-50
-39,41,0,-50,-50
-39,42,4,-23.5561,16.2664
-39,43,0,-50,-50
-39,44,0,-50,-50
-39,45,0,-50,-50
-39,46,0,-50,-50
-39,47,0,-50,-50
-39,48,0,-50,-50
-39,49,0,-50,-50
-38,-49,0,-50,-50
-38,-48,0,-50,-50
-38,-47,0,-50,-50
-38,-46,0,-50,-50
-38,-45,0,-50,-50
-38,-44,0,-50,-50
-38,-43,0,-50,-50
-38,-42,0,-50,-50
-38,-41,0,-50,-50
-38,-40,0,-50,-50
-38,-39,0,-50,-50
-38,-38,0,-50,-50
-38,-37,0,-50,-50
-38,-36,0,-50,-50
-38,-35,0,-50,-50
-38,-34,0,-50,-50
-38,-33,0,-50,-50
-38,-32,0,-50,-50
-38,-31,0,-50,-50
-38,-30,0,-50,-50
-38,-29,0,-50,-50
-38,-28,0,-50,-50
-38,-27,0,-50,-50
-38,-26,0,-50,-50
-38,-25,0,-50,-50
-38,-24,0,-50,-50
-38,-23,0,-50,-50
-38,-22,0,-50,-50
-38,-21,0,-50,-50
-38,-20,0,-50,-50
-38,-19,0,-50,-50
-38,-18,0,-50,-50
-38,-17,0,-50,-50
-38,-16,0,-50,-50
-38,-15,0,-50,-50
-38,-14,0,-50,-50
-38,-13,0,-50,-50
-38,-12,2,-13.0313,-1.20638
-38,-11,0,-50,-50
-38,-10,0,-50,-50
-38,-9,0,-50,-50
-38,-8,0,-50,-50
-38,-7,0,-50,-50
-38,-6,0,-50,-50
-38,-5,4,-23.5561,16.2664
-38,-4,4,-23.5561,16.2664
-38,-3,0,-50,-50
-38,-2,4,-23.5561,16.2664
-38,-1,0,-50,-50
-38,0,0,-50,-50
-38,1,0,-50,-50
-38,2,0,-50,-50
-38,3,4,-23.5561,16.2664
-38,4,4,-23.5561,16.2664
-38,5,4,-23.5561,16.2664
-38,6,0,-50,-50
-38,7,0,-50,-50
-38,8,4,-23.5561,16.2664
-38,9,4,-23.5561,16.2664
-38,10,4,-23.5561,16.2664
-38,11,4,-23.5561,16.2664
-38,12,4,-23.5561,16.2664
-38,13,4,-23.5561,16.2664
-38,14,4,-23.5561,16.2664
-38,15,4,-23.5561,16.2664
-38,16,0,-50,-50
-38,17,4,-23.5561,16.2664
-38,18,0,-50,-50
-38,19,4,-23.5561,16.2664
-38,20,4,-23.5561,16.2664
-38,21,0,-50,-50
-38,22,4,-23.5561,16.2664
-38,23,4,-23.5561,16.2664
-38,24,4,-23.5561,16.2664
-38,25,0,-50,-50
-38,26,0,-50,-50
-38,27,0,-50,-50
-38,28,0,-50,-50
-38,29,4,-23.5561,16.2664
-38,30,0,-50,-50
-38,31,4,-23.5561,16.2664
-38,32,0,-50,-50
-38,33,0,-50,-50
-38,34,0,-50,-50
-38,35,0,-50,-50
-38,36,0,-50,-50
-38,37,0,-50,-50
-38,38,0,-50,-50
-38,39,0,-50,-50
-38,40,0,-50,-50
-38,41,0,-50,-50
-38,42,0,-50,-50
-38,43,0,-50,-50
-38,44,0,-50,-50
-38,45,0,-50,-50
-38,46,0,-50,-50
-38,47,0,-50,-50
-38,48,0,-50,-50
-38,49,0,-50,-50
-37,-49,0,-50,-50
-37,-48,0,-50,-50
-37,-47,0,-50,-50
-37,-46,0,-50,-50
-37,-45,0,-50,-50
-37,-44,0,-50,-50
-37,-43,0,-50,-50
-37,-42,0,-50,-50
-37,-41,0,-50,-50
-37,-40,0,-50,-50
-37,-39,0,-50,-50
-37,-38,0,-50,-50
-37,-37,0,-50,-50
-37,-36,0,-50,-50
-37,-35,0,-50,-50
-37,-34,0,-50,-50
-37,-33,0,-50,-50
-37,-32,0,-50,-50
-37,-31,0,-50,-50
-37,-30,0,-50,-50
-37,-29,0,-50,-50
-37,-28,0,-50,-50
-37,-27,0,-50,-50
-37,-26,0,-50,-50
-37,-25,0,-50,-50
-37,-24,0,-50,-50
-37,-23,0,-50,-50
-37,-22,0,-50,-50
-37,-21,0,-50,-50
-37,-20,0,-50,-50
-37,-19,0,-50,-50
-37,-18,0,-50,-50
-37,-17,0,-50,-50
-37,-16,0,-50,-50
-37,-15,0,-50,-50
-37,-14,0,-50,-50
-37,-13,0,-50,-50
-37,-12,0,-50,-50
-37,-11,0,-50,-50
-37,-10,0,-50,-50
-37,-9,0,-50,-50
-37,-8,0,-50,-50
-37,-7,4,-23.5561,16.2664
-37,-6,0,-50,-50
-37,-5,0,-50,-50
-37,-4,4,-23.5561,16.2664
-37,-3,0,-50,-50
-37,-2,4,-23.5561,16.2664
-37,-1,4,-23.5561,16.2664
-37,0,4,-23.5561,16.2664
-37,1,0,-50,-50
-37,2,0,-50,-50
-37,3,0,-50,-50
-37,4,4,-23.5561,16.2664
-37,5,4,-23.5561,16.2664
-37,6,4,-23.5561,16.2664
-37,7,0,-50,-50
-37,8,4,-23.5561,16.2664
-37,9,4,-23.5561,16.2664
-37,10,4,-23.5561,16.2664
-37,11,4,-23.5561,16.2664
-37,12,0,-50,-50
-37,13,4,-23.5561,16.2664
-37,14,4,-23.5561,16.2664
-37,15,4,-23.5561,16.2664
-37,16,4,-23.5561,16.2664
-37,17,4,-23.5561,16.2664
-37,18,4,-23.5561,16.2664
-37,19,4,-23.5561,16.2664
-37,20,0,-50,-50
-37,21,4,-23.5561,16.2664
-37,22,4,-23.5561,16.2664
-37,23,4,-23.5561,16.2664
-37,24,0,-50,-50
-37,25,0,-50,-50
-37,26,0,-50,-50
-37,27,4,-23.5561,16.2664
-37,28,0,-50,-50
-37,29,4,-23.5561,16.2664
-37,30,4,-23.5561,16.2664
-37,31,4,-23.5561,16.2664
-37,32,0,-50,-50
-37,33,0,-50,-50
-37,34,0,-50,-50
-37,35,0,-50,-50
-37,36,0,-50,-50
-37,37,0,-50,-50
-37,38,0,-50,-50
-37,39,0,-50,-50
-37,40,0,-50,-50
-37,41,0,-50,-50
-37,42,0,-50,-50
-37,43,0,-50,-50
-37,44,0,-50,-50
-37,45,0,-50,-50
-37,46,0,-50,-50
-37,47,0,-50,-50
-37,48,0,-50,-50
-37,49,0,-50,-50
-36,-49,0,-50,-50
-36,-48,0,-50,-50
-36,-47,0,-50,-50
-36,-46,0,-50,-50
-36,-45,0,-50,-50
-36,-44,0,-50,-50
-36,-43,0,-50,-50
-36,-42,0,-50,-50
-36,-41,0,-50,-50
-36,-40,0,-50,-50
-36,-39,0,-50,-50
-36,-38,0,-50,-50
-36,-37,0,-50,-50
-36,-36,0,-50,-50
-36,-35,0,-50,-50
-36,-34,0,-50,-50
-36,-33,0,-50,-50
-36,-32,0,-50,-50
-36,-31,0,-50,-50
-36,-30,0,-50,-50
-36,-29,0,-50,-50
-36,-28,0,-50,-50
-36,-27,0,-50,-50
-36,-26,0,-50,-50
-36,-25,0,-50,-50
-36,-24,0,-50,-50
-36,-23,0,-50,-50
-36,-22,0,-50,-50
-36,-21,0,-50,-50
-36,-20,0,-50,-50
-36,-19,0,-50,-50
-36,-18,2,-13.0313,-1.20638
-36,-17,0,-50,-50
-36,-16,0,-50,-50
-36,-15,0,-50,-50
-36,-14,0,-50,-50
-36,-13,0,-50,-50
-36,-12,0,-50,-50
-36,-11,0,-50,-50
-36,-10,0,-50,-50
-36,-9,0,-50,-50
-36,-8,0,-50,-50
-36,-7,0,-50,-50
-36,-6,4,-23.5561,16.2664
-36,-5,4,-23.5561,16.2664
-36,-4,0,-50,-50
-36,-3,0,-50,-50
-36,-2,0,-50,-50
-36,-1,4,-23.5561,16.2664
-36,0,4,-23.5561,16.2664
-36,1,4,-23.5561,16.2664
-36,2,0,-50,-50
-36,3,4,-23.5561,16.2664
-36,4,4,-23.5561,16.2664
-36,5,0,-50,-50
-36,6,0,-50,-50
-36,7,4,-23.5561,16.2664
-36,8,4,-23.5561,16.2664
-36,9,4,-23.5561,16.2664
-36,10,4,-23.5561,16.2664
-36,11,4,-23.5561,16.2664
-36,12,4,-23.5561,16.2664
-36,13,4,-23.5561,16.2664
-36,14,4,-23.5561,16.2664
-36,15,0,-50,-50
-36,16,4,-23.5561,16.2664
-36,17,4,-23.5561,16.2664
-36,18,4,-23.5561,16.2664
-36,19,4,-23.5561,16.2664
-36,20,4,-23.5561,16.2664
-36,21,4,-23.5561,16.2664
-36,22,4,-23.5561,16.2664
-36,23,0,-50,-50
-36,24,0,-50,-50
-36,25,0,-50,-50
-36,26,4,-23.5561,16.2664
-36,27,0,-50,-50
-36,28,4,-23.5561,16.2664
-36,29,4,-23.5561,16.2664
-36,30,0,-50,-50
-36,31,4,-23.5561,16.2664
-36,32,0,-50,-50
-36,33,0,-50,-50
-36,34,0,-50,-50
-36,35,0,-50,-50
-36,36,4,-23.5561,16.2664
-36,37,4,-23.5561,16.2664
-36,38,0,-50,-50
-36,39,0,-50,-50
-36,40,0,-50,-50
-36,41,0,-50,-50
-36,42,0,-50,-50
-36,43,0,-50,-50
-36,44,0,-50,-50
-36,45,0,-50,-50
-36,46,0,-50,-50
-36,47,0,-50,-50
-36,48,0,-50,-50
-36,49,0,-50,-50
-35,-49,0,-50,-50
-35,-48,0,-50,-50
-35,-47,0,-50,-50
-35,-46,0,-50,-50
-35,-45,0,-50,-50
-35,-44,0,-50,-50
-35,-43,0,-50,-50
-35,-42,0,-50,-50
-35,-41,0,-50,-50
-35,-40,0,-50,-50
-35,-39,0,-50,-50
-35,-38,0,-50,-50
-35,-37,0,-50,-50
-35,-36,0,-50,-50
-35,-35,0,-50,-50
-35,-34,0,-50,-50
-35,-33,0,-50,-50
-35,-32,0,-50,-50
-35,-31,0,-50,-50
-35,-30,0,-50,-50
-35,-29,0,-50,-50
-35,-28,0,-50,-50
-35,-27,0,-50,-50
-35,-26,0,-50,-50
-35,-25,0,-50,-50
-35,-24,0,-50,-50
-35,-23,0,-50,-50
-35,-22,0,-50,-50
-35,-21,0,-50,-50
-35,-20,0,-50,-50
-35,-19,0,-50,-50
-35,-18,2,-13.0313,-1.20638
-35,-17,0,-50,-50
-35,-16,0,-50,-50
-35,-15,2,-13.0313,-1.20638
-35,-14,0,-50,-50
-35,-13,0,-50,-50
-35,-12,0,-50,-50
-35,-11,0,-50,-50
-35,-10,2,-13.0313,-1.20638
-35,-9,0,-50,-50
-35,-8,0,-50,-50
-35,-7,0,-50,-50
-35,-6,4,-23.5561,16.2664
-35,-5,4,-23.5561,16.2664
-35,-4,4,-23.5561,16.2664
-35,-3,4,-23.5561,16.2664
-35,-2,0,-50,-50
-35,-1,4,-23.5561,16.2664
-35,0,4,-23.5561,16.2664
-35,1,0,-50,-50
-35,2,4,-23.5561,16.2664
-35,3,4,-23.5561,16.2664
-35,4,4,-23.5561,16.2664
-35,5,4,-23.5561,16.2664
-35,6,4,-23.5561,16.2664
-35,7,4,-23.5561,16.2664
-35,8,4,-23.5561,16.2664
-35,9,4,-23.5561,16.2664
-35,10,0,-50,-50
-35,11,4,-23.5561,16.2664
-35,12,4,-23.5561,16.2664
-35,13,4,-23.5561,16.2664
-35,14,4,-23.5561,16.2664
-35,15,4,-23.5561,16.2664
-35,16,4,-23.5561,16.2664
-35,17,4,-23.5561,16.2664
-35,18,4,-23.5561,16.2664
-35,19,4,-23.5561,16.2664
-35,20,0,-50,-50
-35,21,4,-23.5561,16.2664
-35,22,4,-23.5561,16.2664
-35,23,4,-23.5561,16.2664
-35,24,4,-23.5561,16.2664
-35,25,4,-23.5561,16.2664
-35,26,0,-50,-50
-35,27,4,-23.5561,16.2664
-35,28,4,-23.5561,16.2664
-35,29,0,-50,-50
-35,30,0,-50,-50
-35,31,4,-23.5561,16.2664
-35,32,4,-23.5561,16.2664
-35,33,4,-23.5561,16.2664
-35,34,0,-50,-50
-35,35,0,-50,-50
-35,36,0,-50,-50
-35,37,4,-23.5561,16.2664
-35,38,0,-50,-50
-35,39,4,-23.5561,16.2664
-35,40,4,-23.5561,16.2664
-35,41,0,-50,-50
-35,42,0,-50,-50
-35,43,0,-50,-50
-35,44,0,-50,-50
-35,45,0,-50,-50
-35,46,0,-50,-50
-35,47,0,-50,-50
-35,48,0,-50,-50
-35,49,0,-50,-50
-34,-49,0,-50,-50
-34,-48,0,-50,-50
-34,-47,0,-50,-50
-34,-46,0,-50,-50
-34,-45,0,-50,-50
-34,-44,0,-50,-50
-34,-43,0,-50,-50
-34,-42,0,-50,-50
-34,-41,0,-50,-50
-34,-40,0,-50,-50
-34,-39,0,-50,-50
-34,-38,0,-50,-50
-34,-37,0,-50,-50
-34,-36,0,-50,-50
-34,-35,0,-50,-50
-34,-34,0,-50,-50
-34,-33,0,-50,-50
-34,-32,0,-50,-50
-34,-31,0,-50,-50
-34,-30,0,-50,-50
-34,-29,0,-50,-50
-34,-28,0,-50,-50
-34,-27,0,-50,-50
-34,-26,0,-50,-50
-34,-25,5,-0.424353,-23.2557
-34,-24,0,-50,-50
-34,-23,0,-50,-50
-34,-22,0,-50,-50
-34,-21,0,-50,-50
-34,-20,0,-50,-50
-34,-19,0,-50,-50
-34,-18,0,-50,-50
-34,-17,0,-50,-50
-34,-16,0,-50,-50
-34,-15,0,-50,-50
-34,-14,0,-50,-50
-34,-13,0,-50,-50
-34,-12,0,-50,-50
-34,-11,2,-13.0313,-1.20638
-34,-10,0,-50,-50
-34,-9,0,-50,-50
-34,-8,0,-50,-50
-34,-7,0,-50,-50
-34,-6,0,-50,-50
-34,-5,0,-50,-50
-34,-4,0,-50,-50
-34,-3,4,-23.5561,16.2664
-34,-2,4,-23.5561,16.2664
-34,-1,0,-50,-50
-34,0,4,-23.5561,16.2664
-34,1,4,-23.5561,16.2664
-34,2,4,-23.5561,16.2664
-34,3,4,-23.5561,16.2664
-34,4,4,-23.5561,16.2664
-34,5,4,-23.5561,16.2664
-34,6,4,-23.5561,16.2664
-34,7,4,-23.5561,16.2664
-34,8,4,-23.5561,16.2664
-34,9,4,-23.5561,16.2664
-34,10,4,-23.5561,16.2664
-34,11,4,-23.5561,16.2664
-34,12,4,-23.5561,16.2664
-34,13,4,-23.5561,16.2664
-34,14,4,-23.5561,16.2664
-34,15,4,-23.5561,16.2664
-34,16,4,-23.5561,16.2664
-34,17,4,-23.5561,16.2664
-34,18,4,-23.5561,16.2664
-34,19,4,-23.5561,16.2664
-34,20,4,-23.5561,16.2664
-34,21,4,-23.5561,16.2664
-34,22,0,-50,-50
-34,23,4,-23.5561,16.2664
-34,24,4,-23.5561,16.2664
-34,25,4,-23.5561,16.2664
-34,26,4,-23.5561,16.2664
-34,27,0,-50,-50
-34,28,4,-23.5561,16.2664
-34,29,4,-23.5561,16.2664
-34,30,4,-23.5561,16.2664
-34,31,0,-50,-50
-34,32,4,-23.5561,16.2664
-34,33,0,-50,-50
-34,34,4,-23.5561,16.2664
-34,35,0,-50,-50
-34,36,0,-50,-50
-34,37,0,-50,-50
-34,38,4,-23.5561,16.2664
-34,39,0,-50,-50
-34,40,0,-50,-50
-34,41,0,-50,-50
-34,42,0,-50,-50
-34,43,0,-50,-50
-34,44,0,-50,-50
-34,45,0,-50,-50
-34,46,0,-50,-50
-34,47,4,-23.5561,16.2664
-34,48,0,-50,-50
-34,49,0,-50,-50
-33,-49,0,-50,-50
-33,-48,0,-50,-50
-33,-47,0,-50,-50
-33,-46,0,-50,-50
-33,-45,0,-50,-50
-33,-44,0,-50,-50
-33,-43,0,-50,-50
-33,-42,0,-50,-50
-33,-41,0,-50,-50
-33,-40,0,-50,-50
-33,-39,0,-50,-50
-33,-38,0,-50,-50
-33,-37,0,-50,-50
-33,-36,0,-50,-50
-33,-35,0,-50,-50
-33,-34,0,-50,-50
-33,-33,0,-50,-50
-33,-32,0,-50,-50
-33,-31,0,-50,-50
-33,-30,0,-50,-50
-33,-29,0,-50,-50
-33,-28,0,-50,-50
-33,-27,0,-50,-50
-33,-26,0,-50,-50
-33,-25,0,-50,-50
-33,-24,0,-50,-50
-33,-23,0,-50,-50
-33,-22,0,-50,-50
-33,-21,0,-50,-50
-33,-20,0,-50,-50
-33,-19,0,-50,-50
-33,-18,0,-50,-50
-33,-17,0,-50,-50
-33,-16,0,-50,-50
-33,-15,0,-50,-50
-33,-14,0,-50,-50
-33,-13,2,-13.0313,-1.20638
-33,-12,0,-50,-50
-33,-11,0,-50,-50
-33,-10,2,-13.0313,-1.20638
-33,-9,0,-50,-50
-33,-8,0,-50,-50
-33,-7,2,-13.0313,-1.20638
-33,-6,4,-23.5561,16.2664
-33,-5,4,-23.5561,16.2664
-33,-4,0,-50,-50
-33,-3,4,-23.5561,16.2664
-33,-2,4,-23.5561,16.2664
-33,-1,4,-23.5561,16.2664
-33,0,4,-23.5561,16.2664
-33,1,4,-23.5561,16.2664
-33,2,4,-23.5561,16.2664
-33,3,4,-23.5561,16.2664
-33,4,0,-50,-50
-33,5,4,-23.5561,16.2664
-33,6,4,-23.5561,16.2664
-33,7,4,-23.5561,16.2664
-33,8,4,-23.5561,16.2664
-33,9,4,-23.5561,16.2664
-33,10,4,-23.5561,16.2664
-33,11,4,-23.5561,16.2664
-33,12,4,-23.5561,16.2664
-33,13,4,-23.5561,16.2664
-33,14,4,-23.5561,16.2664
-33,15,4,-23.5561,16.2664
-33,16,4,-23.5561,16.2664
-33,17,4,-23.5561,16.2664
-33,18,4,-23.5561,16.2664
-33,19,4,-23.5561,16.2664
-33,20,4,-23.5561,16.2664
-33,21,0,-50,-50
-33,22,4,-23.5561,16.2664
-33,23,4,-23.5561,16.2664
-33,24,4,-23.5561,16.2664
-33,25,4,-23.5561,16.2664
-33,26,0,-50,-50
-33,27,0,-50,-50
-33,28,4,-23.5561,16.2664
-33,29,4,-23.5561,16.2664
-33,30,4,-23.5561,16.2664
-33,31,4,-23.5561,16.2664
-33,32,0,-50,-50
-33,33,4,-23.5561,16.2664
-33,34,0,-50,-50
-33,35,0,-50,-50
-33,36,0,-50,-50
-33,37,4,-23.5561,16.2664
-33,38,0,-50,-50
-33,39,0,-50,-50
-33,40,0,-50,-50
-33,41,0,-50,-50
-33,42,0,-50,-50
-33,43,0,-50,-50
-33,44,0,-50,-50
-33,45,0,-50,-50
-33,46,0,-50,-50
-33,47,0,-50,-50
-33,48,0,-50,-50
-33,49,0,-50,-50
-32,-49,0,-50,-50
-32,-48,0,-50,-50
-32,-47,0,-50,-50
-32,-46,0,-50,-50
-32,-45,0,-50,-50
-32,-44,0,-50,-50
-32,-43,0,-50,-50
-32,-42,0,-50,-50
-32,-41,0,-50,-50
-32,-40,0,-50,-50
-32,-39,0,-50,-50
-32,-38,0,-50,-50
-32,-37,0,-50,-50
-32,-36,0,-50,-50
-32,-35,0,-50,-50
-32,-34,0,-50,-50
-32,-33,0,-50,-50
-32,-32,0,-50,-50
-32,-31,0,-50,-50
-32,-30,0,-50,-50
-32,-29,0,-50,-50
-32,-28,0,-50,-50
-32,-27,0,-50,-50
-32,-26,0,-50,-50
-32,-25,0,-50,-50
-32,-24,0,-50,-50
-32,-23,0,-50,-50
-32,-22,0,-50,-50
-32,-21,0,-50,-50
-32,-20,0,-50,-50
-32,-19,0,-50,-50
-32,-18,0,-50,-50
-32,-17,0,-50,-50
-32,-16,0,-50,-50
-32,-15,2,-13.0313,-1.20638
-32,-14,2,-13.0313,-1.20638
-32,-13,0,-50,-50
-32,-12,0,-50,-50
-32,-11,0,-50,-50
-32,-10,0,-50,-50
-32,-9,0,-50,-50
-32,-8,2,-13.0313,-1.20638
-32,-7,2,-13.0313,-1.20638
-32,-6,2,-13.0313,-1.20638
-32,-5,2,-13.0313,-1.20638
-32,-4,4,-23.5561,16.2664
-32,-3,4,-23.5561,16.2664
-32,-2,0,-50,-50
-32,-1,4,-23.5561,16.2664
-32,0,4,-23.5561,16.2664
-32,1,0,-50,-50
-32,2,4,-23.5561,16.2664
-32,3,4,-23.5561,16.2664
-32,4,4,-23.5561,16.2664
-32,5,4,-23.5561,16.2664
-32,6,4,-23.5561,16.2664
-32,7,4,-23.5561,16.2664
-32,8,4,-23.5561,16.2664
-32,9,4,-23.5561,16.2664
-32,10,4,-23.5561,16.2664
-32,11,4,-23.5561,16.2664
-32,12,4,-23.5561,16.2664
-32,13,4,-23.5561,16.2664
-32,14,4,-23.5561,16.2664
-32,15,4,-23.5561,16.2664
-32,16,4,-23.5561,16.2664
-32,17,4,-23.5561,16.2664
-32,18,4,-23.5561,16.2664
-32,19,4,-23.5561,16.2664
-32,20,4,-23.5561,16.2664
-32,21,4,-23.5561,16.2664
-32,22,4,-23.5561,16.2664
-32,23,4,-23.5561,16.2664
-32,24,4,-23.5561,16.2664
-32,25,4,-23.5561,16.2664
-32,26,4,-23.5561,16.2664
-32,27,0,-50,-50
-32,28,4,-23.5561,16.2664
-32,29,4,-23.5561,16.2664
-32,30,4,-23.5561,16.2664
-32,31,0,-50,-50
-32,32,4,-23.5561,16.2664
-32,33,4,-23.5561,16.2664
-32,34,0,-50,-50
-32,35,0,-50,-50
-32,36,4,-23.5561,16.2664
-32,37,4,-23.5561,16.2664
-32,38,0,-50,-50
-32,39,4,-23.5561,16.2664
-32,40,0,-50,-50
-32,41,4,-23.5561,16.2664
-32,42,0,-50,-50
-32,43,0,-50,-50
-32,44,0,-50,-50
-32,45,0,-50,-50
-32,46,0,-50,-50
-32,47,0,-50,-50
-32,48,0,-50,-50
-32,49,0,-50,-50
-31,-49,0,-50,-50
-31,-48,0,-50,-50
-31,-47,0,-50,-50
-31,-46,0,-50,-50
-31,-45,0,-50,-50
-31,-44,0,-50,-50
-31,-43,0,-50,-50
-31,-42,0,-50,-50
-31,-41,0,-50,-50
-31,-40,0,-50,-50
-31,-39,0,-50,-50
-31,-38,0,-50,-50
-31,-37,0,-50,-50
-31,-36,0,-50,-50
-31,-35,0,-50,-50
-31,-34,0,-50,-50
-31,-33,0,-50,-50
-31,-32,0,-50,-50
-31,-31,0,-50,-50
-31,-30,0,-50,-50
-31,-29,0,-50,-50
-31,-28,0,-50,-50
-31,-27,0,-50,-50
-31,-26,0,-50,-50
-31,-25,0,-50,-50
-31,-24,0,-50,-50
-31,-23,0,-50,-50
-31,-22,0,-50,-50
-31,-21,0,-50,-50
-31,-20,0,-50,-50
-31,-19,0,-50,-50
-31,-18,0,-50,-50
-31,-17,2,-13.0313,-1.20638
-31,-16,0,-50,-50
-31,-15,2,-13.0313,-1.20638
-31,-14,2,-13.0313,-1.20638
-31,-13,0,-50,-50
-31,-12,2,-13.0313,-1.20638
-31,-11,0,-50,-50
-31,-10,2,-13.0313,-1.20638
-31,-9,2,-13.0313,-1.20638
-31,-8,0,-50,-50
-31,-7,0,-50,-50
-31,-6,2,-13.0313,-1.20638
-31,-5,2,-13.0313,-1.20638
-31,-4,4,-23.5561,16.2664
-31,-3,4,-23.5561,16.2664
-31,-2,4,-23.5561,16.2664
-31,-1,4,-23.5561,16.2664
-31,0,4,-23.5561,16.2664
-31,1,0,-50,-50
-31,2,4,-23.5561,16.2664
-31,3,4,-23.5561,16.2664
-31,4,4,-23.5561,16.2664
-31,5,4,-23.5561,16.2664
-31,6,4,-23.5561,16.2664
-31,7,4,-23.5561,16.2664
-31,8,4,-23.5561,16.2664
-31,9,4,-23.5561,16.2664
-31,10,4,-23.5561,16.2664
-31,11,4,-23.5561,16.2664
-31,12,4,-23.5561,16.2664
-31,13,4,-23.5561,16.2664
-31,14,4,-23.5561,16.2664
-31,15,4,-23.5561,16.2664
-31,16,4,-23.5561,16.2664
-31,17,4,-23.5561,16.2664
-31,18,4,-23.5561,16.2664
-31,19,4,-23.5561,16.2664
-31,20,4,-23.5561,16.2664
-31,21,4,-23.5561,16.2664
-31,22,4,-23.5561,16.2664
-31,23,4,-23.5561,16.2664
-31,24,4,-23.5561,16.2664
-31,25,4,-23.5561,16.2664
-31,26,0,-50,-50
-31,27,4,-23.5561,16.2664
-31,28,4,-23.5561,16.2664
-31,29,4,-23.5561,16.2664
-31,30,4,-23.5561,16.2664
-31,31,4,-23.5561,16.2664
-31,32,0,-50,-50
-31,33,4,-23.5561,16.2664
-31,34,0,-50,-50
-31,35,0,-50,-50
-31,36,0,-50,-50
-31,37,0,-50,-50
-31,38,0,-50,-50
-31,39,0,-50,-50
-31,40,0,-50,-50
-31,41,0,-50,-50
-31,42,0,-50,-50
-31,43,0,-50,-50
-31,44,0,-50,-50
-31,45,0,-50,-50
-31,46,0,-50,-50
-31,47,0,-50,-50
-31,48,0,-50,-50
-31,49,0,-50,-50
-30,-49,0,-50,-50
-30,-48,0,-50,-50
-30,-47,0,-50,-50
-30,-46,0,-50,-50
-30,-45,0,-50,-50
-30,-44,0,-50,-50
-30,-43,0,-50,-50
-30,-42,0,-50,-50
-30,-41,0,-50,-50
-30,-40,0,-50,-50
-30,-39,0,-50,-50
-30,-38,0,-50,-50
-30,-37,0,-50,-50
-30,-36,5,-0.424353,-23.2557
-30,-35,0,-50,-50
-30,-34,0,-50,-50
-30,-33,0,-50,-50
-30,-32,0,-50,-50
-30,-31,0,-50,-50
-30,-30,0,-50,-50
-30,-29,0,-50,-50
-30,-28,0,-50,-50
-30,-27,0,-50,-50
-30,-26,0,-50,-50
-30,-25,0,-50,-50
-30,-24,0,-50,-50
-30,-23,0,-50,-50
-30,-22,0,-50,-50
-30,-21,0,-50,-50
-30,-20,2,-13.0313,-1.20638
-30,-19,0,-50,-50
-30,-18,0,-50,-50
-30,-17,0,-50,-50
-30,-16,0,-50,-50
-30,-15,2,-13.0313,-1.20638
-30,-14,2,-13.0313,-1.20638
-30,-13,2,-13.0313,-1.20638
-30,-12,0,-50,-50
-30,-11,0,-50,-50
-30,-10,0,-50,-50
-30,-9,0,-50,-50
-30,-8,0,-50,-50
-30,-7,2,-13.0313,-1.20638
-30,-6,0,-50,-50
-30,-5,2,-13.0313,-1.20638
-30,-4,2,-13.0313,-1.20638
-30,-3,0,-50,-50
-30,-2,4,-23.5561,16.2664
-30,-1,4,-23.5561,16.2664
-30,0,4,-23.5561,16.2664
-30,1,4,-23.5561,16.2664
-30,2,0,-50,-50
-30,3,0,-50,-50
-30,4,4,-23.5561,16.2664
-30,5,4,-23.5561,16.2664
-30,6,4,-23.5561,16.2664
-30,7,4,-23.5561,16.2664
-30,8,4,-23.5561,16.2664
-30,9,4,-23.5561,16.2664
-30,10,4,-23.5561,16.2664
-30,11,4,-23.5561,16.2664
-30,12,4,-23.5561,16.2664
-30,13,4,-23.5561,16.2664
-30,14,4,-23.5561,16.2664
-30,15,4,-23.5561,16.2664
-30,16,4,-23.5561,16.2664
-30,17,4,-23.5561,16.2664
-30,18,4,-23.5561,16.2664
-30,19,4,-23.5561,16.2664
-30,20,4,-23.5561,16.2664
-30,21,4,-23.5561,16.2664
-30,22,4,-23.5561,16.2664
-30,23,4,-23.5561,16.2664
-30,24,4,-23.5561,16.2664
-30,25,4,-23.5561,16.2664
-30,26,4,-23.5561,16.2664
-30,27,4,-23.5561,16.2664
-30,28,0,-50,-50
-30,29,0,-50,-50
-30,30,0,-50,-50
-30,31,4,-23.5561,16.2664
-30,32,4,-23.5561,16.2664
-30,33,4,-23.5561,16.2664
-30,34,4,-23.5561,16.2664
-30,35,0,-50,-50
-30,36,0,-50,-50
-30,37,4,-23.5561,16.2664
-30,38,0,-50,-50
-30,39,0,-50,-50
-30,40,0,-50,-50
-30,41,0,-50,-50
-30,42,0,-50,-50
-30,43,0,-50,-50
-30,44,0,-50,-50
-30,45,0,-50,-50
-30,46,0,-50,-50
-30,47,0,-50,-50
-30,48,0,-50,-50
-30,49,0,-50,-50
-29,-49,0,-50,-50
-29,-48,0,-50,-50
-29,-47,0,-50,-50
-29,-46,0,-50,-50
-29,-45,0,-50,-50
-29,-44,0,-50,-50
-29,-43,0,-50,-50
-29,-42,0,-50,-50
-29,-41,0,-50,-50
-29,-40,0,-50,-50
-29,-39,0,-50,-50
-29,-38,0,-50,-50
-29,-37,0,-50,-50
-29,-36,0,-50,-50
-29,-35,0,-50,-50
-29,-34,0,-50,-50
-29,-33,0,-50,-50
-29,-32,0,-50,-50
-29,-31,0,-50,-50
-29,-30,0,-50,-50
-29,-29,5,-0.424353,-23.2557
-29,-28,0,-50,-50
-29,-27,0,-50,-50
-29,-26,5,-0.424353,-23.2557
-29,-25,0,-50,-50
-29,-24,0,-50,-50
-29,-23,0,-50,-50
-29,-22,0,-50,-50
-29,-21,0,-50,-50
-29,-20,0,-50,-50
-29,-19,0,-50,-50
-29,-18,2,-13.0313,-1.20638
-29,-17,2,-13.0313,-1.20638
-29,-16,0,-50,-50
-29,-15,2,-13.0313,-1.20638
-29,-14,2,-13.0313,-1.20638
-29,-13,0,-50,-50
-29,-12,0,-50,-50
-29,-11,0,-50,-50
-29,-10,0,-50,-50
-29,-9,2,-13.0313,-1.20638
-29,-8,0,-50,-50
-29,-7,2,-13.0313,-1.20638
-29,-6,2,-13.0313,-1.20638
-29,-5,2,-13.0313,-1.20638
-29,-4,2,-13.0313,-1.20638
-29,-3,4,-23.5561,16.2664
-29,-2,4,-23.5561,16.2664
-29,-1,4,-23.5561,16.2664
-29,0,4,-23.5561,16.2664
-29,1,4,-23.5561,16.2664
-29,2,4,-23.5561,16.2664
-29,3,4,-23.5561,16.2664
-29,4,4,-23.5561,16.2664
-29,5,4,-23.5561,16.2664
-29,6,4,-23.5561,16.2664
-29,7,4,-23.5561,16.2664
-29,8,4,-23.5561,16.2664
-29,9,4,-23.5561,16.2664
-29,10,4,-23.5561,16.2664
-29,11,4,-23.5561,16.2664
-29,12,4,-23.5561,16.2664
-29,13,4,-23.5561,16.2664
-29,14,4,-23.5561,16.2664
-29,15,4,-23.5561,16.2664
-29,16,4,-23.5561,16.2664
-29,17,4,-23.5561,16.2664
-29,18,4,-23.5561,16.2664
-29,19,4,-23.5561,16.2664
-29,20,4,-23.5561,16.2664
-29,21,4,-23.5561,16.2664
-29,22,4,-23.5561,16.2664
-29,23,4,-23.5561,16.2664
-29,24,4,-23.5561,16.2664
-29,25,4,-23.5561,16.2664
-29,26,4,-23.5561,16.2664
-29,27,0,-50,-50
-29,28,4,-23.5561,16.2664
-29,29,4,-23.5561,16.2664
-29,30,4,-23.5561,16.2664
-29,31,0,-50,-50
-29,32,4,-23.5561,16.2664
-29,33,4,-23.5561,16.2664
-29,34,4,-23.5561,16.2664
-29,35,4,-23.5561,16.2664
-29,36,4,-23.5561,16.2664
-29,37,0,-50,-50
-29,38,0,-50,-50
-29,39,4,-23.5561,16.2664
-29,40,0,-50,-50
-29,41,0,-50,-50
-29,42,0,-50,-50
-29,43,4,-23.5561,16.2664
-29,44,0,-50,-50
-29,45,0,-50,-50
-29,46,0,-50,-50
-29,47,0,-50,-50
-29,48,0,-50,-50
-29,49,0,-50,-50
-28,-49,0,-50,-50
-28,-48,0,-50,-50
-28,-47,0,-50,-50
-28,-46,0,-50,-50
-28,-45,0,-50,-50
-28,-44,0,-50,-50
-28,-43,0,-50,-50
-28,-42,0,-50,-50
-28,-41,0,-50,-50
-28,-40,0,-50,-50
-28,-39,0,-50,-50
-28,-38,0,-50,-50
-28,-37,0,-50,-50
-28,-36,0,-50,-50
-28,-35,0,-50,-50
-28,-34,0,-50,-50
-28,-33,0,-50,-50
-28,-32,0,-50,-50
-28,-31,0,-50,-50
-28,-30,5,-0.424353,-23.2557
-28,-29,0,-50,-50
-28,-28,0,-50,-50
-28,-27,5,-0.424353,-23.2557
-28,-26,0,-50,-50
-28,-25,0,-50,-50
-28,-24,0,-50,-50
-28,-23,5,-0.424353,-23.2557
-28,-22,0,-50,-50
-28,-21,0,-50,-50
-28,-20,0,-50,-50
-28,-19,2,-13.0313,-1.20638
-28,-18,0,-50,-50
-28,-17,2,-13.0313,-1.20638
-28,-16,0,-50,-50
-28,-15,0,-50,-50
-28,-14,2,-13.0313,-1.20638
-28,-13,2,-13.0313,-1.20638
-28,-12,0,-50,-50
-28,-11,2,-13.0313,-1.20638
-28,-10,2,-13.0313,-1.20638
-28,-9,2,-13.0313,-1.20638
-28,-8,0,-50,-50
-28,-7,2,-13.0313,-1.20638
-28,-6,2,-13.0313,-1.20638
-28,-5,2,-13.0313,-1.20638
-28,-4,2,-13.0313,-1.20638
-28,-3,2,-13.0313,-1.20638
-28,-2,2,-13.0313,-1.20638
-28,-1,4,-23.5561,16.2664
-28,0,4,-23.5561,16.2664
-28,1,4,-23.5561,16.2664
-28,2,4,-23.5561,16.2664
-28,3,4,-23.5561,16.2664
-28,4,4,-23.5561,16.2664
-28,5,4,-23.5561,16.2664
-28,6,4,-23.5561,16.2664
-28,7,4,-23.5561,16.2664
-28,8,4,-23.5561,16.2664
-28,9,4,-23.5561,16.2664
-28,10,4,-23.5561,16.2664
-28,11,4,-23.5561,16.2664
-28,12,4,-23.5561,16.2664
-28,13,4,-23.5561,16.2664
-28,14,4,-23.5561,16.2664
-28,15,4,-23.5561,16.2664
-28,16,4,-23.5561,16.2664
-28,17,4,-23.5561,16.2664
-28,18,4,-23.5561,16.2664
-28,19,4,-23.5561,16.2664
-28,20,4,-23.5561,16.2664
-28,21,4,-23.5561,16.2664
-28,22,4,-23.5561,16.2664
-28,23,4,-23.5561,16.2664
-28,24,4,-23.5561,16.2664
-28,25,4,-23.5561,16.2664
-28,26,4,-23.5561,16.2664
-28,27,4,-23.5561,16.2664
-28,28,4,-23.5561,16.2664
-28,29,4,-23.5561,16.2664
-28,30,0,-50,-50
-28,31,0,-50,-50
-28,32,4,-23.5561,16.2664
-28,33,4,-23.5561,16.2664
-28,34,4,-23.5561,16.2664
-28,35,0,-50,-50
-28,36,4,-23.5561,16.2664
-28,37,4,-23.5561,16.2664
-28,38,0,-50,-50
-28,39,0,-50,-50
-28,40,0,-50,-50
-28,41,0,-50,-50
-28,42,0,-50,-50
-28,43,0,-50,-50
-28,44,0,-50,-50
-28,45,0,-50,-50
-28,46,0,-50,-50
-28,47,0,-50,-50
-28,48,0,-50,-50
-28,49,0,-50,-50
-27,-49,0,-50,-50
-27,-48,0,-50,-50
-27,-47,0,-50,-50
-27,-46,0,-50,-50
-27,-45,0,-50,-50
-27,-44,0,-50,-50
-27,-43,0,-50,-50
-27,-42,0,-50,-50
-27,-41,0,-50,-50
-27,-40,0,-50,-50
-27,-39,0,-50,-50
-27,-38,0,-50,-50
-27,-37,0,-50,-50
-27,-36,0,-50,-50
-27,-35,0,-50,-50
-27,-34,0,-50,-50
-27,-33,0,-50,-50
-27,-32,0,-50,-50
-27,-31,0,-50,-50
-27,-30,0,-50,-50
-27,-29,0,-50,-50
-27,-28,5,-0.424353,-23.2557
-27,-27,0,-50,-50
-27,-26,5,-0.424353,-23.2557
-27,-25,0,-50,-50
-27,-24,5,-0.424353,-23.2557
-27,-23,0,-50,-50
-27,-22,0,-50,-50
-27,-21,0,-50,-50
-27,-20,0,-50,-50
-27,-19,0,-50,-50
-27,-18,0,-50,-50
-27,-17,2,-13.0313,-1.20638
-27,-16,0,-50,-50
-27,-15,0,-50,-50
-27,-14,2,-13.0313,-1.20638
-27,-13,0,-50,-50
-27,-12,0,-50,-50
-27,-11,2,-13.0313,-1.20638
-27,-10,2,-13.0313,-1.20638
-27,-9,2,-13.0313,-1.20638
-27,-8,2,-13.0313,-1.20638
-27,-7,2,-13.0313,-1.20638
-27,-6,2,-13.0313,-1.20638
-27,-5,2,-13.0313,-1.20638
-27,-4,2,-13.0313,-1.20638
-27,-3,0,-50,-50
-27,-2,2,-13.0313,-1.20638
-27,-1,4,-23.5561,16.2664
-27,0,4,-23.5561,16.2664
-27,1,4,-23.5561,16.2664
-27,2,4,-23.5561,16.2664
-27,3,4,-23.5561,16.2664
-27,4,4,-23.5561,16.2664
-27,5,4,-23.5561,16.2664
-27,6,4,-23.5561,16.2664
-27,7,4,-23.5561,16.2664
-27,8,4,-23.5561,16.2664
-27,9,4,-23.5561,16.2664
-27,10,4,-23.5561,16.2664
-27,11,4,-23.5561,16.2664
-27,12,4,-23.5561,16.2664
-27,13,4,-23.5561,16.2664
-27,14,4,-23.5561,16.2664
-27,15,4,-23.5561,16.2664
-27,16,4,-23.5561,16.2664
-27,17,4,-23.5561,16.2664
-27,18,4,-23.5561,16.2664
-27,19,4,-23.5561,16.2664
-27,20,4,-23.5561,16.2664
-27,21,4,-23.5561,16.2664
-27,22,4,-23.5561,16.2664
-27,23,4,-23.5561,16.2664
-27,24,4,-23.5561,16.2664
-27,25,4,-23.5561,16.2664
-27,26,4,-23.5561,16.2664
-27,27,4,-23.5561,16.2664
-27,28,0,-50,-50
-27,29,4,-23.5561,16.2664
-27,30,0,-50,-50
-27,31,4,-23.5561,16.2664
-27,32,4,-23.5561,16.2664
-27,33,4,-23.5561,16.2664
-27,34,4,-23.5561,16.2664
-27,35,0,-50,-50
-27,36,4,-23.5561,16.2664
-27,37,4,-23.5561,16.2664
-27,38,4,-23.5561,16.2664
-27,39,4,-23.5561,16.2664
-27,40,4,-23.5561,16.2664
-27,41,0,-50,-50
-27,42,0,-50,-50
-27,43,0,-50,-50
-27,44,0,-50,-50
-27,45,0,-50,-50
-27,46,0,-50,-50
-27,47,0,-50,-50
-27,48,0,-50,-50
-27,49,0,-50,-50
-26,-49,0,-50,-50
-26,-48,0,-50,-50
-26,-47,0,-50,-50
-26,-46,0,-50,-50
-26,-45,0,-50,-50
-26,-44,0,-50,-50
-26,-43,0,-50,-50
-26,-42,0,-50,-50
-26,-41,0,-50,-50
-26,-40,0,-50,-50
-26,-39,0,-50,-50
-26,-38,0,-50,-50
-26,-37,0,-50,-50
-26,-36,0,-50,-50
-26,-35,0,-50,-50
-26,-34,0,-50,-50
-26,-33,0,-50,-50
-26,-32,0,-50,-50
-26,-31,0,-50,-50
-26,-30,0,-50,-50
-26,-29,5,-0.424353,-23.2557
-26,-28,0,-50,-50
-26,-27,0,-50,-50
-26,-26,0,-50,-50
-26,-25,0,-50,-50
-26,-24,0,-50,-50
-26,-23,0,-50,-50
-26,-22,5,-0.424353,-23.2557
-26,-21,0,-50,-50
-26,-20,2,-13.0313,-1.20638
-26,-19,0,-50,-50
-26,-18,0,-50,-50
-26,-17,0,-50,-50
-26,-16,0,-50,-50
-26,-15,0,-50,-50
-26,-14,2,-13.0313,-1.20638
-26,-13,2,-13.0313,-1.20638
-26,-12,2,-13.0313,-1.20638
-26,-11,2,-13.0313,-1.20638
-26,-10,2,-13.0313,-1.20638
-26,-9,0,-50,-50
-26,-8,2,-13.0313,-1.20638
-26,-7,2,-13.0313,-1.20638
-26,-6,2,-13.0313,-1.20638
-26,-5,2,-13.0313,-1.20638
-26,-4,2,-13.0313,-1.20638
-26,-3,2,-13.0313,-1.20638
-26,-2,2,-13.0313,-1.20638
-26,-1,2,-13.0313,-1.20638
-26,0,2,-13.0313,-1.20638
-26,1,4,-23.5561,16.2664
-26,2,4,-23.5561,16.2664
-26,3,4,-23.5561,16.2664
-26,4,4,-23.5561,16.2664
-26,5,4,-23.5561,16.2664
-26,6,4,-23.5561,16.2664
-26,7,4,-23.5561,16.2664
-26,8,4,-23.5561,16.2664
-26,9,4,-23.5561,16.2664
-26,10,4,-23.5561,16.2664
-26,11,4,-23.5561,16.2664
-26,12,4,-23.5561,16.2664
-26,13,4,-23.5561,16.2664
-26,14,4,-23.5561,16.2664
-26,15,4,-23.5561,16.2664
-26,16,4,-23.5561,16.2664
-26,17,4,-23.5561,16.2664
-26,18,4,-23.5561,16.2664
-26,19,4,-23.5561,16.2664
-26,20,4,-23.5561,16.2664
-26,21,4,-23.5561,16.2664
-26,22,4,-23.5561,16.2664
-26,23,4,-23.5561,16.2664
-26,24,4,-23.5561,16.2664
-26,25,4,-23.5561,16.2664
-26,26,0,-50,-50
-26,27,4,-23.5561,16.2664
-26,28,4,-23.5561,16.2664
-26,29,4,-23.5561,16.2664
-26,30,4,-23.5561,16.2664
-26,31,0,-50,-50
-26,32,0,-50,-50
-26,33,0,-50,-50
-26,34,4,-23.5561,16.2664
-26,35,0,-50,-50
-26,36,0,-50,-50
-26,37,0,-50,-50
-26,38,0,-50,-50
-26,39,0,-50,-50
-26,40,0,-50,-50
-26,41,0,-50,-50
-26,42,0,-50,-50
-26,43,0,-50,-50
-26,44,4,-23.5561,16.2664
-26,45,0,-50,-50
-26,46,0,-50,-50
-26,47,0,-50,-50
-26,48,0,-50,-50
-26,49,4,-23.5561,16.2664
-25,-49,0,-50,-50
-25,-48,0,-50,-50
-25,-47,0,-50,-50
-25,-46,0,-50,-50
-25,-45,0,-50,-50
-25,-44,0,-50,-50
-25,-43,0,-50,-50
-25,-42,0,-50,-50
-25,-41,0,-50,-50
-25,-40,0,-50,-50
-25,-39,0,-50,-50
-25,-38,0,-50,-50
-25,-37,5,-0.424353,-23.2557
-25,-36,0,-50,-50
-25,-35,0,-50,-50
-25,-34,5,-0.424353,-23.2557
-25,-33,0,-50,-50
-25,-32,0,-50,-50
-25,-31,0,-50,-50
-25,-30,0,-50,-50
-25,-29,0,-50,-50
-25,-28,0,-50,-50
-25,-27,0,-50,-50
-25,-26,5,-0.424353,-23.2557
-25,-25,5,-0.424353,-23.2557
-25,-24,0,-50,-50
-25,-23,0,-50,-50
-25,-22,0,-50,-50
-25,-21,0,-50,-50
-25,-20,0,-50,-50
-25,-19,0,-50,-50
-25,-18,0,-50,-50
-25,-17,2,-13.0313,-1.20638
-25,-16,0,-50,-50
-25,-15,2,-13.0313,-1.20638
-25,-14,2,-13.0313,-1.20638
-25,-13,2,-13.0313,-1.20638
-25,-12,0,-50,-50
-25,-11,2,-13.0313,-1.20638
-25,-10,0,-50,-50
-25,-9,2,-13.0313,-1.20638
-25,-8,2,-13.0313,-1.20638
-25,-7,2,-13.0313,-1.20638
-25,-6,2,-13.0313,-1.20638
-25,-5,2,-13.0313,-1.20638
-25,-4,2,-13.0313,-1.20638
-25,-3,2,-13.0313,-1.20638
-25,-2,2,-13.0313,-1.20638
-25,-1,2,-13.0313,-1.20638
-25,0,2,-13.0313,-1.20638
-25,1,4,-23.5561,16.2664
-25,2,4,-23.5561,16.2664
-25,3,4,-23.5561,16.2664
-25,4,4,-23.5561,16.2664
-25,5,4,-23.5561,16.2664
-25,6,4,-23.5561,16.2664
-25,7,4,-23.5561,16.2664
-25,8,4,-23.5561,16.2664
-25,9,4,-23.5561,16.2664
-25,10,4,-23.5561,16.2664
-25,11,4,-23.5561,16.2664
-25,12,4,-23.5561,16.2664
-25,13,4,-23.5561,16.2664
-25,14,4,-23.5561,16.2664
-25,15,4,-23.5561,16.2664
-25,16,4,-23.5561,16.2664
-25,17,4,-23.5561,16.2664
-25,18,4,-23.5561,16.2664
-25,19,4,-23.5561,16.2664
-25,20,4,-23.5561,16.2664
-25,21,4,-23.5561,16.2664
-25,22,4,-23.5561,16.2664
-25,23,4,-23.5561,16.2664
-25,24,4,-23.5561,16.2664
-25,25,4,-23.5561,16.2664
-25,26,4,-23.5561,16.2664
-25,27,4,-23.5561,16.2664
-25,28,4,-23.5561,16.2664
-25,29,0,-50,-50
-25,30,4,-23.5561,16.2664
-25,31,4,-23.5561,16.2664
-25,32,0,-50,-50
-25,33,4,-23.5561,16.2664
-25,34,0,-50,-50
-25,35,4,-23.5561,16.2664
-25,36,0,-50,-50
-25,37,0,-50,-50
-25,38,4,-23.5561,16.2664
-25,39,0,-50,-50
-25,40,4,-23.5561,16.2664
-25,41,0,-50,-50
-25,42,0,-50,-50
-25,43,0,-50,-50
-25,44,0,-50,-50
-25,45,0,-50,-50
-25,46,0,-50,-50
-25,47,0,-50,-50
-25,48,0,-50,-50
-25,49,0,-50,-50
-24,-49,0,-50,-50
-24,-48,0,-50,-50
-24,-47,0,-50,-50
-24,-46,0,-50,-50
-24,-45,0,-50,-50
-24,-44,5,-0.424353,-23.2557
-24,-43,0,-50,-50
-24,-42,0,-50,-50
-24,-41,0,-50,-50
-24,-40,0,-50,-50
-24,-39,0,-50,-50
-24,-38,0,-50,-50
-24,-37,0,-50,-50
-24,-36,0,-50,-50
-24,-35,0,-50,-50
-24,-34,0,-50,-50
-24,-33,0,-50,-50
-24,-32,0,-50,-50
-24,-31,0,-50,-50
-24,-30,0,-50,-50
-24,-29,0,-50,-50
-24,-28,0,-50,-50
-24,-27,0,-50,-50
-24,-26,5,-0.424353,-23.2557
-24,-25,0,-50,-50
-24,-24,0,-50,-50
-24,-23,0,-50,-50
-24,-22,0,-50,-50
-24,-21,5,-0.424353,-23.2557
-24,-20,0,-50,-50
-24,-19,2,-13.0313,-1.20638
-24,-18,2,-13.0313,-1.20638
-24,-17,2,-13.0313,-1.20638
-24,-16,0,-50,-50
-24,-15,0,-50,-50
-24,-14,2,-13.0313,-1.20638
-24,-13,0,-50,-50
-24,-12,2,-13.0313,-1.20638
-24,-11,2,-13.0313,-1.20638
-24,-10,2,-13.0313,-1.20638
-24,-9,2,-13.0313,-1.20638
-24,-8,2,-13.0313,-1.20638
-24,-7,2,-13.0313,-1.20638
-24,-6,2,-13.0313,-1.20638
-24,-5,2,-13.0313,-1.20638
-24,-4,2,-13.0313,-1.20638
-24,-3,2,-13.0313,-1.20638
-24,-2,2,-13.0313,-1.20638
-24,-1,2,-13.0313,-1.20638
-24,0,2,-13.0313,-1.20638
-24,1,2,-13.0313,-1.20638
-24,2,4,-23.5561,16.2664
-24,3,4,-23.5561,16.2664
-24,4,4,-23.5561,16.2664
-24,5,4,-23.5561,16.2664
-24,6,4,-23.5561,16.2664
-24,7,4,-23.5561,16.2664
-24,8,4,-23.5561,16.2664
-24,9,4,-23.5561,16.2664
-24,10,4,-23.5561,16.2664
-24,11,4,-23.5561,16.2664
-24,12,4,-23.5561,16.2664
-24,13,4,-23.5561,16.2664
-24,14,4,-23.5561,16.2664
-24,15,4,-23.5561,16.2664
-24,16,4,-23.5561,16.2664
-24,17,4,-23.5561,16.2664
-24,18,4,-23.5561,16.2664
-24,19,4,-23.5561,16.2664
-24,20,4,-23.5561,16.2664
-24,21,4,-23.5561,16.2664
-24,22,4,-23.5561,16.2664
-24,23,4,-23.5561,16.2664
-24,24,4,-23.5561,16.2664
-24,25,4,-23.5561,16.2664
-24,26,4,-23.5561,16.2664
-24,27,4,-23.5561,16.2664
-24,28,4,-23.5561,16.2664
-24,29,4,-23.5561,16.2664
-24,30,4,-23.5561,16.2664
-24,31,4,-23.5561,16.2664
-24,32,4,-23.5561,16.2664
-24,33,0,-50,-50
-24,34,4,-23.5561,16.2664
-24,35,0,-50,-50
-24,36,0,-50,-50
-24,37,4,-23.5561,16.2664
-24,38,0,-50,-50
-24,39,0,-50,-50
-24,40,0,-50,-50
-24,41,0,-50,-50
-24,42,0,-50,-50
-24,43,0,-50,-50
-24,44,0,-50,-50
-24,45,0,-50,-50
-24,46,0,-50,-50
-24,47,0,-50,-50
-24,48,0,-50,-50
-24,49,0,-50,-50
-23,-49,0,-50,-50
-23,-48,0,-50,-50
-23,-47,0,-50,-50
-23,-46,0,-50,-50
-23,-45,0,-50,-50
-23,-44,0,-50,-50
-23,-43,0,-50,-50
-23,-42,0,-50,-50
-23,-41,0,-50,-50
-23,-40,0,-50,-50
-23,-39,0,-50,-50
-23,-38,0,-50,-50
-23,-37,0,-50,-50
-23,-36,5,-0.424353,-23.2557
-23,-35,0,-50,-50
-23,-34,0,-50,-50
-23,-33,0,-50,-50
-23,-32,5,-0.424353,-23.2557
-23,-31,0,-50,-50
-23,-30,0,-50,-50
-23,-29,0,-50,-50
-23,-28,0,-50,-50
-23,-27,0,-50,-50
-23,-26,0,-50,-50
-23,-25,0,-50,-50
-23,-24,5,-0.424353,-23.2557
-23,-23,5,-0.424353,-23.2557
-23,-22,5,-0.424353,-23.2557
-23,-21,0,-50,-50
-23,-20,5,-0.424353,-23.2557
-23,-19,5,-0.424353,-23.2557
-23,-18,2,-13.0313,-1.20638
-23,-17,0,-50,-50
-23,-16,2,-13.0313,-1.20638
-23,-15,2,-13.0313,-1.20638
-23,-14,2,-13.0313,-1.20638
-23,-13,0,-50,-50
-23,-12,2,-13.0313,-1.20638
-23,-11,0,-50,-50
-23,-10,2,-13.0313,-1.20638
-23,-9,2,-13.0313,-1.20638
-23,-8,2,-13.0313,-1.20638
-23,-7,2,-13.0313,-1.20638
-23,-6,2,-13.0313,-1.20638
-23,-5,2,-13.0313,-1.20638
-23,-4,2,-13.0313,-1.20638
-23,-3,2,-13.0313,-1.20638
-23,-2,2,-13.0313,-1.20638
-23,-1,2,-13.0313,-1.20638
-23,0,2,-13.0313,-1.20638
-23,1,2,-13.0313,-1.20638
-23,2,2,-13.0313,-1.20638
-23,3,4,-23.5561,16.2664
-23,4,4,-23.5561,16.2664
-23,5,4,-23.5561,16.2664
-23,6,4,-23.5561,16.2664
-23,7,4,-23.5561,16.2664
-23,8,4,-23.5561,16.2664
-23,9,4,-23.5561,16.2664
-23,10,4,-23.5561,16.2664
-23,11,4,-23.5561,16.2664
-23,12,4,-23.5561,16.2664
-23,13,4,-23.5561,16.2664
-23,14,4,-23.5561,16.2664
-23,15,4,-23.5561,16.2664
-23,16,4,-23.5561,16.2664
-23,17,4,-23.5561,16.2664
-23,18,4,-23.5561,16.2664
-23,19,4,-23.5561,16.2664
-23,20,4,-23.5561,16.2664
-23,21,4,-23.5561,16.2664
-23,22,4,-23.5561,16.2664
-23,23,4,-23.5561,16.2664
-23,24,4,-23.5561,16.2664
-23,25,4,-23.5561,16.2664
-23,26,4,-23.5561,16.2664
-23,27,4,-23.5561,16.2664
-23,28,4,-23.5561,16.2664
-23,29,4,-23.5561,16.2664
-23,30,4,-23.5561,16.2664
-23,31,4,-23.5561,16.2664
-23,32,4,-23.5561,16.2664
-23,33,0,-50,-50
-23,34,4,-23.5561,16.2664
-23,35,4,-23.5561,16.2664
-23,36,0,-50,-50
-23,37,0,-50,-50
-23,38,4,-23.5561,16.2664
-23,39,0,-50,-50
-23,40,4,-23.5561,16.2664
-23,41,0,-50,-50
-23,42,0,-50,-50
-23,43,0,-50,-50
-23,44,0,-50,-50
-23,45,0,-50,-50
-23,46,0,-50,-50
-23,47,0,-50,-50
-23,48,0,-50,-50
-23,49,0,-50,-50
-22,-49,0,-50,-50
-22,-48,0,-50,-50
-22,-47,0,-50,-50
-22,-46,0,-50,-50
-22,-45,0,-50,-50
-22,-44,0,-50,-50
-22,-43,0,-50,-50
-22,-42,0,-50,-50
-22,-41,0,-50,-50
-22,-40,0,-50,-50
-22,-39,0,-50,-50
-22,-38,0,-50,-50
-22,-37,0,-50,-50
-22,-36,5,-0.424353,-23.2557
-22,-35,0,-50,-50
-22,-34,0,-50,-50
-22,-33,0,-50,-50
-22,-32,0,-50,-50
-22,-31,0,-50,-50
-22,-30,0,-50,-50
-22,-29,0,-50,-50
-22,-28,5,-0.424353,-23.2557
-22,-27,0,-50,-50
-22,-26,0,-50,-50
-22,-25,5,-0.424353,-23.2557
-22,-24,0,-50,-50
-22,-23,5,-0.424353,-23.2557
-22,-22,5,-0.424353,-23.2557
-22,-21,5,-0.424353,-23.2557
-22,-20,5,-0.424353,-23.2557
-22,-19,5,-0.424353,-23.2557
-22,-18,5,-0.424353,-23.2557
-22,-17,0,-50,-50
-22,-16,0,-50,-50
-22,-15,2,-13.0313,-1.20638
-22,-14,0,-50,-50
-22,-13,0,-50,-50
-22,-12,2,-13.0313,-1.20638
-22,-11,2,-13.0313,-1.20638
-22,-10,2,-13.0313,-1.20638
-22,-9,2,-13.0313,-1.20638
-22,-8,2,-13.0313,-1.20638
-22,-7,2,-13.0313,-1.20638
-22,-6,2,-13.0313,-1.20638
-22,-5,2,-13.0313,-1.20638
-22,-4,2,-13.0313,-1.20638
-22,-3,2,-13.0313,-1.20638
-22,-2,2,-13.0313,-1.20638
-22,-1,2,-13.0313,-1.20638
-22,0,2,-13.0313,-1.20638
-22,1,2,-13.0313,-1.20638
-22,2,2,-13.0313,-1.20638
-22,3,2,-13.0313,-1.20638
-22,4,4,-23.5561,16.2664
-22,5,4,-23.5561,16.2664
-22,6,4,-23.5561,16.2664
-22,7,4,-23.5561,16.2664
-22,8,4,-23.5561,16.2664
-22,9,4,-23.5561,16.2664
-22,10,4,-23.5561,16.2664
-22,11,4,-23.5561,16.2664
-22,12,4,-23.5561,16.2664
-22,13,4,-23.5561,16.2664
-22,14,4,-23.5561,16.2664
-22,15,4,-23.5561,16.2664
-22,16,4,-23.5561,16.2664
-22,17,4,-23.5561,16.2664
-22,18,4,-23.5561,16.2664
-22,19,4,-23.5561,16.2664
-22,20,4,-23.5561,16.2664
-22,21,4,-23.5561,16.2664
-22,22,4,-23.5561,16.2664
-22,23,4,-23.5561,16.2664
-22,24,4,-23.5561,16.2664
-22,25,4,-23.5561,16.2664
-22,26,4,-23.5561,16.2664
-22,27,4,-23.5561,16.2664
-22,28,4,-23.5561,16.2664
-22,29,4,-23.5561,16.2664
-22,30,4,-23.5561,16.2664
-22,31,4,-23.5561,16.2664
-22,32,4,-23.5561,16.2664
-22,33,4,-23.5561,16.2664
-22,34,4,-23.5561,16.2664
-22,35,0,-50,-50
-22,36,0,-50,-50
-22,37,0,-50,-50
-22,38,0,-50,-50
-22,39,4,-23.5561,16.2664
-22,40,0,-50,-50
-22,41,0,-50,-50
-22,42,0,-50,-50
-22,43,0,-50,-50
-22,44,0,-50,-50
-22,45,0,-50,-50
-22,46,0,-50,-50
-22,47,0,-50,-50
-22,48,0,-50,-50
-22,49,0,-50,-50
-21,-49,0,-50,-50
-21,-48,0,-50,-50
-21,-47,0,-50,-50
-21,-46,0,-50,-50
-21,-45,0,-50,-50
-21,-44,0,-50,-50
-21,-43,0,-50,-50
-21,-42,0,-50,-50
-21,-41,0,-50,-50
-21,-40,0,-50,-50
-21,-39,0,-50,-50
-21,-38,0,-50,-50
-21,-37,0,-50,-50
-21,-36,0,-50,-50
-21,-35,0,-50,-50
-21,-34,0,-50,-50
-21,-33,0,-50,-50
-21,-32,0,-50,-50
-21,-31,5,-0.424353,-23.2557
-21,-30,5,-0.424353,-23.2557
-21,-29,0,-50,-50
-21,-28,0,-50,-50
-21,-27,5,-0.424353,-23.2557
-21,-26,0,-50,-50
-21,-25,5,-0.424353,-23.2557
-21,-24,5,-0.424353,-23.2557
-21,-23,0,-50,-50
-21,-22,5,-0.424353,-23.2557
-21,-21,0,-50,-50
-21,-20,0,-50,-50
-21,-19,5,-0.424353,-23.2557
-21,-18,5,-0.424353,-23.2557
-21,-17,2,-13.0313,-1.20638
-21,-16,2,-13.0313,-1.20638
-21,-15,2,-13.0313,-1.20638
-21,-14,2,-13.0313,-1.20638
-21,-13,2,-13.0313,-1.20638
-21,-12,2,-13.0313,-1.20638
-21,-11,2,-13.0313,-1.20638
-21,-10,0,-50,-50
-21,-9,2,-13.0313,-1.20638
-21,-8,2,-13.0313,-1.20638
-21,-7,2,-13.0313,-1.20638
-21,-6,2,-13.0313,-1.20638
-21,-5,2,-13.0313,-1.20638
-21,-4,2,-13.0313,-1.20638
-21,-3,2,-13.0313,-1.20638
-21,-2,2,-13.0313,-1.20638
-21,-1,2,-13.0313,-1.20638
-21,0,2,-13.0313,-1.20638
-21,1,2,-13.0313,-1.20638
-21,2,2,-13.0313,-1.20638
-21,3,2,-13.0313,-1.20638
-21,4,2,-13.0313,-1.20638
-21,5,4,-23.5561,16.2664
-21,6,4,-23.5561,16.2664
-21,7,4,-23.5561,16.2664
-21,8,4,-23.5561,16.2664
-21,9,4,-23.5561,16.2664
-21,10,4,-23.5561,16.2664
-21,11,4,-23.5561,16.2664
-21,12,4,-23.5561,16.2664
-21,13,4,-23.5561,16.2664
-21,14,4,-23.5561,16.2664
-21,15,4,-23.5561,16.2664
-21,16,4,-23.5561,16.2664
-21,17,4,-23.5561,16.2664
-21,18,4,-23.5561,16.2664
-21,19,4,-23.5561,16.2664
-21,20,4,-23.5561,16.2664
-21,21,4,-23.5561,16.2664
-21,22,4,-23.5561,16.2664
-21,23,4,-23.5561,16.2664
-21,24,4,-23.5561,16.2664
-21,25,4,-23.5561,16.2664
-21,26,4,-23.5561,16.2664
-21,27,4,-23.5561,16.2664
-21,28,4,-23.5561,16.2664
-21,29,4,-23.5561,16.2664
-21,30,4,-23.5561,16.2664
-21,31,4,-23.5561,16.2664
-21,32,0,-50,-50
-21,33,4,-23.5561,16.2664
-21,34,4,-23.5561,16.2664
-21,35,4,-23.5561,16.2664
-21,36,0,-50,-50
-21,37,4,-23.5561,16.2664
-21,38,0,-50,-50
-21,39,0,-50,-50
-21,40,0,-50,-50
-21,41,0,-50,-50
-21,42,4,-23.5561,16.2664
-21,43,4,-23.5561,16.2664
-21,44,4,-23.5561,16.2664
-21,45,0,-50,-50
-21,46,0,-50,-50
-21,47,0,-50,-50
-21,48,0,-50,-50
-21,49,0,-50,-50
-20,-49,5,-0.424353,-23.2557
-20,-48,0,-50,-50
-20,-47,0,-50,-50
-20,-46,0,-50,-50
-20,-45,0,-50,-50
-20,-44,0,-50,-50
-20,-43,0,-50,-50
-20,-42,0,-50,-50
-20,-41,0,-50,-50
-20,-40,0,-50,-50
-20,-39,0,-50,-50
-20,-38,0,-50,-50
-20,-37,0,-50,-50
-20,-36,0,-50,-50
-20,-35,0,-50,-50
-20,-34,5,-0.424353,-23.2557
-20,-33,0,-50,-50
-20,-32,5,-0.424353,-23.2557
-20,-31,0,-50,-50
-20,-30,5,-0.424353,-23.2557
-20,-29,5,-0.424353,-23.2557
-20,-28,0,-50,-50
-20,-27,5,-0.424353,-23.2557
-20,-26,5,-0.424353,-23.2557
-20,-25,5,-0.424353,-23.2557
-20,-24,0,-50,-50
-20,-23,5,-0.424353,-23.2557
-20,-22,5,-0.424353,-23.2557
-20,-21,5,-0.424353,-23.2557
-20,-20,5,-0.424353,-23.2557
-20,-19,5,-0.424353,-23.2557
-20,-18,5,-0.424353,-23.2557
-20,-17,0,-50,-50
-20,-16,0,-50,-50
-20,-15,0,-50,-50
-20,-14,2,-13.0313,-1.20638
-20,-13,2,-13.0313,-1.20638
-20,-12,2,-13.0313,-1.20638
-20,-11,2,-13.0313,-1.20638
-20,-10,2,-13.0313,-1.20638
-20,-9,2,-13.0313,-1.20638
-20,-8,2,-13.0313,-1.20638
-20,-7,2,-13.0313,-1.20638
-20,-6,2,-13.0313,-1.20638
-20,-5,2,-13.0313,-1.20638
-20,-4,2,-13.0313,-1.20638
-20,-3,2,-13.0313,-1.20638
-20,-2,2,-13.0313,-1.20638
-20,-1,2,-13.0313,-1.20638
-20,0,2,-13.0313,-1.20638
-20,1,2,-13.0313,-1.20638
-20,2,2,-13.0313,-1.20638
-20,3,2,-13.0313,-1.20638
-20,4,2,-13.0313,-1.20638
-20,5,4,-23.5561,16.2664
-20,6,4,-23.5561,16.2664
-20,7,4,-23.5561,16.2664
-20,8,4,-23.5561,16.2664
-20,9,4,-23.5561,16.2664
-20,10,4,-23.5561,16.2664
-20,11,4,-23.5561,16.2664
-20,12,4,-23.5561,16.2664
-20,13,4,-23.5561,16.2664
-20,14,4,-23.5561,16.2664
-20,15,4,-23.5561,16.2664
-20,16,4,-23.5561,16.2664
-20,17,4,-23.5561,16.2664
-20,18,4,-23.5561,16.2664
-20,19,4,-23.5561,16.2664
-20,20,4,-23.5561,16.2664
-20,21,4,-23.5561,16.2664
-20,22,4,-23.5561,16.2664
-20,23,4,-23.5561,16.2664
-20,24,4,-23.5561,16.2664
-20,25,4,-23.5561,16.2664
-20,26,4,-23.5561,16.2664
-20,27,4,-23.5561,16.2664
-20,28,4,-23.5561,16.2664
-20,29,4,-23.5561,16.2664
-20,30,0,-50,-50
-20,31,4,-23.5561,16.2664
-20,32,4,-23.5561,16.2664
-20,33,0,-50,-50
-20,34,4,-23.5561,16.2664
-20,35,4,-23.5561,16.2664
-20,36,0,-50,-50
-20,37,4,-23.5561,16.2664
-20,38,4,-23.5561,16.2664
-20,39,4,-23.5561,16.2664
-20,40,0,-50,-50
-20,41,0,-50,-50
-20,42,4,-23.5561,16.2664
-20,43,0,-50,-50
-20,44,0,-50,-50
-20,45,0,-50,-50
-20,46,0,-50,-50
-20,47,0,-50,-50
-20,48,0,-50,-50
-20,49,4,-23.5561,16.2664
-19,-49,0,-50,-50
-19,-48,5,-0.424353,-23.2557
-19,-47,0,-50,-50
-19,-46,0,-50,-50
-19,-45,0,-50,-50
-19,-44,0,-50,-50
-19,-43,0,-50,-50
-19,-42,0,-50,-50
-19,-41,5,-0.424353,-23.2557
-19,-40,0,-50,-50
-19,-39,5,-0.424353,-23.2557
-19,-38,0,-50,-50
-19,-37,0,-50,-50
-19,-36,0,-50,-50
-19,-35,0,-50,-50
-19,-34,5,-0.424353,-23.2557
-19,-33,5,-0.424353,-23.2557
-19,-32,5,-0.424353,-23.2557
-19,-31,0,-50,-50
-19,-30,0,-50,-50
-19,-29,5,-0.424353,-23.2557
-19,-28,0,-50,-50
-19,-27,0,-50,-50
-19,-26,0,-50,-50
-19,-25,5,-0.424353,-23.2557
-19,-24,5,-0.424353,-23.2557
-19,-23,0,-50,-50
-19,-22,5,-0.424353,-23.2557
-19,-21,0,-50,-50
-19,-20,5,-0.424353,-23.2557
-19,-19,5,-0.424353,-23.2557
-19,-18,5,-0.424353,-23.2557
-19,-17,2,-13.0313,-1.20638
-19,-16,0,-50,-50
-19,-15,2,-13.0313,-1.20638
-19,-14,2,-13.0313,-1.20638
-19,-13,2,-13.0313,-1.20638
-19,-12,2,-13.0313,-1.20638
-19,-11,2,-13.0313,-1.20638
-19,-10,2,-13.0313,-1.20638
-19,-9,2,-13.0313,-1.20638
-19,-8,2,-13.0313,-1.20638
-19,-7,2,-13.0313,-1.20638
-19,-6,2,-13.0313,-1.20638
-19,-5,2,-13.0313,-1.20638
-19,-4,2,-13.0313,-1.20638
-19,-3,2,-13.0313,-1.20638
-19,-2,2,-13.0313,-1.20638
-19,-1,2,-13.0313,-1.20638
-19,0,2,-13.0313,-1.20638
-19,1,2,-13.0313,-1.20638
-19,2,2,-13.0313,-1.20638
-19,3,2,-13.0313,-1.20638
-19,4,2,-13.0313,-1.20638
-19,5,4,-23.5561,16.2664
-19,6,4,-23.5561,16.2664
-19,7,4,-23.5561,16.2664
-19,8,4,-23.5561,16.2664
-19,9,4,-23.5561,16.2664
-19,10,4,-23.5561,16.2664
-19,11,4,-23.5561,16.2664
-19,12,4,-23.5561,16.2664
-19,13,4,-23.5561,16.2664
-19,14,4,-23.5561,16.2664
-19,15,4,-23.5561,16.2664
-19,16,4,-23.5561,16.2664
-19,17,4,-23.5561,16.2664
-19,18,4,-23.5561,16.2664
-19,19,4,-23.5561,16.2664
-19,20,4,-23.5561,16.2664
-19,21,4,-23.5561,16.2664
-19,22,4,-23.5561,16.2664
-19,23,4,-23.5561,16.2664
-19,24,4,-23.5561,16.2664
-19,25,4,-23.5561,16.2664
-19,26,4,-23.5561,16.2664
-19,27,4,-23.5561,16.2664
-19,28,4,-23.5561,16.2664
-19,29,4,-23.5561,16.2664
-19,30,4,-23.5561,16.2664
-19,31,4,-23.5561,16.2664
-19,32,4,-23.5561,16.2664
-19,33,4,-23.5561,16.2664
-19,34,0,-50,-50
-19,35,4,-23.5561,16.2664
-19,36,0,-50,-50
-19,37,4,-23.5561,16.2664
-19,38,0,-50,-50
-19,39,4,-23.5561,16.2664
-19,40,4,-23.5561,16.2664
-19,41,0,-50,-50
-19,42,0,-50,-50
-19,43,0,-50,-50
-19,44,0,-50,-50
-19,45,0,-50,-50
-19,46,0,-50,-50
-19,47,0,-50,-50
-19,48,0,-50,-50
-19,49,0,-50,-50
-18,-49,0,-50,-50
-18,-48,0,-50,-50
-18,-47,0,-50,-50
-18,-46,0,-50,-50
-18,-45,0,-50,-50
-18,-44,0,-50,-50
-18,-43,0,-50,-50
-18,-42,0,-50,-50
-18,-41,0,-50,-50
-18,-40,0,-50,-50
-18,-39,0,-50,-50
-18,-38,5,-0.424353,-23.2557
-18,-37,0,-50,-50
-18,-36,5,-0.424353,-23.2557
-18,-35,5,-0.424353,-23.2557
-18,-34,0,-50,-50
-18,-33,5,-0.424353,-23.2557
-18,-32,5,-0.424353,-23.2557
-18,-31,5,-0.424353,-23.2557
-18,-30,0,-50,-50
-18,-29,5,-0.424353,-23.2557
-18,-28,5,-0.424353,-23.2557
-18,-27,0,-50,-50
-18,-26,0,-50,-50
-18,-25,5,-0.424353,-23.2557
-18,-24,0,-50,-50
-18,-23,5,-0.424353,-23.2557
-18,-22,5,-0.424353,-23.2557
-18,-21,5,-0.424353,-23.2557
-18,-20,5,-0.424353,-23.2557
-18,-19,5,-0.424353,-23.2557
-18,-18,5,-0.424353,-23.2557
-18,-17,5,-0.424353,-23.2557
-18,-16,2,-13.0313,-1.20638
-18,-15,0,-50,-50
-18,-14,0,-50,-50
-18,-13,2,-13.0313,-1.20638
-18,-12,2,-13.0313,-1.20638
-18,-11,2,-13.0313,-1.20638
-18,-10,2,-13.0313,-1.20638
-18,-9,2,-13.0313,-1.20638
-18,-8,2,-13.0313,-1.20638
-18,-7,2,-13.0313,-1.20638
-18,-6,2,-13.0313,-1.20638
-18,-5,2,-13.0313,-1.20638
-18,-4,2,-13.0313,-1.20638
-18,-3,2,-13.0313,-1.20638
-18,-2,2,-13.0313,-1.20638
-18,-1,2,-13.0313,-1.20638
-18,0,2,-13.0313,-1.20638
-18,1,2,-13.0313,-1.20638
-18,2,2,-13.0313,-1.20638
-18,3,2,-13.0313,-1.20638
-18,4,2,-13.0313,-1.20638
-18,5,2,-13.0313,-1.20638
-18,6,4,-23.5561,16.2664
-18,7,4,-23.5561,16.2664
-18,8,4,-23.5561,16.2664
-18,9,4,-23.5561,16.2664
-18,10,4,-23.5561,16.2664
-18,11,4,-23.5561,16.2664
-18,12,4,-23.5561,16.2664
-18,13,4,-23.5561,16.2664
-18,14,4,-23.5561,16.2664
-18,15,4,-23.5561,16.2664
-18,16,4,-23.5561,16.2664
-18,17,4,-23.5561,16.2664
-18,18,4,-23.5561,16.2664
-18,19,4,-23.5561,16.2664
-18,20,4,-23.5561,16.2664
-18,21,4,-23.5561,16.2664
-18,22,4,-23.5561,16.2664
-18,23,4,-23.5561,16.2664
-18,24,4,-23.5561,16.2664
-18,25,4,-23.5561,16.2664
-18,26,4,-23.5561,16.2664
-18,27,4,-23.5561,16.2664
-18,28,4,-23.5561,16.2664
-18,29,4,-23.5561,16.2664
-18,30,4,-23.5561,16.2664
-18,31,4,-23.5561,16.2664
-18,32,4,-23.5561,16.2664
-18,33,0,-50,-50
-18,34,0,-50,-50
-18,35,0,-50,-50
-18,36,4,-23.5561,16.2664
-18,37,0,-50,-50
-18,38,0,-50,-50
-18,39,0,-50,-50
-18,40,4,-23.5561,16.2664
-18,41,0,-50,-50
-18,42,4,-23.5561,16.2664
-18,43,0,-50,-50
-18,44,0,-50,-50
-18,45,0,-50,-50
-18,46,0,-50,-50
-18,47,0,-50,-50
-18,48,0,-50,-50
-18,49,0,-50,-50
-17,-49,5,-0.424353,-23.2557
-17,-48,0,-50,-50
-17,-47,0,-50,-50
-17,-46,0,-50,-50
-17,-45,0,-50,-50
-17,-44,0,-50,-50
-17,-43,0,-50,-50
-17,-42,0,-50,-50
-17,-41,0,-50,-50
-17,-40,0,-50,-50
-17,-39,5,-0.424353,-23.2557
-17,-38,0,-50,-50
-17,-37,5,-0.424353,-23.2557
-17,-36,5,-0.424353,-23.2557
-17,-35,0,-50,-50
-17,-34,5,-0.424353,-23.2557
-17,-33,5,-0.424353,-23.2557
-17,-32,5,-0.424353,-23.2557
-17,-31,5,-0.424353,-23.2557
-17,-30,0,-50,-50
-17,-29,5,-0.424353,-23.2557
-17,-28,0,-50,-50
-17,-27,0,-50,-50
-17,-26,0,-50,-50
-17,-25,5,-0.424353,-23.2557
-17,-24,5,-0.424353,-23.2557
-17,-23,5,-0.424353,-23.2557
-17,-22,5,-0.424353,-23.2557
-17,-21,5,-0.424353,-23.2557
-17,-20,5,-0.424353,-23.2557
-17,-19,5,-0.424353,-23.2557
-17,-18,5,-0.424353,-23.2557
-17,-17,5,-0.424353,-23.2557
-17,-16,5,-0.424353,-23.2557
-17,-15,2,-13.0313,-1.20638
-17,-14,2,-13.0313,-1.20638
-17,-13,2,-13.0313,-1.20638
-17,-12,2,-13.0313,-1.20638
-17,-11,2,-13.0313,-1.20638
-17,-10,2,-13.0313,-1.20638
-17,-9,2,-13.0313,-1.20638
-17,-8,2,-13.0313,-1.20638
-17,-7,2,-13.0313,-1.20638
-17,-6,2,-13.0313,-1.20638
-17,-5,2,-13.0313,-1.20638
-17,-4,2,-13.0313,-1.20638
-17,-3,2,-13.0313,-1.20638
-17,-2,2,-13.0313,-1.20638
-17,-1,2,-13.0313,-1.20638
-17,0,2,-13.0313,-1.20638
-17,1,2,-13.0313,-1.20638
-17,2,2,-13.0313,-1.20638
-17,3,2,-13.0313,-1.20638
-17,4,2,-13.0313,-1.20638
-17,5,2,-13.0313,-1.20638
-17,6,2,-13.0313,-1.20638
-17,7,4,-23.5561,16.2664
-17,8,4,-23.5561,16.2664
-17,9,4,-23.5561,16.2664
-17,10,4,-23.5561,16.2664
-17,11,4,-23.5561,16.2664
-17,12,4,-23.5561,16.2664
-17,13,4,-23.5561,16.2664
-17,14,4,-23.5561,16.2664
-17,15,4,-23.5561,16.2664
-17,16,4,-23.5561,16.2664
-17,17,4,-23.5561,16.2664
-17,18,4,-23.5561,16.2664
-17,19,4,-23.5561,16.2664
-17,20,4,-23.5561,16.2664
-17,21,4,-23.5561,16.2664
-17,22,4,-23.5561,16.2664
-17,23,4,-23.5561,16.2664
-17,24,4,-23.5561,16.2664
-17,25,4,-23.5561,16.2664
-17,26,4,-23.5561,16.2664
-17,27,4,-23.5561,16.2664
-17,28,4,-23.5561,16.2664
-17,29,4,-23.5561,16.2664
-17,30,4,-23.5561,16.2664
-17,31,4,-23.5561,16.2664
-17,32,0,-50,-50
-17,33,4,-23.5561,16.2664
-17,34,0,-50,-50
-17,35,0,-50,-50
-17,36,0,-50,-50
-17,37,4,-23.5561,16.2664
-17,38,0,-50,-50
-17,39,0,-50,-50
-17,40,0,-50,-50
-17,41,0,-50,-50
-17,42,0,-50,-50
-17,43,0,-50,-50
-17,44,0,-50,-50
-17,45,0,-50,-50
-17,46,0,-50,-50
-17,47,0,-50,-50
-17,48,0,-50,-50
-17,49,0,-50,-50
-16,-49,0,-50,-50
-16,-48,0,-50,-50
-16,-47,0,-50,-50
-16,-46,5,-0.424353,-23.2557
-16,-45,0,-50,-50
-16,-44,0,-50,-50
-16,-43,0,-50,-50
-16,-42,0,-50,-50
-16,-41,0,-50,-50
-16,-40,5,-0.424353,-23.2557
-16,-39,5,-0.424353,-23.2557
-16,-38,5,-0.424353,-23.2557
-16,-37,0,-50,-50
-16,-36,5,-0.424353,-23.2557
-16,-35,0,-50,-50
-16,-34,5,-0.424353,-23.2557
-16,-33,5,-0.424353,-23.2557
-16,-32,0,-50,-50
-16,-31,5,-0.424353,-23.2557
-16,-30,5,-0.424353,-23.2557
-16,-29,5,-0.424353,-23.2557
-16,-28,5,-0.424353,-23.2557
-16,-27,5,-0.424353,-23.2557
-16,-26,5,-0.424353,-23.2557
-16,-25,5,-0.424353,-23.2557
-16,-24,5,-0.424353,-23.2557
-16,-23,0,-50,-50
-16,-22,5,-0.424353,-23.2557
-16,-21,5,-0.424353,-23.2557
-16,-20,0,-50,-50
-16,-19,5,-0.424353,-23.2557
-16,-18,0,-50,-50
-16,-17,0,-50,-50
-16,-16,5,-0.424353,-23.2557
-16,-15,2,-13.0313,-1.20638
-16,-14,2,-13.0313,-1.20638
-16,-13,2,-13.0313,-1.20638
-16,-12,2,-13.0313,-1.20638
-16,-11,2,-13.0313,-1.20638
-16,-10,2,-13.0313,-1.20638
-16,-9,2,-13.0313,-1.20638
-16,-8,2,-13.0313,-1.20638
-16,-7,2,-13.0313,-1.20638
-16,-6,2,-13.0313,-1.20638
-16,-5,2,-13.0313,-1.20638
-16,-4,2,-13.0313,-1.20638
-16,-3,2,-13.0313,-1.20638
-16,-2,2,-13.0313,-1.20638
-16,-1,2,-13.0313,-1.20638
-16,0,2,-13.0313,-1.20638
-16,1,2,-13.0313,-1.20638
-16,2,2,-13.0313,-1.20638
-16,3,2,-13.0313,-1.20638
-16,4,2,-13.0313,-1.20638
-16,5,2,-13.0313,-1.20638
-16,6,2,-13.0313,-1.20638
-16,7,2,-13.0313,-1.20638
-16,8,4,-23.5561,16.2664
-16,9,4,-23.5561,16.2664
-16,10,4,-23.5561,16.2664
-16,11,4,-23.5561,16.2664
-16,12,4,-23.5561,16.2664
-16,13,4,-23.5561,16.2664
-16,14,4,-23.5561,16.2664
-16,15,4,-23.5561,16.2664
-16,16,4,-23.5561,16.2664
-16,17,4,-23.5561,16.2664
-16,18,4,-23.5561,16.2664
-16,19,4,-23.5561,16.2664
-16,20,4,-23.5561,16.2664
-16,21,4,-23.5561,16.2664
-16,22,4,-23.5561,16.2664
-16,23,4,-23.5561,16.2664
-16,24,4,-23.5561,16.2664
-16,25,4,-23.5561,16.2664
-16,26,4,-23.5561,16.2664
-16,27,4,-23.5561,16.2664
-16,28,4,-23.5561,16.2664
-16,29,4,-23.5561,16.2664
-16,30,4,-23.5561,16.2664
-16,31,4,-23.5561,16.2664
-16,32,4,-23.5561,16.2664
-16,33,0,-50,-50
-16,34,0,-50,-50
-16,35,4,-23.5561,16.2664
-16,36,4,-23.5561,16.2664
-16,37,0,-50,-50
-16,38,0,-50,-50
-16,39,0,-50,-50
-16,40,0,-50,-50
-16,41,4,-23.5561,16.2664
-16,42,0,-50,-50
-16,43,0,-50,-50
-16,44,0,-50,-50
-16,45,0,-50,-50
-16,46,0,-50,-50
-16,47,0,-50,-50
-16,48,0,-50,-50
-16,49,0,-50,-50
-15,-49,0,-50,-50
-15,-48,0,-50,-50
-15,-47,0,-50,-50
-15,-46,0,-50,-50
-15,-45,0,-50,-50
-15,-44,0,-50,-50
-15,-43,0,-50,-50
-15,-42,0,-50,-50
-15,-41,0,-50,-50
-15,-40,0,-50,-50
-15,-39,0,-50,-50
-15,-38,0,-50,-50
-15,-37,0,-50,-50
-15,-36,5,-0.424353,-23.2557
-15,-35,5,-0.424353,-23.2557
-15,-34,5,-0.424353,-23.2557
-15,-33,0,-50,-50
-15,-32,5,-0.424353,-23.2557
-15,-31,0,-50,-50
-15,-30,0,-50,-50
-15,-29,5,-0.424353,-23.2557
-15,-28,5,-0.424353,-23.2557
-15,-27,5,-0.424353,-23.2557
-15,-26,0,-50,-50
-15,-25,0,-50,-50
-15,-24,5,-0.424353,-23.2557
-15,-23,5,-0.424353,-23.2557
-15,-22,5,-0.424353,-23.2557
-15,-21,5,-0.424353,-23.2557
-15,-20,5,-0.424353,-23.2557
-15,-19,5,-0.424353,-23.2557
-15,-18,5,-0.424353,-23.2557
-15,-17,5,-0.424353,-23.2557
-15,-16,5,-0.424353,-23.2557
-15,-15,2,-13.0313,-1.20638
-15,-14,2,-13.0313,-1.20638
-15,-13,2,-13.0313,-1.20638
-15,-12,2,-13.0313,-1.20638
-15,-11,0,-50,-50
-15,-10,2,-13.0313,-1.20638
-15,-9,2,-13.0313,-1.20638
-15,-8,2,-13.0313,-1.20638
-15,-7,2,-13.0313,-1.20638
-15,-6,2,-13.0313,-1.20638
-15,-5,2,-13.0313,-1.20638
-15,-4,2,-13.0313,-1.20638
-15,-3,2,-13.0313,-1.20638
-15,-2,2,-13.0313,-1.20638
-15,-1,2,-13.0313,-1.20638
-15,0,2,-13.0313,-1.20638
-15,1,2,-13.0313,-1.20638
-15,2,2,-13.0313,-1.20638
-15,3,2,-13.0313,-1.20638
-15,4,2,-13.0313,-1.20638
-15,5,2,-13.0313,-1.20638
-15,6,2,-13.0313,-1.20638
-15,7,2,-13.0313,-1.20638
-15,8,2,-13.0313,-1.20638
-15,9,1,-6.90103,11.7833
-15,10,1,-6.90103,11.7833
-15,11,4,-23.5561,16.2664
-15,12,4,-23.5561,16.2664
-15,13,4,-23.5561,16.2664
-15,14,4,-23.5561,16.2664
-15,15,4,-23.5561,16.2664
-15,16,4,-23.5561,16.2664
-15,17,4,-23.5561,16.2664
-15,18,4,-23.5561,16.2664
-15,19,4,-23.5561,16.2664
-15,20,4,-23.5561,16.2664
-15,21,4,-23.5561,16.2664
-15,22,4,-23.5561,16.2664
-15,23,4,-23.5561,16.2664
-15,24,4,-23.5561,16.2664
-15,25,4,-23.5561,16.2664
-15,26,4,-23.5561,16.2664
-15,27,4,-23.5561,16.2664
-15,28,4,-23.5561,16.2664
-15,29,4,-23.5561,16.2664
-15,30,4,-23.5561,16.2664
-15,31,4,-23.5561,16.2664
-15,32,4,-23.5561,16.2664
-15,33,4,-23.5561,16.2664
-15,34,4,-23.5561,16.2664
-15,35,4,-23.5561,16.2664
-15,36,4,-23.5561,16.2664
-15,37,4,-23.5561,16.2664
-15,38,4,-23.5561,16.2664
-15,39,0,-50,-50
-15,40,0,-50,-50
-15,41,4,-23.5561,16.2664
-15,42,0,-50,-50
-15,43,0,-50,-50
-15,44,0,-50,-50
-15,45,4,-23.5561,16.2664
-15,46,0,-50,-50
-15,47,0,-50,-50
-15,48,0,-50,-50
-15,49,0,-50,-50
-14,-49,0,-50,-50
-14,-48,0,-50,-50
-14,-47,0,-50,-50
-14,-46,5,-0.424353,-23.2557
-14,-45,0,-50,-50
-14,-44,0,-50,-50
-14,-43,0,-50,-50
-14,-42,0,-50,-50
-14,-41,5,-0.424353,-23.2557
-14,-40,5,-0.424353,-23.2557
-14,-39,5,-0.424353,-23.2557
-14,-38,0,-50,-50
-14,-37,0,-50,-50
-14,-36,5,-0.424353,-23.2557
-14,-35,5,-0.424353,-23.2557
-14,-34,5,-0.424353,-23.2557
-14,-33,5,-0.424353,-23.2557
-14,-32,5,-0.424353,-23.2557
-14,-31,5,-0.424353,-23.2557
-14,-30,5,-0.424353,-23.2557
-14,-29,5,-0.424353,-23.2557
-14,-28,0,-50,-50
-14,-27,5,-0.424353,-23.2557
-14,-26,5,-0.424353,-23.2557
-14,-25,5,-0.424353,-23.2557
-14,-24,5,-0.424353,-23.2557
-14,-23,5,-0.424353,-23.2557
-14,-22,5,-0.424353,-23.2557
-14,-21,5,-0.424353,-23.2557
-14,-20,5,-0.424353,-23.2557
-14,-19,5,-0.424353,-23.2557
-14,-18,5,-0.424353,-23.2557
-14,-17,5,-0.424353,-23.2557
-14,-16,5,-0.424353,-23.2557
-14,-15,5,-0.424353,-23.2557
-14,-14,2,-13.0313,-1.20638
-14,-13,2,-13.0313,-1.20638
-14,-12,2,-13.0313,-1.20638
-14,-11,2,-13.0313,-1.20638
-14,-10,2,-13.0313,-1.20638
-14,-9,2,-13.0313,-1.20638
-14,-8,2,-13.0313,-1.20638
-14,-7,2,-13.0313,-1.20638
-14,-6,2,-13.0313,-1.20638
-14,-5,2,-13.0313,-1.20638
-14,-4,2,-13.0313,-1.20638
-14,-3,2,-13.0313,-1.20638
-14,-2,2,-13.0313,-1.20638
-14,-1,2,-13.0313,-1.20638
-14,0,2,-13.0313,-1.20638
-14,1,2,-13.0313,-1.20638
-14,2,2,-13.0313,-1.20638
-14,3,2,-13.0313,-1.20638
-14,4,2,-13.0313,-1.20638
-14,5,2,-13.0313,-1.20638
-14,6,2,-13.0313,-1.20638
-14,7,2,-13.0313,-1.20638
-14,8,1,-6.90103,11.7833
-14,9,1,-6.90103,11.7833
-14,10,1,-6.90103,11.7833
-14,11,1,-6.90103,11.7833
-14,12,4,-23.5561,16.2664
-14,13,1,-6.90103,11.7833
-14,14,1,-6.90103,11.7833
-14,15,4,-23.5561,16.2664
-14,16,4,-23.5561,16.2664
-14,17,4,-23.5561,16.2664
-14,18,4,-23.5561,16.2664
-14,19,4,-23.5561,16.2664
-14,20,4,-23.5561,16.2664
-14,21,4,-23.5561,16.2664
-14,22,4,-23.5561,16.2664
-14,23,4,-23.5561,16.2664
-14,24,4,-23.5561,16.2664
-14,25,4,-23.5561,16.2664
-14,26,4,-23.5561,16.2664
-14,27,4,-23.5561,16.2664
-14,28,4,-23.5561,16.2664
-14,29,4,-23.5561,16.2664
-14,30,4,-23.5561,16.2664
-14,31,4,-23.5561,16.2664
-14,32,4,-23.5561,16.2664
-14,33,4,-23.5561,16.2664
-14,34,4,-23.5561,16.2664
-14,35,4,-23.5561,16.2664
-14,36,0,-50,-50
-14,37,0,-50,-50
-14,38,0,-50,-50
-14,39,4,-23.5561,16.2664
-14,40,0,-50,-50
-14,41,0,-50,-50
-14,42,0,-50,-50
-14,43,0,-50,-50
-14,44,0,-50,-50
-14,45,0,-50,-50
-14,46,0,-50,-50
-14,47,0,-50,-50
-14,48,4,-23.5561,16.2664
-14,49,0,-50,-50
-13,-49,0,-50,-50
-13,-48,0,-50,-50
-13,-47,0,-50,-50
-13,-46,0,-50,-50
-13,-45,0,-50,-50
-13,-44,0,-50,-50
-13,-43,0,-50,-50
-13,-42,0,-50,-50
-13,-41,0,-50,-50
-13,-40,0,-50,-50
-13,-39,0,-50,-50
-13,-38,5,-0.424353,-23.2557
-13,-37,5,-0.424353,-23.2557
-13,-36,0,-50,-50
-13,-35,0,-50,-50
-13,-34,5,-0.424353,-23.2557
-13,-33,5,-0.424353,-23.2557
-13,-32,5,-0.424353,-23.2557
-13,-31,5,-0.424353,-23.2557
-13,-30,5,-0.424353,-23.2557
-13,-29,5,-0.424353,-23.2557
-13,-28,5,-0.424353,-23.2557
-13,-27,5,-0.424353,-23.2557
-13,-26,5,-0.424353,-23.2557
-13,-25,5,-0.424353,-23.2557
-13,-24,5,-0.424353,-23.2557
-13,-23,5,-0.424353,-23.2557
-13,-22,5,-0.424353,-23.2557
-13,-21,5,-0.424353,-23.2557
-13,-20,5,-0.424353,-23.2557
-13,-19,5,-0.424353,-23.2557
-13,-18,5,-0.424353,-23.2557
-13,-17,5,-0.424353,-23.2557
-13,-16,5,-0.424353,-23.2557
-13,-15,5,-0.424353,-23.2557
-13,-14,2,-13.0313,-1.20638
-13,-13,2,-13.0313,-1.20638
-13,-12,2,-13.0313,-1.20638
-13,-11,2,-13.0313,-1.20638
-13,-10,2,-13.0313,-1.20638
-13,-9,2,-13.0313,-1.20638
-13,-8,2,-13.0313,-1.20638
-13,-7,2,-13.0313,-1.20638
-13,-6,2,-13.0313,-1.20638
-13,-5,2,-13.0313,-1.20638
-13,-4,2,-13.0313,-1.20638
-13,-3,2,-13.0313,-1.20638
-13,-2,2,-13.0313,-1.20638
-13,-1,2,-13.0313,-1.20638
-13,0,2,-13.0313,-1.20638
-13,1,2,-13.0313,-1.20638
-13,2,2,-13.0313,-1.20638
-13,3,2,-13.0313,-1.20638
-13,4,2,-13.0313,-1.20638
-13,5,2,-13.0313,-1.20638
-13,6,2,-13.0313,-1.20638
-13,7,1,-6.90103,11.7833
-13,8,1,-6.90103,11.7833
-13,9,1,-6.90103,11.7833
-13,10,1,-6.90103,11.7833
-13,11,1,-6.90103,11.7833
-13,12,1,-6.90103,11.7833
-13,13,1,-6.90103,11.7833
-13,14,1,-6.90103,11.7833
-13,15,1,-6.90103,11.7833
-13,16,4,-23.5561,16.2664
-13,17,1,-6.90103,11.7833
-13,18,4,-23.5561,16.2664
-13,19,4,-23.5561,16.2664
-13,20,4,-23.5561,16.2664
-13,21,4,-23.5561,16.2664
-13,22,4,-23.5561,16.2664
-13,23,4,-23.5561,16.2664
-13,24,4,-23.5561,16.2664
-13,25,4,-23.5561,16.2664
-13,26,4,-23.5561,16.2664
-13,27,4,-23.5561,16.2664
-13,28,4,-23.5561,16.2664
-13,29,4,-23.5561,16.2664
-13,30,4,-23.5561,16.2664
-13,31,4,-23.5561,16.2664
-13,32,4,-23.5561,16.2664
-13,33,4,-23.5561,16.2664
-13,34,4,-23.5561,16.2664
-13,35,0,-50,-50
-13,36,0,-50,-50
-13,37,4,-23.5561,16.2664
-13,38,0,-50,-50
-13,39,4,-23.5561,16.2664
-13,40,0,-50,-50
-13,41,0,-50,-50
-13,42,4,-23.5561,16.2664
-13,43,0,-50,-50
-13,44,0,-50,-50
-13,45,0,-50,-50
-13,46,0,-50,-50
-13,47,0,-50,-50
-13,48,0,-50,-50
-13,49,4,-23.5561,16.2664
-12,-49,0,-50,-50
-12,-48,5,-0.424353,-23.2557
-12,-47,0,-50,-50
-12,-46,0,-50,-50
-12,-45,0,-50,-50
-12,-44,0,-50,-50
-12,-43,0,-50,-50
-12,-42,5,-0.424353,-23.2557
-12,-41,5,-0.424353,-23.2557
-12,-40,0,-50,-50
-12,-39,5,-0.424353,-23.2557
-12,-38,5,-0.424353,-23.2557
-12,-37,5,-0.424353,-23.2557
-12,-36,5,-0.424353,-23.2557
-12,-35,0,-50,-50
-12,-34,5,-0.424353,-23.2557
-12,-33,0,-50,-50
-12,-32,0,-50,-50
-12,-31,5,-0.424353,-23.2557
-12,-30,5,-0.424353,-23.2557
-12,-29,5,-0.424353,-23.2557
-12,-28,5,-0.424353,-23.2557
-12,-27,5,-0.424353,-23.2557
-12,-26,5,-0.424353,-23.2557
-12,-25,5,-0.424353,-23.2557
-12,-24,5,-0.424353,-23.2557
-12,-23,5,-0.424353,-23.2557
-12,-22,5,-0.424353,-23.2557
-12,-21,5,-0.424353,-23.2557
-12,-20,5,-0.424353,-23.2557
-12,-19,5,-0.424353,-23.2557
-12,-18,5,-0.424353,-23.2557
-12,-17,5,-0.424353,-23.2557
-12,-16,5,-0.424353,-23.2557
-12,-15,5,-0.424353,-23.2557
-12,-14,5,-0.424353,-23.2557
-12,-13,2,-13.0313,-1.20638
-12,-12,2,-13.0313,-1.20638
-12,-11,2,-13.0313,-1.20638
-12,-10,2,-13.0313,-1.20638
-12,-9,2,-13.0313,-1.20638
-12,-8,2,-13.0313,-1.20638
-12,-7,2,-13.0313,-1.20638
-12,-6,2,-13.0313,-1.20638
-12,-5,2,-13.0313,-1.20638
-12,-4,2,-13.0313,-1.20638
-12,-3,2,-13.0313,-1.20638
-12,-2,2,-13.0313,-1.20638
-12,-1,2,-13.0313,-1.20638
-12,0,2,-13.0313,-1.20638
-12,1,2,-13.0313,-1.20638
-12,2,2,-13.0313,-1.20638
-12,3,2,-13.0313,-1.20638
-12,4,2,-13.0313,-1.20638
-12,5,2,-13.0313,-1.20638
-12,6,2,-13.0313,-1.20638
-12,7,2,-13.0313,-1.20638
-12,8,1,-6.90103,11.7833
-12,9,1,-6.90103,11.7833
-12,10,1,-6.90103,11.7833
-12,11,1,-6.90103,11.7833
-12,12,1,-6.90103,11.7833
-12,13,1,-6.90103,11.7833
-12,14,1,-6.90103,11.7833
-12,15,1,-6.90103,11.7833
-12,16,1,-6.90103,11.7833
-12,17,1,-6.90103,11.7833
-12,18,1,-6.90103,11.7833
-12,19,1,-6.90103,11.7833
-12,20,1,-6.90103,11.7833
-12,21,4,-23.5561,16.2664
-12,22,4,-23.5561,16.2664
-12,23,4,-23.5561,16.2664
-12,24,4,-23.5561,16.2664
-12,25,4,-23.5561,16.2664
-12,26,4,-23.5561,16.2664
-12,27,4,-23.5561,16.2664
-12,28,4,-23.5561,16.2664
-12,29,4,-23.5561,16.2664
-12,30,4,-23.5561,16.2664
-12,31,4,-23.5561,16.2664
-12,32,4,-23.5561,16.2664
-12,33,0,-50,-50
-12,34,0,-50,-50
-12,35,4,-23.5561,16.2664
-12,36,0,-50,-50
-12,37,4,-23.5561,16.2664
-12,38,0,-50,-50
-12,39,0,-50,-50
-12,40,0,-50,-50
-12,41,0,-50,-50
-12,42,0,-50,-50
-12,43,0,-50,-50
-12,44,0,-50,-50
-12,45,4,-23.5561,16.2664
-12,46,0,-50,-50
-12,47,0,-50,-50
-12,48,0,-50,-50
-12,49,0,-50,-50
-11,-49,0,-50,-50
-11,-48,0,-50,-50
-11,-47,0,-50,-50
-11,-46,0,-50,-50
-11,-45,5,-0.424353,-23.2557
-11,-44,0,-50,-50
-11,-43,0,-50,-50
-11,-42,0,-50,-50
-11,-41,5,-0.424353,-23.2557
-11,-40,5,-0.424353,-23.2557
-11,-39,0,-50,-50
-11,-38,5,-0.424353,-23.2557
-11,-37,0,-50,-50
-11,-36,5,-0.424353,-23.2557
-11,-35,0,-50,-50
-11,-34,0,-50,-50
-11,-33,5,-0.424353,-23.2557
-11,-32,5,-0.424353,-23.2557
-11,-31,5,-0.424353,-23.2557
-11,-30,5,-0.424353,-23.2557
-11,-29,5,-0.424353,-23.2557
-11,-28,5,-0.424353,-23.2557
-11,-27,5,-0.424353,-23.2557
-11,-26,5,-0.424353,-23.2557
-11,-25,5,-0.424353,-23.2557
-11,-24,5,-0.424353,-23.2557
-11,-23,5,-0.424353,-23.2557
-11,-22,5,-0.424353,-23.2557
-11,-21,5,-0.424353,-23.2557
-11,-20,5,-0.424353,-23.2557
-11,-19,5,-0.424353,-23.2557
-11,-18,5,-0.424353,-23.2557
-11,-17,5,-0.424353,-23.2557
-11,-16,5,-0.424353,-23.2557
-11,-15,5,-0.424353,-23.2557
-11,-14,5,-0.424353,-23.2557
-11,-13,2,-13.0313,-1.20638
-11,-12,2,-13.0313,-1.20638
-11,-11,2,-13.0313,-1.20638
-11,-10,2,-13.0313,-1.20638
-11,-9,2,-13.0313,-1.20638
-11,-8,2,-13.0313,-1.20638
-11,-7,2,-13.0313,-1.20638
-11,-6,2,-13.0313,-1.20638
-11,-5,2,-13.0313,-1.20638
-11,-4,2,-13.0313,-1.20638
-11,-3,2,-13.0313,-1.20638
-11,-2,2,-13.0313,-1.20638
-11,-1,2,-13.0313,-1.20638
-11,0,2,-13.0313,-1.20638
-11,1,2,-13.0313,-1.20638
-11,2,2,-13.0313,-1.20638
-11,3,2,-13.0313,-1.20638
-11,4,2,-13.0313,-1.20638
-11,5,2,-13.0313,-1.20638
-11,6,2,-13.0313,-1.20638
-11,7,1,-6.90103,11.7833
-11,8,1,-6.90103,11.7833
-11,9,1,-6.90103,11.7833
-11,10,1,-6.90103,11.7833
-11,11,1,-6.90103,11.7833
-11,12,1,-6.90103,11.7833
-11,13,1,-6.90103,11.7833
-11,14,1,-6.90103,11.7833
-11,15,1,-6.90103,11.7833
-11,16,1,-6.90103,11.7833
-11,17,1,-6.90103,11.7833
-11,18,1,-6.90103,11.7833
-11,19,1,-6.90103,11.7833
-11,20,1,-6.90103,11.7833
-11,21,1,-6.90103,11.7833
-11,22,4,-23.5561,16.2664
-11,23,4,-23.5561,16.2664
-11,24,4,-23.5561,16.2664
-11,25,4,-23.5561,16.2664
-11,26,4,-23.5561,16.2664
-11,27,4,-23.5561,16.2664
-11,28,4,-23.5561,16.2664
-11,29,4,-23.5561,16.2664
-11,30,4,-23.5561,16.2664
-11,31,4,-23.5561,16.2664
-11,32,4,-23.5561,16.2664
-11,33,0,-50,-50
-11,34,4,-23.5561,16.2664
-11,35,4,-23.5561,16.2664
-11,36,4,-23.5561,16.2664
-11,37,0,-50,-50
-11,38,0,-50,-50
-11,39,0,-50,-50
-11,40,0,-50,-50
-11,41,0,-50,-50
-11,42,0,-50,-50
-11,43,0,-50,-50
-11,44,0,-50,-50
-11,45,0,-50,-50
-11,46,0,-50,-50
-11,47,0,-50,-50
-11,48,0,-50,-50
-11,49,0,-50,-50
-10,-49,0,-50,-50
-10,-48,0,-50,-50
-10,-47,0,-50,-50
-10,-46,0,-50,-50
-10,-45,0,-50,-50
-10,-44,0,-50,-50
-10,-43,5,-0.424353,-23.2557
-10,-42,5,-0.424353,-23.2557
-10,-41,0,-50,-50
-10,-40,5,-0.424353,-23.2557
-10,-39,5,-0.424353,-23.2557
-10,-38,5,-0.424353,-23.2557
-10,-37,0,-50,-50
-10,-36,5,-0.424353,-23.2557
-10,-35,5,-0.424353,-23.2557
-10,-34,5,-0.424353,-23.2557
-10,-33,5,-0.424353,-23.2557
-10,-32,5,-0.424353,-23.2557
-10,-31,5,-0.424353,-23.2557
-10,-30,5,-0.424353,-23.2557
-10,-29,0,-50,-50
-10,-28,5,-0.424353,-23.2557
-10,-27,5,-0.424353,-23.2557
-10,-26,5,-0.424353,-23.2557
-10,-25,5,-0.424353,-23.2557
-10,-24,5,-0.424353,-23.2557
-10,-23,5,-0.424353,-23.2557
-10,-22,5,-0.424353,-23.2557
-10,-21,5,-0.424353,-23.2557
-10,-20,5,-0.424353,-23.2557
-10,-19,5,-0.424353,-23.2557
-10,-18,5,-0.424353,-23.2557
-10,-17,5,-0.424353,-23.2557
-10,-16,5,-0.424353,-23.2557
-10,-15,5,-0.424353,-23.2557
-10,-14,5,-0.424353,-23.2557
-10,-13,5,-0.424353,-23.2557
-10,-12,2,-13.0313,-1.20638
-10,-11,2,-13.0313,-1.20638
-10,-10,2,-13.0313,-1.20638
-10,-9,2,-13.0313,-1.20638
-10,-8,2,-13.0313,-1.20638
-10,-7,2,-13.0313,-1.20638
-10,-6,2,-13.0313,-1.20638
-10,-5,2,-13.0313,-1.20638
-10,-4,2,-13.0313,-1.20638
-10,-3,2,-13.0313,-1.20638
-10,-2,2,-13.0313,-1.20638
-10,-1,2,-13.0313,-1.20638
-10,0,2,-13.0313,-1.20638
-10,1,2,-13.0313,-1.20638
-10,2,2,-13.0313,-1.20638
-10,3,2,-13.0313,-1.20638
-10,4,2,-13.0313,-1.20638
-10,5,2,-13.0313,-1.20638
-10,6,1,-6.90103,11.7833
-10,7,1,-6.90103,11.7833
-10,8,1,-6.90103,11.7833
-10,9,1,-6.90103,11.7833
-10,10,1,-6.90103,11.7833
-10,11,1,-6.90103,11.7833
-10,12,1,-6.90103,11.7833
-10,13,1,-6.90103,11.7833
-10,14,1,-6.90103,11.7833
-10,15,1,-6.90103,11.7833
-10,16,1,-6.90103,11.7833
-10,17,1,-6.90103,11.7833
-10,18,1,-6.90103,11.7833
-10,19,1,-6.90103,11.7833
-10,20,1,-6.90103,11.7833
-10,21,1,-6.90103,11.7833
-10,22,1,-6.90103,11.7833
-10,23,1,-6.90103,11.7833
-10,24,1,-6.90103,11.7833
-10,25,4,-23.5561,16.2664
-10,26,4,-23.5561,16.2664
-10,27,4,-23.5561,16.2664
-10,28,4,-23.5561,16.2664
-10,29,4,-23.5561,16.2664
-10,30,4,-23.5561,16.2664
-10,31,4,-23.5561,16.2664
-10,32,4,-23.5561,16.2664
-10,33,4,-23.5561,16.2664
-10,34,0,-50,-50
-10,35,0,-50,-50
-10,36,0,-50,-50
-10,37,4,-23.5561,16.2664
-10,38,0,-50,-50
-10,39,4,-23.5561,16.2664
-10,40,0,-50,-50
-10,41,0,-50,-50
-10,42,0,-50,-50
-10,43,0,-50,-50
-10,44,0,-50,-50
-10,45,0,-50,-50
-10,46,0,-50,-50
-10,47,0,-50,-50
-10,48,0,-50,-50
-10,49,0,-50,-50
-9,-49,5,-0.424353,-23.2557
-9,-48,0,-50,-50
-9,-47,0,-50,-50
-9,-46,0,-50,-50
-9,-45,0,-50,-50
-9,-44,0,-50,-50
-9,-43,5,-0.424353,-23.2557
-9,-42,0,-50,-50
-9,-41,5,-0.424353,-23.2557
-9,-40,5,-0.424353,-23.2557
-9,-39,5,-0.424353,-23.2557
-9,-38,5,-0.424353,-23.2557
-9,-37,5,-0.424353,-23.2557
-9,-36,0,-50,-50
-9,-35,5,-0.424353,-23.2557
-9,-34,0,-50,-50
-9,-33,5,-0.424353,-23.2557
-9,-32,5,-0.424353,-23.2557
-9,-31,5,-0.424353,-23.2557
-9,-30,5,-0.424353,-23.2557
-9,-29,5,-0.424353,-23.2557
-9,-28,5,-0.424353,-23.2557
-9,-27,0,-50,-50
-9,-26,5,-0.424353,-23.2557
-9,-25,5,-0.424353,-23.2557
-9,-24,5,-0.424353,-23.2557
-9,-23,5,-0.424353,-23.2557
-9,-22,5,-0.424353,-23.2557
-9,-21,5,-0.424353,-23.2557
-9,-20,5,-0.424353,-23.2557
-9,-19,5,-0.424353,-23.2557
-9,-18,5,-0.424353,-23.2557
-9,-17,5,-0.424353,-23.2557
-9,-16,5,-0.424353,-23.2557
-9,-15,5,-0.424353,-23.2557
-9,-14,5,-0.424353,-23.2557
-9,-13,5,-0.424353,-23.2557
-9,-12,2,-13.0313,-1.20638
-9,-11,2,-13.0313,-1.20638
-9,-10,2,-13.0313,-1.20638
-9,-9,2,-13.0313,-1.20638
-9,-8,2,-13.0313,-1.20638
-9,-7,2,-13.0313,-1.20638
-9,-6,2,-13.0313,-1.20638
-9,-5,2,-13.0313,-1.20638
-9,-4,2,-13.0313,-1.20638
-9,-3,2,-13.0313,-1.20638
-9,-2,2,-13.0313,-1.20638
-9,-1,2,-13.0313,-1.20638
-9,0,2,-13.0313,-1.20638
-9,1,2,-13.0313,-1.20638
-9,2,2,-13.0313,-1.20638
-9,3,2,-13.0313,-1.20638
-9,4,2,-13.0313,-1.20638
-9,5,2,-13.0313,-1.20638
-9,6,2,-13.0313,-1.20638
-9,7,1,-6.90103,11.7833
-9,8,1,-6.90103,11.7833
-9,9,1,-6.90103,11.7833
-9,10,1,-6.90103,11.7833
-9,11,1,-6.90103,11.7833
-9,12,1,-6.90103,11.7833
-9,13,1,-6.90103,11.7833
-9,14,1,-6.90103,11.7833
-9,15,1,-6.90103,11.7833
-9,16,1,-6.90103,11.7833
-9,17,1,-6.90103,11.7833
-9,18,1,-6.90103,11.7833
-9,19,1,-6.90103,11.7833
-9,20,1,-6.90103,11.7833
-9,21,1,-6.90103,11.7833
-9,22,1,-6.90103,11.7833
-9,23,1,-6.90103,11.7833
-9,24,1,-6.90103,11.7833
-9,25,1,-6.90103,11.7833
-9,26,1,-6.90103,11.7833
-9,27,1,-6.90103,11.7833
-9,28,1,-6.90103,11.7833
-9,29,0,-50,-50
-9,30,6,2.09312,17.5751
-9,31,4,-23.5561,16.2664
-9,32,4,-23.5561,16.2664
-9,33,4,-23.5561,16.2664
-9,34,6,2.09312,17.5751
-9,35,0,-50,-50
-9,36,6,2.09312,17.5751
-9,37,6,2.09312,17.5751
-9,38,0,-50,-50
-9,39,0,-50,-50
-9,40,0,-50,-50
-9,41,0,-50,-50
-9,42,0,-50,-50
-9,43,4,-23.5561,16.2664
-9,44,0,-50,-50
-9,45,0,-50,-50
-9,46,0,-50,-50
-9,47,0,-50,-50
-9,48,0,-50,-50
-9,49,6,2.09312,17.5751
-8,-49,0,-50,-50
-8,-48,0,-50,-50
-8,-47,0,-50,-50
-8,-46,0,-50,-50
-8,-45,0,-50,-50
-8,-44,5,-0.424353,-23.2557
-8,-43,5,-0.424353,-23.2557
-8,-42,5,-0.424353,-23.2557
-8,-41,0,-50,-50
-8,-40,0,-50,-50
-8,-39,5,-0.424353,-23.2557
-8,-38,5,-0.424353,-23.2557
-8,-37,5,-0.424353,-23.2557
-8,-36,5,-0.424353,-23.2557
-8,-35,5,-0.424353,-23.2557
-8,-34,5,-0.424353,-23.2557
-8,-33,5,-0.424353,-23.2557
-8,-32,5,-0.424353,-23.2557
-8,-31,5,-0.424353,-23.2557
-8,-30,5,-0.424353,-23.2557
-8,-29,5,-0.424353,-23.2557
-8,-28,5,-0.424353,-23.2557
-8,-27,5,-0.424353,-23.2557
-8,-26,5,-0.424353,-23.2557
-8,-25,5,-0.424353,-23.2557
-8,-24,5,-0.424353,-23.2557
-8,-23,5,-0.424353,-23.2557
-8,-22,5,-0.424353,-23.2557
-8,-21,5,-0.424353,-23.2557
-8,-20,5,-0.424353,-23.2557
-8,-19,5,-0.424353,-23.2557
-8,-18,5,-0.424353,-23.2557
-8,-17,5,-0.424353,-23.2557
-8,-16,5,-0.424353,-23.2557
-8,-15,5,-0.424353,-23.2557
-8,-14,5,-0.424353,-23.2557
-8,-13,5,-0.424353,-23.2557
-8,-12,2,-13.0313,-1.20638
-8,-11,2,-13.0313,-1.20638
-8,-10,2,-13.0313,-1.20638
-8,-9,2,-13.0313,-1.20638
-8,-8,2,-13.0313,-1.20638
-8,-7,2,-13.0313,-1.20638
-8,-6,2,-13.0313,-1.20638
-8,-5,2,-13.0313,-1.20638
-8,-4,2,-13.0313,-1.20638
-8,-3,2,-13.0313,-1.20638
-8,-2,2,-13.0313,-1.20638
-8,-1,2,-13.0313,-1.20638
-8,0,2,-13.0313,-1.20638
-8,1,2,-13.0313,-1.20638
-8,2,2,-13.0313,-1.20638
-8,3,2,-13.0313,-1.20638
-8,4,2,-13.0313,-1.20638
-8,5,1,-6.90103,11.7833
-8,6,1,-6.90103,11.7833
-8,7,1,-6.90103,11.7833
-8,8,1,-6.90103,11.7833
-8,9,1,-6.90103,11.7833
-8,10,1,-6.90103,11.7833
-8,11,1,-6.90103,11.7833
-8,12,1,-6.90103,11.7833
-8,13,1,-6.90103,11.7833
-8,14,1,-6.90103,11.7833
-8,15,1,-6.90103,11.7833
-8,16,1,-6.90103,11.7833
-8,17,1,-6.90103,11.7833
-8,18,1,-6.90103,11.7833
-8,19,1,-6.90103,11.7833
-8,20,1,-6.90103,11.7833
-8,21,1,-6.90103,11.7833
-8,22,1,-6.90103,11.7833
-8,23,1,-6.90103,11.7833
-8,24,1,-6.90103,11.7833
-8,25,1,-6.90103,11.7833
-8,26,1,-6.90103,11.7833
-8,27,6,2.09312,17.5751
-8,28,6,2.09312,17.5751
-8,29,6,2.09312,17.5751
-8,30,6,2.09312,17.5751
-8,31,6,2.09312,17.5751
-8,32,6,2.09312,17.5751
-8,33,6,2.09312,17.5751
-8,34,0,-50,-50
-8,35,0,-50,-50
-8,36,0,-50,-50
-8,37,6,2.09312,17.5751
-8,38,0,-50,-50
-8,39,0,-50,-50
-8,40,6,2.09312,17.5751
-8,41,0,-50,-50
-8,42,6,2.09312,17.5751
-8,43,0,-50,-50
-8,44,6,2.09312,17.5751
-8,45,0,-50,-50
-8,46,0,-50,-50
-8,47,0,-50,-50
-8,48,0,-50,-50
-8,49,6,2.09312,17.5751
-7,-49,0,-50,-50
-7,-48,0,-50,-50
-7,-47,5,-0.424353,-23.2557
-7,-46,5,-0.424353,-23.2557
-7,-45,0,-50,-50
-7,-44,5,-0.424353,-23.2557
-7,-43,5,-0.424353,-23.2557
-7,-42,0,-50,-50
-7,-41,5,-0.424353,-23.2557
-7,-40,5,-0.424353,-23.2557
-7,-39,0,-50,-50
-7,-38,5,-0.424353,-23.2557
-7,-37,0,-50,-50
-7,-36,0,-50,-50
-7,-35,0,-50,-50
-7,-34,5,-0.424353,-23.2557
-7,-33,0,-50,-50
-7,-32,5,-0.424353,-23.2557
-7,-31,5,-0.424353,-23.2557
-7,-30,5,-0.424353,-23.2557
-7,-29,5,-0.424353,-23.2557
-7,-28,5,-0.424353,-23.2557
-7,-27,5,-0.424353,-23.2557
-7,-26,5,-0.424353,-23.2557
-7,-25,5,-0.424353,-23.2557
-7,-24,5,-0.424353,-23.2557
-7,-23,5,-0.424353,-23.2557
-7,-22,5,-0.424353,-23.2557
-7,-21,5,-0.424353,-23.2557
-7,-20,5,-0.424353,-23.2557
-7,-19,5,-0.424353,-23.2557
-7,-18,5,-0.424353,-23.2557
-7,-17,5,-0.424353,-23.2557
-7,-16,5,-0.424353,-23.2557
-7,-15,5,-0.424353,-23.2557
-7,-14,5,-0.424353,-23.2557
-7,-13,5,-0.424353,-23.2557
-7,-12,2,-13.0313,-1.20638
-7,-11,2,-13.0313,-1.20638
-7,-10,2,-13.0313,-1.20638
-7,-9,2,-13.0313,-1.20638
-7,-8,2,-13.0313,-1.20638
-7,-7,2,-13.0313,-1.20638
-7,-6,2,-13.0313,-1.20638
-7,-5,2,-13.0313,-1.20638
-7,-4,2,-13.0313,-1.20638
-7,-3,2,-13.0313,-1.20638
-7,-2,2,-13.0313,-1.20638
-7,-1,2,-13.0313,-1.20638
-7,0,2,-13.0313,-1.20638
-7,1,2,-13.0313,-1.20638
-7,2,2,-13.0313,-1.20638
-7,3,2,-13.0313,-1.20638
-7,4,2,-13.0313,-1.20638
-7,5,1,-6.90103,11.7833
-7,6,1,-6.90103,11.7833
-7,7,1,-6.90103,11.7833
-7,8,1,-6.90103,11.7833
-7,9,1,-6.90103,11.7833
-7,10,1,-6.90103,11.7833
-7,11,1,-6.90103,11.7833
-7,12,1,-6.90103,11.7833
-7,13,1,-6.90103,11.7833
-7,14,1,-6.90103,11.7833
-7,15,1,-6.90103,11.7833
-7,16,1,-6.90103,11.7833
-7,17,1,-6.90103,11.7833
-7,18,1,-6.90103,11.7833
-7,19,1,-6.90103,11.7833
-7,20,1,-6.90103,11.7833
-7,21,1,-6.90103,11.7833
-7,22,1,-6.90103,11.7833
-7,23,1,-6.90103,11.7833
-7,24,1,-6.90103,11.7833
-7,25,6,2.09312,17.5751
-7,26,6,2.09312,17.5751
-7,27,6,2.09312,17.5751
-7,28,6,2.09312,17.5751
-7,29,6,2.09312,17.5751
-7,30,6,2.09312,17.5751
-7,31,6,2.09312,17.5751
-7,32,6,2.09312,17.5751
-7,33,6,2.09312,17.5751
-7,34,6,2.09312,17.5751
-7,35,6,2.09312,17.5751
-7,36,6,2.09312,17.5751
-7,37,6,2.09312,17.5751
-7,38,0,-50,-50
-7,39,6,2.09312,17.5751
-7,40,6,2.09312,17.5751
-7,41,0,-50,-50
-7,42,0,-50,-50
-7,43,0,-50,-50
-7,44,0,-50,-50
-7,45,0,-50,-50
-7,46,0,-50,-50
-7,47,0,-50,-50
-7,48,0,-50,-50
-7,49,0,-50,-50
-6,-49,0,-50,-50
-6,-48,0,-50,-50
-6,-47,0,-50,-50
-6,-46,0,-50,-50
-6,-45,5,-0.424353,-23.2557
-6,-44,0,-50,-50
-6,-43,5,-0.424353,-23.2557
-6,-42,0,-50,-50
-6,-41,0,-50,-50
-6,-40,0,-50,-50
-6,-39,5,-0.424353,-23.2557
-6,-38,5,-0.424353,-23.2557
-6,-37,0,-50,-50
-6,-36,5,-0.424353,-23.2557
-6,-35,5,-0.424353,-23.2557
-6,-34,5,-0.424353,-23.2557
-6,-33,5,-0.424353,-23.2557
-6,-32,5,-0.424353,-23.2557
-6,-31,5,-0.424353,-23.2557
-6,-30,5,-0.424353,-23.2557
-6,-29,5,-0.424353,-23.2557
-6,-28,5,-0.424353,-23.2557
-6,-27,5,-0.424353,-23.2557
-6,-26,5,-0.424353,-23.2557
-6,-25,5,-0.424353,-23.2557
-6,-24,5,-0.424353,-23.2557
-6,-23,5,-0.424353,-23.2557
-6,-22,5,-0.424353,-23.2557
-6,-21,5,-0.424353,-23.2557
-6,-20,5,-0.424353,-23.2557
-6,-19,5,-0.424353,-23.2557
-6,-18,5,-0.424353,-23.2557
-6,-17,5,-0.424353,-23.2557
-6,-16,5,-0.424353,-23.2557
-6,-15,5,-0.424353,-23.2557
-6,-14,5,-0.424353,-23.2557
-6,-13,5,-0.424353,-23.2557
-6,-12,5,-0.424353,-23.2557
-6,-11,2,-13.0313,-1.20638
-6,-10,2,-13.0313,-1.20638
-6,-9,7,3.28255,-1.07213
-6,-8,2,-13.0313,-1.20638
-6,-7,2,-13.0313,-1.20638
-6,-6,2,-13.0313,-1.20638
-6,-5,2,-13.0313,-1.20638
-6,-4,2,-13.0313,-1.20638
-6,-3,2,-13.0313,-1.20638
-6,-2,2,-13.0313,-1.20638
-6,-1,2,-13.0313,-1.20638
-6,0,2,-13.0313,-1.20638
-6,1,2,-13.0313,-1.20638
-6,2,2,-13.0313,-1.20638
-6,3,2,-13.0313,-1.20638
-6,4,2,-13.0313,-1.20638
-6,5,1,-6.90103,11.7833
-6,6,1,-6.90103,11.7833
-6,7,1,-6.90103,11.7833
-6,8,1,-6.90103,11.7833
-6,9,1,-6.90103,11.7833
-6,10,1,-6.90103,11.7833
-6,11,1,-6.90103,11.7833
-6,12,1,-6.90103,11.7833
-6,13,1,-6.90103,11.7833
-6,14,1,-6.90103,11.7833
-6,15,1,-6.90103,11.7833
-6,16,1,-6.90103,11.7833
-6,17,1,-6.90103,11.7833
-6,18,1,-6.90103,11.7833
-6,19,1,-6.90103,11.7833
-6,20,1,-6.90103,11.7833
-6,21,1,-6.90103,11.7833
-6,22,1,-6.90103,11.7833
-6,23,6,2.09312,17.5751
-6,24,6,2.09312,17.5751
-6,25,6,2.09312,17.5751
-6,26,6,2.09312,17.5751
-6,27,6,2.09312,17.5751
-6,28,6,2.09312,17.5751
-6,29,6,2.09312,17.5751
-6,30,6,2.09312,17.5751
-6,31,6,2.09312,17.5751
-6,32,0,-50,-50
-6,33,6,2.09312,17.5751
-6,34,6,2.09312,17.5751
-6,35,6,2.09312,17.5751
-6,36,6,2.09312,17.5751
-6,37,6,2.09312,17.5751
-6,38,6,2.09312,17.5751
-6,39,6,2.09312,17.5751
-6,40,0,-50,-50
-6,41,0,-50,-50
-6,42,0,-50,-50
-6,43,0,-50,-50
-6,44,0,-50,-50
-6,45,0,-50,-50
-6,46,6,2.09312,17.5751
-6,47,0,-50,-50
-6,48,0,-50,-50
-6,49,0,-50,-50
-5,-49,0,-50,-50
-5,-48,0,-50,-50
-5,-47,0,-50,-50
-5,-46,0,-50,-50
-5,-45,0,-50,-50
-5,-44,0,-50,-50
-5,-43,0,-50,-50
-5,-42,5,-0.424353,-23.2557
-5,-41,0,-50,-50
-5,-40,5,-0.424353,-23.2557
-5,-39,5,-0.424353,-23.2557
-5,-38,5,-0.424353,-23.2557
-5,-37,5,-0.424353,-23.2557
-5,-36,0,-50,-50
-5,-35,5,-0.424353,-23.2557
-5,-34,0,-50,-50
-5,-33,5,-0.424353,-23.2557
-5,-32,5,-0.424353,-23.2557
-5,-31,5,-0.424353,-23.2557
-5,-30,5,-0.424353,-23.2557
-5,-29,0,-50,-50
-5,-28,5,-0.424353,-23.2557
-5,-27,5,-0.424353,-23.2557
-5,-26,5,-0.424353,-23.2557
-5,-25,5,-0.424353,-23.2557
-5,-24,5,-0.424353,-23.2557
-5,-23,5,-0.424353,-23.2557
-5,-22,5,-0.424353,-23.2557
-5,-21,5,-0.424353,-23.2557
-5,-20,5,-0.424353,-23.2557
-5,-19,5,-0.424353,-23.2557
-5,-18,5,-0.424353,-23.2557
-5,-17,5,-0.424353,-23.2557
-5,-16,5,-0.424353,-23.2557
-5,-15,5,-0.424353,-23.2557
-5,-14,5,-0.424353,-23.2557
-5,-13,5,-0.424353,-23.2557
-5,-12,5,-0.424353,-23.2557
-5,-11,5,-0.424353,-23.2557
-5,-10,7,3.28255,-1.07213
-5,-9,7,3.28255,-1.07213
-5,-8,7,3.28255,-1.07213
-5,-7,7,3.28255,-1.07213
-5,-6,7,3.28255,-1.07213
-5,-5,7,3.28255,-1.07213
-5,-4,7,3.28255,-1.07213
-5,-3,7,3.28255,-1.07213
-5,-2,7,3.28255,-1.07213
-5,-1,7,3.28255,-1.07213
-5,0,2,-13.0313,-1.20638
-5,1,7,3.28255,-1.07213
-5,2,7,3.28255,-1.07213
-5,3,7,3.28255,-1.07213
-5,4,1,-6.90103,11.7833
-5,5,1,-6.90103,11.7833
-5,6,1,-6.90103,11.7833
-5,7,1,-6.90103,11.7833
-5,8,1,-6.90103,11.7833
-5,9,1,-6.90103,11.7833
-5,10,1,-6.90103,11.7833
-5,11,1,-6.90103,11.7833
-5,12,1,-6.90103,11.7833
-5,13,1,-6.90103,11.7833
-5,14,1,-6.90103,11.7833
-5,15,1,-6.90103,11.7833
-5,16,1,-6.90103,11.7833
-5,17,1,-6.90103,11.7833
-5,18,1,-6.90103,11.7833
-5,19,1,-6.90103,11.7833
-5,20,1,-6.90103,11.7833
-5,21,6,2.09312,17.5751
-5,22,6,2.09312,17.5751
-5,23,6,2.09312,17.5751
-5,24,6,2.09312,17.5751
-5,25,6,2.09312,17.5751
-5,26,6,2.09312,17.5751
-5,27,6,2.09312,17.5751
-5,28,6,2.09312,17.5751
-5,29,6,2.09312,17.5751
-5,30,6,2.09312,17.5751
-5,31,6,2.09312,17.5751
-5,32,6,2.09312,17.5751
-5,33,6,2.09312,17.5751
-5,34,6,2.09312,17.5751
-5,35,0,-50,-50
-5,36,6,2.09312,17.5751
-5,37,0,-50,-50
-5,38,0,-50,-50
-5,39,0,-50,-50
-5,40,0,-50,-50
-5,41,6,2.09312,17.5751
-5,42,0,-50,-50
-5,43,0,-50,-50
-5,44,0,-50,-50
-5,45,6,2.09312,17.5751
-5,46,0,-50,-50
-5,47,0,-50,-50
-5,48,0,-50,-50
-5,49,0,-50,-50
-4,-49,0,-50,-50
-4,-48,0,-50,-50
-4,-47,5,-0.424353,-23.2557
-4,-46,0,-50,-50
-4,-45,5,-0.424353,-23.2557
-4,-44,5,-0.424353,-23.2557
-4,-43,0,-50,-50
-4,-42,5,-0.424353,-23.2557
-4,-41,0,-50,-50
-4,-40,0,-50,-50
-4,-39,5,-0.424353,-23.2557
-4,-38,5,-0.424353,-23.2557
-4,-37,5,-0.424353,-23.2557
-4,-36,5,-0.424353,-23.2557
-4,-35,5,-0.424353,-23.2557
-4,-34,5,-0.424353,-23.2557
-4,-33,5,-0.424353,-23.2557
-4,-32,5,-0.424353,-23.2557
-4,-31,5,-0.424353,-23.2557
-4,-30,5,-0.424353,-23.2557
-4,-29,5,-0.424353,-23.2557
-4,-28,5,-0.424353,-23.2557
-4,-27,5,-0.424353,-23.2557
-4,-26,5,-0.424353,-23.2557
-4,-25,5,-0.424353,-23.2557
-4,-24,5,-0.424353,-23.2557
-4,-23,5,-0.424353,-23.2557
-4,-22,5,-0.424353,-23.2557
-4,-21,5,-0.424353,-23.2557
-4,-20,5,-0.424353,-23.2557
-4,-19,5,-0.424353,-23.2557
-4,-18,5,-0.424353,-23.2557
-4,-17,5,-0.424353,-23.2557
-4,-16,5,-0.424353,-23.2557
-4,-15,5,-0.424353,-23.2557
-4,-14,5,-0.424353,-23.2557
-4,-13,5,-0.424353,-23.2557
-4,-12,5,-0.424353,-23.2557
-4,-11,7,3.28255,-1.07213
-4,-10,7,3.28255,-1.07213
-4,-9,7,3.28255,-1.07213
-4,-8,7,3.28255,-1.07213
-4,-7,7,3.28255,-1.07213
-4,-6,7,3.28255,-1.07213
-4,-5,7,3.28255,-1.07213
-4,-4,7,3.28255,-1.07213
-4,-3,7,3.28255,-1.07213
-4,-2,7,3.28255,-1.07213
-4,-1,7,3.28255,-1.07213
-4,0,7,3.28255,-1.07213
-4,1,7,3.28255,-1.07213
-4,2,7,3.28255,-1.07213
-4,3,7,3.28255,-1.07213
-4,4,7,3.28255,-1.07213
-4,5,1,-6.90103,11.7833
-4,6,1,-6.90103,11.7833
-4,7,1,-6.90103,11.7833
-4,8,1,-6.90103,11.7833
-4,9,1,-6.90103,11.7833
-4,10,1,-6.90103,11.7833
-4,11,1,-6.90103,11.7833
-4,12,1,-6.90103,11.7833
-4,13,1,-6.90103,11.7833
-4,14,1,-6.90103,11.7833
-4,15,1,-6.90103,11.7833
-4,16,1,-6.90103,11.7833
-4,17,1,-6.90103,11.7833
-4,18,6,2.09312,17.5751
-4,19,6,2.09312,17.5751
-4,20,6,2.09312,17.5751
-4,21,6,2.09312,17.5751
-4,22,6,2.09312,17.5751
-4,23,6,2.09312,17.5751
-4,24,6,2.09312,17.5751
-4,25,6,2.09312,17.5751
-4,26,6,2.09312,17.5751
-4,27,6,2.09312,17.5751
-4,28,6,2.09312,17.5751
-4,29,6,2.09312,17.5751
-4,30,6,2.09312,17.5751
-4,31,0,-50,-50
-4,32,6,2.09312,17.5751
-4,33,6,2.09312,17.5751
-4,34,6,2.09312,17.5751
-4,35,6,2.09312,17.5751
-4,36,0,-50,-50
-4,37,6,2.09312,17.5751
-4,38,0,-50,-50
-4,39,0,-50,-50
-4,40,6,2.09312,17.5751
-4,41,0,-50,-50
-4,42,0,-50,-50
-4,43,0,-50,-50
-4,44,0,-50,-50
-4,45,0,-50,-50
-4,46,0,-50,-50
-4,47,0,-50,-50
-4,48,0,-50,-50
-4,49,0,-50,-50
-3,-49,5,-0.424353,-23.2557
-3,-48,0,-50,-50
-3,-47,0,-50,-50
-3,-46,5,-0.424353,-23.2557
-3,-45,0,-50,-50
-3,-44,5,-0.424353,-23.2557
-3,-43,5,-0.424353,-23.2557
-3,-42,0,-50,-50
-3,-41,5,-0.424353,-23.2557
-3,-40,5,-0.424353,-23.2557
-3,-39,5,-0.424353,-23.2557
-3,-38,5,-0.424353,-23.2557
-3,-37,5,-0.424353,-23.2557
-3,-36,5,-0.424353,-23.2557
-3,-35,5,-0.424353,-23.2557
-3,-34,5,-0.424353,-23.2557
-3,-33,5,-0.424353,-23.2557
-3,-32,5,-0.424353,-23.2557
-3,-31,5,-0.424353,-23.2557
-3,-30,5,-0.424353,-23.2557
-3,-29,5,-0.424353,-23.2557
-3,-28,5,-0.424353,-23.2557
-3,-27,5,-0.424353,-23.2557
-3,-26,5,-0.424353,-23.2557
-3,-25,5,-0.424353,-23.2557
-3,-24,5,-0.424353,-23.2557
-3,-23,5,-0.424353,-23.2557
-3,-22,5,-0.424353,-23.2557
-3,-21,5,-0.424353,-23.2557
-3,-20,5,-0.424353,-23.2557
-3,-19,5,-0.424353,-23.2557
-3,-18,5,-0.424353,-23.2557
-3,-17,5,-0.424353,-23.2557
-3,-16,5,-0.424353,-23.2557
-3,-15,5,-0.424353,-23.2557
-3,-14,5,-0.424353,-23.2557
-3,-13,5,-0.424353,-23.2557
-3,-12,5,-0.424353,-23.2557
-3,-11,7,3.28255,-1.07213
-3,-10,7,3.28255,-1.07213
-3,-9,7,3.28255,-1.07213
-3,-8,7,3.28255,-1.07213
-3,-7,7,3.28255,-1.07213
-3,-6,7,3.28255,-1.07213
-3,-5,7,3.28255,-1.07213
-3,-4,7,3.28255,-1.07213
-3,-3,7,3.28255,-1.07213
-3,-2,7,3.28255,-1.07213
-3,-1,7,3.28255,-1.07213
-3,0,7,3.28255,-1.07213
-3,1,7,3.28255,-1.07213
-3,2,7,3.28255,-1.07213
-3,3,7,3.28255,-1.07213
-3,4,7,3.28255,-1.07213
-3,5,1,-6.90103,11.7833
-3,6,1,-6.90103,11.7833
-3,7,1,-6.90103,11.7833
-3,8,1,-6.90103,11.7833
-3,9,1,-6.90103,11.7833
-3,10,1,-6.90103,11.7833
-3,11,1,-6.90103,11.7833
-3,12,1,-6.90103,11.7833
-3,13,1,-6.90103,11.7833
-3,14,1,-6.90103,11.7833
-3,15,1,-6.90103,11.7833
-3,16,6,2.09312,17.5751
-3,17,6,2.09312,17.5751
-3,18,6,2.09312,17.5751
-3,19,6,2.09312,17.5751
-3,20,6,2.09312,17.5751
-3,21,6,2.09312,17.5751
-3,22,6,2.09312,17.5751
-3,23,6,2.09312,17.5751
-3,24,6,2.09312,17.5751
-3,25,6,2.09312,17.5751
-3,26,6,2.09312,17.5751
-3,27,6,2.09312,17.5751
-3,28,6,2.09312,17.5751
-3,29,6,2.09312,17.5751
-3,30,6,2.09312,17.5751
-3,31,6,2.09312,17.5751
-3,32,6,2.09312,17.5751
-3,33,0,-50,-50
-3,34,6,2.09312,17.5751
-3,35,6,2.09312,17.5751
-3,36,0,-50,-50
-3,37,0,-50,-50
-3,38,6,2.09312,17.5751
-3,39,6,2.09312,17.5751
-3,40,6,2.09312,17.5751
-3,41,0,-50,-50
-3,42,0,-50,-50
-3,43,0,-50,-50
-3,44,0,-50,-50
-3,45,0,-50,-50
-3,46,0,-50,-50
-3,47,0,-50,-50
-3,48,0,-50,-50
-3,49,6,2.09312,17.5751
-2,-49,5,-0.424353,-23.2557
-2,-48,5,-0.424353,-23.2557
-2,-47,0,-50,-50
-2,-46,0,-50,-50
-2,-45,0,-50,-50
-2,-44,0,-50,-50
-2,-43,0,-50,-50
-2,-42,0,-50,-50
-2,-41,0,-50,-50
-2,-40,0,-50,-50
-2,-39,5,-0.424353,-23.2557
-2,-38,5,-0.424353,-23.2557
-2,-37,5,-0.424353,-23.2557
-2,-36,5,-0.424353,-23.2557
-2,-35,5,-0.424353,-23.2557
-2,-34,5,-0.424353,-23.2557
-2,-33,5,-0.424353,-23.2557
-2,-32,5,-0.424353,-23.2557
-2,-31,5,-0.424353,-23.2557
-2,-30,5,-0.424353,-23.2557
-2,-29,5,-0.424353,-23.2557
-2,-28,5,-0.424353,-23.2557
-2,-27,5,-0.424353,-23.2557
-2,-26,5,-0.424353,-23.2557
-2,-25,5,-0.424353,-23.2557
-2,-24,5,-0.424353,-23.2557
-2,-23,5,-0.424353,-23.2557
-2,-22,5,-0.424353,-23.2557
-2,-21,5,-0.424353,-23.2557
-2,-20,5,-0.424353,-23.2557
-2,-19,5,-0.424353,-23.2557
-2,-18,5,-0.424353,-23.2557
-2,-17,5,-0.424353,-23.2557
-2,-16,5,-0.424353,-23.2557
-2,-15,5,-0.424353,-23.2557
-2,-14,5,-0.424353,-23.2557
-2,-13,5,-0.424353,-23.2557
-2,-12,5,-0.424353,-23.2557
-2,-11,5,-0.424353,-23.2557
-2,-10,7,3.28255,-1.07213
-2,-9,7,3.28255,-1.07213
-2,-8,7,3.28255,-1.07213
-2,-7,7,3.28255,-1.07213
-2,-6,7,3.28255,-1.07213
-2,-5,7,3.28255,-1.07213
-2,-4,7,3.28255,-1.07213
-2,-3,7,3.28255,-1.07213
-2,-2,7,3.28255,-1.07213
-2,-1,7,3.28255,-1.07213
-2,0,7,3.28255,-1.07213
-2,1,7,3.28255,-1.07213
-2,2,7,3.28255,-1.07213
-2,3,7,3.28255,-1.07213
-2,4,7,3.28255,-1.07213
-2,5,7,3.28255,-1.07213
-2,6,1,-6.90103,11.7833
-2,7,1,-6.90103,11.7833
-2,8,1,-6.90103,11.7833
-2,9,1,-6.90103,11.7833
-2,10,1,-6.90103,11.7833
-2,11,1,-6.90103,11.7833
-2,12,1,-6.90103,11.7833
-2,13,6,2.09312,17.5751
-2,14,6,2.09312,17.5751
-2,15,6,2.09312,17.5751
-2,16,6,2.09312,17.5751
-2,17,6,2.09312,17.5751
-2,18,6,2.09312,17.5751
-2,19,6,2.09312,17.5751
-2,20,6,2.09312,17.5751
-2,21,6,2.09312,17.5751
-2,22,6,2.09312,17.5751
-2,23,6,2.09312,17.5751
-2,24,6,2.09312,17.5751
-2,25,6,2.09312,17.5751
-2,26,6,2.09312,17.5751
-2,27,6,2.09312,17.5751
-2,28,6,2.09312,17.5751
-2,29,6,2.09312,17.5751
-2,30,6,2.09312,17.5751
-2,31,6,2.09312,17.5751
-2,32,6,2.09312,17.5751
-2,33,6,2.09312,17.5751
-2,34,6,2.09312,17.5751
-2,35,6,2.09312,17.5751
-2,36,6,2.09312,17.5751
-2,37,0,-50,-50
-2,38,0,-50,-50
-2,39,0,-50,-50
-2,40,0,-50,-50
-2,41,0,-50,-50
-2,42,6,2.09312,17.5751
-2,43,6,2.09312,17.5751
-2,44,0,-50,-50
-2,45,0,-50,-50
-2,46,6,2.09312,17.5751
-2,47,0,-50,-50
-2,48,0,-50,-50
-2,49,6,2.09312,17.5751
-1,-49,0,-50,-50
-1,-48,0,-50,-50
-1,-47,0,-50,-50
-1,-46,0,-50,-50
-1,-45,0,-50,-50
-1,-44,5,-0.424353,-23.2557
-1,-43,5,-0.424353,-23.2557
-1,-42,0,-50,-50
-1,-41,5,-0.424353,-23.2557
-1,-40,0,-50,-50
-1,-39,5,-0.424353,-23.2557
-1,-38,5,-0.424353,-23.2557
-1,-37,5,-0.424353,-23.2557
-1,-36,5,-0.424353,-23.2557
-1,-35,5,-0.424353,-23.2557
-1,-34,5,-0.424353,-23.2557
-1,-33,5,-0.424353,-23.2557
-1,-32,5,-0.424353,-23.2557
-1,-31,5,-0.424353,-23.2557
-1,-30,5,-0.424353,-23.2557
-1,-29,5,-0.424353,-23.2557
-1,-28,5,-0.424353,-23.2557
-1,-27,5,-0.424353,-23.2557
-1,-26,5,-0.424353,-23.2557
-1,-25,5,-0.424353,-23.2557
-1,-24,5,-0.424353,-23.2557
-1,-23,5,-0.424353,-23.2557
-1,-22,5,-0.424353,-23.2557
-1,-21,5,-0.424353,-23.2557
-1,-20,5,-0.424353,-23.2557
-1,-19,5,-0.424353,-23.2557
-1,-18,5,-0.424353,-23.2557
-1,-17,5,-0.424353,-23.2557
-1,-16,5,-0.424353,-23.2557
-1,-15,5,-0.424353,-23.2557
-1,-14,5,-0.424353,-23.2557
-1,-13,5,-0.424353,-23.2557
-1,-12,5,-0.424353,-23.2557
-1,-11,7,3.28255,-1.07213
-1,-10,7,3.28255,-1.07213
-1,-9,7,3.28255,-1.07213
-1,-8,7,3.28255,-1.07213
-1,-7,7,3.28255,-1.07213
-1,-6,7,3.28255,-1.07213
-1,-5,7,3.28255,-1.07213
-1,-4,7,3.28255,-1.07213
-1,-3,7,3.28255,-1.07213
-1,-2,7,3.28255,-1.07213
-1,-1,7,3.28255,-1.07213
-1,0,7,3.28255,-1.07213
-1,1,7,3.28255,-1.07213
-1,2,7,3.28255,-1.07213
-1,3,7,3.28255,-1.07213
-1,4,7,3.28255,-1.07213
-1,5,7,3.28255,-1.07213
-1,6,7,3.28255,-1.07213
-1,7,1,-6.90103,11.7833
-1,8,1,-6.90103,11.7833
-1,9,1,-6.90103,11.7833
-1,10,1,-6.90103,11.7833
-1,11,1,-6.90103,11.7833
-1,12,1,-6.90103,11.7833
-1,13,6,2.09312,17.5751
-1,14,6,2.09312,17.5751
-1,15,6,2.09312,17.5751
-1,16,6,2.09312,17.5751
-1,17,6,2.09312,17.5751
-1,18,6,2.09312,17.5751
-1,19,6,2.09312,17.5751
-1,20,6,2.09312,17.5751
-1,21,6,2.09312,17.5751
-1,22,6,2.09312,17.5751
-1,23,6,2.09312,17.5751
-1,24,6,2.09312,17.5751
-1,25,6,2.09312,17.5751
-1,26,6,2.09312,17.5751
-1,27,6,2.09312,17.5751
-1,28,6,2.09312,17.5751
-1,29,6,2.09312,17.5751
-1,30,6,2.09312,17.5751
-1,31,6,2.09312,17.5751
-1,32,6,2.09312,17.5751
-1,33,6,2.09312,17.5751
-1,34,6,2.09312,17.5751
-1,35,6,2.09312,17.5751
-1,36,6,2.09312,17.5751
-1,37,0,-50,-50
-1,38,0,-50,-50
-1,39,0,-50,-50
-1,40,0,-50,-50
-1,41,0,-50,-50
-1,42,0,-50,-50
-1,43,0,-50,-50
-1,44,0,-50,-50
-1,45,0,-50,-50
-1,46,0,-50,-50
-1,47,0,-50,-50
-1,48,0,-50,-50
-1,49,0,-50,-50
0,-49,5,-0.424353,-23.2557
0,-48,0,-50,-50
0,-47,0,-50,-50
0,-46,0,-50,-50
0,-45,5,-0.424353,-23.2557
0,-44,0,-50,-50
0,-43,0,-50,-50
0,-42,0,-50,-50
0,-41,0,-50,-50
0,-40,5,-0.424353,-23.2557
0,-39,0,-50,-50
0,-38,0,-50,-50
0,-37,5,-0.424353,-23.2557
0,-36,0,-50,-50
0,-35,5,-0.424353,-23.2557
0,-34,5,-0.424353,-23.2557
0,-33,5,-0.424353,-23.2557
0,-32,5,-0.424353,-23.2557
0,-31,5,-0.424353,-23.2557
0,-30,5,-0.424353,-23.2557
0,-29,5,-0.424353,-23.2557
0,-28,5,-0.424353,-23.2557
0,-27,5,-0.424353,-23.2557
0,-26,5,-0.424353,-23.2557
0,-25,5,-0.424353,-23.2557
0,-24,5,-0.424353,-23.2557
0,-23,5,-0.424353,-23.2557
0,-22,5,-0.424353,-23.2557
0,-21,5,-0.424353,-23.2557
0,-20,5,-0.424353,-23.2557
0,-19,5,-0.424353,-23.2557
0,-18,5,-0.424353,-23.2557
0,-17,5,-0.424353,-23.2557
0,-16,5,-0.424353,-23.2557
0,-15,5,-0.424353,-23.2557
0,-14,5,-0.424353,-23.2557
0,-13,5,-0.424353,-23.2557
0,-12,5,-0.424353,-23.2557
0,-11,5,-0.424353,-23.2557
0,-10,7,3.28255,-1.07213
0,-9,7,3.28255,-1.07213
0,-8,7,3.28255,-1.07213
0,-7,7,3.28255,-1.07213
0,-6,7,3.28255,-1.07213
0,-5,7,3.28255,-1.07213
0,-4,7,3.28255,-1.07213
0,-3,7,3.28255,-1.07213
0,-2,7,3.28255,-1.07213
0,-1,7,3.28255,-1.07213
0,0,7,3.28255,-1.07213
0,1,7,3.28255,-1.07213
0,2,7,3.28255,-1.07213
0,3,7,3.28255,-1.07213
0,4,7,3.28255,-1.07213
0,5,7,3.28255,-1.07213
0,6,7,3.28255,-1.07213
0,7,1,-6.90103,11.7833
0,8,1,-6.90103,11.7833
0,9,1,-6.90103,11.7833
0,10,6,2.09312,17.5751
0,11,6,2.09312,17.5751
0,12,6,2.09312,17.5751
0,13,6,2.09312,17.5751
0,14,6,2.09312,17.5751
0,15,6,2.09312,17.5751
0,16,6,2.09312,17.5751
0,17,6,2.09312,17.5751
0,18,6,2.09312,17.5751
0,19,6,2.09312,17.5751
0,20,6,2.09312,17.5751
0,21,6,2.09312,17.5751
0,22,6,2.09312,17.5751
0,23,6,2.09312,17.5751
0,24,6,2.09312,17.5751
0,25,6,2.09312,17.5751
0,26,6,2.09312,17.5751
0,27,6,2.09312,17.5751
0,28,6,2.09312,17.5751
0,29,6,2.09312,17.5751
0,30,6,2.09312,17.5751
0,31,6,2.09312,17.5751
0,32,6,2.09312,17.5751
0,33,6,2.09312,17.5751
0,34,6,2.09312,17.5751
0,35,6,2.09312,17.5751
0,36,6,2.09312,17.5751
0,37,0,-50,-50
0,38,0,-50,-50
0,39,0,-50,-50
0,40,0,-50,-50
0,41,6,2.09312,17.5751
0,42,0,-50,-50
0,43,6,2.09312,17.5751
0,44,0,-50,-50
0,45,0,-50,-50
0,46,6,2.09312,17.5751
0,47,0,-50,-50
0,48,0,-50,-50
0,49,6,2.09312,17.5751
1,-49,0,-50,-50
1,-48,0,-50,-50
1,-47,0,-50,-50
1,-46,0,-50,-50
1,-45,0,-50,-50
1,-44,0,-50,-50
1,-43,5,-0.424353,-23.2557
1,-42,5,-0.424353,-23.2557
1,-41,0,-50,-50
1,-40,5,-0.424353,-23.2557
1,-39,5,-0.424353,-23.2557
1,-38,5,-0.424353,-23.2557
1,-37,5,-0.424353,-23.2557
1,-36,5,-0.424353,-23.2557
1,-35,0,-50,-50
1,-34,0,-50,-50
1,-33,5,-0.424353,-23.2557
1,-32,0,-50,-50
1,-31,5,-0.424353,-23.2557
1,-30,5,-0.424353,-23.2557
1,-29,5,-0.424353,-23.2557
1,-28,5,-0.424353,-23.2557
1,-27,5,-0.424353,-23.2557
1,-26,5,-0.424353,-23.2557
1,-25,5,-0.424353,-23.2557
1,-24,5,-0.424353,-23.2557
1,-23,5,-0.424353,-23.2557
1,-22,5,-0.424353,-23.2557
1,-21,5,-0.424353,-23.2557
1,-20,5,-0.424353,-23.2557
1,-19,5,-0.424353,-23.2557
1,-18,5,-0.424353,-23.2557
1,-17,5,-0.424353,-23.2557
1,-16,5,-0.424353,-23.2557
1,-15,5,-0.424353,-23.2557
1,-14,5,-0.424353,-23.2557
1,-13,5,-0.424353,-23.2557
1,-12,5,-0.424353,-23.2557
1,-11,5,-0.424353,-23.2557
1,-10,7,3.28255,-1.07213
1,-9,7,3.28255,-1.07213
1,-8,7,3.28255,-1.07213
1,-7,7,3.28255,-1.07213
1,-6,7,3.28255,-1.07213
1,-5,7,3.28255,-1.07213
1,-4,7,3.28255,-1.07213
1,-3,7,3.28255,-1.07213
1,-2,7,3.28255,-1.07213
1,-1,7,3.28255,-1.07213
1,0,7,3.28255,-1.07213
1,1,7,3.28255,-1.07213
1,2,7,3.28255,-1.07213
1,3,7,3.28255,-1.07213
1,4,7,3.28255,-1.07213
1,5,7,3.28255,-1.07213
1,6,7,3.28255,-1.07213
1,7,7,3.28255,-1.07213
1,8,1,-6.90103,11.7833
1,9,6,2.09312,17.5751
1,10,6,2.09312,17.5751
1,11,6,2.09312,17.5751
1,12,6,2.09312,17.5751
1,13,6,2.09312,17.5751
1,14,6,2.09312,17.5751
1,15,6,2.09312,17.5751
1,16,6,2.09312,17.5751
1,17,6,2.09312,17.5751
1,18,6,2.09312,17.5751
1,19,6,2.09312,17.5751
1,20,6,2.09312,17.5751
1,21,6,2.09312,17.5751
1,22,6,2.09312,17.5751
1,23,6,2.09312,17.5751
1,24,6,2.09312,17.5751
1,25,6,2.09312,17.5751
1,26,6,2.09312,17.5751
1,27,6,2.09312,17.5751
1,28,6,2.09312,17.5751
1,29,6,2.09312,17.5751
1,30,0,-50,-50
1,31,6,2.09312,17.5751
1,32,6,2.09312,17.5751
1,33,6,2.09312,17.5751
1,34,6,2.09312,17.5751
1,35,6,2.09312,17.5751
1,36,6,2.09312,17.5751
1,37,0,-50,-50
1,38,6,2.09312,17.5751
1,39,6,2.09312,17.5751
1,40,6,2.09312,17.5751
1,41,0,-50,-50
1,42,0,-50,-50
1,43,0,-50,-50
1,44,0,-50,-50
1,45,0,-50,-50
1,46,0,-50,-50
1,47,0,-50,-50
1,48,0,-50,-50
1,49,0,-50,-50
2,-49,5,-0.424353,-23.2557
2,-48,5,-0.424353,-23.2557
2,-47,5,-0.424353,-23.2557
2,-46,0,-50,-50
2,-45,0,-50,-50
2,-44,0,-50,-50
2,-43,0,-50,-50
2,-42,0,-50,-50
2,-41,5,-0.424353,-23.2557
2,-40,5,-0.424353,-23.2557
2,-39,5,-0.424353,-23.2557
2,-38,5,-0.424353,-23.2557
2,-37,5,-0.424353,-23.2557
2,-36,5,-0.424353,-23.2557
2,-35,5,-0.424353,-23.2557
2,-34,5,-0.424353,-23.2557
2,-33,5,-0.424353,-23.2557
2,-32,5,-0.424353,-23.2557
2,-31,5,-0.424353,-23.2557
2,-30,5,-0.424353,-23.2557
2,-29,5,-0.424353,-23.2557
2,-28,5,-0.424353,-23.2557
2,-27,5,-0.424353,-23.2557
2,-26,5,-0.424353,-23.2557
2,-25,5,-0.424353,-23.2557
2,-24,5,-0.424353,-23.2557
2,-23,5,-0.424353,-23.2557
2,-22,5,-0.424353,-23.2557
2,-21,5,-0.424353,-23.2557
2,-20,5,-0.424353,-23.2557
2,-19,5,-0.424353,-23.2557
2,-18,5,-0.424353,-23.2557
2,-17,5,-0.424353,-23.2557
2,-16,5,-0.424353,-23.2557
2,-15,5,-0.424353,-23.2557
2,-14,5,-0.424353,-23.2557
2,-13,5,-0.424353,-23.2557
2,-12,5,-0.424353,-23.2557
2,-11,7,3.28255,-1.07213
2,-10,7,3.28255,-1.07213
2,-9,7,3.28255,-1.07213
2,-8,7,3.28255,-1.07213
2,-7,7,3.28255,-1.07213
2,-6,7,3.28255,-1.07213
2,-5,7,3.28255,-1.07213
2,-4,7,3.28255,-1.07213
2,-3,7,3.28255,-1.07213
2,-2,7,3.28255,-1.07213
2,-1,7,3.28255,-1.07213
2,0,7,3.28255,-1.07213
2,1,7,3.28255,-1.07213
2,2,7,3.28255,-1.07213
2,3,7,3.28255,-1.07213
2,4,7,3.28255,-1.07213
2,5,7,3.28255,-1.07213
2,6,7,3.28255,-1.07213
2,7,7,3.28255,-1.07213
2,8,6,2.09312,17.5751
2,9,6,2.09312,17.5751
2,10,6,2.09312,17.5751
2,11,6,2.09312,17.5751
2,12,6,2.09312,17.5751
2,13,6,2.09312,17.5751
2,14,6,2.09312,17.5751
2,15,6,2.09312,17.5751
2,16,6,2.09312,17.5751
2,17,6,2.09312,17.5751
2,18,6,2.09312,17.5751
2,19,6,2.09312,17.5751
2,20,6,2.09312,17.5751
2,21,6,2.09312,17.5751
2,22,6,2.09312,17.5751
2,23,6,2.09312,17.5751
2,24,6,2.09312,17.5751
2,25,6,2.09312,17.5751
2,26,6,2.09312,17.5751
2,27,6,2.09312,17.5751
2,28,6,2.09312,17.5751
2,29,6,2.09312,17.5751
2,30,6,2.09312,17.5751
2,31,6,2.09312,17.5751
2,32,6,2.09312,17.5751
2,33,6,2.09312,17.5751
2,34,6,2.09312,17.5751
2,35,6,2.09312,17.5751
2,36,6,2.09312,17.5751
2,37,0,-50,-50
2,38,0,-50,-50
2,39,6,2.09312,17.5751
2,40,0,-50,-50
2,41,0,-50,-50
2,42,0,-50,-50
2,43,0,-50,-50
2,44,6,2.09312,17.5751
2,45,0,-50,-50
2,46,0,-50,-50
2,47,0,-50,-50
2,48,0,-50,-50
2,49,0,-50,-50
3,-49,0,-50,-50
3,-48,5,-0.424353,-23.2557
3,-47,0,-50,-50
3,-46,0,-50,-50
3,-45,0,-50,-50
3,-44,0,-50,-50
3,-43,0,-50,-50
3,-42,5,-0.424353,-23.2557
3,-41,0,-50,-50
3,-40,0,-50,-50
3,-39,0,-50,-50
3,-38,5,-0.424353,-23.2557
3,-37,5,-0.424353,-23.2557
3,-36,0,-50,-50
3,-35,5,-0.424353,-23.2557
3,-34,5,-0.424353,-23.2557
3,-33,5,-0.424353,-23.2557
3,-32,5,-0.424353,-23.2557
3,-31,5,-0.424353,-23.2557
3,-30,5,-0.424353,-23.2557
3,-29,5,-0.424353,-23.2557
3,-28,5,-0.424353,-23.2557
3,-27,5,-0.424353,-23.2557
3,-26,5,-0.424353,-23.2557
3,-25,5,-0.424353,-23.2557
3,-24,5,-0.424353,-23.2557
3,-23,5,-0.424353,-23.2557
3,-22,5,-0.424353,-23.2557
3,-21,5,-0.424353,-23.2557
3,-20,5,-0.424353,-23.2557
3,-19,5,-0.424353,-23.2557
3,-18,5,-0.424353,-23.2557
3,-17,5,-0.424353,-23.2557
3,-16,5,-0.424353,-23.2557
3,-15,5,-0.424353,-23.2557
3,-14,5,-0.424353,-23.2557
3,-13,5,-0.424353,-23.2557
3,-12,5,-0.424353,-23.2557
3,-11,5,-0.424353,-23.2557
3,-10,7,3.28255,-1.07213
3,-9,7,3.28255,-1.07213
3,-8,7,3.28255,-1.07213
3,-7,0,-50,-50
3,-6,7,3.28255,-1.07213
3,-5,7,3.28255,-1.07213
3,-4,7,3.28255,-1.07213
3,-3,7,3.28255,-1.07213
3,-2,7,3.28255,-1.07213
3,-1,7,3.28255,-1.07213
3,0,7,3.28255,-1.07213
3,1,7,3.28255,-1.07213
3,2,7,3.28255,-1.07213
3,3,7,3.28255,-1.07213
3,4,7,3.28255,-1.07213
3,5,7,3.28255,-1.07213
3,6,7,3.28255,-1.07213
3,7,7,3.28255,-1.07213
3,8,6,2.09312,17.5751
3,9,6,2.09312,17.5751
3,10,6,2.09312,17.5751
3,11,6,2.09312,17.5751
3,12,6,2.09312,17.5751
3,13,6,2.09312,17.5751
3,14,6,2.09312,17.5751
3,15,6,2.09312,17.5751
3,16,6,2.09312,17.5751
3,17,6,2.09312,17.5751
3,18,6,2.09312,17.5751
3,19,6,2.09312,17.5751
3,20,6,2.09312,17.5751
3,21,6,2.09312,17.5751
3,22,6,2.09312,17.5751
3,23,6,2.09312,17.5751
3,24,6,2.09312,17.5751
3,25,6,2.09312,17.5751
3,26,6,2.09312,17.5751
3,27,6,2.09312,17.5751
3,28,6,2.09312,17.5751
3,29,6,2.09312,17.5751
3,30,6,2.09312,17.5751
3,31,6,2.09312,17.5751
3,32,6,2.09312,17.5751
3,33,6,2.09312,17.5751
3,34,6,2.09312,17.5751
3,35,6,2.09312,17.5751
3,36,6,2.09312,17.5751
3,37,6,2.09312,17.5751
3,38,0,-50,-50
3,39,6,2.09312,17.5751
3,40,0,-50,-50
3,41,0,-50,-50
3,42,6,2.09312,17.5751
3,43,0,-50,-50
3,44,0,-50,-50
3,45,0,-50,-50
3,46,0,-50,-50
3,47,0,-50,-50
3,48,0,-50,-50
3,49,0,-50,-50
4,-49,0,-50,-50
4,-48,0,-50,-50
4,-47,5,-0.424353,-23.2557
4,-46,0,-50,-50
4,-45,5,-0.424353,-23.2557
4,-44,0,-50,-50
4,-43,0,-50,-50
4,-42,0,-50,-50
4,-41,0,-50,-50
4,-40,0,-50,-50
4,-39,5,-0.424353,-23.2557
4,-38,5,-0.424353,-23.2557
4,-37,0,-50,-50
4,-36,0,-50,-50
4,-35,5,-0.424353,-23.2557
4,-34,5,-0.424353,-23.2557
4,-33,5,-0.424353,-23.2557
4,-32,5,-0.424353,-23.2557
4,-31,5,-0.424353,-23.2557
4,-30,5,-0.424353,-23.2557
4,-29,5,-0.424353,-23.2557
4,-28,5,-0.424353,-23.2557
4,-27,5,-0.424353,-23.2557
4,-26,5,-0.424353,-23.2557
4,-25,5,-0.424353,-23.2557
4,-24,5,-0.424353,-23.2557
4,-23,5,-0.424353,-23.2557
4,-22,5,-0.424353,-23.2557
4,-21,5,-0.424353,-23.2557
4,-20,5,-0.424353,-23.2557
4,-19,5,-0.424353,-23.2557
4,-18,5,-0.424353,-23.2557
4,-17,5,-0.424353,-23.2557
4,-16,5,-0.424353,-23.2557
4,-15,5,-0.424353,-23.2557
4,-14,5,-0.424353,-23.2557
4,-13,5,-0.424353,-23.2557
4,-12,5,-0.424353,-23.2557
4,-11,5,-0.424353,-23.2557
4,-10,7,3.28255,-1.07213
4,-9,7,3.28255,-1.07213
4,-8,7,3.28255,-1.07213
4,-7,7,3.28255,-1.07213
4,-6,7,3.28255,-1.07213
4,-5,7,3.28255,-1.07213
4,-4,7,3.28255,-1.07213
4,-3,7,3.28255,-1.07213
4,-2,7,3.28255,-1.07213
4,-1,7,3.28255,-1.07213
4,0,7,3.28255,-1.07213
4,1,7,3.28255,-1.07213
4,2,7,3.28255,-1.07213
4,3,7,3.28255,-1.07213
4,4,7,3.28255,-1.07213
4,5,7,3.28255,-1.07213
4,6,7,3.28255,-1.07213
4,7,7,3.28255,-1.07213
4,8,6,2.09312,17.5751
4,9,6,2.09312,17.5751
4,10,6,2.09312,17.5751
4,11,6,2.09312,17.5751
4,12,6,2.09312,17.5751
4,13,6,2.09312,17.5751
4,14,6,2.09312,17.5751
4,15,6,2.09312,17.5751
4,16,6,2.09312,17.5751
4,17,6,2.09312,17.5751
4,18,6,2.09312,17.5751
4,19,6,2.09312,17.5751
4,20,6,2.09312,17.5751
4,21,6,2.09312,17.5751
4,22,6,2.09312,17.5751
4,23,6,2.09312,17.5751
4,24,6,2.09312,17.5751
4,25,6,2.09312,17.5751
4,26,6,2.09312,17.5751
4,27,6,2.09312,17.5751
4,28,6,2.09312,17.5751
4,29,6,2.09312,17.5751
4,30,6,2.09312,17.5751
4,31,6,2.09312,17.5751
4,32,6,2.09312,17.5751
4,33,6,2.09312,17.5751
4,34,0,-50,-50
4,35,6,2.09312,17.5751
4,36,6,2.09312,17.5751
4,37,6,2.09312,17.5751
4,38,6,2.09312,17.5751
4,39,0,-50,-50
4,40,0,-50,-50
4,41,0,-50,-50
4,42,0,-50,-50
4,43,0,-50,-50
4,44,0,-50,-50
4,45,0,-50,-50
4,46,0,-50,-50
4,47,0,-50,-50
4,48,0,-50,-50
4,49,0,-50,-50
5,-49,0,-50,-50
5,-48,0,-50,-50
5,-47,0,-50,-50
5,-46,0,-50,-50
5,-45,0,-50,-50
5,-44,5,-0.424353,-23.2557
5,-43,0,-50,-50
5,-42,0,-50,-50
5,-41,5,-0.424353,-23.2557
5,-40,5,-0.424353,-23.2557
5,-39,5,-0.424353,-23.2557
5,-38,5,-0.424353,-23.2557
5,-37,5,-0.424353,-23.2557
5,-36,5,-0.424353,-23.2557
5,-35,0,-50,-50
5,-34,0,-50,-50
5,-33,5,-0.424353,-23.2557
5,-32,5,-0.424353,-23.2557
5,-31,5,-0.424353,-23.2557
5,-30,5,-0.424353,-23.2557
5,-29,5,-0.424353,-23.2557
5,-28,5,-0.424353,-23.2557
5,-27,5,-0.424353,-23.2557
5,-26,5,-0.424353,-23.2557
5,-25,5,-0.424353,-23.2557
5,-24,5,-0.424353,-23.2557
5,-23,5,-0.424353,-23.2557
5,-22,5,-0.424353,-23.2557
5,-21,5,-0.424353,-23.2557
5,-20,5,-0.424353,-23.2557
5,-19,5,-0.424353,-23.2557
5,-18,5,-0.424353,-23.2557
5,-17,5,-0.424353,-23.2557
5,-16,5,-0.424353,-23.2557
5,-15,5,-0.424353,-23.2557
5,-14,5,-0.424353,-23.2557
5,-13,5,-0.424353,-23.2557
5,-12,5,-0.424353,-23.2557
5,-11,7,3.28255,-1.07213
5,-10,7,3.28255,-1.07213
5,-9,7,3.28255,-1.07213
5,-8,7,3.28255,-1.07213
5,-7,7,3.28255,-1.07213
5,-6,7,3.28255,-1.07213
5,-5,7,3.28255,-1.07213
5,-4,7,3.28255,-1.07213
5,-3,7,3.28255,-1.07213
5,-2,7,3.28255,-1.07213
5,-1,7,3.28255,-1.07213
5,0,7,3.28255,-1.07213
5,1,7,3.28255,-1.07213
5,2,7,3.28255,-1.07213
5,3,7,3.28255,-1.07213
5,4,7,3.28255,-1.07213
5,5,7,3.28255,-1.07213
5,6,7,3.28255,-1.07213
5,7,7,3.28255,-1.07213
5,8,6,2.09312,17.5751
5,9,6,2.09312,17.5751
5,10,6,2.09312,17.5751
5,11,6,2.09312,17.5751
5,12,6,2.09312,17.5751
5,13,6,2.09312,17.5751
5,14,6,2.09312,17.5751
5,15,6,2.09312,17.5751
5,16,6,2.09312,17.5751
5,17,6,2.09312,17.5751
5,18,6,2.09312,17.5751
5,19,6,2.09312,17.5751
5,20,6,2.09312,17.5751
5,21,6,2.09312,17.5751
5,22,6,2.09312,17.5751
5,23,6,2.09312,17.5751
5,24,6,2.09312,17.5751
5,25,6,2.09312,17.5751
5,26,6,2.09312,17.5751
5,27,6,2.09312,17.5751
5,28,6,2.09312,17.5751
5,29,6,2.09312,17.5751
5,30,6,2.09312,17.5751
5,31,6,2.09312,17.5751
5,32,3,12.975,16.0382
5,33,3,12.975,16.0382
5,34,3,12.975,16.0382
5,35,3,12.975,16.0382
5,36,3,12.975,16.0382
5,37,3,12.975,16.0382
5,38,3,12.975,16.0382
5,39,3,12.975,16.0382
5,40,0,-50,-50
5,41,0,-50,-50
5,42,0,-50,-50
5,43,3,12.975,16.0382
5,44,0,-50,-50
5,45,0,-50,-50
5,46,0,-50,-50
5,47,0,-50,-50
5,48,0,-50,-50
5,49,8,23.3672,27.3136
6,-49,0,-50,-50
6,-48,0,-50,-50
6,-47,0,-50,-50
6,-46,0,-50,-50
6,-45,0,-50,-50
6,-44,0,-50,-50
6,-43,0,-50,-50
6,-42,5,-0.424353,-23.2557
6,-41,0,-50,-50
6,-40,5,-0.424353,-23.2557
6,-39,0,-50,-50
6,-38,5,-0.424353,-23.2557
6,-37,5,-0.424353,-23.2557
6,-36,5,-0.424353,-23.2557
6,-35,5,-0.424353,-23.2557
6,-34,5,-0.424353,-23.2557
6,-33,5,-0.424353,-23.2557
6,-32,5,-0.424353,-23.2557
6,-31,5,-0.424353,-23.2557
6,-30,5,-0.424353,-23.2557
6,-29,5,-0.424353,-23.2557
6,-28,5,-0.424353,-23.2557
6,-27,5,-0.424353,-23.2557
6,-26,5,-0.424353,-23.2557
6,-25,5,-0.424353,-23.2557
6,-24,5,-0.424353,-23.2557
6,-23,5,-0.424353,-23.2557
6,-22,5,-0.424353,-23.2557
6,-21,5,-0.424353,-23.2557
6,-20,5,-0.424353,-23.2557
6,-19,5,-0.424353,-23.2557
6,-18,5,-0.424353,-23.2557
6,-17,5,-0.424353,-23.2557
6,-16,5,-0.424353,-23.2557
6,-15,5,-0.424353,-23.2557
6,-14,5,-0.424353,-23.2557
6,-13,5,-0.424353,-23.2557
6,-12,5,-0.424353,-23.2557
6,-11,7,3.28255,-1.07213
6,-10,7,3.28255,-1.07213
6,-9,7,3.28255,-1.07213
6,-8,7,3.28255,-1.07213
6,-7,7,3.28255,-1.07213
6,-6,7,3.28255,-1.07213
6,-5,7,3.28255,-1.07213
6,-4,7,3.28255,-1.07213
6,-3,7,3.28255,-1.07213
6,-2,0,-50,-50
6,-1,7,3.28255,-1.07213
6,0,7,3.28255,-1.07213
6,1,7,3.28255,-1.07213
6,2,7,3.28255,-1.07213
6,3,7,3.28255,-1.07213
6,4,7,3.28255,-1.07213
6,5,7,3.28255,-1.07213
6,6,7,3.28255,-1.07213
6,7,6,2.09312,17.5751
6,8,6,2.09312,17.5751
6,9,6,2.09312,17.5751
6,10,6,2.09312,17.5751
6,11,6,2.09312,17.5751
6,12,6,2.09312,17.5751
6,13,6,2.09312,17.5751
6,14,6,2.09312,17.5751
6,15,6,2.09312,17.5751
6,16,6,2.09312,17.5751
6,17,6,2.09312,17.5751
6,18,6,2.09312,17.5751
6,19,6,2.09312,17.5751
6,20,6,2.09312,17.5751
6,21,6,2.09312,17.5751
6,22,6,2.09312,17.5751
6,23,3,12.975,16.0382
6,24,6,2.09312,17.5751
6,25,6,2.09312,17.5751
6,26,3,12.975,16.0382
6,27,3,12.975,16.0382
6,28,3,12.975,16.0382
6,29,3,12.975,16.0382
6,30,3,12.975,16.0382
6,31,3,12.975,16.0382
6,32,3,12.975,16.0382
6,33,3,12.975,16.0382
6,34,3,12.975,16.0382
6,35,3,12.975,16.0382
6,36,0,-50,-50
6,37,3,12.975,16.0382
6,38,3,12.975,16.0382
6,39,3,12.975,16.0382
6,40,3,12.975,16.0382
6,41,0,-50,-50
6,42,0,-50,-50
6,43,0,-50,-50
6,44,8,23.3672,27.3136
6,45,0,-50,-50
6,46,0,-50,-50
6,47,8,23.3672,27.3136
6,48,0,-50,-50
6,49,0,-50,-50
7,-49,5,-0.424353,-23.2557
7,-48,0,-50,-50
7,-47,0,-50,-50
7,-46,0,-50,-50
7,-45,0,-50,-50
7,-44,0,-50,-50
7,-43,0,-50,-50
7,-42,0,-50,-50
7,-41,5,-0.424353,-23.2557
7,-40,5,-0.424353,-23.2557
7,-39,5,-0.424353,-23.2557
7,-38,5,-0.424353,-23.2557
7,-37,5,-0.424353,-23.2557
7,-36,5,-0.424353,-23.2557
7,-35,5,-0.424353,-23.2557
7,-34,0,-50,-50
7,-33,5,-0.424353,-23.2557
7,-32,5,-0.424353,-23.2557
7,-31,5,-0.424353,-23.2557
7,-30,5,-0.424353,-23.2557
7,-29,5,-0.424353,-23.2557
7,-28,5,-0.424353,-23.2557
7,-27,5,-0.424353,-23.2557
7,-26,5,-0.424353,-23.2557
7,-25,5,-0.424353,-23.2557
7,-24,5,-0.424353,-23.2557
7,-23,5,-0.424353,-23.2557
7,-22,5,-0.424353,-23.2557
7,-21,5,-0.424353,-23.2557
7,-20,5,-0.424353,-23.2557
7,-19,5,-0.424353,-23.2557
7,-18,5,-0.424353,-23.2557
7,-17,5,-0.424353,-23.2557
7,-16,5,-0.424353,-23.2557
7,-15,5,-0.424353,-23.2557
7,-14,5,-0.424353,-23.2557
7,-13,5,-0.424353,-23.2557
7,-12,5,-0.424353,-23.2557
7,-11,5,-0.424353,-23.2557
7,-10,7,3.28255,-1.07213
7,-9,7,3.28255,-1.07213
7,-8,7,3.28255,-1.07213
7,-7,7,3.28255,-1.07213
7,-6,7,3.28255,-1.07213
7,-5,7,3.28255,-1.07213
7,-4,7,3.28255,-1.07213
7,-3,7,3.28255,-1.07213
7,-2,7,3.28255,-1.07213
7,-1,7,3.28255,-1.07213
7,0,7,3.28255,-1.07213
7,1,7,3.28255,-1.07213
7,2,7,3.28255,-1.07213
7,3,7,3.28255,-1.07213
7,4,7,3.28255,-1.07213
7,5,7,3.28255,-1.07213
7,6,7,3.28255,-1.07213
7,7,6,2.09312,17.5751
7,8,6,2.09312,17.5751
7,9,6,2.09312,17.5751
7,10,6,2.09312,17.5751
7,11,6,2.09312,17.5751
7,12,6,2.09312,17.5751
7,13,6,2.09312,17.5751
7,14,6,2.09312,17.5751
7,15,3,12.975,16.0382
7,16,6,2.09312,17.5751
7,17,6,2.09312,17.5751
7,18,3,12.975,16.0382
7,19,3,12.975,16.0382
7,20,3,12.975,16.0382
7,21,3,12.975,16.0382
7,22,3,12.975,16.0382
7,23,3,12.975,16.0382
7,24,3,12.975,16.0382
7,25,3,12.975,16.0382
7,26,3,12.975,16.0382
7,27,3,12.975,16.0382
7,28,3,12.975,16.0382
7,29,3,12.975,16.0382
7,30,3,12.975,16.0382
7,31,3,12.975,16.0382
7,32,3,12.975,16.0382
7,33,3,12.975,16.0382
7,34,3,12.975,16.0382
7,35,3,12.975,16.0382
7,36,3,12.975,16.0382
7,37,0,-50,-50
7,38,3,12.975,16.0382
7,39,3,12.975,16.0382
7,40,3,12.975,16.0382
7,41,0,-50,-50
7,42,0,-50,-50
7,43,0,-50,-50
7,44,0,-50,-50
7,45,0,-50,-50
7,46,8,23.3672,27.3136
7,47,0,-50,-50
7,48,0,-50,-50
7,49,0,-50,-50
8,-49,0,-50,-50
8,-48,5,-0.424353,-23.2557
8,-47,0,-50,-50
8,-46,0,-50,-50
8,-45,0,-50,-50
8,-44,0,-50,-50
8,-43,5,-0.424353,-23.2557
8,-42,0,-50,-50
8,-41,5,-0.424353,-23.2557
8,-40,0,-50,-50
8,-39,5,-0.424353,-23.2557
8,-38,5,-0.424353,-23.2557
8,-37,0,-50,-50
8,-36,5,-0.424353,-23.2557
8,-35,5,-0.424353,-23.2557
8,-34,5,-0.424353,-23.2557
8,-33,0,-50,-50
8,-32,5,-0.424353,-23.2557
8,-31,5,-0.424353,-23.2557
8,-30,5,-0.424353,-23.2557
8,-29,5,-0.424353,-23.2557
8,-28,5,-0.424353,-23.2557
8,-27,5,-0.424353,-23.2557
8,-26,5,-0.424353,-23.2557
8,-25,5,-0.424353,-23.2557
8,-24,5,-0.424353,-23.2557
8,-23,5,-0.424353,-23.2557
8,-22,5,-0.424353,-23.2557
8,-21,5,-0.424353,-23.2557
8,-20,5,-0.424353,-23.2557
8,-19,5,-0.424353,-23.2557
8,-18,5,-0.424353,-23.2557
8,-17,5,-0.424353,-23.2557
8,-16,5,-0.424353,-23.2557
8,-15,5,-0.424353,-23.2557
8,-14,5,-0.424353,-23.2557
8,-13,5,-0.424353,-23.2557
8,-12,5,-0.424353,-23.2557
8,-11,7,3.28255,-1.07213
8,-10,7,3.28255,-1.07213
8,-9,7,3.28255,-1.07213
8,-8,7,3.28255,-1.07213
8,-7,7,3.28255,-1.07213
8,-6,7,3.28255,-1.07213
8,-5,7,3.28255,-1.07213
8,-4,7,3.28255,-1.07213
8,-3,7,3.28255,-1.07213
8,-2,7,3.28255,-1.07213
8,-1,7,3.28255,-1.07213
8,0,7,3.28255,-1.07213
8,1,7,3.28255,-1.07213
8,2,7,3.28255,-1.07213
8,3,7,3.28255,-1.07213
8,4,7,3.28255,-1.07213
8,5,7,3.28255,-1.07213
8,6,6,2.09312,17.5751
8,7,3,12.975,16.0382
8,8,3,12.975,16.0382
8,9,3,12.975,16.0382
8,10,3,12.975,16.0382
8,11,3,12.975,16.0382
8,12,3,12.975,16.0382
8,13,3,12.975,16.0382
8,14,3,12.975,16.0382
8,15,3,12.975,16.0382
8,16,3,12.975,16.0382
8,17,3,12.975,16.0382
8,18,3,12.975,16.0382
8,19,3,12.975,16.0382
8,20,3,12.975,16.0382
8,21,3,12.975,16.0382
8,22,3,12.975,16.0382
8,23,3,12.975,16.0382
8,24,3,12.975,16.0382
8,25,3,12.975,16.0382
8,26,3,12.975,16.0382
8,27,3,12.975,16.0382
8,28,3,12.975,16.0382
8,29,3,12.975,16.0382
8,30,3,12.975,16.0382
8,31,3,12.975,16.0382
8,32,3,12.975,16.0382
8,33,3,12.975,16.0382
8,34,3,12.975,16.0382
8,35,3,12.975,16.0382
8,36,3,12.975,16.0382
8,37,3,12.975,16.0382
8,38,0,-50,-50
8,39,3,12.975,16.0382
8,40,8,23.3672,27.3136
8,41,8,23.3672,27.3136
8,42,0,-50,-50
8,43,8,23.3672,27.3136
8,44,0,-50,-50
8,45,0,-50,-50
8,46,0,-50,-50
8,47,0,-50,-50
8,48,8,23.3672,27.3136
8,49,8,23.3672,27.3136
9,-49,5,-0.424353,-23.2557
9,-48,0,-50,-50
9,-47,0,-50,-50
9,-46,0,-50,-50
9,-45,0,-50,-50
9,-44,5,-0.424353,-23.2557
9,-43,0,-50,-50
9,-42,5,-0.424353,-23.2557
9,-41,0,-50,-50
9,-40,0,-50,-50
9,-39,5,-0.424353,-23.2557
9,-38,0,-50,-50
9,-37,5,-0.424353,-23.2557
9,-36,5,-0.424353,-23.2557
9,-35,5,-0.424353,-23.2557
9,-34,0,-50,-50
9,-33,5,-0.424353,-23.2557
9,-32,5,-0.424353,-23.2557
9,-31,5,-0.424353,-23.2557
9,-30,5,-0.424353,-23.2557
9,-29,5,-0.424353,-23.2557
9,-28,5,-0.424353,-23.2557
9,-27,5,-0.424353,-23.2557
9,-26,5,-0.424353,-23.2557
9,-25,5,-0.424353,-23.2557
9,-24,5,-0.424353,-23.2557
9,-23,5,-0.424353,-23.2557
9,-22,5,-0.424353,-23.2557
9,-21,5,-0.424353,-23.2557
9,-20,5,-0.424353,-23.2557
9,-19,5,-0.424353,-23.2557
9,-18,5,-0.424353,-23.2557
9,-17,5,-0.424353,-23.2557
9,-16,5,-0.424353,-23.2557
9,-15,5,-0.424353,-23.2557
9,-14,5,-0.424353,-23.2557
9,-13,0,-50,-50
9,-12,5,-0.424353,-23.2557
9,-11,7,3.28255,-1.07213
9,-10,7,3.28255,-1.07213
9,-9,7,3.28255,-1.07213
9,-8,7,3.28255,-1.07213
9,-7,7,3.28255,-1.07213
9,-6,7,3.28255,-1.07213
9,-5,7,3.28255,-1.07213
9,-4,7,3.28255,-1.07213
9,-3,7,3.28255,-1.07213
9,-2,7,3.28255,-1.07213
9,-1,7,3.28255,-1.07213
9,0,7,3.28255,-1.07213
9,1,7,3.28255,-1.07213
9,2,7,3.28255,-1.07213
9,3,7,3.28255,-1.07213
9,4,7,3.28255,-1.07213
9,5,7,3.28255,-1.07213
9,6,3,12.975,16.0382
9,7,3,12.975,16.0382
9,8,3,12.975,16.0382
9,9,3,12.975,16.0382
9,10,3,12.975,16.0382
9,11,3,12.975,16.0382
9,12,3,12.975,16.0382
9,13,3,12.975,16.0382
9,14,3,12.975,16.0382
9,15,3,12.975,16.0382
9,16,3,12.975,16.0382
9,17,3,12.975,16.0382
9,18,3,12.975,16.0382
9,19,3,12.975,16.0382
9,20,3,12.975,16.0382
9,21,3,12.975,16.0382
9,22,3,12.975,16.0382
9,23,3,12.975,16.0382
9,24,3,12.975,16.0382
9,25,3,12.975,16.0382
9,26,3,12.975,16.0382
9,27,3,12.975,16.0382
9,28,3,12.975,16.0382
9,29,3,12.975,16.0382
9,30,3,12.975,16.0382
9,31,3,12.975,16.0382
9,32,3,12.975,16.0382
9,33,0,-50,-50
9,34,3,12.975,16.0382
9,35,3,12.975,16.0382
9,36,3,12.975,16.0382
9,37,3,12.975,16.0382
9,38,0,-50,-50
9,39,8,23.3672,27.3136
9,40,0,-50,-50
9,41,0,-50,-50
9,42,0,-50,-50
9,43,0,-50,-50
9,44,8,23.3672,27.3136
9,45,0,-50,-50
9,46,8,23.3672,27.3136
9,47,0,-50,-50
9,48,0,-50,-50
9,49,0,-50,-50
10,-49,5,-0.424353,-23.2557
10,-48,0,-50,-50
10,-47,0,-50,-50
10,-46,0,-50,-50
10,-45,5,-0.424353,-23.2557
10,-44,0,-50,-50
10,-43,0,-50,-50
10,-42,0,-50,-50
10,-41,0,-50,-50
10,-40,0,-50,-50
10,-39,0,-50,-50
10,-38,0,-50,-50
10,-37,5,-0.424353,-23.2557
10,-36,0,-50,-50
10,-35,0,-50,-50
10,-34,5,-0.424353,-23.2557
10,-33,5,-0.424353,-23.2557
10,-32,5,-0.424353,-23.2557
10,-31,5,-0.424353,-23.2557
10,-30,5,-0.424353,-23.2557
10,-29,5,-0.424353,-23.2557
10,-28,5,-0.424353,-23.2557
10,-27,5,-0.424353,-23.2557
10,-26,5,-0.424353,-23.2557
10,-25,5,-0.424353,-23.2557
10,-24,5,-0.424353,-23.2557
10,-23,5,-0.424353,-23.2557
10,-22,5,-0.424353,-23.2557
10,-21,5,-0.424353,-23.2557
10,-20,5,-0.424353,-23.2557
10,-19,5,-0.424353,-23.2557
10,-18,5,-0.424353,-23.2557
10,-17,5,-0.424353,-23.2557
10,-16,5,-0.424353,-23.2557
10,-15,5,-0.424353,-23.2557
10,-14,5,-0.424353,-23.2557
10,-13,0,-50,-50
10,-12,5,-0.424353,-23.2557
10,-11,7,3.28255,-1.07213
10,-10,7,3.28255,-1.07213
10,-9,0,-50,-50
10,-8,7,3.28255,-1.07213
10,-7,7,3.28255,-1.07213
10,-6,0,-50,-50
10,-5,7,3.28255,-1.07213
10,-4,7,3.28255,-1.07213
10,-3,7,3.28255,-1.07213
10,-2,7,3.28255,-1.07213
10,-1,7,3.28255,-1.07213
10,0,7,3.28255,-1.07213
10,1,7,3.28255,-1.07213
10,2,7,3.28255,-1.07213
10,3,7,3.28255,-1.07213
10,4,7,3.28255,-1.07213
10,5,3,12.975,16.0382
10,6,3,12.975,16.0382
10,7,3,12.975,16.0382
10,8,3,12.975,16.0382
10,9,3,12.975,16.0382
10,10,3,12.975,16.0382
10,11,3,12.975,16.0382
10,12,3,12.975,16.0382
10,13,3,12.975,16.0382
10,14,3,12.975,16.0382
10,15,3,12.975,16.0382
10,16,3,12.975,16.0382
10,17,3,12.975,16.0382
10,18,3,12.975,16.0382
10,19,3,12.975,16.0382
10,20,3,12.975,16.0382
10,21,3,12.975,16.0382
10,22,3,12.975,16.0382
10,23,3,12.975,16.0382
10,24,3,12.975,16.0382
10,25,3,12.975,16.0382
10,26,3,12.975,16.0382
10,27,3,12.975,16.0382
10,28,3,12.975,16.0382
10,29,3,12.975,16.0382
10,30,3,12.975,16.0382
10,31,3,12.975,16.0382
10,32,3,12.975,16.0382
10,33,3,12.975,16.0382
10,34,3,12.975,16.0382
10,35,3,12.975,16.0382
10,36,3,12.975,16.0382
10,37,3,12.975,16.0382
10,38,0,-50,-50
10,39,8,23.3672,27.3136
10,40,8,23.3672,27.3136
10,41,0,-50,-50
10,42,0,-50,-50
10,43,0,-50,-50
10,44,8,23.3672,27.3136
10,45,0,-50,-50
10,46,0,-50,-50
10,47,0,-50,-50
10,48,0,-50,-50
10,49,0,-50,-50
11,-49,5,-0.424353,-23.2557
11,-48,0,-50,-50
11,-47,5,-0.424353,-23.2557
11,-46,0,-50,-50
11,-45,0,-50,-50
11,-44,0,-50,-50
11,-43,0,-50,-50
11,-42,0,-50,-50
11,-41,0,-50,-50
11,-40,0,-50,-50
11,-39,0,-50,-50
11,-38,5,-0.424353,-23.2557
11,-37,0,-50,-50
11,-36,5,-0.424353,-23.2557
11,-35,5,-0.424353,-23.2557
11,-34,0,-50,-50
11,-33,5,-0.424353,-23.2557
11,-32,5,-0.424353,-23.2557
11,-31,5,-0.424353,-23.2557
11,-30,5,-0.424353,-23.2557
11,-29,5,-0.424353,-23.2557
11,-28,5,-0.424353,-23.2557
11,-27,5,-0.424353,-23.2557
11,-26,5,-0.424353,-23.2557
11,-25,5,-0.424353,-23.2557
11,-24,5,-0.424353,-23.2557
11,-23,5,-0.424353,-23.2557
11,-22,5,-0.424353,-23.2557
11,-21,5,-0.424353,-23.2557
11,-20,5,-0.424353,-23.2557
11,-19,5,-0.424353,-23.2557
11,-18,0,-50,-50
11,-17,5,-0.424353,-23.2557
11,-16,5,-0.424353,-23.2557
11,-15,0,-50,-50
11,-14,5,-0.424353,-23.2557
11,-13,5,-0.424353,-23.2557
11,-12,5,-0.424353,-23.2557
11,-11,7,3.28255,-1.07213
11,-10,7,3.28255,-1.07213
11,-9,7,3.28255,-1.07213
11,-8,7,3.28255,-1.07213
11,-7,7,3.28255,-1.07213
11,-6,7,3.28255,-1.07213
11,-5,7,3.28255,-1.07213
11,-4,7,3.28255,-1.07213
11,-3,7,3.28255,-1.07213
11,-2,7,3.28255,-1.07213
11,-1,7,3.28255,-1.07213
11,0,7,3.28255,-1.07213
11,1,7,3.28255,-1.07213
11,2,7,3.28255,-1.07213
11,3,7,3.28255,-1.07213
11,4,7,3.28255,-1.07213
11,5,3,12.975,16.0382
11,6,3,12.975,16.0382
11,7,3,12.975,16.0382
11,8,3,12.975,16.0382
11,9,3,12.975,16.0382
11,10,3,12.975,16.0382
11,11,3,12.975,16.0382
11,12,3,12.975,16.0382
11,13,3,12.975,16.0382
11,14,3,12.975,16.0382
11,15,3,12.975,16.0382
11,16,3,12.975,16.0382
11,17,3,12.975,16.0382
11,18,3,12.975,16.0382
11,19,3,12.975,16.0382
11,20,3,12.975,16.0382
11,21,3,12.975,16.0382
11,22,3,12.975,16.0382
11,23,3,12.975,16.0382
11,24,3,12.975,16.0382
11,25,3,12.975,16.0382
11,26,3,12.975,16.0382
11,27,3,12.975,16.0382
11,28,3,12.975,16.0382
11,29,3,12.975,16.0382
11,30,3,12.975,16.0382
11,31,3,12.975,16.0382
11,32,3,12.975,16.0382
11,33,3,12.975,16.0382
11,34,3,12.975,16.0382
11,35,3,12.975,16.0382
11,36,8,23.3672,27.3136
11,37,8,23.3672,27.3136
11,38,8,23.3672,27.3136
11,39,8,23.3672,27.3136
11,40,8,23.3672,27.3136
11,41,0,-50,-50
11,42,8,23.3672,27.3136
11,43,8,23.3672,27.3136
11,44,0,-50,-50
11,45,0,-50,-50
11,46,8,23.3672,27.3136
11,47,0,-50,-50
11,48,0,-50,-50
11,49,0,-50,-50
12,-49,0,-50,-50
12,-48,0,-50,-50
12,-47,0,-50,-50
12,-46,0,-50,-50
12,-45,0,-50,-50
12,-44,5,-0.424353,-23.2557
12,-43,5,-0.424353,-23.2557
12,-42,0,-50,-50
12,-41,5,-0.424353,-23.2557
12,-40,5,-0.424353,-23.2557
12,-39,0,-50,-50
12,-38,0,-50,-50
12,-37,0,-50,-50
12,-36,0,-50,-50
12,-35,5,-0.424353,-23.2557
12,-34,5,-0.424353,-23.2557
12,-33,0,-50,-50
12,-32,5,-0.424353,-23.2557
12,-31,5,-0.424353,-23.2557
12,-30,5,-0.424353,-23.2557
12,-29,5,-0.424353,-23.2557
12,-28,5,-0.424353,-23.2557
12,-27,5,-0.424353,-23.2557
12,-26,5,-0.424353,-23.2557
12,-25,5,-0.424353,-23.2557
12,-24,5,-0.424353,-23.2557
12,-23,5,-0.424353,-23.2557
12,-22,5,-0.424353,-23.2557
12,-21,5,-0.424353,-23.2557
12,-20,5,-0.424353,-23.2557
12,-19,0,-50,-50
12,-18,5,-0.424353,-23.2557
12,-17,5,-0.424353,-23.2557
12,-16,0,-50,-50
12,-15,5,-0.424353,-23.2557
12,-14,5,-0.424353,-23.2557
12,-13,5,-0.424353,-23.2557
12,-12,5,-0.424353,-23.2557
12,-11,7,3.28255,-1.07213
12,-10,7,3.28255,-1.07213
12,-9,7,3.28255,-1.07213
12,-8,7,3.28255,-1.07213
12,-7,7,3.28255,-1.07213
12,-6,7,3.28255,-1.07213
12,-5,7,3.28255,-1.07213
12,-4,7,3.28255,-1.07213
12,-3,7,3.28255,-1.07213
12,-2,7,3.28255,-1.07213
12,-1,7,3.28255,-1.07213
12,0,7,3.28255,-1.07213
12,1,7,3.28255,-1.07213
12,2,7,3.28255,-1.07213
12,3,7,3.28255,-1.07213
12,4,3,12.975,16.0382
12,5,3,12.975,16.0382
12,6,3,12.975,16.0382
12,7,3,12.975,16.0382
12,8,3,12.975,16.0382
12,9,3,12.975,16.0382
12,10,3,12.975,16.0382
12,11,3,12.975,16.0382
12,12,3,12.975,16.0382
12,13,3,12.975,16.0382
12,14,3,12.975,16.0382
12,15,3,12.975,16.0382
12,16,3,12.975,16.0382
12,17,3,12.975,16.0382
12,18,3,12.975,16.0382
12,19,3,12.975,16.0382
12,20,3,12.975,16.0382
12,21,3,12.975,16.0382
12,22,3,12.975,16.0382
12,23,3,12.975,16.0382
12,24,3,12.975,16.0382
12,25,3,12.975,16.0382
12,26,3,12.975,16.0382
12,27,3,12.975,16.0382
12,28,3,12.975,16.0382
12,29,3,12.975,16.0382
12,30,3,12.975,16.0382
12,31,3,12.975,16.0382
12,32,3,12.975,16.0382
12,33,3,12.975,16.0382
12,34,3,12.975,16.0382
12,35,0,-50,-50
12,36,8,23.3672,27.3136
12,37,8,23.3672,27.3136
12,38,0,-50,-50
12,39,0,-50,-50
12,40,8,23.3672,27.3136
12,41,0,-50,-50
12,42,8,23.3672,27.3136
12,43,0,-50,-50
12,44,0,-50,-50
12,45,8,23.3672,27.3136
12,46,8,23.3672,27.3136
12,47,0,-50,-50
12,48,0,-50,-50
12,49,0,-50,-50
13,-49,5,-0.424353,-23.2557
13,-48,0,-50,-50
13,-47,0,-50,-50
13,-46,0,-50,-50
13,-45,5,-0.424353,-23.2557
13,-44,0,-50,-50
13,-43,0,-50,-50
13,-42,0,-50,-50
13,-41,0,-50,-50
13,-40,0,-50,-50
13,-39,0,-50,-50
13,-38,5,-0.424353,-23.2557
13,-37,0,-50,-50
13,-36,0,-50,-50
13,-35,0,-50,-50
13,-34,5,-0.424353,-23.2557
13,-33,5,-0.424353,-23.2557
13,-32,0,-50,-50
13,-31,5,-0.424353,-23.2557
13,-30,5,-0.424353,-23.2557
13,-29,0,-50,-50
13,-28,5,-0.424353,-23.2557
13,-27,5,-0.424353,-23.2557
13,-26,0,-50,-50
13,-25,5,-0.424353,-23.2557
13,-24,5,-0.424353,-23.2557
13,-23,5,-0.424353,-23.2557
13,-22,5,-0.424353,-23.2557
13,-21,5,-0.424353,-23.2557
13,-20,5,-0.424353,-23.2557
13,-19,5,-0.424353,-23.2557
13,-18,5,-0.424353,-23.2557
13,-17,5,-0.424353,-23.2557
13,-16,5,-0.424353,-23.2557
13,-15,5,-0.424353,-23.2557
13,-14,0,-50,-50
13,-13,5,-0.424353,-23.2557
13,-12,5,-0.424353,-23.2557
13,-11,7,3.28255,-1.07213
13,-10,7,3.28255,-1.07213
13,-9,7,3.28255,-1.07213
13,-8,7,3.28255,-1.07213
13,-7,0,-50,-50
13,-6,7,3.28255,-1.07213
13,-5,7,3.28255,-1.07213
13,-4,7,3.28255,-1.07213
13,-3,7,3.28255,-1.07213
13,-2,7,3.28255,-1.07213
13,-1,7,3.28255,-1.07213
13,0,7,3.28255,-1.07213
13,1,7,3.28255,-1.07213
13,2,7,3.28255,-1.07213
13,3,0,-50,-50
13,4,3,12.975,16.0382
13,5,3,12.975,16.0382
13,6,3,12.975,16.0382
13,7,3,12.975,16.0382
13,8,3,12.975,16.0382
13,9,3,12.975,16.0382
13,10,3,12.975,16.0382
13,11,3,12.975,16.0382
13,12,3,12.975,16.0382
13,13,3,12.975,16.0382
13,14,3,12.975,16.0382
13,15,3,12.975,16.0382
13,16,3,12.975,16.0382
13,17,3,12.975,16.0382
13,18,3,12.975,16.0382
13,19,3,12.975,16.0382
13,20,3,12.975,16.0382
13,21,3,12.975,16.0382
13,22,3,12.975,16.0382
13,23,3,12.975,16.0382
13,24,3,12.975,16.0382
13,25,3,12.975,16.0382
13,26,3,12.975,16.0382
13,27,3,12.975,16.0382
13,28,3,12.975,16.0382
13,29,3,12.975,16.0382
13,30,3,12.975,16.0382
13,31,3,12.975,16.0382
13,32,3,12.975,16.0382
13,33,3,12.975,16.0382
13,34,8,23.3672,27.3136
13,35,8,23.3672,27.3136
13,36,8,23.3672,27.3136
13,37,0,-50,-50
13,38,8,23.3672,27.3136
13,39,0,-50,-50
13,40,8,23.3672,27.3136
13,41,8,23.3672,27.3136
13,42,8,23.3672,27.3136
13,43,8,23.3672,27.3136
13,44,0,-50,-50
13,45,0,-50,-50
13,46,0,-50,-50
13,47,0,-50,-50
13,48,0,-50,-50
13,49,0,-50,-50
14,-49,0,-50,-50
14,-48,0,-50,-50
14,-47,0,-50,-50
14,-46,0,-50,-50
14,-45,5,-0.424353,-23.2557
14,-44,0,-50,-50
14,-43,0,-50,-50
14,-42,0,-50,-50
14,-41,0,-50,-50
14,-40,5,-0.424353,-23.2557
14,-39,0,-50,-50
14,-38,0,-50,-50
14,-37,5,-0.424353,-23.2557
14,-36,0,-50,-50
14,-35,5,-0.424353,-23.2557
14,-34,0,-50,-50
14,-33,0,-50,-50
14,-32,5,-0.424353,-23.2557
14,-31,5,-0.424353,-23.2557
14,-30,5,-0.424353,-23.2557
14,-29,5,-0.424353,-23.2557
14,-28,5,-0.424353,-23.2557
14,-27,5,-0.424353,-23.2557
14,-26,5,-0.424353,-23.2557
14,-25,5,-0.424353,-23.2557
14,-24,5,-0.424353,-23.2557
14,-23,0,-50,-50
14,-22,0,-50,-50
14,-21,5,-0.424353,-23.2557
14,-20,0,-50,-50
14,-19,5,-0.424353,-23.2557
14,-18,5,-0.424353,-23.2557
14,-17,5,-0.424353,-23.2557
14,-16,5,-0.424353,-23.2557
14,-15,5,-0.424353,-23.2557
14,-14,5,-0.424353,-23.2557
14,-13,0,-50,-50
14,-12,0,-50,-50
14,-11,0,-50,-50
14,-10,7,3.28255,-1.07213
14,-9,7,3.28255,-1.07213
14,-8,7,3.28255,-1.07213
14,-7,7,3.28255,-1.07213
14,-6,7,3.28255,-1.07213
14,-5,0,-50,-50
14,-4,7,3.28255,-1.07213
14,-3,7,3.28255,-1.07213
14,-2,7,3.28255,-1.07213
14,-1,7,3.28255,-1.07213
14,0,7,3.28255,-1.07213
14,1,7,3.28255,-1.07213
14,2,7,3.28255,-1.07213
14,3,3,12.975,16.0382
14,4,3,12.975,16.0382
14,5,3,12.975,16.0382
14,6,3,12.975,16.0382
14,7,3,12.975,16.0382
14,8,3,12.975,16.0382
14,9,3,12.975,16.0382
14,10,3,12.975,16.0382
14,11,3,12.975,16.0382
14,12,3,12.975,16.0382
14,13,3,12.975,16.0382
14,14,3,12.975,16.0382
14,15,3,12.975,16.0382
14,16,3,12.975,16.0382
14,17,3,12.975,16.0382
14,18,3,12.975,16.0382
14,19,3,12.975,16.0382
14,20,3,12.975,16.0382
14,21,3,12.975,16.0382
14,22,3,12.975,16.0382
14,23,3,12.975,16.0382
14,24,3,12.975,16.0382
14,25,3,12.975,16.0382
14,26,3,12.975,16.0382
14,27,3,12.975,16.0382
14,28,3,12.975,16.0382
14,29,3,12.975,16.0382
14,30,3,12.975,16.0382
14,31,8,23.3672,27.3136
14,32,8,23.3672,27.3136
14,33,8,23.3672,27.3136
14,34,8,23.3672,27.3136
14,35,8,23.3672,27.3136
14,36,0,-50,-50
14,37,8,23.3672,27.3136
14,38,0,-50,-50
14,39,0,-50,-50
14,40,0,-50,-50
14,41,0,-50,-50
14,42,8,23.3672,27.3136
14,43,0,-50,-50
14,44,0,-50,-50
14,45,0,-50,-50
14,46,0,-50,-50
14,47,0,-50,-50
14,48,0,-50,-50
14,49,8,23.3672,27.3136
15,-49,0,-50,-50
15,-48,0,-50,-50
15,-47,0,-50,-50
15,-46,0,-50,-50
15,-45,0,-50,-50
15,-44,0,-50,-50
15,-43,0,-50,-50
15,-42,0,-50,-50
15,-41,0,-50,-50
15,-40,5,-0.424353,-23.2557
15,-39,0,-50,-50
15,-38,5,-0.424353,-23.2557
15,-37,0,-50,-50
15,-36,0,-50,-50
15,-35,0,-50,-50
15,-34,0,-50,-50
15,-33,5,-0.424353,-23.2557
15,-32,5,-0.424353,-23.2557
15,-31,5,-0.424353,-23.2557
15,-30,5,-0.424353,-23.2557
15,-29,5,-0.424353,-23.2557
15,-28,5,-0.424353,-23.2557
15,-27,0,-50,-50
15,-26,5,-0.424353,-23.2557
15,-25,0,-50,-50
15,-24,5,-0.424353,-23.2557
15,-23,5,-0.424353,-23.2557
15,-22,0,-50,-50
15,-21,5,-0.424353,-23.2557
15,-20,5,-0.424353,-23.2557
15,-19,5,-0.424353,-23.2557
15,-18,5,-0.424353,-23.2557
15,-17,5,-0.424353,-23.2557
15,-16,5,-0.424353,-23.2557
15,-15,5,-0.424353,-23.2557
15,-14,5,-0.424353,-23.2557
15,-13,0,-50,-50
15,-12,0,-50,-50
15,-11,0,-50,-50
15,-10,7,3.28255,-1.07213
15,-9,7,3.28255,-1.07213
15,-8,0,-50,-50
15,-7,7,3.28255,-1.07213
15,-6,7,3.28255,-1.07213
15,-5,0,-50,-50
15,-4,7,3.28255,-1.07213
15,-3,7,3.28255,-1.07213
15,-2,7,3.28255,-1.07213
15,-1,0,-50,-50
15,0,7,3.28255,-1.07213
15,1,7,3.28255,-1.07213
15,2,3,12.975,16.0382
15,3,3,12.975,16.0382
15,4,3,12.975,16.0382
15,5,3,12.975,16.0382
15,6,3,12.975,16.0382
15,7,3,12.975,16.0382
15,8,3,12.975,16.0382
15,9,3,12.975,16.0382
15,10,3,12.975,16.0382
15,11,3,12.975,16.0382
15,12,3,12.975,16.0382
15,13,3,12.975,16.0382
15,14,3,12.975,16.0382
15,15,3,12.975,16.0382
15,16,3,12.975,16.0382
15,17,3,12.975,16.0382
15,18,3,12.975,16.0382
15,19,3,12.975,16.0382
15,20,3,12.975,16.0382
15,21,3,12.975,16.0382
15,22,3,12.975,16.0382
15,23,3,12.975,16.0382
15,24,3,12.975,16.0382
15,25,3,12.975,16.0382
15,26,3,12.975,16.0382
15,27,3,12.975,16.0382
15,28,3,12.975,16.0382
15,29,3,12.975,16.0382
15,30,8,23.3672,27.3136
15,31,8,23.3672,27.3136
15,32,8,23.3672,27.3136
15,33,0,-50,-50
15,34,8,23.3672,27.3136
15,35,8,23.3672,27.3136
15,36,0,-50,-50
15,37,0,-50,-50
15,38,8,23.3672,27.3136
15,39,0,-50,-50
15,40,8,23.3672,27.3136
15,41,0,-50,-50
15,42,0,-50,-50
15,43,0,-50,-50
15,44,8,23.3672,27.3136
15,45,0,-50,-50
15,46,0,-50,-50
15,47,8,23.3672,27.3136
15,48,0,-50,-50
15,49,0,-50,-50
16,-49,0,-50,-50
16,-48,0,-50,-50
16,-47,0,-50,-50
16,-46,0,-50,-50
16,-45,5,-0.424353,-23.2557
16,-44,5,-0.424353,-23.2557
16,-43,0,-50,-50
16,-42,0,-50,-50
16,-41,0,-50,-50
16,-40,0,-50,-50
16,-39,5,-0.424353,-23.2557
16,-38,5,-0.424353,-23.2557
16,-37,5,-0.424353,-23.2557
16,-36,0,-50,-50
16,-35,5,-0.424353,-23.2557
16,-34,0,-50,-50
16,-33,5,-0.424353,-23.2557
16,-32,0,-50,-50
16,-31,5,-0.424353,-23.2557
16,-30,5,-0.424353,-23.2557
16,-29,0,-50,-50
16,-28,5,-0.424353,-23.2557
16,-27,5,-0.424353,-23.2557
16,-26,5,-0.424353,-23.2557
16,-25,5,-0.424353,-23.2557
16,-24,5,-0.424353,-23.2557
16,-23,5,-0.424353,-23.2557
16,-22,5,-0.424353,-23.2557
16,-21,5,-0.424353,-23.2557
16,-20,5,-0.424353,-23.2557
16,-19,0,-50,-50
16,-18,0,-50,-50
16,-17,5,-0.424353,-23.2557
16,-16,5,-0.424353,-23.2557
16,-15,0,-50,-50
16,-14,5,-0.424353,-23.2557
16,-13,5,-0.424353,-23.2557
16,-12,0,-50,-50
16,-11,7,3.28255,-1.07213
16,-10,7,3.28255,-1.07213
16,-9,7,3.28255,-1.07213
16,-8,7,3.28255,-1.07213
16,-7,7,3.28255,-1.07213
16,-6,7,3.28255,-1.07213
16,-5,0,-50,-50
16,-4,7,3.28255,-1.07213
16,-3,7,3.28255,-1.07213
16,-2,0,-50,-50
16,-1,7,3.28255,-1.07213
16,0,0,-50,-50
16,1,3,12.975,16.0382
16,2,3,12.975,16.0382
16,3,3,12.975,16.0382
16,4,3,12.975,16.0382
16,5,3,12.975,16.0382
16,6,3,12.975,16.0382
16,7,3,12.975,16.0382
16,8,3,12.975,16.0382
16,9,3,12.975,16.0382
16,10,3,12.975,16.0382
16,11,3,12.975,16.0382
16,12,3,12.975,16.0382
16,13,3,12.975,16.0382
16,14,3,12.975,16.0382
16,15,3,12.975,16.0382
16,16,3,12.975,16.0382
16,17,3,12.975,16.0382
16,18,3,12.975,16.0382
16,19,3,12.975,16.0382
16,20,3,12.975,16.0382
16,21,3,12.975,16.0382
16,22,3,12.975,16.0382
16,23,3,12.975,16.0382
16,24,3,12.975,16.0382
16,25,3,12.975,16.0382
16,26,3,12.975,16.0382
16,27,3,12.975,16.0382
16,28,3,12.975,16.0382
16,29,3,12.975,16.0382
16,30,8,23.3672,27.3136
16,31,0,-50,-50
16,32,0,-50,-50
16,33,8,23.3672,27.3136
16,34,8,23.3672,27.3136
16,35,0,-50,-50
16,36,8,23.3672,27.3136
16,37,8,23.3672,27.3136
16,38,0,-50,-50
16,39,0,-50,-50
16,40,8,23.3672,27.3136
16,41,8,23.3672,27.3136
16,42,8,23.3672,27.3136
16,43,0,-50,-50
16,44,0,-50,-50
16,45,0,-50,-50
16,46,0,-50,-50
16,47,0,-50,-50
16,48,0,-50,-50
16,49,0,-50,-50
17,-49,0,-50,-50
17,-48,5,-0.424353,-23.2557
17,-47,0,-50,-50
17,-46,0,-50,-50
17,-45,0,-50,-50
17,-44,5,-0.424353,-23.2557
17,-43,0,-50,-50
17,-42,0,-50,-50
17,-41,0,-50,-50
17,-40,0,-50,-50
17,-39,0,-50,-50
17,-38,0,-50,-50
17,-37,0,-50,-50
17,-36,0,-50,-50
17,-35,0,-50,-50
17,-34,5,-0.424353,-23.2557
17,-33,0,-50,-50
17,-32,0,-50,-50
17,-31,0,-50,-50
17,-30,5,-0.424353,-23.2557
17,-29,5,-0.424353,-23.2557
17,-28,0,-50,-50
17,-27,5,-0.424353,-23.2557
17,-26,5,-0.424353,-23.2557
17,-25,0,-50,-50
17,-24,5,-0.424353,-23.2557
17,-23,5,-0.424353,-23.2557
17,-22,0,-50,-50
17,-21,5,-0.424353,-23.2557
17,-20,0,-50,-50
17,-19,5,-0.424353,-23.2557
17,-18,5,-0.424353,-23.2557
17,-17,0,-50,-50
17,-16,0,-50,-50
17,-15,5,-0.424353,-23.2557
17,-14,5,-0.424353,-23.2557
17,-13,5,-0.424353,-23.2557
17,-12,5,-0.424353,-23.2557
17,-11,7,3.28255,-1.07213
17,-10,7,3.28255,-1.07213
17,-9,7,3.28255,-1.07213
17,-8,7,3.28255,-1.07213
17,-7,7,3.28255,-1.07213
17,-6,0,-50,-50
17,-5,7,3.28255,-1.07213
17,-4,0,-50,-50
17,-3,7,3.28255,-1.07213
17,-2,0,-50,-50
17,-1,7,3.28255,-1.07213
17,0,7,3.28255,-1.07213
17,1,3,12.975,16.0382
17,2,3,12.975,16.0382
17,3,3,12.975,16.0382
17,4,3,12.975,16.0382
17,5,3,12.975,16.0382
17,6,3,12.975,16.0382
17,7,3,12.975,16.0382
17,8,3,12.975,16.0382
17,9,3,12.975,16.0382
17,10,3,12.975,16.0382
17,11,3,12.975,16.0382
17,12,3,12.975,16.0382
17,13,3,12.975,16.0382
17,14,3,12.975,16.0382
17,15,3,12.975,16.0382
17,16,3,12.975,16.0382
17,17,3,12.975,16.0382
17,18,3,12.975,16.0382
17,19,3,12.975,16.0382
17,20,3,12.975,16.0382
17,21,3,12.975,16.0382
17,22,3,12.975,16.0382
17,23,3,12.975,16.0382
17,24,3,12.975,16.0382
17,25,3,12.975,16.0382
17,26,3,12.975,16.0382
17,27,3,12.975,16.0382
17,28,8,23.3672,27.3136
17,29,8,23.3672,27.3136
17,30,8,23.3672,27.3136
17,31,8,23.3672,27.3136
17,32,8,23.3672,27.3136
17,33,8,23.3672,27.3136
17,34,0,-50,-50
17,35,8,23.3672,27.3136
17,36,8,23.3672,27.3136
17,37,8,23.3672,27.3136
17,38,0,-50,-50
17,39,8,23.3672,27.3136
17,40,8,23.3672,27.3136
17,41,8,23.3672,27.3136
17,42,0,-50,-50
17,43,0,-50,-50
17,44,0,-50,-50
17,45,0,-50,-50
17,46,0,-50,-50
17,47,0,-50,-50
17,48,0,-50,-50
17,49,0,-50,-50
18,-49,0,-50,-50
18,-48,0,-50,-50
18,-47,0,-50,-50
18,-46,0,-50,-50
18,-45,0,-50,-50
18,-44,0,-50,-50
18,-43,0,-50,-50
18,-42,0,-50,-50
18,-41,0,-50,-50
18,-40,0,-50,-50
18,-39,0,-50,-50
18,-38,0,-50,-50
18,-37,0,-50,-50
18,-36,5,-0.424353,-23.2557
18,-35,0,-50,-50
18,-34,0,-50,-50
18,-33,0,-50,-50
18,-32,5,-0.424353,-23.2557
18,-31,5,-0.424353,-23.2557
18,-30,5,-0.424353,-23.2557
18,-29,5,-0.424353,-23.2557
18,-28,0,-50,-50
18,-27,0,-50,-50
18,-26,5,-0.424353,-23.2557
18,-25,0,-50,-50
18,-24,5,-0.424353,-23.2557
18,-23,5,-0.424353,-23.2557
18,-22,0,-50,-50
18,-21,0,-50,-50
18,-20,5,-0.424353,-23.2557
18,-19,5,-0.424353,-23.2557
18,-18,5,-0.424353,-23.2557
18,-17,0,-50,-50
18,-16,5,-0.424353,-23.2557
18,-15,5,-0.424353,-23.2557
18,-14,5,-0.424353,-23.2557
18,-13,5,-0.424353,-23.2557
18,-12,0,-50,-50
18,-11,0,-50,-50
18,-10,0,-50,-50
18,-9,7,3.28255,-1.07213
18,-8,0,-50,-50
18,-7,0,-50,-50
18,-6,0,-50,-50
18,-5,7,3.28255,-1.07213
18,-4,7,3.28255,-1.07213
18,-3,7,3.28255,-1.07213
18,-2,7,3.28255,-1.07213
18,-1,7,3.28255,-1.07213
18,0,3,12.975,16.0382
18,1,3,12.975,16.0382
18,2,3,12.975,16.0382
18,3,3,12.975,16.0382
18,4,3,12.975,16.0382
18,5,3,12.975,16.0382
18,6,3,12.975,16.0382
18,7,3,12.975,16.0382
18,8,3,12.975,16.0382
18,9,3,12.975,16.0382
18,10,3,12.975,16.0382
18,11,3,12.975,16.0382
18,12,3,12.975,16.0382
18,13,3,12.975,16.0382
18,14,3,12.975,16.0382
18,15,3,12.975,16.0382
18,16,3,12.975,16.0382
18,17,3,12.975,16.0382
18,18,3,12.975,16.0382
18,19,3,12.975,16.0382
18,20,3,12.975,16.0382
18,21,3,12.975,16.0382
18,22,3,12.975,16.0382
18,23,3,12.975,16.0382
18,24,3,12.975,16.0382
18,25,3,12.975,16.0382
18,26,3,12.975,16.0382
18,27,8,23.3672,27.3136
18,28,8,23.3672,27.3136
18,29,8,23.3672,27.3136
18,30,8,23.3672,27.3136
18,31,8,23.3672,27.3136
18,32,0,-50,-50
18,33,0,-50,-50
18,34,8,23.3672,27.3136
18,35,0,-50,-50
18,36,0,-50,-50
18,37,0,-50,-50
18,38,8,23.3672,27.3136
18,39,0,-50,-50
18,40,0,-50,-50
18,41,8,23.3672,27.3136
18,42,0,-50,-50
18,43,0,-50,-50
18,44,0,-50,-50
18,45,0,-50,-50
18,46,0,-50,-50
18,47,0,-50,-50
18,48,0,-50,-50
18,49,8,23.3672,27.3136
19,-49,0,-50,-50
19,-48,0,-50,-50
19,-47,0,-50,-50
19,-46,0,-50,-50
19,-45,0,-50,-50
19,-44,0,-50,-50
19,-43,0,-50,-50
19,-42,0,-50,-50
19,-41,0,-50,-50
19,-40,0,-50,-50
19,-39,5,-0.424353,-23.2557
19,-38,0,-50,-50
19,-37,5,-0.424353,-23.2557
19,-36,5,-0.424353,-23.2557
19,-35,0,-50,-50
19,-34,5,-0.424353,-23.2557
19,-33,0,-50,-50
19,-32,0,-50,-50
19,-31,5,-0.424353,-23.2557
19,-30,5,-0.424353,-23.2557
19,-29,0,-50,-50
19,-28,5,-0.424353,-23.2557
19,-27,0,-50,-50
19,-26,5,-0.424353,-23.2557
19,-25,0,-50,-50
19,-24,5,-0.424353,-23.2557
19,-23,0,-50,-50
19,-22,5,-0.424353,-23.2557
19,-21,5,-0.424353,-23.2557
19,-20,5,-0.424353,-23.2557
19,-19,5,-0.424353,-23.2557
19,-18,5,-0.424353,-23.2557
19,-17,0,-50,-50
19,-16,0,-50,-50
19,-15,5,-0.424353,-23.2557
19,-14,5,-0.424353,-23.2557
19,-13,5,-0.424353,-23.2557
19,-12,0,-50,-50
19,-11,0,-50,-50
19,-10,7,3.28255,-1.07213
19,-9,0,-50,-50
19,-8,7,3.28255,-1.07213
19,-7,0,-50,-50
19,-6,7,3.28255,-1.07213
19,-5,7,3.28255,-1.07213
19,-4,7,3.28255,-1.07213
19,-3,7,3.28255,-1.07213
19,-2,7,3.28255,-1.07213
19,-1,3,12.975,16.0382
19,0,3,12.975,16.0382
19,1,3,12.975,16.0382
19,2,3,12.975,16.0382
19,3,3,12.975,16.0382
19,4,3,12.975,16.0382
19,5,3,12.975,16.0382
19,6,3,12.975,16.0382
19,7,3,12.975,16.0382
19,8,3,12.975,16.0382
19,9,3,12.975,16.0382
19,10,3,12.975,16.0382
19,11,3,12.975,16.0382
19,12,3,12.975,16.0382
19,13,3,12.975,16.0382
19,14,3,12.975,16.0382
19,15,3,12.975,16.0382
19,16,3,12.975,16.0382
19,17,3,12.975,16.0382
19,18,3,12.975,16.0382
19,19,3,12.975,16.0382
19,20,3,12.975,16.0382
19,21,3,12.975,16.0382
19,22,3,12.975,16.0382
19,23,3,12.975,16.0382
19,24,3,12.975,16.0382
19,25,8,23.3672,27.3136
19,26,8,23.3672,27.3136
19,27,8,23.3672,27.3136
19,28,8,23.3672,27.3136
19,29,8,23.3672,27.3136
19,30,8,23.3672,27.3136
19,31,8,23.3672,27.3136
19,32,8,23.3672,27.3136
19,33,0,-50,-50
19,34,8,23.3672,27.3136
19,35,8,23.3672,27.3136
19,36,8,23.3672,27.3136
19,37,0,-50,-50
19,38,0,-50,-50
19,39,8,23.3672,27.3136
19,40,8,23.3672,27.3136
19,41,8,23.3672,27.3136
19,42,0,-50,-50
19,43,0,-50,-50
19,44,0,-50,-50
19,45,0,-50,-50
19,46,0,-50,-50
19,47,0,-50,-50
19,48,0,-50,-50
19,49,8,23.3672,27.3136
20,-49,0,-50,-50
20,-48,0,-50,-50
20,-47,0,-50,-50
20,-46,0,-50,-50
20,-45,0,-50,-50
20,-44,0,-50,-50
20,-43,0,-50,-50
20,-42,0,-50,-50
20,-41,0,-50,-50
20,-40,0,-50,-50
20,-39,0,-50,-50
20,-38,0,-50,-50
20,-37,0,-50,-50
20,-36,0,-50,-50
20,-35,5,-0.424353,-23.2557
20,-34,0,-50,-50
20,-33,5,-0.424353,-23.2557
20,-32,0,-50,-50
20,-31,0,-50,-50
20,-30,5,-0.424353,-23.2557
20,-29,0,-50,-50
20,-28,5,-0.424353,-23.2557
20,-27,0,-50,-50
20,-26,0,-50,-50
20,-25,5,-0.424353,-23.2557
20,-24,0,-50,-50
20,-23,0,-50,-50
20,-22,5,-0.424353,-23.2557
20,-21,5,-0.424353,-23.2557
20,-20,5,-0.424353,-23.2557
20,-19,0,-50,-50
20,-18,0,-50,-50
20,-17,0,-50,-50
20,-16,0,-50,-50
20,-15,0,-50,-50
20,-14,0,-50,-50
20,-13,5,-0.424353,-23.2557
20,-12,0,-50,-50
20,-11,0,-50,-50
20,-10,7,3.28255,-1.07213
20,-9,0,-50,-50
20,-8,0,-50,-50
20,-7,7,3.28255,-1.07213
20,-6,0,-50,-50
20,-5,0,-50,-50
20,-4,0,-50,-50
20,-3,7,3.28255,-1.07213
20,-2,0,-50,-50
20,-1,0,-50,-50
20,0,3,12.975,16.0382
20,1,3,12.975,16.0382
20,2,3,12.975,16.0382
20,3,3,12.975,16.0382
20,4,3,12.975,16.0382
20,5,3,12.975,16.0382
20,6,3,12.975,16.0382
20,7,3,12.975,16.0382
20,8,3,12.975,16.0382
20,9,3,12.975,16.0382
20,10,3,12.975,16.0382
20,11,3,12.975,16.0382
20,12,3,12.975,16.0382
20,13,3,12.975,16.0382
20,14,3,12.975,16.0382
20,15,3,12.975,16.0382
20,16,3,12.975,16.0382
20,17,3,12.975,16.0382
20,18,3,12.975,16.0382
20,19,3,12.975,16.0382
20,20,3,12.975,16.0382
20,21,3,12.975,16.0382
20,22,3,12.975,16.0382
20,23,3,12.975,16.0382
20,24,8,23.3672,27.3136
20,25,8,23.3672,27.3136
20,26,8,23.3672,27.3136
20,27,8,23.3672,27.3136
20,28,8,23.3672,27.3136
20,29,8,23.3672,27.3136
20,30,8,23.3672,27.3136
20,31,8,23.3672,27.3136
20,32,8,23.3672,27.3136
20,33,8,23.3672,27.3136
20,34,8,23.3672,27.3136
20,35,0,-50,-50
20,36,8,23.3672,27.3136
20,37,0,-50,-50
20,38,0,-50,-50
20,39,8,23.3672,27.3136
20,40,0,-50,-50
20,41,0,-50,-50
20,42,8,23.3672,27.3136
20,43,8,23.3672,27.3136
20,44,0,-50,-50
20,45,8,23.3672,27.3136
20,46,0,-50,-50
20,47,0,-50,-50
20,48,0,-50,-50
20,49,0,-50,-50
21,-49,0,-50,-50
21,-48,0,-50,-50
21,-47,0,-50,-50
21,-46,0,-50,-50
21,-45,0,-50,-50
21,-44,5,-0.424353,-23.2557
21,-43,0,-50,-50
21,-42,5,-0.424353,-23.2557
21,-41,0,-50,-50
21,-40,0,-50,-50
21,-39,0,-50,-50
21,-38,0,-50,-50
21,-37,0,-50,-50
21,-36,0,-50,-50
21,-35,0,-50,-50
21,-34,5,-0.424353,-23.2557
21,-33,5,-0.424353,-23.2557
21,-32,5,-0.424353,-23.2557
21,-31,0,-50,-50
21,-30,5,-0.424353,-23.2557
21,-29,0,-50,-50
21,-28,5,-0.424353,-23.2557
21,-27,5,-0.424353,-23.2557
21,-26,5,-0.424353,-23.2557
21,-25,0,-50,-50
21,-24,0,-50,-50
21,-23,0,-50,-50
21,-22,5,-0.424353,-23.2557
21,-21,0,-50,-50
21,-20,0,-50,-50
21,-19,5,-0.424353,-23.2557
21,-18,5,-0.424353,-23.2557
21,-17,0,-50,-50
21,-16,0,-50,-50
21,-15,5,-0.424353,-23.2557
21,-14,0,-50,-50
21,-13,5,-0.424353,-23.2557
21,-12,0,-50,-50
21,-11,7,3.28255,-1.07213
21,-10,0,-50,-50
21,-9,7,3.28255,-1.07213
21,-8,7,3.28255,-1.07213
21,-7,7,3.28255,-1.07213
21,-6,7,3.28255,-1.07213
21,-5,7,3.28255,-1.07213
21,-4,7,3.28255,-1.07213
21,-3,7,3.28255,-1.07213
21,-2,0,-50,-50
21,-1,3,12.975,16.0382
21,0,3,12.975,16.0382
21,1,3,12.975,16.0382
21,2,3,12.975,16.0382
21,3,3,12.975,16.0382
21,4,3,12.975,16.0382
21,5,3,12.975,16.0382
21,6,3,12.975,16.0382
21,7,3,12.975,16.0382
21,8,3,12.975,16.0382
21,9,3,12.975,16.0382
21,10,3,12.975,16.0382
21,11,3,12.975,16.0382
21,12,3,12.975,16.0382
21,13,3,12.975,16.0382
21,14,3,12.975,16.0382
21,15,3,12.975,16.0382
21,16,3,12.975,16.0382
21,17,3,12.975,16.0382
21,18,3,12.975,16.0382
21,19,3,12.975,16.0382
21,20,3,12.975,16.0382
21,21,3,12.975,16.0382
21,22,8,23.3672,27.3136
21,23,8,23.3672,27.3136
21,24,8,23.3672,27.3136
21,25,8,23.3672,27.3136
21,26,8,23.3672,27.3136
21,27,8,23.3672,27.3136
21,28,0,-50,-50
21,29,8,23.3672,27.3136
21,30,8,23.3672,27.3136
21,31,8,23.3672,27.3136
21,32,0,-50,-50
21,33,0,-50,-50
21,34,8,23.3672,27.3136
21,35,0,-50,-50
21,36,8,23.3672,27.3136
21,37,0,-50,-50
21,38,0,-50,-50
21,39,0,-50,-50
21,40,0,-50,-50
21,41,8,23.3672,27.3136
21,42,8,23.3672,27.3136
21,43,0,-50,-50
21,44,0,-50,-50
21,45,0,-50,-50
21,46,0,-50,-50
21,47,0,-50,-50
21,48,0,-50,-50
21,49,0,-50,-50
22,-49,0,-50,-50
22,-48,0,-50,-50
22,-47,0,-50,-50
22,-46,0,-50,-50
22,-45,0,-50,-50
22,-44,0,-50,-50
22,-43,0,-50,-50
22,-42,0,-50,-50
22,-41,0,-50,-50
22,-40,0,-50,-50
22,-39,0,-50,-50
22,-38,0,-50,-50
22,-37,0,-50,-50
22,-36,0,-50,-50
22,-35,0,-50,-50
22,-34,0,-50,-50
22,-33,0,-50,-50
22,-32,5,-0.424353,-23.2557
22,-31,0,-50,-50
22,-30,0,-50,-50
22,-29,0,-50,-50
22,-28,0,-50,-50
22,-27,0,-50,-50
22,-26,0,-50,-50
22,-25,0,-50,-50
22,-24,0,-50,-50
22,-23,0,-50,-50
22,-22,0,-50,-50
22,-21,0,-50,-50
22,-20,0,-50,-50
22,-19,5,-0.424353,-23.2557
22,-18,0,-50,-50
22,-17,0,-50,-50
22,-16,5,-0.424353,-23.2557
22,-15,5,-0.424353,-23.2557
22,-14,5,-0.424353,-23.2557
22,-13,0,-50,-50
22,-12,5,-0.424353,-23.2557
22,-11,0,-50,-50
22,-10,0,-50,-50
22,-9,7,3.28255,-1.07213
22,-8,7,3.28255,-1.07213
22,-7,7,3.28255,-1.07213
22,-6,0,-50,-50
22,-5,0,-50,-50
22,-4,0,-50,-50
22,-3,7,3.28255,-1.07213
22,-2,0,-50,-50
22,-1,0,-50,-50
22,0,0,-50,-50
22,1,0,-50,-50
22,2,3,12.975,16.0382
22,3,3,12.975,16.0382
22,4,3,12.975,16.0382
22,5,3,12.975,16.0382
22,6,3,12.975,16.0382
22,7,3,12.975,16.0382
22,8,3,12.975,16.0382
22,9,3,12.975,16.0382
22,10,3,12.975,16.0382
22,11,3,12.975,16.0382
22,12,3,12.975,16.0382
22,13,3,12.975,16.0382
22,14,3,12.975,16.0382
22,15,3,12.975,16.0382
22,16,3,12.975,16.0382
22,17,3,12.975,16.0382
22,18,3,12.975,16.0382
22,19,3,12.975,16.0382
22,20,3,12.975,16.0382
22,21,3,12.975,16.0382
22,22,8,23.3672,27.3136
22,23,8,23.3672,27.3136
22,24,8,23.3672,27.3136
22,25,8,23.3672,27.3136
22,26,8,23.3672,27.3136
22,27,8,23.3672,27.3136
22,28,0,-50,-50
22,29,8,23.3672,27.3136
22,30,0,-50,-50
22,31,8,23.3672,27.3136
22,32,8,23.3672,27.3136
22,33,8,23.3672,27.3136
22,34,0,-50,-50
22,35,0,-50,-50
22,36,0,-50,-50
22,37,0,-50,-50
22,38,0,-50,-50
22,39,0,-50,-50
22,40,0,-50,-50
22,41,8,23.3672,27.3136
22,42,0,-50,-50
22,43,8,23.3672,27.3136
22,44,0,-50,-50
22,45,0,-50,-50
22,46,0,-50,-50
22,47,0,-50,-50
22,48,0,-50,-50
22,49,0,-50,-50
23,-49,0,-50,-50
23,-48,0,-50,-50
23,-47,0,-50,-50
23,-46,0,-50,-50
23,-45,0,-50,-50
23,-44,0,-50,-50
23,-43,0,-50,-50
23,-42,0,-50,-50
23,-41,0,-50,-50
23,-40,0,-50,-50
23,-39,0,-50,-50
23,-38,0,-50,-50
23,-37,0,-50,-50
23,-36,5,-0.424353,-23.2557
23,-35,5,-0.424353,-23.2557
23,-34,0,-50,-50
23,-33,0,-50,-50
23,-32,0,-50,-50
23,-31,0,-50,-50
23,-30,5,-0.424353,-23.2557
23,-29,0,-50,-50
23,-28,0,-50,-50
23,-27,0,-50,-50
23,-26,0,-50,-50
23,-25,0,-50,-50
23,-24,0,-50,-50
23,-23,5,-0.424353,-23.2557
23,-22,5,-0.424353,-23.2557
23,-21,0,-50,-50
23,-20,0,-50,-50
23,-19,5,-0.424353,-23.2557
23,-18,5,-0.424353,-23.2557
23,-17,0,-50,-50
23,-16,5,-0.424353,-23.2557
23,-15,5,-0.424353,-23.2557
23,-14,0,-50,-50
23,-13,0,-50,-50
23,-12,0,-50,-50
23,-11,0,-50,-50
23,-10,0,-50,-50
23,-9,0,-50,-50
23,-8,0,-50,-50
23,-7,0,-50,-50
23,-6,0,-50,-50
23,-5,0,-50,-50
23,-4,0,-50,-50
23,-3,3,12.975,16.0382
23,-2,0,-50,-50
23,-1,3,12.975,16.0382
23,0,3,12.975,16.0382
23,1,3,12.975,16.0382
23,2,3,12.975,16.0382
23,3,3,12.975,16.0382
23,4,3,12.975,16.0382
23,5,0,-50,-50
23,6,3,12.975,16.0382
23,7,3,12.975,16.0382
23,8,3,12.975,16.0382
23,9,3,12.975,16.0382
23,10,3,12.975,16.0382
23,11,3,12.975,16.0382
23,12,3,12.975,16.0382
23,13,3,12.975,16.0382
23,14,3,12.975,16.0382
23,15,3,12.975,16.0382
23,16,3,12.975,16.0382
23,17,3,12.975,16.0382
23,18,0,-50,-50
23,19,3,12.975,16.0382
23,20,8,23.3672,27.3136
23,21,8,23.3672,27.3136
23,22,8,23.3672,27.3136
23,23,8,23.3672,27.3136
23,24,8,23.3672,27.3136
23,25,8,23.3672,27.3136
23,26,8,23.3672,27.3136
23,27,8,23.3672,27.3136
23,28,8,23.3672,27.3136
23,29,8,23.3672,27.3136
23,30,0,-50,-50
23,31,0,-50,-50
23,32,8,23.3672,27.3136
23,33,0,-50,-50
23,34,0,-50,-50
23,35,8,23.3672,27.3136
23,36,0,-50,-50
23,37,8,23.3672,27.3136
23,38,0,-50,-50
23,39,0,-50,-50
23,40,8,23.3672,27.3136
23,41,0,-50,-50
23,42,0,-50,-50
23,43,0,-50,-50
23,44,0,-50,-50
23,45,0,-50,-50
23,46,0,-50,-50
23,47,0,-50,-50
23,48,0,-50,-50
23,49,0,-50,-50
24,-49,0,-50,-50
24,-48,0,-50,-50
24,-47,0,-50,-50
24,-46,5,-0.424353,-23.2557
24,-45,0,-50,-50
24,-44,0,-50,-50
24,-43,0,-50,-50
24,-42,0,-50,-50
24,-41,0,-50,-50
24,-40,0,-50,-50
24,-39,0,-50,-50
24,-38,0,-50,-50
24,-37,0,-50,-50
24,-36,0,-50,-50
24,-35,0,-50,-50
24,-34,0,-50,-50
24,-33,0,-50,-50
24,-32,0,-50,-50
24,-31,0,-50,-50
24,-30,0,-50,-50
24,-29,0,-50,-50
24,-28,0,-50,-50
24,-27,0,-50,-50
24,-26,0,-50,-50
24,-25,0,-50,-50
24,-24,0,-50,-50
24,-23,0,-50,-50
24,-22,5,-0.424353,-23.2557
24,-21,0,-50,-50
24,-20,0,-50,-50
24,-19,5,-0.424353,-23.2557
24,-18,5,-0.424353,-23.2557
24,-17,5,-0.424353,-23.2557
24,-16,5,-0.424353,-23.2557
24,-15,0,-50,-50
24,-14,0,-50,-50
24,-13,0,-50,-50
24,-12,5,-0.424353,-23.2557
24,-11,0,-50,-50
24,-10,0,-50,-50
24,-9,0,-50,-50
24,-8,0,-50,-50
24,-7,0,-50,-50
24,-6,7,3.28255,-1.07213
24,-5,0,-50,-50
24,-4,0,-50,-50
24,-3,3,12.975,16.0382
24,-2,3,12.975,16.0382
24,-1,0,-50,-50
24,0,3,12.975,16.0382
24,1,3,12.975,16.0382
24,2,3,12.975,16.0382
24,3,3,12.975,16.0382
24,4,3,12.975,16.0382
24,5,3,12.975,16.0382
24,6,3,12.975,16.0382
24,7,3,12.975,16.0382
24,8,0,-50,-50
24,9,3,12.975,16.0382
24,10,3,12.975,16.0382
24,11,3,12.975,16.0382
24,12,3,12.975,16.0382
24,13,3,12.975,16.0382
24,14,3,12.975,16.0382
24,15,3,12.975,16.0382
24,16,3,12.975,16.0382
24,17,3,12.975,16.0382
24,18,3,12.975,16.0382
24,19,8,23.3672,27.3136
24,20,0,-50,-50
24,21,8,23.3672,27.3136
24,22,8,23.3672,27.3136
24,23,8,23.3672,27.3136
24,24,8,23.3672,27.3136
24,25,8,23.3672,27.3136
24,26,8,23.3672,27.3136
24,27,8,23.3672,27.3136
24,28,8,23.3672,27.3136
24,29,8,23.3672,27.3136
24,30,8,23.3672,27.3136
24,31,0,-50,-50
24,32,0,-50,-50
24,33,8,23.3672,27.3136
24,34,8,23.3672,27.3136
24,35,8,23.3672,27.3136
24,36,0,-50,-50
24,37,0,-50,-50
24,38,8,23.3672,27.3136
24,39,0,-50,-50
24,40,0,-50,-50
24,41,8,23.3672,27.3136
24,42,0,-50,-50
24,43,0,-50,-50
24,44,8,23.3672,27.3136
24,45,0,-50,-50
24,46,0,-50,-50
24,47,0,-50,-50
24,48,0,-50,-50
24,49,8,23.3672,27.3136
25,-49,0,-50,-50
25,-48,0,-50,-50
25,-47,0,-50,-50
25,-46,0,-50,-50
25,-45,0,-50,-50
25,-44,0,-50,-50
25,-43,0,-50,-50
25,-42,0,-50,-50
25,-41,0,-50,-50
25,-40,0,-50,-50
25,-39,0,-50,-50
25,-38,0,-50,-50
25,-37,0,-50,-50
25,-36,0,-50,-50
25,-35,0,-50,-50
25,-34,0,-50,-50
25,-33,0,-50,-50
25,-32,0,-50,-50
25,-31,0,-50,-50
25,-30,0,-50,-50
25,-29,0,-50,-50
25,-28,0,-50,-50
25,-27,0,-50,-50
25,-26,0,-50,-50
25,-25,0,-50,-50
25,-24,0,-50,-50
25,-23,5,-0.424353,-23.2557
25,-22,0,-50,-50
25,-21,0,-50,-50
25,-20,5,-0.424353,-23.2557
25,-19,5,-0.424353,-23.2557
25,-18,0,-50,-50
25,-17,0,-50,-50
25,-16,5,-0.424353,-23.2557
25,-15,0,-50,-50
25,-14,0,-50,-50
25,-13,0,-50,-50
25,-12,0,-50,-50
25,-11,0,-50,-50
25,-10,0,-50,-50
25,-9,0,-50,-50
25,-8,0,-50,-50
25,-7,7,3.28255,-1.07213
25,-6,0,-50,-50
25,-5,0,-50,-50
25,-4,0,-50,-50
25,-3,0,-50,-50
25,-2,0,-50,-50
25,-1,0,-50,-50
25,0,3,12.975,16.0382
25,1,0,-50,-50
25,2,3,12.975,16.0382
25,3,0,-50,-50
25,4,3,12.975,16.0382
25,5,3,12.975,16.0382
25,6,3,12.975,16.0382
25,7,3,12.975,16.0382
25,8,3,12.975,16.0382
25,9,3,12.975,16.0382
25,10,3,12.975,16.0382
25,11,0,-50,-50
25,12,3,12.975,16.0382
25,13,3,12.975,16.0382
25,14,3,12.975,16.0382
25,15,3,12.975,16.0382
25,16,3,12.975,16.0382
25,17,8,23.3672,27.3136
25,18,8,23.3672,27.3136
25,19,8,23.3672,27.3136
25,20,0,-50,-50
25,21,8,23.3672,27.3136
25,22,8,23.3672,27.3136
25,23,8,23.3672,27.3136
25,24,8,23.3672,27.3136
25,25,0,-50,-50
25,26,0,-50,-50
25,27,8,23.3672,27.3136
25,28,0,-50,-50
25,29,0,-50,-50
25,30,0,-50,-50
25,31,0,-50,-50
25,32,0,-50,-50
25,33,0,-50,-50
25,34,0,-50,-50
25,35,0,-50,-50
25,36,0,-50,-50
25,37,0,-50,-50
25,38,0,-50,-50
25,39,8,23.3672,27.3136
25,40,0,-50,-50
25,41,0,-50,-50
25,42,0,-50,-50
25,43,0,-50,-50
25,44,0,-50,-50
25,45,0,-50,-50
25,46,0,-50,-50
25,47,0,-50,-50
25,48,0,-50,-50
25,49,0,-50,-50
26,-49,0,-50,-50
26,-48,0,-50,-50
26,-47,0,-50,-50
26,-46,0,-50,-50
26,-45,0,-50,-50
26,-44,0,-50,-50
26,-43,0,-50,-50
26,-42,0,-50,-50
26,-41,0,-50,-50
26,-40,0,-50,-50
26,-39,0,-50,-50
26,-38,5,-0.424353,-23.2557
26,-37,0,-50,-50
26,-36,5,-0.424353,-23.2557
26,-35,0,-50,-50
26,-34,0,-50,-50
26,-33,0,-50,-50
26,-32,0,-50,-50
26,-31,0,-50,-50
26,-30,5,-0.424353,-23.2557
26,-29,0,-50,-50
26,-28,0,-50,-50
26,-27,0,-50,-50
26,-26,0,-50,-50
26,-25,5,-0.424353,-23.2557
26,-24,0,-50,-50
26,-23,0,-50,-50
26,-22,0,-50,-50
26,-21,0,-50,-50
26,-20,0,-50,-50
26,-19,0,-50,-50
26,-18,0,-50,-50
26,-17,0,-50,-50
26,-16,0,-50,-50
26,-15,0,-50,-50
26,-14,0,-50,-50
26,-13,0,-50,-50
26,-12,0,-50,-50
26,-11,7,3.28255,-1.07213
26,-10,0,-50,-50
26,-9,7,3.28255,-1.07213
26,-8,0,-50,-50
26,-7,0,-50,-50
26,-6,0,-50,-50
26,-5,0,-50,-50
26,-4,0,-50,-50
26,-3,0,-50,-50
26,-2,0,-50,-50
26,-1,0,-50,-50
26,0,0,-50,-50
26,1,3,12.975,16.0382
26,2,0,-50,-50
26,3,3,12.975,16.0382
26,4,3,12.975,16.0382
26,5,0,-50,-50
26,6,3,12.975,16.0382
26,7,3,12.975,16.0382
26,8,3,12.975,16.0382
26,9,0,-50,-50
26,10,3,12.975,16.0382
26,11,3,12.975,16.0382
26,12,3,12.975,16.0382
26,13,3,12.975,16.0382
26,14,3,12.975,16.0382
26,15,3,12.975,16.0382
26,16,8,23.3672,27.3136
26,17,0,-50,-50
26,18,8,23.3672,27.3136
26,19,8,23.3672,27.3136
26,20,8,23.3672,27.3136
26,21,8,23.3672,27.3136
26,22,0,-50,-50
26,23,8,23.3672,27.3136
26,24,8,23.3672,27.3136
26,25,8,23.3672,27.3136
26,26,8,23.3672,27.3136
26,27,8,23.3672,27.3136
26,28,0,-50,-50
26,29,8,23.3672,27.3136
26,30,8,23.3672,27.3136
26,31,0,-50,-50
26,32,0,-50,-50
26,33,0,-50,-50
26,34,8,23.3672,27.3136
26,35,0,-50,-50
26,36,0,-50,-50
26,37,0,-50,-50
26,38,0,-50,-50
26,39,0,-50,-50
26,40,8,23.3672,27.3136
26,41,0,-50,-50
26,42,0,-50,-50
26,43,0,-50,-50
26,44,0,-50,-50
26,45,0,-50,-50
26,46,0,-50,-50
26,47,0,-50,-50
26,48,0,-50,-50
26,49,8,23.3672,27.3136
27,-49,0,-50,-50
27,-48,0,-50,-50
27,-47,0,-50,-50
27,-46,0,-50,-50
27,-45,0,-50,-50
27,-44,0,-50,-50
27,-43,0,-50,-50
27,-42,0,-50,-50
27,-41,0,-50,-50
27,-40,0,-50,-50
27,-39,0,-50,-50
27,-38,0,-50,-50
27,-37,0,-50,-50
27,-36,0,-50,-50
27,-35,0,-50,-50
27,-34,0,-50,-50
27,-33,0,-50,-50
27,-32,0,-50,-50
27,-31,0,-50,-50
27,-30,0,-50,-50
27,-29,0,-50,-50
27,-28,5,-0.424353,-23.2557
27,-27,0,-50,-50
27,-26,0,-50,-50
27,-25,0,-50,-50
27,-24,0,-50,-50
27,-23,0,-50,-50
27,-22,0,-50,-50
27,-21,0,-50,-50
27,-20,0,-50,-50
27,-19,0,-50,-50
27,-18,0,-50,-50
27,-17,0,-50,-50
27,-16,0,-50,-50
27,-15,5,-0.424353,-23.2557
27,-14,0,-50,-50
27,-13,5,-0.424353,-23.2557
27,-12,0,-50,-50
27,-11,0,-50,-50
27,-10,0,-50,-50
27,-9,0,-50,-50
27,-8,0,-50,-50
27,-7,7,3.28255,-1.07213
27,-6,0,-50,-50
27,-5,0,-50,-50
27,-4,0,-50,-50
27,-3,0,-50,-50
27,-2,3,12.975,16.0382
27,-1,0,-50,-50
27,0,0,-50,-50
27,1,0,-50,-50
27,2,3,12.975,16.0382
27,3,3,12.975,16.0382
27,4,3,12.975,16.0382
27,5,3,12.975,16.0382
27,6,3,12.975,16.0382
27,7,0,-50,-50
27,8,3,12.975,16.0382
27,9,3,12.975,16.0382
27,10,3,12.975,16.0382
27,11,3,12.975,16.0382
27,12,3,12.975,16.0382
27,13,0,-50,-50
27,14,3,12.975,16.0382
27,15,8,23.3672,27.3136
27,16,8,23.3672,27.3136
27,17,0,-50,-50
27,18,8,23.3672,27.3136
27,19,0,-50,-50
27,20,8,23.3672,27.3136
27,21,8,23.3672,27.3136
27,22,0,-50,-50
27,23,8,23.3672,27.3136
27,24,8,23.3672,27.3136
27,25,8,23.3672,27.3136
27,26,0,-50,-50
27,27,0,-50,-50
27,28,8,23.3672,27.3136
27,29,0,-50,-50
27,30,0,-50,-50
27,31,8,23.3672,27.3136
27,32,0,-50,-50
27,33,0,-50,-50
27,34,0,-50,-50
27,35,8,23.3672,27.3136
27,36,8,23.3672,27.3136
27,37,0,-50,-50
27,38,0,-50,-50
27,39,0,-50,-50
27,40,0,-50,-50
27,41,0,-50,-50
27,42,0,-50,-50
27,43,0,-50,-50
27,44,0,-50,-50
27,45,0,-50,-50
27,46,0,-50,-50
27,47,0,-50,-50
27,48,0,-50,-50
27,49,0,-50,-50
28,-49,0,-50,-50
28,-48,0,-50,-50
28,-47,0,-50,-50
28,-46,0,-50,-50
28,-45,0,-50,-50
28,-44,0,-50,-50
28,-43,0,-50,-50
28,-42,0,-50,-50
28,-41,0,-50,-50
28,-40,0,-50,-50
28,-39,0,-50,-50
28,-38,5,-0.424353,-23.2557
28,-37,0,-50,-50
28,-36,0,-50,-50
28,-35,0,-50,-50
28,-34,0,-50,-50
28,-33,0,-50,-50
28,-32,0,-50,-50
28,-31,5,-0.424353,-23.2557
28,-30,0,-50,-50
28,-29,0,-50,-50
28,-28,0,-50,-50
28,-27,0,-50,-50
28,-26,0,-50,-50
28,-25,0,-50,-50
28,-24,0,-50,-50
28,-23,0,-50,-50
28,-22,0,-50,-50
28,-21,0,-50,-50
28,-20,5,-0.424353,-23.2557
28,-19,0,-50,-50
28,-18,0,-50,-50
28,-17,0,-50,-50
28,-16,0,-50,-50
28,-15,0,-50,-50
28,-14,0,-50,-50
28,-13,0,-50,-50
28,-12,5,-0.424353,-23.2557
28,-11,0,-50,-50
28,-10,0,-50,-50
28,-9,0,-50,-50
28,-8,0,-50,-50
28,-7,0,-50,-50
28,-6,0,-50,-50
28,-5,0,-50,-50
28,-4,0,-50,-50
28,-3,0,-50,-50
28,-2,0,-50,-50
28,-1,3,12.975,16.0382
28,0,3,12.975,16.0382
28,1,0,-50,-50
28,2,3,12.975,16.0382
28,3,0,-50,-50
28,4,3,12.975,16.0382
28,5,0,-50,-50
28,6,3,12.975,16.0382
28,7,3,12.975,16.0382
28,8,3,12.975,16.0382
28,9,3,12.975,16.0382
28,10,0,-50,-50
28,11,3,12.975,16.0382
28,12,3,12.975,16.0382
28,13,8,23.3672,27.3136
28,14,8,23.3672,27.3136
28,15,8,23.3672,27.3136
28,16,8,23.3672,27.3136
28,17,0,-50,-50
28,18,8,23.3672,27.3136
28,19,8,23.3672,27.3136
28,20,8,23.3672,27.3136
28,21,8,23.3672,27.3136
28,22,8,23.3672,27.3136
28,23,0,-50,-50
28,24,8,23.3672,27.3136
28,25,8,23.3672,27.3136
28,26,8,23.3672,27.3136
28,27,8,23.3672,27.3136
28,28,8,23.3672,27.3136
28,29,8,23.3672,27.3136
28,30,8,23.3672,27.3136
28,31,8,23.3672,27.3136
28,32,8,23.3672,27.3136
28,33,0,-50,-50
28,34,0,-50,-50
28,35,0,-50,-50
28,36,0,-50,-50
28,37,8,23.3672,27.3136
28,38,8,23.3672,27.3136
28,39,0,-50,-50
28,40,0,-50,-50
28,41,0,-50,-50
28,42,0,-50,-50
28,43,0,-50,-50
28,44,0,-50,-50
28,45,0,-50,-50
28,46,0,-50,-50
28,47,0,-50,-50
28,48,0,-50,-50
28,49,8,23.3672,27.3136
29,-49,5,-0.424353,-23.2557
29,-48,0,-50,-50
29,-47,0,-50,-50
29,-46,0,-50,-50
29,-45,0,-50,-50
29,-44,0,-50,-50
29,-43,0,-50,-50
29,-42,0,-50,-50
29,-41,5,-0.424353,-23.2557
29,-40,0,-50,-50
29,-39,0,-50,-50
29,-38,0,-50,-50
29,-37,0,-50,-50
29,-36,0,-50,-50
29,-35,0,-50,-50
29,-34,0,-50,-50
29,-33,0,-50,-50
29,-32,0,-50,-50
29,-31,0,-50,-50
29,-30,0,-50,-50
29,-29,0,-50,-50
29,-28,0,-50,-50
29,-27,0,-50,-50
29,-26,0,-50,-50
29,-25,0,-50,-50
29,-24,0,-50,-50
29,-23,5,-0.424353,-23.2557
29,-22,0,-50,-50
29,-21,0,-50,-50
29,-20,0,-50,-50
29,-19,0,-50,-50
29,-18,0,-50,-50
29,-17,0,-50,-50
29,-16,0,-50,-50
29,-15,5,-0.424353,-23.2557
29,-14,0,-50,-50
29,-13,0,-50,-50
29,-12,0,-50,-50
29,-11,0,-50,-50
29,-10,7,3.28255,-1.07213
29,-9,0,-50,-50
29,-8,0,-50,-50
29,-7,0,-50,-50
29,-6,3,12.975,16.0382
29,-5,0,-50,-50
29,-4,0,-50,-50
29,-3,0,-50,-50
29,-2,0,-50,-50
29,-1,0,-50,-50
29,0,0,-50,-50
29,1,3,12.975,16.0382
29,2,0,-50,-50
29,3,3,12.975,16.0382
29,4,3,12.975,16.0382
29,5,3,12.975,16.0382
29,6,3,12.975,16.0382
29,7,0,-50,-50
29,8,0,-50,-50
29,9,0,-50,-50
29,10,0,-50,-50
29,11,0,-50,-50
29,12,0,-50,-50
29,13,8,23.3672,27.3136
29,14,8,23.3672,27.3136
29,15,8,23.3672,27.3136
29,16,8,23.3672,27.3136
29,17,8,23.3672,27.3136
29,18,8,23.3672,27.3136
29,19,8,23.3672,27.3136
29,20,0,-50,-50
29,21,8,23.3672,27.3136
29,22,8,23.3672,27.3136
29,23,0,-50,-50
29,24,8,23.3672,27.3136
29,25,8,23.3672,27.3136
29,26,8,23.3672,27.3136
29,27,8,23.3672,27.3136
29,28,0,-50,-50
29,29,8,23.3672,27.3136
29,30,8,23.3672,27.3136
29,31,0,-50,-50
29,32,0,-50,-50
29,33,8,23.3672,27.3136
29,34,0,-50,-50
29,35,0,-50,-50
29,36,8,23.3672,27.3136
29,37,8,23.3672,27.3136
29,38,0,-50,-50
29,39,8,23.3672,27.3136
29,40,0,-50,-50
29,41,0,-50,-50
29,42,0,-50,-50
29,43,8,23.3672,27.3136
29,44,0,-50,-50
29,45,0,-50,-50
29,46,0,-50,-50
29,47,0,-50,-50
29,48,0,-50,-50
29,49,0,-50,-50
30,-49,0,-50,-50
30,-48,0,-50,-50
30,-47,0,-50,-50
30,-46,0,-50,-50
30,-45,0,-50,-50
30,-44,0,-50,-50
30,-43,0,-50,-50
30,-42,0,-50,-50
30,-41,0,-50,-50
30,-40,0,-50,-50
30,-39,0,-50,-50
30,-38,0,-50,-50
30,-37,0,-50,-50
30,-36,0,-50,-50
30,-35,0,-50,-50
30,-34,0,-50,-50
30,-33,0,-50,-50
30,-32,0,-50,-50
30,-31,0,-50,-50
30,-30,0,-50,-50
30,-29,0,-50,-50
30,-28,0,-50,-50
30,-27,0,-50,-50
30,-26,0,-50,-50
30,-25,0,-50,-50
30,-24,0,-50,-50
30,-23,0,-50,-50
30,-22,0,-50,-50
30,-21,0,-50,-50
30,-20,0,-50,-50
30,-19,0,-50,-50
30,-18,0,-50,-50
30,-17,0,-50,-50
30,-16,0,-50,-50
30,-15,0,-50,-50
30,-14,0,-50,-50
30,-13,5,-0.424353,-23.2557
30,-12,0,-50,-50
30,-11,0,-50,-50
30,-10,0,-50,-50
30,-9,0,-50,-50
30,-8,0,-50,-50
30,-7,0,-50,-50
30,-6,0,-50,-50
30,-5,0,-50,-50
30,-4,0,-50,-50
30,-3,0,-50,-50
30,-2,0,-50,-50
30,-1,3,12.975,16.0382
30,0,0,-50,-50
30,1,0,-50,-50
30,2,3,12.975,16.0382
30,3,3,12.975,16.0382
30,4,3,12.975,16.0382
30,5,0,-50,-50
30,6,3,12.975,16.0382
30,7,3,12.975,16.0382
30,8,3,12.975,16.0382
30,9,3,12.975,16.0382
30,10,0,-50,-50
30,11,8,23.3672,27.3136
30,12,0,-50,-50
30,13,0,-50,-50
30,14,8,23.3672,27.3136
30,15,0,-50,-50
30,16,0,-50,-50
30,17,8,23.3672,27.3136
30,18,8,23.3672,27.3136
30,19,8,23.3672,27.3136
30,20,0,-50,-50
30,21,0,-50,-50
30,22,0,-50,-50
30,23,0,-50,-50
30,24,0,-50,-50
30,25,0,-50,-50
30,26,0,-50,-50
30,27,0,-50,-50
30,28,8,23.3672,27.3136
30,29,8,23.3672,27.3136
30,30,8,23.3672,27.3136
30,31,0,-50,-50
30,32,0,-50,-50
30,33,0,-50,-50
30,34,0,-50,-50
30,35,0,-50,-50
30,36,0,-50,-50
30,37,0,-50,-50
30,38,0,-50,-50
30,39,0,-50,-50
30,40,0,-50,-50
30,41,0,-50,-50
30,42,0,-50,-50
30,43,0,-50,-50
30,44,0,-50,-50
30,45,0,-50,-50
30,46,0,-50,-50
30,47,0,-50,-50
30,48,0,-50,-50
30,49,0,-50,-50
31,-49,0,-50,-50
31,-48,0,-50,-50
31,-47,0,-50,-50
31,-46,0,-50,-50
31,-45,0,-50,-50
31,-44,0,-50,-50
31,-43,0,-50,-50
31,-42,0,-50,-50
31,-41,0,-50,-50
31,-40,0,-50,-50
31,-39,0,-50,-50
31,-38,0,-50,-50
31,-37,0,-50,-50
31,-36,0,-50,-50
31,-35,0,-50,-50
31,-34,0,-50,-50
31,-33,0,-50,-50
31,-32,0,-50,-50
31,-31,0,-50,-50
31,-30,0,-50,-50
31,-29,0,-50,-50
31,-28,0,-50,-50
31,-27,0,-50,-50
31,-26,0,-50,-50
31,-25,0,-50,-50
31,-24,5,-0.424353,-23.2557
31,-23,0,-50,-50
31,-22,0,-50,-50
31,-21,0,-50,-50
31,-20,0,-50,-50
31,-19,5,-0.424353,-23.2557
31,-18,0,-50,-50
31,-17,0,-50,-50
31,-16,0,-50,-50
31,-15,0,-50,-50
31,-14,0,-50,-50
31,-13,0,-50,-50
31,-12,0,-50,-50
31,-11,0,-50,-50
31,-10,0,-50,-50
31,-9,0,-50,-50
31,-8,0,-50,-50
31,-7,0,-50,-50
31,-6,0,-50,-50
31,-5,0,-50,-50
31,-4,0,-50,-50
31,-3,0,-50,-50
31,-2,0,-50,-50
31,-1,3,12.975,16.0382
31,0,0,-50,-50
31,1,0,-50,-50
31,2,0,-50,-50
31,3,0,-50,-50
31,4,3,12.975,16.0382
31,5,0,-50,-50
31,6,0,-50,-50
31,7,3,12.975,16.0382
31,8,3,12.975,16.0382
31,9,0,-50,-50
31,10,0,-50,-50
31,11,8,23.3672,27.3136
31,12,0,-50,-50
31,13,0,-50,-50
31,14,8,23.3672,27.3136
31,15,0,-50,-50
31,16,0,-50,-50
31,17,8,23.3672,27.3136
31,18,0,-50,-50
31,19,0,-50,-50
31,20,0,-50,-50
31,21,0,-50,-50
31,22,8,23.3672,27.3136
31,23,0,-50,-50
31,24,0,-50,-50
31,25,0,-50,-50
31,26,0,-50,-50
31,27,0,-50,-50
31,28,0,-50,-50
31,29,0,-50,-50
31,30,0,-50,-50
31,31,8,23.3672,27.3136
31,32,0,-50,-50
31,33,0,-50,-50
31,34,8,23.3672,27.3136
31,35,0,-50,-50
31,36,0,-50,-50
31,37,8,23.3672,27.3136
31,38,0,-50,-50
31,39,0,-50,-50
31,40,0,-50,-50
31,41,0,-50,-50
31,42,0,-50,-50
31,43,0,-50,-50
31,44,0,-50,-50
31,45,0,-50,-50
31,46,0,-50,-50
31,47,0,-50,-50
31,48,0,-50,-50
31,49,0,-50,-50
32,-49,0,-50,-50
32,-48,0,-50,-50
32,-47,0,-50,-50
32,-46,0,-50,-50
32,-45,0,-50,-50
32,-44,0,-50,-50
32,-43,0,-50,-50
32,-42,0,-50,-50
32,-41,0,-50,-50
32,-40,0,-50,-50
32,-39,0,-50,-50
32,-38,0,-50,-50
32,-37,0,-50,-50
32,-36,0,-50,-50
32,-35,0,-50,-50
32,-34,0,-50,-50
32,-33,0,-50,-50
32,-32,0,-50,-50
32,-31,0,-50,-50
32,-30,0,-50,-50
32,-29,0,-50,-50
32,-28,0,-50,-50
32,-27,0,-50,-50
32,-26,0,-50,-50
32,-25,0,-50,-50
32,-24,0,-50,-50
32,-23,0,-50,-50
32,-22,0,-50,-50
32,-21,0,-50,-50
32,-20,0,-50,-50
32,-19,0,-50,-50
32,-18,0,-50,-50
32,-17,0,-50,-50
32,-16,0,-50,-50
32,-15,0,-50,-50
32,-14,0,-50,-50
32,-13,0,-50,-50
32,-12,0,-50,-50
32,-11,0,-50,-50
32,-10,0,-50,-50
32,-9,0,-50,-50
32,-8,0,-50,-50
32,-7,0,-50,-50
32,-6,0,-50,-50
32,-5,3,12.975,16.0382
32,-4,0,-50,-50
32,-3,0,-50,-50
32,-2,0,-50,-50
32,-1,0,-50,-50
32,0,0,-50,-50
32,1,0,-50,-50
32,2,0,-50,-50
32,3,0,-50,-50
32,4,0,-50,-50
32,5,0,-50,-50
32,6,0,-50,-50
32,7,0,-50,-50
32,8,0,-50,-50
32,9,8,23.3672,27.3136
32,10,8,23.3672,27.3136
32,11,8,23.3672,27.3136
32,12,8,23.3672,27.3136
32,13,8,23.3672,27.3136
32,14,0,-50,-50
32,15,8,23.3672,27.3136
32,16,0,-50,-50
32,17,0,-50,-50
32,18,8,23.3672,27.3136
32,19,0,-50,-50
32,20,0,-50,-50
32,21,0,-50,-50
32,22,8,23.3672,27.3136
32,23,0,-50,-50
32,24,8,23.3672,27.3136
32,25,0,-50,-50
32,26,0,-50,-50
32,27,0,-50,-50
32,28,8,23.3672,27.3136
32,29,0,-50,-50
32,30,0,-50,-50
32,31,0,-50,-50
32,32,0,-50,-50
32,33,8,23.3672,27.3136
32,34,0,-50,-50
32,35,0,-50,-50
32,36,0,-50,-50
32,37,0,-50,-50
32,38,0,-50,-50
32,39,0,-50,-50
32,40,8,23.3672,27.3136
32,41,0,-50,-50
32,42,0,-50,-50
32,43,0,-50,-50
32,44,0,-50,-50
32,45,0,-50,-50
32,46,0,-50,-50
32,47,0,-50,-50
32,48,0,-50,-50
32,49,0,-50,-50
33,-49,0,-50,-50
33,-48,0,-50,-50
33,-47,0,-50,-50
33,-46,0,-50,-50
33,-45,0,-50,-50
33,-44,0,-50,-50
33,-43,0,-50,-50
33,-42,0,-50,-50
33,-41,0,-50,-50
33,-40,0,-50,-50
33,-39,0,-50,-50
33,-38,0,-50,-50
33,-37,0,-50,-50
33,-36,0,-50,-50
33,-35,0,-50,-50
33,-34,0,-50,-50
33,-33,0,-50,-50
33,-32,0,-50,-50
33,-31,0,-50,-50
33,-30,0,-50,-50
33,-29,0,-50,-50
33,-28,0,-50,-50
33,-27,0,-50,-50
33,-26,0,-50,-50
33,-25,0,-50,-50
33,-24,0,-50,-50
33,-23,0,-50,-50
33,-22,0,-50,-50
33,-21,0,-50,-50
33,-20,0,-50,-50
33,-19,0,-50,-50
33,-18,0,-50,-50
33,-17,0,-50,-50
33,-16,0,-50,-50
33,-15,0,-50,-50
33,-14,0,-50,-50
33,-13,0,-50,-50
33,-12,0,-50,-50
33,-11,0,-50,-50
33,-10,0,-50,-50
33,-9,0,-50,-50
33,-8,0,-50,-50
33,-7,0,-50,-50
33,-6,3,12.975,16.0382
33,-5,3,12.975,16.0382
33,-4,0,-50,-50
33,-3,0,-50,-50
33,-2,0,-50,-50
33,-1,0,-50,-50
33,0,0,-50,-50
33,1,0,-50,-50
33,2,0,-50,-50
33,3,3,12.975,16.0382
33,4,3,12.975,16.0382
33,5,0,-50,-50
33,6,0,-50,-50
33,7,0,-50,-50
33,8,0,-50,-50
33,9,8,23.3672,27.3136
33,10,0,-50,-50
33,11,8,23.3672,27.3136
33,12,8,23.3672,27.3136
33,13,8,23.3672,27.3136
33,14,0,-50,-50
33,15,0,-50,-50
33,16,0,-50,-50
33,17,8,23.3672,27.3136
33,18,0,-50,-50
33,19,8,23.3672,27.3136
33,20,0,-50,-50
33,21,0,-50,-50
33,22,0,-50,-50
33,23,0,-50,-50
33,24,0,-50,-50
33,25,0,-50,-50
33,26,8,23.3672,27.3136
33,27,0,-50,-50
33,28,0,-50,-50
33,29,8,23.3672,27.3136
33,30,0,-50,-50
33,31,0,-50,-50
33,32,0,-50,-50
33,33,8,23.3672,27.3136
33,34,0,-50,-50
33,35,0,-50,-50
33,36,0,-50,-50
33,37,8,23.3672,27.3136
33,38,0,-50,-50
33,39,0,-50,-50
33,40,8,23.3672,27.3136
33,41,0,-50,-50
33,42,0,-50,-50
33,43,0,-50,-50
33,44,0,-50,-50
33,45,0,-50,-50
33,46,0,-50,-50
33,47,0,-50,-50
33,48,0,-50,-50
33,49,0,-50,-50
34,-49,0,-50,-50
34,-48,0,-50,-50
34,-47,0,-50,-50
34,-46,0,-50,-50
34,-45,0,-50,-50
34,-44,0,-50,-50
34,-43,0,-50,-50
34,-42,0,-50,-50
34,-41,0,-50,-50
34,-40,0,-50,-50
34,-39,0,-50,-50
34,-38,0,-50,-50
34,-37,0,-50,-50
34,-36,0,-50,-50
34,-35,0,-50,-50
34,-34,0,-50,-50
34,-33,0,-50,-50
34,-32,0,-50,-50
34,-31,0,-50,-50
34,-30,0,-50,-50
34,-29,5,-0.424353,-23.2557
34,-28,0,-50,-50
34,-27,0,-50,-50
34,-26,0,-50,-50
34,-25,0,-50,-50
34,-24,0,-50,-50
34,-23,0,-50,-50
34,-22,0,-50,-50
34,-21,0,-50,-50
34,-20,0,-50,-50
34,-19,0,-50,-50
34,-18,0,-50,-50
34,-17,0,-50,-50
34,-16,0,-50,-50
34,-15,0,-50,-50
34,-14,0,-50,-50
34,-13,0,-50,-50
34,-12,0,-50,-50
34,-11,0,-50,-50
34,-10,0,-50,-50
34,-9,0,-50,-50
34,-8,0,-50,-50
34,-7,0,-50,-50
34,-6,0,-50,-50
34,-5,0,-50,-50
34,-4,0,-50,-50
34,-3,0,-50,-50
34,-2,3,12.975,16.0382
34,-1,0,-50,-50
34,0,0,-50,-50
34,1,0,-50,-50
34,2,0,-50,-50
34,3,0,-50,-50
34,4,0,-50,-50
34,5,0,-50,-50
34,6,0,-50,-50
34,7,0,-50,-50
34,8,8,23.3672,27.3136
34,9,0,-50,-50
34,10,0,-50,-50
34,11,8,23.3672,27.3136
34,12,0,-50,-50
34,13,0,-50,-50
34,14,0,-50,-50
34,15,0,-50,-50
34,16,0,-50,-50
34,17,8,23.3672,27.3136
34,18,0,-50,-50
34,19,8,23.3672,27.3136
34,20,0,-50,-50
34,21,0,-50,-50
34,22,8,23.3672,27.3136
34,23,0,-50,-50
34,24,0,-50,-50
34,25,0,-50,-50
34,26,8,23.3672,27.3136
34,27,0,-50,-50
34,28,0,-50,-50
34,29,0,-50,-50
34,30,0,-50,-50
34,31,0,-50,-50
34,32,0,-50,-50
34,33,0,-50,-50
34,34,0,-50,-50
34,35,0,-50,-50
34,36,0,-50,-50
34,37,8,23.3672,27.3136
34,38,0,-50,-50
34,39,0,-50,-50
34,40,0,-50,-50
34,41,0,-50,-50
34,42,0,-50,-50
34,43,0,-50,-50
34,44,0,-50,-50
34,45,0,-50,-50
34,46,0,-50,-50
34,47,0,-50,-50
34,48,0,-50,-50
34,49,0,-50,-50
35,-49,0,-50,-50
35,-48,0,-50,-50
35,-47,0,-50,-50
35,-46,0,-50,-50
35,-45,0,-50,-50
35,-44,0,-50,-50
35,-43,0,-50,-50
35,-42,0,-50,-50
35,-41,0,-50,-50
35,-40,0,-50,-50
35,-39,0,-50,-50
35,-38,0,-50,-50
35,-37,0,-50,-50
35,-36,0,-50,-50
35,-35,0,-50,-50
35,-34,0,-50,-50
35,-33,0,-50,-50
35,-32,0,-50,-50
35,-31,0,-50,-50
35,-30,0,-50,-50
35,-29,0,-50,-50
35,-28,0,-50,-50
35,-27,0,-50,-50
35,-26,5,-0.424353,-23.2557
35,-25,0,-50,-50
35,-24,0,-50,-50
35,-23,0,-50,-50
35,-22,0,-50,-50
35,-21,0,-50,-50
35,-20,0,-50,-50
35,-19,0,-50,-50
35,-18,0,-50,-50
35,-17,0,-50,-50
35,-16,0,-50,-50
35,-15,0,-50,-50
35,-14,0,-50,-50
35,-13,0,-50,-50
35,-12,0,-50,-50
35,-11,0,-50,-50
35,-10,0,-50,-50
35,-9,0,-50,-50
35,-8,0,-50,-50
35,-7,0,-50,-50
35,-6,3,12.975,16.0382
35,-5,3,12.975,16.0382
35,-4,0,-50,-50
35,-3,0,-50,-50
35,-2,0,-50,-50
35,-1,0,-50,-50
35,0,0,-50,-50
35,1,0,-50,-50
35,2,0,-50,-50
35,3,0,-50,-50
35,4,0,-50,-50
35,5,8,23.3672,27.3136
35,6,0,-50,-50
35,7,8,23.3672,27.3136
35,8,0,-50,-50
35,9,0,-50,-50
35,10,0,-50,-50
35,11,0,-50,-50
35,12,8,23.3672,27.3136
35,13,0,-50,-50
35,14,0,-50,-50
35,15,0,-50,-50
35,16,0,-50,-50
35,17,0,-50,-50
35,18,0,-50,-50
35,19,0,-50,-50
35,20,0,-50,-50
35,21,0,-50,-50
35,22,8,23.3672,27.3136
35,23,0,-50,-50
35,24,0,-50,-50
35,25,0,-50,-50
35,26,0,-50,-50
35,27,0,-50,-50
35,28,0,-50,-50
35,29,0,-50,-50
35,30,0,-50,-50
35,31,0,-50,-50
35,32,0,-50,-50
35,33,0,-50,-50
35,34,8,23.3672,27.3136
35,35,8,23.3672,27.3136
35,36,0,-50,-50
35,37,0,-50,-50
35,38,0,-50,-50
35,39,0,-50,-50
35,40,0,-50,-50
35,41,0,-50,-50
35,42,0,-50,-50
35,43,0,-50,-50
35,44,0,-50,-50
35,45,0,-50,-50
35,46,0,-50,-50
35,47,0,-50,-50
35,48,0,-50,-50
35,49,0,-50,-50
36,-49,0,-50,-50
36,-48,0,-50,-50
36,-47,0,-50,-50
36,-46,0,-50,-50
36,-45,0,-50,-50
36,-44,0,-50,-50
36,-43,0,-50,-50
36,-42,0,-50,-50
36,-41,0,-50,-50
36,-40,0,-50,-50
36,-39,0,-50,-50
36,-38,0,-50,-50
36,-37,0,-50,-50
36,-36,0,-50,-50
36,-35,0,-50,-50
36,-34,0,-50,-50
36,-33,0,-50,-50
36,-32,0,-50,-50
36,-31,0,-50,-50
36,-30,0,-50,-50
36,-29,0,-50,-50
36,-28,0,-50,-50
36,-27,0,-50,-50
36,-26,0,-50,-50
36,-25,0,-50,-50
36,-24,0,-50,-50
36,-23,0,-50,-50
36,-22,0,-50,-50
36,-21,0,-50,-50
36,-20,0,-50,-50
36,-19,0,-50,-50
36,-18,0,-50,-50
36,-17,0,-50,-50
36,-16,0,-50,-50
36,-15,0,-50,-50
36,-14,0,-50,-50
36,-13,0,-50,-50
36,-12,0,-50,-50
36,-11,0,-50,-50
36,-10,0,-50,-50
36,-9,0,-50,-50
36,-8,0,-50,-50
36,-7,0,-50,-50
36,-6,0,-50,-50
36,-5,0,-50,-50
36,-4,0,-50,-50
36,-3,3,12.975,16.0382
36,-2,0,-50,-50
36,-1,3,12.975,16.0382
36,0,0,-50,-50
36,1,0,-50,-50
36,2,0,-50,-50
36,3,0,-50,-50
36,4,0,-50,-50
36,5,8,23.3672,27.3136
36,6,0,-50,-50
36,7,0,-50,-50
36,8,8,23.3672,27.3136
36,9,8,23.3672,27.3136
36,10,0,-50,-50
36,11,0,-50,-50
36,12,0,-50,-50
36,13,0,-50,-50
36,14,0,-50,-50
36,15,8,23.3672,27.3136
36,16,0,-50,-50
36,17,0,-50,-50
36,18,8,23.3672,27.3136
36,19,0,-50,-50
36,20,8,23.3672,27.3136
36,21,0,-50,-50
36,22,8,23.3672,27.3136
36,23,8,23.3672,27.3136
36,24,0,-50,-50
36,25,8,23.3672,27.3136
36,26,0,-50,-50
36,27,0,-50,-50
36,28,0,-50,-50
36,29,0,-50,-50
36,30,0,-50,-50
36,31,0,-50,-50
36,32,0,-50,-50
36,33,0,-50,-50
36,34,0,-50,-50
36,35,0,-50,-50
36,36,8,23.3672,27.3136
36,37,0,-50,-50
36,38,0,-50,-50
36,39,0,-50,-50
36,40,0,-50,-50
36,41,0,-50,-50
36,42,0,-50,-50
36,43,0,-50,-50
36,44,0,-50,-50
36,45,0,-50,-50
36,46,0,-50,-50
36,47,0,-50,-50
36,48,0,-50,-50
36,49,0,-50,-50
37,-49,0,-50,-50
37,-48,0,-50,-50
37,-47,0,-50,-50
37,-46,0,-50,-50
37,-45,0,-50,-50
37,-44,0,-50,-50
37,-43,0,-50,-50
37,-42,0,-50,-50
37,-41,0,-50,-50
37,-40,0,-50,-50
37,-39,0,-50,-50
37,-38,0,-50,-50
37,-37,0,-50,-50
37,-36,0,-50,-50
37,-35,0,-50,-50
37,-34,0,-50,-50
37,-33,0,-50,-50
37,-32,0,-50,-50
37,-31,0,-50,-50
37,-30,0,-50,-50
37,-29,0,-50,-50
37,-28,0,-50,-50
37,-27,0,-50,-50
37,-26,0,-50,-50
37,-25,0,-50,-50
37,-24,0,-50,-50
37,-23,0,-50,-50
37,-22,0,-50,-50
37,-21,0,-50,-50
37,-20,0,-50,-50
37,-19,0,-50,-50
37,-18,0,-50,-50
37,-17,0,-50,-50
37,-16,0,-50,-50
37,-15,0,-50,-50
37,-14,0,-50,-50
37,-13,0,-50,-50
37,-12,0,-50,-50
37,-11,0,-50,-50
37,-10,0,-50,-50
37,-9,0,-50,-50
37,-8,0,-50,-50
37,-7,0,-50,-50
37,-6,3,12.975,16.0382
37,-5,0,-50,-50
37,-4,0,-50,-50
37,-3,0,-50,-50
37,-2,0,-50,-50
37,-1,0,-50,-50
37,0,0,-50,-50
37,1,0,-50,-50
37,2,8,23.3672,27.3136
37,3,0,-50,-50
37,4,0,-50,-50
37,5,0,-50,-50
37,6,0,-50,-50
37,7,0,-50,-50
37,8,0,-50,-50
37,9,0,-50,-50
37,10,0,-50,-50
37,11,0,-50,-50
37,12,8,23.3672,27.3136
37,13,0,-50,-50
37,14,0,-50,-50
37,15,0,-50,-50
37,16,0,-50,-50
37,17,0,-50,-50
37,18,0,-50,-50
37,19,0,-50,-50
37,20,0,-50,-50
37,21,0,-50,-50
37,22,0,-50,-50
37,23,0,-50,-50
37,24,8,23.3672,27.3136
37,25,0,-50,-50
37,26,0,-50,-50
37,27,0,-50,-50
37,28,0,-50,-50
37,29,0,-50,-50
37,30,0,-50,-50
37,31,0,-50,-50
37,32,0,-50,-50
37,33,0,-50,-50
37,34,0,-50,-50
37,35,0,-50,-50
37,36,0,-50,-50
37,37,0,-50,-50
37,38,0,-50,-50
37,39,0,-50,-50
37,40,0,-50,-50
37,41,0,-50,-50
37,42,0,-50,-50
37,43,0,-50,-50
37,44,0,-50,-50
37,45,0,-50,-50
37,46,0,-50,-50
37,47,0,-50,-50
37,48,0,-50,-50
37,49,0,-50,-50
38,-49,0,-50,-50
38,-48,0,-50,-50
38,-47,0,-50,-50
38,-46,0,-50,-50
38,-45,0,-50,-50
38,-44,0,-50,-50
38,-43,0,-50,-50
38,-42,0,-50,-50
38,-41,0,-50,-50
38,-40,0,-50,-50
38,-39,0,-50,-50
38,-38,0,-50,-50
38,-37,0,-50,-50
38,-36,0,-50,-50
38,-35,0,-50,-50
38,-34,0,-50,-50
38,-33,0,-50,-50
38,-32,0,-50,-50
38,-31,0,-50,-50
38,-30,0,-50,-50
38,-29,0,-50,-50
38,-28,0,-50,-50
38,-27,0,-50,-50
38,-26,0,-50,-50
38,-25,0,-50,-50
38,-24,0,-50,-50
38,-23,0,-50,-50
38,-22,0,-50,-50
38,-21,0,-50,-50
38,-20,0,-50,-50
38,-19,0,-50,-50
38,-18,0,-50,-50
38,-17,0,-50,-50
38,-16,0,-50,-50
38,-15,0,-50,-50
38,-14,0,-50,-50
38,-13,0,-50,-50
38,-12,0,-50,-50
38,-11,0,-50,-50
38,-10,0,-50,-50
38,-9,0,-50,-50
38,-8,0,-50,-50
38,-7,0,-50,-50
38,-6,0,-50,-50
38,-5,0,-50,-50
38,-4,0,-50,-50
38,-3,0,-50,-50
38,-2,0,-50,-50
38,-1,8,23.3672,27.3136
38,0,0,-50,-50
38,1,0,-50,-50
38,2,0,-50,-50
38,3,0,-50,-50
38,4,0,-50,-50
38,5,0,-50,-50
38,6,0,-50,-50
38,7,0,-50,-50
38,8,0,-50,-50
38,9,0,-50,-50
38,10,0,-50,-50
38,11,8,23.3672,27.3136
38,12,0,-50,-50
38,13,8,23.3672,27.3136
38,14,0,-50,-50
38,15,0,-50,-50
38,16,0,-50,-50
38,17,0,-50,-50
38,18,0,-50,-50
38,19,0,-50,-50
38,20,0,-50,-50
38,21,0,-50,-50
38,22,0,-50,-50
38,23,0,-50,-50
38,24,0,-50,-50
38,25,0,-50,-50
38,26,8,23.3672,27.3136
38,27,0,-50,-50
38,28,0,-50,-50
38,29,0,-50,-50
38,30,0,-50,-50
38,31,0,-50,-50
38,32,0,-50,-50
38,33,0,-50,-50
38,34,0,-50,-50
38,35,0,-50,-50
38,36,0,-50,-50
38,37,0,-50,-50
38,38,0,-50,-50
38,39,0,-50,-50
38,40,0,-50,-50
38,41,0,-50,-50
38,42,0,-50,-50
38,43,0,-50,-50
38,44,0,-50,-50
38,45,0,-50,-50
38,46,0,-50,-50
38,47,0,-50,-50
38,48,0,-50,-50
38,49,0,-50,-50
39,-49,0,-50,-50
39,-48,0,-50,-50
39,-47,0,-50,-50
39,-46,0,-50,-50
39,-45,0,-50,-50
39,-44,0,-50,-50
39,-43,0,-50,-50
39,-42,0,-50,-50
39,-41,0,-50,-50
39,-40,0,-50,-50
39,-39,0,-50,-50
39,-38,0,-50,-50
39,-37,0,-50,-50
39,-36,0,-50,-50
39,-35,0,-50,-50
39,-34,0,-50,-50
39,-33,0,-50,-50
39,-32,0,-50,-50
39,-31,0,-50,-50
39,-30,0,-50,-50
39,-29,0,-50,-50
39,-28,0,-50,-50
39,-27,0,-50,-50
39,-26,0,-50,-50
39,-25,0,-50,-50
39,-24,0,-50,-50
39,-23,0,-50,-50
39,-22,0,-50,-50
39,-21,0,-50,-50
39,-20,0,-50,-50
39,-19,0,-50,-50
39,-18,0,-50,-50
39,-17,0,-50,-50
39,-16,0,-50,-50
39,-15,0,-50,-50
39,-14,0,-50,-50
39,-13,0,-50,-50
39,-12,0,-50,-50
39,-11,0,-50,-50
39,-10,0,-50,-50
39,-9,0,-50,-50
39,-8,0,-50,-50
39,-7,0,-50,-50
39,-6,0,-50,-50
39,-5,0,-50,-50
39,-4,0,-50,-50
39,-3,0,-50,-50
39,-2,0,-50,-50
39,-1,0,-50,-50
39,0,0,-50,-50
39,1,0,-50,-50
39,2,0,-50,-50
39,3,0,-50,-50
39,4,0,-50,-50
39,5,0,-50,-50
39,6,0,-50,-50
39,7,0,-50,-50
39,8,0,-50,-50
39,9,0,-50,-50
39,10,0,-50,-50
39,11,0,-50,-50
39,12,0,-50,-50
39,13,8,23.3672,27.3136
39,14,0,-50,-50
39,15,0,-50,-50
39,16,0,-50,-50
39,17,0,-50,-50
39,18,0,-50,-50
39,19,0,-50,-50
39,20,0,-50,-50
39,21,0,-50,-50
39,22,0,-50,-50
39,23,0,-50,-50
39,24,0,-50,-50
39,25,0,-50,-50
39,26,0,-50,-50
39,27,0,-50,-50
39,28,0,-50,-50
39,29,0,-50,-50
39,30,0,-50,-50
39,31,0,-50,-50
39,32,0,-50,-50
39,33,0,-50,-50
39,34,0,-50,-50
39,35,0,-50,-50
39,36,0,-50,-50
39,37,0,-50,-50
39,38,0,-50,-50
39,39,0,-50,-50
39,40,8,23.3672,27.3136
39,41,0,-50,-50
39,42,0,-50,-50
39,43,0,-50,-50
39,44,0,-50,-50
39,45,0,-50,-50
39,46,0,-50,-50
39,47,0,-50,-50
39,48,0,-50,-50
39,49,0,-50,-50
40,-49,0,-50,-50
40,-48,0,-50,-50
40,-47,0,-50,-50
40,-46,0,-50,-50
40,-45,0,-50,-50
40,-44,0,-50,-50
40,-43,0,-50,-50
40,-42,0,-50,-50
40,-41,0,-50,-50
40,-40,0,-50,-50
40,-39,0,-50,-50
40,-38,0,-50,-50
40,-37,0,-50,-50
40,-36,0,-50,-50
40,-35,0,-50,-50
40,-34,0,-50,-50
40,-33,0,-50,-50
40,-32,0,-50,-50
40,-31,0,-50,-50
40,-30,0,-50,-50
40,-29,0,-50,-50
40,-28,0,-50,-50
40,-27,0,-50,-50
40,-26,0,-50,-50
40,-25,0,-50,-50
40,-24,0,-50,-50
40,-23,0,-50,-50
40,-22,0,-50,-50
40,-21,0,-50,-50
40,-20,0,-50,-50
40,-19,0,-50,-50
40,-18,0,-50,-50
40,-17,0,-50,-50
40,-16,0,-50,-50
40,-15,0,-50,-50
40,-14,0,-50,-50
40,-13,0,-50,-50
40,-12,0,-50,-50
40,-11,0,-50,-50
40,-10,0,-50,-50
40,-9,0,-50,-50
40,-8,0,-50,-50
40,-7,0,-50,-50
40,-6,0,-50,-50
40,-5,0,-50,-50
40,-4,0,-50,-50
40,-3,0,-50,-50
40,-2,0,-50,-50
40,-1,0,-50,-50
40,0,0,-50,-50
40,1,0,-50,-50
40,2,0,-50,-50
40,3,0,-50,-50
40,4,0,-50,-50
40,5,0,-50,-50
40,6,0,-50,-50
40,7,0,-50,-50
40,8,0,-50,-50
40,9,8,23.3672,27.3136
40,10,0,-50,-50
40,11,0,-50,-50
40,12,8,23.3672,27.3136
40,13,0,-50,-50
40,14,0,-50,-50
40,15,0,-50,-50
40,16,0,-50,-50
40,17,0,-50,-50
40,18,0,-50,-50
40,19,0,-50,-50
40,20,0,-50,-50
40,21,0,-50,-50
40,22,0,-50,-50
40,23,0,-50,-50
40,24,0,-50,-50
40,25,0,-50,-50
40,26,0,-50,-50
40,27,0,-50,-50
40,28,0,-50,-50
40,29,8,23.3672,27.3136
40,30,0,-50,-50
40,31,0,-50,-50
40,32,0,-50,-50
40,33,0,-50,-50
40,34,0,-50,-50
40,35,0,-50,-50
40,36,0,-50,-50
40,37,0,-50,-50
40,38,0,-50,-50
40,39,0,-50,-50
40,40,0,-50,-50
40,41,0,-50,-50
40,42,0,-50,-50
40,43,0,-50,-50
40,44,0,-50,-50
40,45,0,-50,-50
40,46,0,-50,-50
40,47,0,-50,-50
40,48,0,-50,-50
40,49,0,-50,-50
41,-49,0,-50,-50
41,-48,0,-50,-50
41,-47,0,-50,-50
41,-46,0,-50,-50
41,-45,0,-50,-50
41,-44,0,-50,-50
41,-43,0,-50,-50
41,-42,0,-50,-50
41,-41,0,-50,-50
41,-40,0,-50,-50
41,-39,0,-50,-50
41,-38,0,-50,-50
41,-37,0,-50,-50
41,-36,0,-50,-50
41,-35,0,-50,-50
41,-34,0,-50,-50
41,-33,0,-50,-50
41,-32,0,-50,-50
41,-31,0,-50,-50
41,-30,0,-50,-50
41,-29,0,-50,-50
41,-28,0,-50,-50
41,-27,0,-50,-50
41,-26,0,-50,-50
41,-25,0,-50,-50
41,-24,0,-50,-50
41,-23,0,-50,-50
41,-22,0,-50,-50
41,-21,0,-50,-50
41,-20,0,-50,-50
41,-19,0,-50,-50
41,-18,0,-50,-50
41,-17,0,-50,-50
41,-16,0,-50,-50
41,-15,0,-50,-50
41,-14,0,-50,-50
41,-13,0,-50,-50
41,-12,0,-50,-50
41,-11,0,-50,-50
41,-10,0,-50,-50
41,-9,0,-50,-50
41,-8,0,-50,-50
41,-7,0,-50,-50
41,-6,0,-50,-50
41,-5,0,-50,-50
41,-4,0,-50,-50
41,-3,0,-50,-50
41,-2,0,-50,-50
41,-1,0,-50,-50
41,0,0,-50,-50
41,1,0,-50,-50
41,2,0,-50,-50
41,3,0,-50,-50
41,4,0,-50,-50
41,5,0,-50,-50
41,6,0,-50,-50
41,7,0,-50,-50
41,8,0,-50,-50
41,9,0,-50,-50
41,10,0,-50,-50
41,11,0,-50,-50
41,12,0,-50,-50
41,13,0,-50,-50
41,14,0,-50,-50
41,15,0,-50,-50
41,16,0,-50,-50
41,17,0,-50,-50
41,18,0,-50,-50
41,19,0,-50,-50
41,20,0,-50,-50
41,21,0,-50,-50
41,22,0,-50,-50
41,23,0,-50,-50
41,24,0,-50,-50
41,25,0,-50,-50
41,26,0,-50,-50
41,27,8,23.3672,27.3136
41,28,0,-50,-50
41,29,0,-50,-50
41,30,8,23.3672,27.3136
41,31,0,-50,-50
41,32,0,-50,-50
41,33,0,-50,-50
41,34,0,-50,-50
41,35,0,-50,-50
41,36,0,-50,-50
41,37,0,-50,-50
41,38,8,23.3672,27.3136
41,39,0,-50,-50
41,40,0,-50,-50
41,41,0,-50,-50
41,42,0,-50,-50
41,43,0,-50,-50
41,44,0,-50,-50
41,45,0,-50,-50
41,46,0,-50,-50
41,47,0,-50,-50
41,48,0,-50,-50
41,49,0,-50,-50
42,-49,0,-50,-50
42,-48,0,-50,-50
42,-47,0,-50,-50
42,-46,0,-50,-50
42,-45,0,-50,-50
42,-44,0,-50,-50
42,-43,0,-50,-50
42,-42,0,-50,-50
42,-41,0,-50,-50
42,-40,0,-50,-50
42,-39,0,-50,-50
42,-38,0,-50,-50
42,-37,0,-50,-50
42,-36,0,-50,-50
42,-35,0,-50,-50
42,-34,0,-50,-50
42,-33,0,-50,-50
42,-32,0,-50,-50
42,-31,0,-50,-50
42,-30,0,-50,-50
42,-29,0,-50,-50
42,-28,0,-50,-50
42,-27,0,-50,-50
42,-26,0,-50,-50
42,-25,0,-50,-50
42,-24,0,-50,-50
42,-23,0,-50,-50
42,-22,0,-50,-50
42,-21,0,-50,-50
42,-20,0,-50,-50
42,-19,0,-50,-50
42,-18,0,-50,-50
42,-17,0,-50,-50
42,-16,0,-50,-50
42,-15,0,-50,-50
42,-14,0,-50,-50
42,-13,0,-50,-50
42,-12,0,-50,-50
42,-11,0,-50,-50
42,-10,0,-50,-50
42,-9,0,-50,-50
42,-8,0,-50,-50
42,-7,0,-50,-50
42,-6,0,-50,-50
42,-5,0,-50,-50
42,-4,0,-50,-50
42,-3,0,-50,-50
42,-2,0,-50,-50
42,-1,0,-50,-50
42,0,0,-50,-50
42,1,0,-50,-50
42,2,0,-50,-50
42,3,0,-50,-50
42,4,0,-50,-50
42,5,0,-50,-50
42,6,0,-50,-50
42,7,0,-50,-50
42,8,0,-50,-50
42,9,0,-50,-50
42,10,0,-50,-50
42,11,0,-50,-50
42,12,0,-50,-50
42,13,0,-50,-50
42,14,0,-50,-50
42,15,0,-50,-50
42,16,0,-50,-50
42,17,0,-50,-50
42,18,0,-50,-50
42,19,0,-50,-50
42,20,0,-50,-50
42,21,0,-50,-50
42,22,0,-50,-50
42,23,0,-50,-50
42,24,0,-50,-50
42,25,0,-50,-50
42,26,0,-50,-50
42,27,0,-50,-50
42,28,0,-50,-50
42,29,0,-50,-50
42,30,0,-50,-50
42,31,0,-50,-50
42,32,0,-50,-50
42,33,0,-50,-50
42,34,0,-50,-50
42,35,0,-50,-50
42,36,0,-50,-50
42,37,0,-50,-50
42,38,0,-50,-50
42,39,0,-50,-50
42,40,0,-50,-50
42,41,0,-50,-50
42,42,0,-50,-50
42,43,0,-50,-50
42,44,0,-50,-50
42,45,0,-50,-50
42,46,0,-50,-50
42,47,0,-50,-50
42,48,0,-50,-50
42,49,0,-50,-50
43,-49,0,-50,-50
43,-48,0,-50,-50
43,-47,0,-50,-50
43,-46,0,-50,-50
43,-45,0,-50,-50
43,-44,0,-50,-50
43,-43,0,-50,-50
43,-42,0,-50,-50
43,-41,0,-50,-50
43,-40,0,-50,-50
43,-39,0,-50,-50
43,-38,0,-50,-50
43,-37,0,-50,-50
43,-36,0,-50,-50
43,-35,0,-50,-50
43,-34,0,-50,-50
43,-33,0,-50,-50
43,-32,0,-50,-50
43,-31,0,-50,-50
43,-30,0,-50,-50
43,-29,0,-50,-50
43,-28,0,-50,-50
43,-27,0,-50,-50
43,-26,0,-50,-50
43,-25,0,-50,-50
43,-24,0,-50,-50
43,-23,0,-50,-50
43,-22,0,-50,-50
43,-21,0,-50,-50
43,-20,0,-50,-50
43,-19,0,-50,-50
43,-18,0,-50,-50
43,-17,0,-50,-50
43,-16,0,-50,-50
43,-15,0,-50,-50
43,-14,0,-50,-50
43,-13,0,-50,-50
43,-12,0,-50,-50
43,-11,0,-50,-50
43,-10,0,-50,-50
43,-9,0,-50,-50
43,-8,0,-50,-50
43,-7,0,-50,-50
43,-6,0,-50,-50
43,-5,0,-50,-50
43,-4,0,-50,-50
43,-3,0,-50,-50
43,-2,0,-50,-50
43,-1,0,-50,-50
43,0,0,-50,-50
43,1,0,-50,-50
43,2,0,-50,-50
43,3,0,-50,-50
43,4,8,23.3672,27.3136
43,5,0,-50,-50
43,6,0,-50,-50
43,7,0,-50,-50
43,8,0,-50,-50
43,9,0,-50,-50
43,10,0,-50,-50
43,11,0,-50,-50
43,12,0,-50,-50
43,13,0,-50,-50
43,14,0,-50,-50
43,15,0,-50,-50
43,16,0,-50,-50
43,17,0,-50,-50
43,18,0,-50,-50
43,19,0,-50,-50
43,20,0,-50,-50
43,21,0,-50,-50
43,22,0,-50,-50
43,23,0,-50,-50
43,24,0,-50,-50
43,25,0,-50,-50
43,26,0,-50,-50
43,27,0,-50,-50
43,28,0,-50,-50
43,29,0,-50,-50
43,30,0,-50,-50
43,31,0,-50,-50
43,32,0,-50,-50
43,33,0,-50,-50
43,34,0,-50,-50
43,35,0,-50,-50
43,36,0,-50,-50
43,37,0,-50,-50
43,38,0,-50,-50
43,39,0,-50,-50
43,40,0,-50,-50
43,41,0,-50,-50
43,42,0,-50,-50
43,43,0,-50,-50
43,44,0,-50,-50
43,45,0,-50,-50
43,46,0,-50,-50
43,47,0,-50,-50
43,48,0,-50,-50
43,49,0,-50,-50
44,-49,0,-50,-50
44,-48,0,-50,-50
44,-47,0,-50,-50
44,-46,0,-50,-50
44,-45,0,-50,-50
44,-44,0,-50,-50
44,-43,0,-50,-50
44,-42,0,-50,-50
44,-41,0,-50,-50
44,-40,0,-50,-50
44,-39,0,-50,-50
44,-38,0,-50,-50
44,-37,0,-50,-50
44,-36,0,-50,-50
44,-35,0,-50,-50
44,-34,0,-50,-50
44,-33,0,-50,-50
44,-32,0,-50,-50
44,-31,0,-50,-50
44,-30,0,-50,-50
44,-29,0,-50,-50
44,-28,0,-50,-50
44,-27,0,-50,-50
44,-26,0,-50,-50
44,-25,0,-50,-50
44,-24,0,-50,-50
44,-23,0,-50,-50
44,-22,0,-50,-50
44,-21,0,-50,-50
44,-20,0,-50,-50
44,-19,0,-50,-50
44,-18,0,-50,-50
44,-17,0,-50,-50
44,-16,0,-50,-50
44,-15,0,-50,-50
44,-14,0,-50,-50
44,-13,0,-50,-50
44,-12,0,-50,-50
44,-11,0,-50,-50
44,-10,0,-50,-50
44,-9,0,-50,-50
44,-8,0,-50,-50
44,-7,0,-50,-50
44,-6,0,-50,-50
44,-5,0,-50,-50
44,-4,0,-50,-50
44,-3,0,-50,-50
44,-2,0,-50,-50
44,-1,0,-50,-50
44,0,0,-50,-50
44,1,0,-50,-50
44,2,0,-50,-50
44,3,0,-50,-50
44,4,0,-50,-50
44,5,0,-50,-50
44,6,0,-50,-50
44,7,0,-50,-50
44,8,8,23.3672,27.3136
44,9,0,-50,-50
44,10,0,-50,-50
44,11,0,-50,-50
44,12,0,-50,-50
44,13,0,-50,-50
44,14,0,-50,-50
44,15,0,-50,-50
44,16,0,-50,-50
44,17,0,-50,-50
44,18,0,-50,-50
44,19,0,-50,-50
44,20,0,-50,-50
44,21,0,-50,-50
44,22,0,-50,-50
44,23,0,-50,-50
44,24,0,-50,-50
44,25,0,-50,-50
44,26,0,-50,-50
44,27,0,-50,-50
44,28,0,-50,-50
44,29,0,-50,-50
44,30,0,-50,-50
44,31,0,-50,-50
44,32,0,-50,-50
44,33,0,-50,-50
44,34,0,-50,-50
44,35,0,-50,-50
44,36,0,-50,-50
44,37,0,-50,-50
44,38,0,-50,-50
44,39,0,-50,-50
44,40,0,-50,-50
44,41,0,-50,-50
44,42,0,-50,-50
44,43,0,-50,-50
44,44,0,-50,-50
44,45,0,-50,-50
44,46,0,-50,-50
44,47,0,-50,-50
44,48,0,-50,-50
44,49,0,-50,-50
45,-49,0,-50,-50
45,-48,0,-50,-50
45,-47,0,-50,-50
45,-46,0,-50,-50
45,-45,0,-50,-50
45,-44,0,-50,-50
45,-43,0,-50,-50
45,-42,0,-50,-50
45,-41,0,-50,-50
45,-40,0,-50,-50
45,-39,0,-50,-50
45,-38,0,-50,-50
45,-37,0,-50,-50
45,-36,0,-50,-50
45,-35,0,-50,-50
45,-34,0,-50,-50
45,-33,0,-50,-50
45,-32,0,-50,-50
45,-31,0,-50,-50
45,-30,0,-50,-50
45,-29,0,-50,-50
45,-28,0,-50,-50
45,-27,0,-50,-50
45,-26,0,-50,-50
45,-25,0,-50,-50
45,-24,0,-50,-50
45,-23,0,-50,-50
45,-22,0,-50,-50
45,-21,0,-50,-50
45,-20,0,-50,-50
45,-19,0,-50,-50
45,-18,0,-50,-50
45,-17,0,-50,-50
45,-16,0,-50,-50
45,-15,0,-50,-50
45,-14,0,-50,-50
45,-13,0,-50,-50
45,-12,0,-50,-50
45,-11,0,-50,-50
45,-10,0,-50,-50
45,-9,0,-50,-50
45,-8,0,-50,-50
45,-7,0,-50,-50
45,-6,0,-50,-50
45,-5,0,-50,-50
45,-4,0,-50,-50
45,-3,0,-50,-50
45,-2,0,-50,-50
45,-1,0,-50,-50
45,0,0,-50,-50
45,1,0,-50,-50
45,2,0,-50,-50
45,3,0,-50,-50
45,4,0,-50,-50
45,5,0,-50,-50
45,6,0,-50,-50
45,7,0,-50,-50
45,8,0,-50,-50
45,9,0,-50,-50
45,10,0,-50,-50
45,11,0,-50,-50
45,12,0,-50,-50
45,13,0,-50,-50
45,14,0,-50,-50
45,15,0,-50,-50
45,16,0,-50,-50
45,17,0,-50,-50
45,18,0,-50,-50
45,19,0,-50,-50
45,20,0,-50,-50
45,21,0,-50,-50
45,22,0,-50,-50
45,23,0,-50,-50
45,24,0,-50,-50
45,25,0,-50,-50
45,26,0,-50,-50
45,27,0,-50,-50
45,28,8,23.3672,27.3136
45,29,0,-50,-50
45,30,0,-50,-50
45,31,0,-50,-50
45,32,0,-50,-50
45,33,0,-50,-50
45,34,0,-50,-50
45,35,0,-50,-50
45,36,0,-50,-50
45,37,0,-50,-50
45,38,0,-50,-50
45,39,0,-50,-50
45,40,0,-50,-50
45,41,0,-50,-50
45,42,0,-50,-50
45,43,0,-50,-50
45,44,0,-50,-50
45,45,0,-50,-50
45,46,0,-50,-50
45,47,0,-50,-50
45,48,0,-50,-50
45,49,0,-50,-50
46,-49,0,-50,-50
46,-48,0,-50,-50
46,-47,0,-50,-50
46,-46,0,-50,-50
46,-45,0,-50,-50
46,-44,0,-50,-50
46,-43,0,-50,-50
46,-42,0,-50,-50
46,-41,0,-50,-50
46,-40,0,-50,-50
46,-39,0,-50,-50
46,-38,0,-50,-50
46,-37,0,-50,-50
46,-36,0,-50,-50
46,-35,0,-50,-50
46,-34,0,-50,-50
46,-33,0,-50,-50
46,-32,0,-50,-50
46,-31,0,-50,-50
46,-30,0,-50,-50
46,-29,0,-50,-50
46,-28,0,-50,-50
46,-27,0,-50,-50
46,-26,0,-50,-50
46,-25,0,-50,-50
46,-24,0,-50,-50
46,-23,0,-50,-50
46,-22,0,-50,-50
46,-21,0,-50,-50
46,-20,0,-50,-50
46,-19,0,-50,-50
46,-18,0,-50,-50
46,-17,0,-50,-50
46,-16,0,-50,-50
46,-15,0,-50,-50
46,-14,0,-50,-50
46,-13,0,-50,-50
46,-12,0,-50,-50
46,-11,0,-50,-50
46,-10,0,-50,-50
46,-9,0,-50,-50
46,-8,0,-50,-50
46,-7,0,-50,-50
46,-6,0,-50,-50
46,-5,0,-50,-50
46,-4,0,-50,-50
46,-3,0,-50,-50
46,-2,0,-50,-50
46,-1,0,-50,-50
46,0,0,-50,-50
46,1,0,-50,-50
46,2,0,-50,-50
46,3,0,-50,-50
46,4,0,-50,-50
46,5,8,23.3672,27.3136
46,6,0,-50,-50
46,7,0,-50,-50
46,8,0,-50,-50
46,9,0,-50,-50
46,10,0,-50,-50
46,11,0,-50,-50
46,12,0,-50,-50
46,13,0,-50,-50
46,14,0,-50,-50
46,15,0,-50,-50
46,16,0,-50,-50
46,17,0,-50,-50
46,18,0,-50,-50
46,19,0,-50,-50
46,20,0,-50,-50
46,21,0,-50,-50
46,22,0,-50,-50
46,23,0,-50,-50
46,24,0,-50,-50
46,25,0,-50,-50
46,26,0,-50,-50
46,27,0,-50,-50
46,28,0,-50,-50
46,29,0,-50,-50
46,30,0,-50,-50
46,31,0,-50,-50
46,32,0,-50,-50
46,33,0,-50,-50
46,34,0,-50,-50
46,35,0,-50,-50
46,36,0,-50,-50
46,37,0,-50,-50
46,38,0,-50,-50
46,39,0,-50,-50
46,40,0,-50,-50
46,41,0,-50,-50
46,42,0,-50,-50
46,43,0,-50,-50
46,44,0,-50,-50
46,45,0,-50,-50
46,46,0,-50,-50
46,47,0,-50,-50
46,48,0,-50,-50
46,49,0,-50,-50
47,-49,0,-50,-50
47,-48,0,-50,-50
47,-47,0,-50,-50
47,-46,0,-50,-50
47,-45,0,-50,-50
47,-44,0,-50,-50
47,-43,0,-50,-50
47,-42,0,-50,-50
47,-41,0,-50,-50
47,-40,0,-50,-50
47,-39,0,-50,-50
47,-38,0,-50,-50
47,-37,0,-50,-50
47,-36,0,-50,-50
47,-35,0,-50,-50
47,-34,0,-50,-50
47,-33,0,-50,-50
47,-32,0,-50,-50
47,-31,0,-50,-50
47,-30,0,-50,-50
47,-29,0,-50,-50
47,-28,0,-50,-50
47,-27,0,-50,-50
47,-26,0,-50,-50
47,-25,0,-50,-50
47,-24,0,-50,-50
47,-23,0,-50,-50
47,-22,0,-50,-50
47,-21,0,-50,-50
47,-20,0,-50,-50
47,-19,0,-50,-50
47,-18,0,-50,-50
47,-17,0,-50,-50
47,-16,0,-50,-50
47,-15,0,-50,-50
47,-14,0,-50,-50
47,-13,0,-50,-50
47,-12,0,-50,-50
47,-11,0,-50,-50
47,-10,0,-50,-50
47,-9,0,-50,-50
47,-8,0,-50,-50
47,-7,0,-50,-50
47,-6,0,-50,-50
47,-5,0,-50,-50
47,-4,0,-50,-50
47,-3,0,-50,-50
47,-2,0,-50,-50
47,-1,0,-50,-50
47,0,0,-50,-50
47,1,0,-50,-50
47,2,0,-50,-50
47,3,0,-50,-50
47,4,0,-50,-50
47,5,0,-50,-50
47,6,0,-50,-50
47,7,8,23.3672,27.3136
47,8,0,-50,-50
47,9,0,-50,-50
47,10,0,-50,-50
47,11,0,-50,-50
47,12,0,-50,-50
47,13,0,-50,-50
47,14,0,-50,-50
47,15,0,-50,-50
47,16,0,-50,-50
47,17,0,-50,-50
47,18,0,-50,-50
47,19,0,-50,-50
47,20,0,-50,-50
47,21,0,-50,-50
47,22,0,-50,-50
47,23,0,-50,-50
47,24,0,-50,-50
47,25,0,-50,-50
47,26,0,-50,-50
47,27,0,-50,-50
47,28,0,-50,-50
47,29,0,-50,-50
47,30,0,-50,-50
47,31,0,-50,-50
47,32,0,-50,-50
47,33,0,-50,-50
47,34,0,-50,-50
47,35,0,-50,-50
47,36,0,-50,-50
47,37,0,-50,-50
47,38,0,-50,-50
47,39,0,-50,-50
47,40,0,-50,-50
47,41,0,-50,-50
47,42,0,-50,-50
47,43,0,-50,-50
47,44,0,-50,-50
47,45,0,-50,-50
47,46,0,-50,-50
47,47,0,-50,-50
47,48,0,-50,-50
47,49,0,-50,-50
48,-49,0,-50,-50
48,-48,0,-50,-50
48,-47,0,-50,-50
48,-46,0,-50,-50
48,-45,0,-50,-50
48,-44,0,-50,-50
48,-43,0,-50,-50
48,-42,0,-50,-50
48,-41,0,-50,-50
48,-40,0,-50,-50
48,-39,0,-50,-50
48,-38,0,-50,-50
48,-37,0,-50,-50
48,-36,0,-50,-50
48,-35,0,-50,-50
48,-34,0,-50,-50
48,-33,0,-50,-50
48,-32,0,-50,-50
48,-31,0,-50,-50
48,-30,0,-50,-50
48,-29,0,-50,-50
48,-28,0,-50,-50
48,-27,0,-50,-50
48,-26,0,-50,-50
48,-25,0,-50,-50
48,-24,0,-50,-50
48,-23,0,-50,-50
48,-22,0,-50,-50
48,-21,0,-50,-50
48,-20,0,-50,-50
48,-19,0,-50,-50
48,-18,0,-50,-50
48,-17,0,-50,-50
48,-16,0,-50,-50
48,-15,0,-50,-50
48,-14,0,-50,-50
48,-13,0,-50,-50
48,-12,0,-50,-50
48,-11,0,-50,-50
48,-10,0,-50,-50
48,-9,0,-50,-50
48,-8,0,-50,-50
48,-7,0,-50,-50
48,-6,0,-50,-50
48,-5,0,-50,-50
48,-4,0,-50,-50
48,-3,0,-50,-50
48,-2,0,-50,-50
48,-1,0,-50,-50
48,0,0,-50,-50
48,1,0,-50,-50
48,2,0,-50,-50
48,3,0,-50,-50
48,4,0,-50,-50
48,5,0,-50,-50
48,6,0,-50,-50
48,7,0,-50,-50
48,8,0,-50,-50
48,9,0,-50,-50
48,10,0,-50,-50
48,11,0,-50,-50
48,12,0,-50,-50
48,13,0,-50,-50
48,14,0,-50,-50
48,15,0,-50,-50
48,16,0,-50,-50
48,17,0,-50,-50
48,18,0,-50,-50
48,19,0,-50,-50
48,20,0,-50,-50
48,21,0,-50,-50
48,22,0,-50,-50
48,23,0,-50,-50
48,24,0,-50,-50
48,25,0,-50,-50
48,26,0,-50,-50
48,27,0,-50,-50
48,28,0,-50,-50
48,29,0,-50,-50
48,30,0,-50,-50
48,31,0,-50,-50
48,32,0,-50,-50
48,33,0,-50,-50
48,34,0,-50,-50
48,35,0,-50,-50
48,36,0,-50,-50
48,37,0,-50,-50
48,38,0,-50,-50
48,39,0,-50,-50
48,40,0,-50,-50
48,41,0,-50,-50
48,42,0,-50,-50
48,43,0,-50,-50
48,44,0,-50,-50
48,45,0,-50,-50
48,46,0,-50,-50
48,47,0,-50,-50
48,48,0,-50,-50
48,49,0,-50,-50
49,-49,0,-50,-50
49,-48,0,-50,-50
49,-47,0,-50,-50
49,-46,0,-50,-50
49,-45,0,-50,-50
49,-44,0,-50,-50
49,-43,0,-50,-50
49,-42,0,-50,-50
49,-41,0,-50,-50
49,-40,0,-50,-50
49,-39,0,-50,-50
49,-38,0,-50,-50
49,-37,0,-50,-50
49,-36,0,-50,-50
49,-35,0,-50,-50
49,-34,0,-50,-50
49,-33,0,-50,-50
49,-32,0,-50,-50
49,-31,0,-50,-50
49,-30,0,-50,-50
49,-29,0,-50,-50
49,-28,0,-50,-50
49,-27,0,-50,-50
49,-26,0,-50,-50
49,-25,0,-50,-50
49,-24,0,-50,-50
49,-23,0,-50,-50
49,-22,0,-50,-50
49,-21,0,-50,-50
49,-20,0,-50,-50
49,-19,0,-50,-50
49,-18,0,-50,-50
49,-17,0,-50,-50
49,-16,0,-50,-50
49,-15,0,-50,-50
49,-14,0,-50,-50
49,-13,0,-50,-50
49,-12,0,-50,-50
49,-11,0,-50,-50
49,-10,0,-50,-50
49,-9,0,-50,-50
49,-8,0,-50,-50
49,-7,0,-50,-50
49,-6,0,-50,-50
49,-5,0,-50,-50
49,-4,0,-50,-50
49,-3,0,-50,-50
49,-2,0,-50,-50
49,-1,0,-50,-50
49,0,0,-50,-50
49,1,0,-50,-50
49,2,0,-50,-50
49,3,0,-50,-50
49,4,0,-50,-50
49,5,0,-50,-50
49,6,0,-50,-50
49,7,0,-50,-50
49,8,0,-50,-50
49,9,0,-50,-50
49,10,0,-50,-50
49,11,0,-50,-50
49,12,0,-50,-50
49,13,0,-50,-50
49,14,0,-50,-50
49,15,0,-50,-50
49,16,0,-50,-50
49,17,0,-50,-50
49,18,0,-50,-50
49,19,0,-50,-50
49,20,0,-50,-50
49,21,0,-50,-50
49,22,0,-50,-50
49,23,0,-50,-50
49,24,0,-50,-50
49,25,0,-50,-50
49,26,0,-50,-50
49,27,0,-50,-50
49,28,0,-50,-50
49,29,0,-50,-50
49,30,0,-50,-50
49,31,0,-50,-50
49,32,0,-50,-50
49,33,0,-50,-50
49,34,0,-50,-50
49,35,0,-50,-50
49,36,0,-50,-50
49,37,0,-50,-50
49,38,0,-50,-50
49,39,0,-50,-50
49,40,0,-50,-50
49,41,0,-50,-50
49,42,0,-50,-50
49,43,0,-50,-50
49,44,0,-50,-50
49,45,0,-50,-50
49,46,0,-50,-50
49,47,0,-50,-50
49,48,0,-50,-50
49,49,0,-50,-50
