tick,agent_id,x,y,color
0,279,-4,-14,5
0,39,19,10,3
0,215,13,11,3
0,91,0,-7,7
0,223,17,-13,5
0,207,5,-10,7
0,119,-20,1,2
0,323,2,20,6
0,135,12,9,3
0,275,-8,-5,2
0,31,10,4,7
0,35,5,2,7
0,315,28,1,0
0,211,8,-26,5
0,27,13,10,3
0,327,-15,9,1
0,19,2,6,7
0,423,17,-19,5
0,43,12,8,3
0,67,1,-5,7
0,299,11,0,7
0,167,-10,9,1
0,367,-24,8,4
0,103,14,6,3
0,155,14,-13,0
0,251,13,-13,5
0,339,-16,1,2
0,143,10,5,3
0,271,7,3,7
0,239,13,5,3
0,203,12,6,3
0,7,12,9,3
0,15,12,9,3
0,427,3,8,6
0,59,13,9,3
0,243,12,9,3
0,379,13,10,3
0,115,-3,-14,5
0,83,13,2,7
0,87,12,8,3
0,303,14,-13,0
0,415,0,-8,7
0,419,12,8,3
0,131,-1,5,7
0,183,4,-11,5
0,411,-6,8,1
0,191,-10,-6,2
0,395,11,6,3
0,107,9,-8,7
0,375,-27,-8,2
0,219,4,9,6
0,283,16,10,3
0,139,12,-10,7
0,355,5,-13,5
0,247,11,5,3
0,111,14,-13,0
0,259,6,0,7
0,23,12,9,3
0,343,11,19,3
0,319,-3,17,6
0,179,10,4,7
0,231,12,5,3
0,99,-6,-3,2
0,331,7,15,3
0,407,4,-17,5
0,195,-1,-2,7
0,187,11,3,7
0,95,13,5,3
0,147,13,0,7
0,351,6,-10,7
0,267,13,11,3
0,363,2,5,7
0,307,13,5,3
0,199,0,8,1
0,311,-27,-8,2
0,127,10,4,7
0,383,8,17,3
0,75,16,2,3
0,371,16,2,3
0,159,13,-19,5
0,431,8,-8,7
0,175,14,11,3
0,235,-1,-1,7
0,255,-8,21,1
0,387,-20,-8,2
0,439,17,-13,5
0,151,11,6,3
0,391,3,0,7
0,443,0,-27,5
0,55,12,9,3
0,171,-5,-2,7
0,335,28,0,3
0,435,-18,5,2
0,11,10,3,7
0,399,-3,-22,5
0,47,12,7,3
0,63,14,-3,7
0,295,16,3,3
0,263,5,-14,5
0,3,12,7,3
0,51,12,5,3
0,403,2,2,7
0,163,10,0,7
0,287,7,-3,7
0,347,12,6,3
0,71,10,-10,7
0,359,3,24,6
0,227,-3,-14,5
0,123,-3,-14,5
0,79,12,8,3
0,291,12,8,3
1,347,12,6,3
1,107,9,-8,7
1,79,12,8,3
1,7,12,9,3
1,3,12,7,3
1,175,14,11,3
1,51,12,5,3
1,263,5,-14,5
1,123,-3,-14,5
1,247,10.4253,3.49757,7
1,147,13,0,7
1,311,-27,-8,2
1,103,14,6,3
1,151,10.5556,6.24149,3
1,411,-6,8,1
1,367,-23.6854,8.0456,4
1,139,12.072,-8.77441,7
1,235,-1,-1,7
1,355,4.82607,-12.9312,5
1,335,28,0,3
1,415,0,-8,7
1,375,-27,-8,2
1,391,3,0,7
1,91,0,-7,7
1,215,13,11,3
1,407,3.9615,-16.9744,5
1,423,17,-19,5
1,379,13,10,3
1,267,13,11,3
1,43,12,8,3
1,211,8,-26,5
1,387,-18.4568,-6.74854,2
1,183,4,-11,5
1,159,13,-19,5
1,383,8,17,3
1,287,7,-3,7
1,435,-18,5,2
1,251,13,-13,5
1,59,13,9,3
1,431,6.5263,-7.09965,7
1,271,7,3,7
1,255,-7.38052,19.17,1
1,323,2,20,6
1,167,-8.46037,9.55887,1
1,351,6,-10,7
1,203,12,6,3
1,99,-6,-3,2
1,439,15.1518,-13.5296,5
1,39,17.8906,9.90523,3
1,315,28,1,0
1,75,15.0454,3.59896,3
1,67,2.00035,-3.26818,7
1,339,-16,1,2
1,119,-20,1,2
1,363,2,5,7
1,143,10,5,3
1,443,0,-27,5
1,195,-1,-2,7
1,227,-3,-14,5
1,327,-15,9,1
1,219,4,9,6
1,419,12,8,3
1,23,12,9,3
1,19,2.16459,4.02446,7
1,371,14.9082,2.67347,3
1,427,3,8,6
1,35,5.34067,1.46281,7
1,359,3,24,6
1,163,8.10645,-0.545536,7
1,155,14,-13,0
1,399,-3,-22,5
1,179,10,4,7
1,275,-8,-5,2
1,95,13,5,3
1,31,10,4,7
1,259,6,0,7
1,239,13.1968,5.02361,3
1,395,11,6,3
1,207,5,-10,7
1,71,10,-10,7
1,291,12,8,3
1,279,-4,-14,5
1,295,16,3,3
1,83,13,2,7
1,187,11,3,7
1,11,10,3,7
1,55,12,9,3
1,131,-1,5,7
1,87,12,8,3
1,303,14,-13,0
1,283,16,10,3
1,191,-10,-6,2
1,331,7,15,3
1,243,12,9,3
1,307,13,5,3
1,171,-5,-2,7
1,115,-3,-14,5
1,47,12,7,3
1,223,17,-13,5
1,299,11,0,7
1,343,11,19,3
1,15,12,9,3
1,27,13,10,3
1,127,10,4,7
1,135,12,9,3
1,319,-3,17,6
1,63,14,-3,7
1,111,14,-13,0
1,231,12,5,3
1,199,0,8,1
1,403,2.28739,2.04717,7
2,299,11,0,7
2,35,4.56373,-0.129438,7
2,39,16.8043,9.92141,3
2,55,12,9,3
2,423,17,-19,5
2,63,14,-3,7
2,135,12,9,3
2,51,12,5,3
2,295,16,3,3
2,87,12,8,3
2,343,11,19,3
2,175,14,11,3
2,291,12,8,3
2,283,16,10,3
2,243,12,9,3
2,231,12,5,3
2,239,12.2704,5.93099,3
2,203,12,6,3
2,187,11,3,7
2,123,-3,-14,5
2,95,13,5,3
2,247,8.90071,3.525,7
2,287,7,-3,7
2,79,12,8,3
2,211,8,-26,5
2,427,3,8,6
2,199,0,8,1
2,363,2,5,7
2,307,13,5,3
2,311,-27,-8,2
2,115,-3,-14,5
2,139,11.1014,-7.17582,7
2,315,28,1,0
2,223,16.1287,-12.5092,5
2,319,-3,17,6
2,387,-16.9041,-5.53987,2
2,351,6,-10,7
2,331,7,15,3
2,339,-16,1,2
2,419,12,8,3
2,379,13,10,3
2,15,12,9,3
2,127,10,4,7
2,47,12,7,3
2,275,-8,-5,2
2,267,13,11,3
2,415,0,-8,7
2,131,-1,5,7
2,163,8.10879,-0.571298,7
2,23,12,9,3
2,383,8,17,3
2,31,10,4,7
2,263,5,-14,5
2,399,-3,-22,5
2,235,-1,-1,7
2,435,-18,5,2
2,167,-7.26834,10.2488,1
2,251,13,-13,5
2,143,10,5,3
2,303,14,-13,0
2,407,3.36749,-16.839,5
2,355,4.06114,-14.77,5
2,11,10,3,7
2,3,12,7,3
2,359,3,24,6
2,411,-6,8,1
2,183,4,-11,5
2,215,13,11,3
2,155,14,-13,0
2,171,-5,-2,7
2,327,-15,9,1
2,279,-4,-14,5
2,227,-3,-14,5
2,259,6,0,7
2,371,14.0441,4.30331,3
2,347,12,6,3
2,439,14.3036,-14.0593,5
2,403,2.76817,0.131485,7
2,147,13,0,7
2,191,-10,-6,2
2,67,3.1312,-2.15312,7
2,91,0,-7,7
2,219,4,9,6
2,119,-20,1,2
2,391,3,0,7
2,83,13,2,7
2,195,-1,-2,7
2,375,-27,-8,2
2,71,10,-10,7
2,395,11,6,3
2,19,3.18345,2.9155,7
2,271,7,3,7
2,179,10,4,7
2,7,12,9,3
2,443,0,-27,5
2,255,-6.82566,17.3474,1
2,99,-4.08152,-3.04552,7
2,323,2,20,6
2,103,14,6,3
2,151,10.5119,6.25357,3
2,27,13,10,3
2,207,5,-10,7
2,43,12,8,3
2,159,13,-19,5
2,335,28,0,3
2,75,14.9554,3.58879,3
2,367,-22.9139,8.52206,4
2,431,5.20369,-5.85998,7
2,111,14,-13,0
2,107,9,-8,7
2,59,13,9,3
3,67,3.46257,-1.27667,7
3,235,-1,-1,7
3,147,13,0,7
3,231,12,5,3
3,23,12,9,3
3,199,0,8,1
3,39,15.0894,9.72914,3
3,115,-3,-14,5
3,151,10.1801,6.42207,3
3,31,10,4,7
3,411,-5.44899,8.89354,1
3,331,7,15,3
3,71,10,-10,7
3,187,11,3,7
3,275,-8,-5,2
3,339,-16,1,2
3,7,12,9,3
3,407,3.16527,-16.7547,5
3,439,13.4553,-14.5889,5
3,155,14,-13,0
3,327,-15,9,1
3,303,14,-13,0
3,287,7,-3,7
3,123,-3,-14,5
3,259,6,0,7
3,167,-6.64822,10.6886,1
3,363,2,5,7
3,383,8,17,3
3,247,7.45734,2.15535,7
3,75,13.9319,4.93258,3
3,27,13,10,3
3,307,13,5,3
3,319,-3,17,6
3,107,9,-8,7
3,283,16,10,3
3,203,12,6,3
3,343,11.5861,17.3297,3
3,291,12,8,3
3,315,28,0,3
3,367,-22.1358,9.2919,4
3,55,12,9,3
3,355,3.88536,-14.7013,5
3,91,0,-7,7
3,415,0,-8,7
3,267,13,11,3
3,279,-4,-14,5
3,251,13,-13,5
3,211,8,-26,5
3,347,12,6,3
3,219,4,9,6
3,371,13.0514,5.47306,3
3,79,12,8,3
3,323,2,20,6
3,419,12,8,3
3,171,-5,-2,7
3,19,3.65988,1.16347,7
3,239,11.6854,6.2237,3
3,63,12.0877,-2.46285,7
3,15,12,9,3
3,395,11,6,3
3,207,5,-10,7
3,175,14,11,3
3,443,0,-27,5
3,143,11.1141,6.3614,3
3,47,12,7,3
3,131,-1,5,7
3,99,-2.39382,-3.328,7
3,359,3,24,6
3,83,13,2,7
3,391,3.16115,-0.788064,7
3,435,-18,5,2
3,379,13,10,3
3,255,-6.45368,15.484,1
3,423,17,-19,5
3,299,11,0,7
3,399,-3,-22,5
3,271,7,3,7
3,59,13,9,3
3,227,-3,-14,5
3,11,10,3,7
3,103,14,6,3
3,215,13,11,3
3,195,-1,-2,7
3,431,4.78007,-5.89681,7
3,427,3.48406,6.1414,7
3,43,12,8,3
3,95,13,5,3
3,127,10,4,7
3,223,16.1287,-12.5092,5
3,163,7.92272,-0.158059,7
3,3,12,7,3
3,87,12,8,3
3,111,14,-13,0
3,243,12,9,3
3,179,10,4,7
3,403,2.60699,0.00582433,7
3,311,-27,-8,2
3,295,16,3,3
3,191,-10,-6,2
3,51,12,5,3
3,119,-20,1,2
3,183,4,-11,5
3,35,3.64059,-1.08649,7
3,263,5,-14,5
3,159,12.3017,-17.1259,5
3,335,28,0,3
3,135,12,9,3
3,351,6,-10,7
3,139,10.4756,-7.50216,7
3,375,-27,-8,2
3,387,-15.5023,-5.17768,2
4,359,3,24,6
4,111,14,-13,0
4,59,13,9,3
4,131,-1,5,7
4,107,9,-8,7
4,79,12,8,3
4,439,12.6071,-15.1186,5
4,279,-4,-14,5
4,71,10,-10,7
4,291,12,8,3
4,179,10,4,7
4,247,6.28071,0.698018,7
4,315,28,0,3
4,87,12,8,3
4,155,14,-13,0
4,15,12,9,3
4,235,-1,-1,7
4,435,-18,5,2
4,407,2.53412,-16.691,5
4,259,6,0,7
4,395,11,6,3
4,267,13,11,3
4,283,16,10,3
4,431,4.8691,-4.16843,7
4,119,-20,1,2
4,415,0,-8,7
4,227,-3,-14,5
4,299,11,0,7
4,287,7,-3,7
4,327,-15,9,1
4,67,4.12081,-0.934512,7
4,275,-8,-5,2
4,443,0,-27,5
4,303,14,-13,0
4,371,12.3197,7.06441,3
4,39,13.9332,9.39182,3
4,195,-1,-2,7
4,83,13,2,7
4,199,0,8,1
4,23,12,9,3
4,323,2,20,6
4,271,7,3,7
4,211,8,-26,5
4,367,-21.5816,9.71081,4
4,319,-3,17,6
4,27,13,10,3
4,147,13,0,7
4,163,6.53714,0.330341,7
4,7,12,9,3
4,347,12,6,3
4,135,12,9,3
4,35,3.63985,-1.06418,7
4,31,10,4,7
4,363,2,5,7
4,383,8,17,3
4,419,12,8,3
4,151,11.2216,7.95802,3
4,243,12,9,3
4,139,9.18223,-7.5476,7
4,343,11.4861,16.7814,3
4,191,-10,-6,2
4,95,13,5,3
4,399,-3,-22,5
4,123,-3,-14,5
4,183,4,-11,5
4,91,1.34534,-6.19413,7
4,175,14,11,3
4,255,-5.88983,14.2335,1
4,403,2.53058,-0.0568449,7
4,331,7,15,3
4,411,-5.28229,9.0158,1
4,127,10,4,7
4,351,6,-10,7
4,47,12,7,3
4,379,13,10,3
4,355,4.35243,-15.3902,5
4,231,12,5,3
4,375,-27,-8,2
4,51,12,5,3
4,207,5,-10,7
4,103,14,6,3
4,219,4,9,6
4,339,-16,1,2
4,239,10.9862,6.78512,3
4,335,28,0,3
4,99,-0.805167,-3.50158,7
4,3,12,7,3
4,203,12,6,3
4,387,-14.1632,-3.97403,2
4,75,13.0483,5.45147,3
4,263,5,-14,5
4,171,-5,-2,7
4,63,10.1171,-2.12342,7
4,295,16,3,3
4,391,3.28255,-1.07213,7
4,159,12.0513,-16.8147,5
4,251,13,-13,5
4,11,10,3,7
4,187,11,3,7
4,115,-3,-14,5
4,143,10.6568,6.61454,3
4,215,13,11,3
4,19,3.27478,-0.74874,7
4,307,13,5,3
4,43,12,8,3
4,423,17,-19,5
4,55,12,9,3
4,427,4.28906,5.44083,7
4,311,-27,-8,2
4,167,-6.61375,10.6984,1
4,223,16.1287,-12.5092,5
5,323,2,20,6
5,211,8,-26,5
5,27,13,10,3
5,103,14,6,3
5,343,12.0951,15.9541,3
5,67,4.68919,-0.0706634,7
5,311,-27,-8,2
5,75,12.2931,5.87989,3
5,371,11.816,7.28326,3
5,299,11,0,7
5,219,4,9,6
5,355,4.1528,-15.3027,5
5,207,5,-10,7
5,419,12,8,3
5,307,13,5,3
5,247,6.14084,0.862924,7
5,411,-6.13075,10.7799,1
5,111,14,-13,0
5,131,-1,5,7
5,319,-3,17,6
5,3,12,7,3
5,251,13,-13,5
5,59,12.3384,9.34127,3
5,155,12.5635,-12.8694,5
5,91,2.32213,-4.52533,7
5,243,12,9,3
5,255,-5.58255,13.2591,1
5,439,12.6071,-15.1186,5
5,431,3.68241,-3.17581,7
5,235,-1,-1,7
5,19,3.28255,-1.07213,7
5,367,-21.1093,10.0994,4
5,359,3,24,6
5,83,12.0465,1.69856,7
5,331,7,15,3
5,391,3.28255,-1.07213,7
5,203,12,6,3
5,127,10,4,7
5,283,16,10,3
5,287,7,-3,7
5,239,11.7723,8.55115,3
5,143,10.8702,6.59062,3
5,167,-6.33255,11.1902,1
5,51,12,5,3
5,363,2,5,7
5,279,-4,-14,5
5,99,-0.772631,-2.68817,7
5,335,28,0,3
5,303,14,-13,0
5,295,16,3,3
5,47,10.7359,7.375,3
5,315,28,0,3
5,291,12,8,3
5,227,-3,-14,5
5,423,17,-19,5
5,115,-3,-14,5
5,443,-0.110727,-25.0176,5
5,215,13,11,3
5,123,-3,-14,5
5,119,-20,1,2
5,387,-13.1288,-2.73584,2
5,175,14,11,3
5,375,-27,-8,2
5,179,10,4,7
5,395,11,6,3
5,351,6,-10,7
5,427,4.96327,4.26338,7
5,11,10,3,7
5,407,2.49078,-16.673,5
5,435,-19.0327,6.70008,4
5,43,12,8,3
5,199,0,8,1
5,327,-15,9,1
5,399,-3,-22,5
5,347,12,6,3
5,275,-8,-5,2
5,135,12,9,3
5,63,9.65052,-2.73608,7
5,39,12.233,11.0004,3
5,147,13,0,7
5,195,-1,-2,7
5,139,9.30671,-7.40432,7
5,31,10,4,7
5,163,4.98311,0.321536,7
5,223,16.1287,-12.5092,5
5,267,13,11,3
5,271,7,3,7
5,79,12,8,3
5,15,12,9,3
5,415,0.998044,-6.28153,7
5,87,12,8,3
5,187,11,3,7
5,23,12.1222,8.99275,3
5,183,4,-11,5
5,151,10.9257,8.08823,3
5,379,13,10,3
5,231,12,5,3
5,55,12,9,3
5,35,3.29354,-1.10763,7
5,95,13,5,3
5,107,9,-8,7
5,263,5,-14,5
5,7,12,9,3
5,159,11.1628,-17.2735,5
5,71,10,-10,7
5,191,-10,-6,2
5,171,-5,-2,7
5,339,-16,1,2
5,383,8,17,3
5,259,6,0,7
5,403,3.29375,-1.02617,7
6,75,12.3673,5.87821,3
6,51,12,5,3
6,407,2.39068,-16.6366,5
6,119,-20,1,2
6,235,-1,-1,7
6,355,4.0404,-15.2489,5
6,15,12,9,3
6,91,3.0599,-2.73815,7
6,31,10,4,7
6,223,16.1287,-12.5092,5
6,63,8.99675,-3.32971,7
6,11,10,3,7
6,167,-6.41006,11.1369,1
6,439,12.1043,-14.2542,5
6,211,8,-26,5
6,371,11.2777,7.58578,3
6,199,0,8,1
6,243,12,9,3
6,135,12,9,3
6,327,-15,9,1
6,415,0.715208,-4.90671,7
6,423,17,-19,5
6,183,4,-11,5
6,339,-16,1,2
6,311,-27,-8,2
6,319,-3,17,6
6,427,5.07286,2.53521,7
6,131,-1,5,7
6,307,12.7031,6.94466,3
6,367,-20.6258,10.6645,4
6,43,12,8,3
6,191,-10,-6,2
6,247,4.5853,-0.353392,7
6,359,3,24,6
6,175,14,11,3
6,55,12,9,3
6,207,5,-10,7
6,419,12,8,3
6,391,3.28255,-1.07213,7
6,23,11.6124,10.9639,3
6,231,12,5,3
6,67,3.83111,-0.618421,7
6,83,10.2257,0.91228,7
6,295,16,3,3
6,147,13,0,7
6,203,12,6,3
6,103,14,6,3
6,171,-5,-2,7
6,287,7,-3,7
6,443,-0.338062,-23.3557,5
6,351,6,-10,7
6,331,7,15,3
6,399,-3,-22,5
6,19,3.28255,-1.07213,7
6,379,13,10,3
6,155,11.3961,-12.632,5
6,39,12.5035,11.1903,3
6,275,-8,-5,2
6,219,4,9,6
6,71,10,-10,7
6,403,3.3089,-1.03815,7
6,383,8,17,3
6,163,5.41816,1.24353,7
6,283,16,10,3
6,239,11.2693,8.84473,3
6,303,14,-13,0
6,299,11,0,7
6,279,-4,-14,5
6,95,13,5,3
6,87,12,8,3
6,107,9,-8,7
6,27,13,10,3
6,335,28,0,3
6,343,12.4455,15.6533,3
6,251,12.1959,-12.6443,5
6,159,10.0306,-16.8367,5
6,259,6,0,7
6,99,1.05869,-1.89229,7
6,3,12,7,3
6,151,10.5817,8.27436,3
6,195,-1,-2,7
6,227,-3,-14,5
6,387,-13.0313,-1.20638,2
6,127,10,4,7
6,123,-3,-14,5
6,139,8.61744,-6.67981,7
6,35,3.30471,-1.09786,7
6,363,2,5,7
6,215,13,11,3
6,47,9.23884,8.7035,3
6,411,-5.97368,11.1153,1
6,347,12,6,3
6,179,10,4,7
6,115,-3,-14,5
6,291,12,8,3
6,7,12,9,3
6,143,10.9668,6.57502,3
6,271,7,3,7
6,187,11,3,7
6,111,14,-13,0
6,59,11.634,9.92284,3
6,431,3.05563,-1.82015,7
6,375,-27,-8,2
6,323,2,20,6
6,395,11,6,3
6,267,13,11,3
6,435,-18.6185,7.12274,4
6,315,28,0,3
6,79,12,8,3
6,255,-6.80032,11.8385,1
6,263,5,-14,5
7,143,10.33,7.85527,3
7,327,-15,9,1
7,231,12,5,3
7,243,12,9,3
7,435,-18.2068,7.62662,4
7,119,-20,1,2
7,371,10.624,8.20556,3
7,159,9.35815,-15.4631,5
7,399,-3,-22,5
7,211,8,-26,5
7,303,14,-13,0
7,247,3.91834,-0.173677,7
7,227,-3,-14,5
7,167,-6.29494,11.4208,1
7,51,12,5,3
7,319,-3,17,6
7,215,13,11,3
7,295,16,3,3
7,171,-5,-2,7
7,87,12,8,3
7,91,3.28255,-1.07213,7
7,163,4.7436,1.75178,7
7,403,3.28255,-1.07213,7
7,35,3.29746,-1.10151,7
7,55,11.5351,9.23782,3
7,375,-27,-8,2
7,147,13,0,7
7,123,-3,-14,5
7,251,12.2105,-12.6621,5
7,183,4,-11,5
7,279,-4,-14,5
7,207,5,-10,7
7,11,10,3,7
7,355,3.58016,-15.1457,5
7,291,12,8,3
7,347,12,6,3
7,271,7,3,7
7,275,-8,-5,2
7,3,12,7,3
7,339,-16,1,2
7,363,2.6595,3.15268,7
7,415,1.83942,-3.25277,7
7,135,12,9,3
7,223,16.1287,-12.5092,5
7,343,12.798,15.5849,3
7,439,11.3355,-13.8777,5
7,203,12,6,3
7,191,-10,-6,2
7,151,10.9422,10.218,3
7,71,9.39877,-9.20093,7
7,83,8.85982,-0.172502,7
7,15,12,9,3
7,39,12.6116,11.174,3
7,315,28,0,3
7,47,9.75296,9.39519,3
7,427,4.04344,2.16133,7
7,127,10,4,7
7,199,0,8,1
7,139,7.27704,-5.19703,7
7,283,16,10,3
7,359,3,24,6
7,379,13,10,3
7,59,11.9104,9.91361,3
7,395,11,6,3
7,391,3.28255,-1.07213,7
7,235,-1,-1,7
7,431,3.28255,-1.07213,7
7,131,-1,5,7
7,115,-3,-14,5
7,43,12,8,3
7,335,28,0,3
7,423,17,-19,5
7,31,10,4,7
7,27,13,10,3
7,331,7,15,3
7,267,13,11,3
7,263,5,-14,5
7,111,14,-13,0
7,67,3.28255,-1.07213,7
7,351,6,-10,7
7,219,3.48594,9.05121,6
7,23,11.9382,11.4177,3
7,75,13.4272,7.45082,3
7,63,8.4582,-1.33545,7
7,407,2.5417,-16.7216,5
7,187,11,3,7
7,103,14,6,3
7,95,13,5,3
7,79,12,8,3
7,299,11,0,7
7,155,11.445,-12.6914,5
7,419,12,8,3
7,367,-20.2846,11.0206,4
7,443,-0.424353,-23.2557,5
7,311,-27,-8,2
7,255,-6.87498,11.7608,1
7,307,12.2394,8.76508,3
7,107,9,-8,7
7,383,8,17,3
7,259,6,0,7
7,323,2,20,6
7,99,3.19693,-1.15885,7
7,179,10,4,7
7,175,14,11,3
7,239,11.4703,10.803,3
7,7,12,9,3
7,19,3.28255,-1.07213,7
7,387,-13.0313,-1.20638,2
7,287,7,-3,7
7,195,0.940863,-1.52667,7
7,411,-6.0927,11.0094,1
8,363,3.52187,2.52561,7
8,39,11.9558,12.1735,3
8,103,14,6,3
8,91,3.81109,-0.231755,7
8,3,12,7,3
8,267,13,11,3
8,51,12,5,3
8,123,-3,-14,5
8,275,-8,-5,2
8,243,12,9,3
8,63,7.79616,0.341968,7
8,391,3.93724,-0.320864,7
8,415,2.99267,-1.64941,7
8,67,3.59975,-0.215265,7
8,147,13,0,7
8,303,14,-13,0
8,111,14,-13,0
8,79,12,8,3
8,171,-5,-2,7
8,95,13,5,3
8,99,3.36477,-1.08197,7
8,291,12,8,3
8,115,-3,-14,5
8,355,3.47343,-15.1021,5
8,127,10.3556,5.96241,3
8,131,-1,5,7
8,255,-6.87367,11.7812,1
8,55,10.8717,10.1259,3
8,299,11,0,7
8,279,-4,-14,5
8,207,5.62194,-8.64582,7
8,151,10.5778,10.487,3
8,319,-3,17,6
8,187,11,3,7
8,31,10,4,7
8,195,2.47801,-1.64176,7
8,371,11.0126,10.1516,3
8,235,-1,-1,7
8,15,12,9,3
8,75,12.2684,9.44233,3
8,239,11.2253,10.9266,3
8,263,5,-14,5
8,427,4.25695,2.06647,7
8,271,7,3,7
8,139,6.8083,-3.66334,7
8,379,13,10,3
8,359,3,24,6
8,351,6,-10,7
8,375,-27,-8,2
8,27,13,10,3
8,315,28,0,3
8,423,17,-19,5
8,247,4.04345,-0.650845,7
8,307,12.0556,10.6862,3
8,395,11,6,3
8,383,8,17,3
8,219,4.16989,9.67201,6
8,215,13,11,3
8,295,15.2772,3.14729,3
8,11,10,3,7
8,159,8.48837,-14.2212,5
8,155,10.9601,-11.8168,5
8,411,-6.90103,11.7833,1
8,71,8.93825,-6.52383,7
8,107,9,-8,7
8,367,-19.9179,11.8178,4
8,399,-3,-22,5
8,47,10.1062,10.4399,3
8,231,12,5,3
8,191,-10,-6,2
8,439,10.5755,-13.5398,5
8,87,12,8,3
8,83,8.14999,0.491812,7
8,283,16,10,3
8,35,3.29658,-1.07192,7
8,167,-6.26184,11.6054,1
8,203,12,6,3
8,335,28,0,3
8,223,16.1287,-12.5092,5
8,183,4,-11,5
8,347,12,6,3
8,19,3.28255,-1.07213,7
8,211,8,-26,5
8,227,-3,-14,5
8,43,12.1225,7.99458,3
8,179,10,4,7
8,435,-17.8089,8.24132,4
8,287,7,-3,7
8,143,11.4413,8.42934,3
8,387,-13.0313,-1.20638,2
8,23,12.1757,11.3631,3
8,119,-18.064,0.679477,2
8,135,12,9,3
8,311,-27,-8,2
8,7,12,9,3
8,251,10.9326,-12.5149,5
8,327,-15,9,1
8,443,-0.424353,-23.2557,5
8,175,14,11,3
8,431,3.28255,-1.07213,7
8,199,0,8,1
8,343,12.8969,15.5733,3
8,331,7,15,3
8,339,-16,1,2
8,419,12,8,3
8,259,6,0,7
8,403,3.28255,-1.07213,7
8,323,2,20,6
8,59,11.498,10.128,3
8,407,2.94152,-17.1253,5
8,163,5.52451,2.41074,7
9,419,12,8,3
9,11,10,3,7
9,251,10.6284,-14.0412,5
9,107,9,-8,7
9,239,11.0414,11.0203,3
9,287,6.82662,-4.23307,7
9,67,4.29131,0.518195,7
9,371,11.4158,12.0813,3
9,119,-16.1654,0.306727,2
9,215,13,11,3
9,291,12,8,3
9,391,4.44401,0.542597,7
9,395,11,6,3
9,79,12,8,3
9,175,14,11,3
9,383,8,17,3
9,331,7,15,3
9,243,12,9,3
9,179,10,4,7
9,415,3.28255,-1.07213,7
9,351,6,-10,7
9,303,14,-13,0
9,327,-15,9,1
9,115,-3,-14,5
9,363,4.0704,2.1741,7
9,359,3,24,6
9,71,8.39171,-4.04615,7
9,375,-27,-8,2
9,39,10.9466,12.1323,3
9,19,3.28255,-1.07213,7
9,7,11.556,11.0124,3
9,403,3.28255,-1.07213,7
9,347,12,6,3
9,23,11.3772,11.4228,3
9,423,17,-19,5
9,123,-3,-14,5
9,323,2,20,6
9,55,11.1663,10.0827,3
9,47,9.2617,9.91836,3
9,335,28,0,3
9,339,-14.4348,0.554237,2
9,43,11.3858,8.65117,3
9,207,5.91506,-8.48182,7
9,283,16,10,3
9,147,13,0,7
9,315,28,0,3
9,59,11.0995,10.3761,3
9,255,-6.88911,11.7688,1
9,111,14,-13,0
9,171,-5,-2,7
9,343,12.8519,15.5867,3
9,187,11,3,7
9,439,10.613,-13.5852,5
9,235,-1,-1,7
9,271,7,3,7
9,275,-8,-5,2
9,387,-13.0313,-1.20638,2
9,99,3.4517,-1.07397,7
9,355,3.84487,-15.455,5
9,143,11.3695,8.44733,3
9,31,8.25068,3.2307,7
9,263,5,-14,5
9,127,10.8624,7.89712,3
9,135,12,9,3
9,427,4.65663,1.70831,7
9,311,-27,-8,2
9,411,-6.90103,11.7833,1
9,103,14,6,3
9,95,13,5,3
9,63,7.68467,1.64483,7
9,227,-3,-14,5
9,407,2.5676,-17.0284,5
9,267,13,11,3
9,211,8,-26,5
9,435,-17.4594,8.83505,4
9,219,3.03684,10.7513,6
9,139,5.71539,-3.81783,7
9,367,-20.0606,11.7261,4
9,35,3.28729,-1.07863,7
9,83,6.91214,-0.605079,7
9,199,0,8,1
9,131,-1,5,7
9,431,3.28255,-1.07213,7
9,299,9.0321,-0.344172,7
9,163,6.42721,2.92337,7
9,191,-10,-6,2
9,183,4,-11,5
9,399,-3,-22,5
9,167,-6.2825,11.7928,1
9,87,12,8,3
9,319,-1.11057,16.8259,6
9,259,6,0,7
9,223,16.1287,-12.5092,5
9,155,10.3969,-10.0353,7
9,279,-4,-14,5
9,151,11.7887,11.2217,3
9,27,13.2667,10.0498,3
9,51,12,5,3
9,231,12,5,3
9,15,12,9,3
9,379,13,10,3
9,195,2.95393,-1.74305,7
9,247,3.28255,-1.07213,7
9,203,12,6,3
9,91,4.49735,-0.122035,7
9,295,14.6918,5.03757,3
9,75,12.5449,11.0258,3
9,443,-0.424353,-23.2557,5
9,3,12,7,3
9,307,11.6052,10.9479,3
9,159,7.8942,-13.0201,5
10,307,12.5727,11.4685,3
10,135,12,9,3
10,275,-8,-5,2
10,223,16.1287,-12.5092,5
10,227,-3,-14,5
10,3,12,7,3
10,259,6,0,7
10,91,3.61553,-0.711466,7
10,63,6.49925,1.35165,7
10,347,12,6,3
10,271,7,3,7
10,439,9.86084,-14.2442,5
10,139,4.28448,-2.47742,7
10,79,12,8,3
10,123,-3,-14,5
10,303,12.2051,-13.6188,5
10,367,-19.7617,12.3979,4
10,31,7.1216,1.69756,7
10,239,12.065,12.6297,3
10,95,13,5,3
10,287,6.44692,-3.63539,7
10,315,28,0,3
10,235,-1,-1,7
10,403,3.28255,-1.07213,7
10,375,-27,-8,2
10,107,9,-8,7
10,183,4,-11,5
10,211,8,-26,5
10,335,28,0,3
10,299,7.04454,-0.478631,7
10,187,11,3,7
10,371,11.0499,13.2577,3
10,331,7,15,3
10,327,-13.1284,9.095,1
10,291,12,8,3
10,179,10,4,7
10,35,3.28255,-1.07213,7
10,427,4.73093,1.6648,7
10,423,16.5395,-18.4093,5
10,99,3.80592,-2.00498,7
10,319,0.511957,16.6679,6
10,39,10.6071,12.5219,3
10,147,13,0,7
10,267,13,11,3
10,163,6.89313,3.81366,7
10,175,14,11,3
10,195,3.28255,-1.07213,7
10,59,11.401,11.9534,3
10,411,-6.90103,11.7833,1
10,167,-6.52423,11.5367,1
10,435,-17.2723,9.0527,4
10,155,10.3969,-10.0353,7
10,355,4.16463,-15.7686,5
10,7,11.401,11.9534,3
10,359,3,24,6
10,343,12.9728,15.5934,3
10,243,12,9,3
10,215,13,11,3
10,255,-6.88938,11.7686,1
10,27,12.4335,11.3607,3
10,231,12,5,3
10,279,-4,-14,5
10,431,3.28255,-1.07213,7
10,67,3.67234,-0.224643,7
10,191,-10,-6,2
10,131,-1,5,7
10,419,12,8,3
10,87,12,8,3
10,283,16,10,3
10,23,11.8553,11.0653,3
10,311,-27,-8,2
10,159,7.30723,-10.176,7
10,75,12.4057,10.6384,3
10,415,3.28255,-1.07213,7
10,55,11.3848,10.05,3
10,295,13.6849,5.68963,3
10,395,11,6,3
10,51,12,5,3
10,379,13,10,3
10,251,9.87562,-13.7207,5
10,11,10,3,7
10,383,8,17,3
10,203,12,6,3
10,247,3.28255,-1.07213,7
10,263,5,-14,5
10,391,4.1742,-0.281034,7
10,207,5.15718,-8.37387,7
10,111,14,-13,0
10,15,12,9,3
10,171,-5,-2,7
10,219,3.01883,10.749,6
10,19,3.28255,-1.07213,7
10,83,5.23707,-0.30342,7
10,151,11.4523,11.4108,3
10,103,14,6,3
10,407,2.28363,-16.9533,5
10,351,6,-10,7
10,71,6.70318,-2.52466,7
10,387,-13.0313,-1.20638,2
10,199,0,8,1
10,399,-3,-22,5
10,47,8.45141,9.84439,3
10,127,11.0724,9.84945,3
10,323,2,20,6
10,363,3.85068,0.268066,7
10,119,-14.4741,0.0241971,2
10,339,-13.181,-0.792061,2
10,443,-0.424353,-23.2557,5
10,43,10.9945,8.86156,3
10,115,-3,-14,5
10,143,11.064,8.58334,3
11,379,13,10,3
11,59,11.6787,11.9078,3
11,367,-19.537,12.977,4
11,443,-0.424353,-23.2557,5
11,55,11.6367,10.0267,3
11,11,10,3,7
11,31,6.79892,1.94613,7
11,399,-1.9403,-21.7636,5
11,211,6.85678,-24.8055,5
11,375,-27,-8,2
11,139,3.6665,-2.45093,7
11,327,-13.0697,9.84105,1
11,107,9,-8,7
11,415,3.28255,-1.07213,7
11,163,6.15304,3.36646,7
11,215,13,11,3
11,87,12,8,3
11,111,12.5191,-12.91,5
11,91,3.28255,-1.07213,7
11,43,11.2018,8.83308,3
11,439,8.15885,-15.1538,5
11,35,3.28255,-1.07213,7
11,251,9.14179,-14.4,5
11,255,-6.88744,11.7811,1
11,355,2.90499,-16.1267,5
11,331,7,15,3
11,223,16.1287,-12.5092,5
11,191,-10,-6,2
11,151,11.7667,12.1785,3
11,127,11.613,11.7737,3
11,275,-8,-5,2
11,179,10,4,7
11,307,11.048,12.1469,3
11,19,3.28255,-1.07213,7
11,419,12,8,3
11,75,12.4174,13.5413,3
11,207,4.89958,-6.41723,7
11,71,6.60628,-2.15454,7
11,427,4.78444,1.63287,7
11,51,12,5,3
11,299,6.41945,0.117527,7
11,431,3.28255,-1.07213,7
11,363,4.03844,0.113202,7
11,395,11,6,3
11,63,5.72737,0.73858,7
11,347,12,6,3
11,407,2.01709,-16.8912,5
11,39,10.3994,11.5272,3
11,247,3.28255,-1.07213,7
11,159,6.40228,-7.33441,7
11,7,11.1784,11.9067,3
11,99,4.35758,-2.83395,7
11,239,12.6019,14.5556,3
11,283,14.8174,10.4551,3
11,135,12,9,3
11,359,3,24,6
11,143,10.6706,10.1657,3
11,319,1.86566,17.1266,6
11,351,6,-10,7
11,311,-27,-8,2
11,287,5.21777,-3.16002,7
11,155,10.3969,-10.0353,7
11,79,11.4658,8.29325,3
11,227,-3,-14,5
11,291,12,8,3
11,263,4.44286,-13.8919,5
11,219,2.15764,11.2239,6
11,371,10.7785,13.6898,3
11,295,13.125,5.8512,3
11,15,12,9,3
11,175,14,11,3
11,243,12,9,3
11,335,28,0,3
11,115,-3,-14,5
11,3,12,7,3
11,83,4.11752,-1.17411,7
11,279,-4,-14,5
11,403,3.28255,-1.07213,7
11,147,10.9774,0.729439,7
11,123,-3,-14,5
11,259,6,0,7
11,303,10.9192,-13.4258,5
11,195,3.28255,-1.07213,7
11,383,8,17,3
11,435,-16.9989,9.88901,4
11,23,11.6427,11.3811,3
11,343,12.8354,15.6557,3
11,67,4.11892,0.66992,7
11,203,12,6,3
11,387,-13.0313,-1.20638,2
11,103,14,6,3
11,95,13,5,3
11,391,4.03844,0.113202,7
11,131,-1,5,7
11,323,2,20,6
11,27,11.7469,12.3175,3
11,199,0,8,1
11,315,28,0,3
11,183,4,-11,5
11,171,-5,-2,7
11,47,6.91265,9.814,6
11,167,-6.50327,11.6983,1
11,267,13,11,3
11,423,16.5395,-18.4093,5
11,187,11,3,7
11,339,-13.0313,-1.20638,2
11,411,-6.90103,11.7833,1
11,271,7,3,7
11,119,-13.1059,-1.02217,2
11,235,-1,-1,7
11,231,12,5,3
12,59,11.5086,11.9882,3
12,23,12.6842,10.8815,3
12,19,3.28255,-1.07213,7
12,67,4.05274,1.56977,7
12,323,2,20,6
12,363,4.238,-0.284097,7
12,435,-16.7687,10.598,4
12,3,12,7,3
12,283,13.7428,11.057,3
12,43,10.8138,10.4303,3
12,115,-3,-14,5
12,315,28,0,3
12,203,12,6,3
12,31,6.54815,2.13211,7
12,235,-1,-1,7
12,55,11.0045,11.0219,3
12,267,13,11,3
12,63,5.53781,1.88833,7
12,307,10.7888,12.1507,3
12,335,28,0,3
12,279,-4,-14,5
12,275,-8,-5,2
12,219,2.48715,11.302,6
12,303,10.7496,-12.4403,5
12,251,8.40796,-15.0793,5
12,255,-6.89312,11.7754,1
12,187,11,3,7
12,263,4.09899,-13.7979,5
12,139,3.28255,-1.07213,7
12,339,-13.0313,-1.20638,2
12,387,-13.0313,-1.20638,2
12,347,12,6,3
12,119,-13.0313,-1.20638,2
12,167,-6.63006,11.5665,1
12,299,4.54942,-0.591677,7
12,123,-3,-14,5
12,243,12,9,3
12,99,3.64545,-2.58305,7
12,319,2.183,17.4221,6
12,79,11.0588,8.50548,3
12,239,11.9187,13.9241,3
12,311,-25.3615,-6.898,2
12,35,3.28255,-1.07213,7
12,215,13,11,3
12,195,3.28255,-1.07213,7
12,87,11.5395,9.02001,3
12,443,-0.424353,-23.2557,5
12,83,3.28255,-1.07213,7
12,207,5.05893,-4.71647,7
12,271,7,3,7
12,375,-27,-8,2
12,327,-11.1318,10.245,1
12,259,6,0,7
12,107,9,-8,7
12,11,10,3,7
12,231,12,5,3
12,135,12,9,3
12,411,-6.90103,11.7833,1
12,211,6.01894,-23.7429,5
12,403,3.28255,-1.07213,7
12,143,10.659,10.1703,3
12,391,4.51548,0.990264,7
12,419,12,8,3
12,287,5.64387,-3.96634,7
12,371,11.1757,13.5205,3
12,159,5.15316,-4.78151,7
12,127,11.6717,11.7578,3
12,155,10.3969,-10.0353,7
12,175,14,11,3
12,383,6.07745,16.8385,6
12,439,6.47564,-15.977,5
12,103,13.4564,6.12996,3
12,223,16.1287,-12.5092,5
12,47,6.64574,9.98076,6
12,15,12,9,3
12,291,12,8,3
12,7,9.8477,12.5199,3
12,395,11,6,3
12,131,-1,5,7
12,75,11.7376,13.9091,3
12,151,11.5952,12.2604,3
12,147,9.24046,1.25839,7
12,163,5.96462,2.40655,7
12,247,3.28255,-1.07213,7
12,191,-10,-6,2
12,71,6.37861,-0.489293,7
12,427,5.08059,1.26337,7
12,331,6.31805,14.5866,6
12,431,3.28255,-1.07213,7
12,39,11.1659,11.2101,3
12,351,5.18372,-9.81987,7
12,171,-5,-2,7
12,379,13,10,3
12,95,13,5,3
12,227,-3,-14,5
12,183,4,-11,5
12,343,12.8008,15.673,3
12,27,12.6431,12.7085,3
12,199,0,8,1
12,51,10.298,5.51943,3
12,91,3.28255,-1.07213,7
12,295,12.7596,5.92877,3
12,399,-1.23673,-21.6825,5
12,111,11.0804,-12.8629,5
12,407,1.08732,-17.1381,5
12,367,-19.4605,13.091,4
12,359,3,24,6
12,415,3.28255,-1.07213,7
12,423,16.5395,-18.4093,5
12,179,10,4,7
12,355,3.26854,-16.4646,5
13,131,-1,5,7
13,119,-13.0313,-1.20638,2
13,279,-4,-14,5
13,107,7.76198,-7.06773,7
13,127,11.4707,11.8568,3
13,203,12,6,3
13,407,1.31091,-17.2332,5
13,331,6.30028,14.5625,6
13,227,-3,-14,5
13,387,-13.0313,-1.20638,2
13,275,-8,-5,2
13,319,2.09312,17.5751,6
13,11,8.94025,1.58671,7
13,63,4.32279,-0.153905,7
13,115,-3,-14,5
13,287,5.52832,-4.27802,7
13,235,0.6404,-0.474016,7
13,191,-10,-6,2
13,207,4.9615,-2.26981,7
13,255,-6.89385,11.7748,1
13,39,11.7297,10.9847,3
13,439,5.98815,-15.7505,5
13,159,5.04732,-4.95431,7
13,271,7,3,7
13,295,11.5728,7.0067,3
13,195,3.28255,-1.07213,7
13,303,8.98861,-10.2357,7
13,403,3.28255,-1.07213,7
13,219,2.45733,11.3007,6
13,51,9.88877,7.16171,3
13,35,3.28255,-1.07213,7
13,299,3.46655,-0.920376,7
13,259,6,0,7
13,31,5.48116,0.569728,7
13,3,12,7,3
13,419,12,8,3
13,139,3.28255,-1.07213,7
13,395,11,6,3
13,351,5.48116,-8.06399,7
13,59,10.5677,11.9089,3
13,355,2.16999,-16.7108,5
13,431,3.28255,-1.07213,7
13,135,12,9,3
13,359,3,24,6
13,151,11.8361,12.2197,3
13,147,8.87287,2.63033,7
13,343,12.9005,15.6586,3
13,283,12.9558,11.4454,3
13,27,13.194,12.3007,3
13,307,12.012,12.5626,3
13,187,11,3,7
13,75,11.5899,13.758,3
13,143,10.5249,10.2394,3
13,123,-3,-14,5
13,243,12,9,3
13,183,4,-11,5
13,367,-19.4148,13.1573,4
13,399,-0.928078,-21.6374,5
13,163,6.58298,1.97858,7
13,335,28,0,3
13,83,3.28255,-1.07213,7
13,231,12,5,3
13,411,-6.90103,11.7833,1
13,23,12.9521,10.5327,3
13,379,13,10,3
13,167,-6.62161,11.7448,1
13,43,10.6611,10.5104,3
13,291,12,8,3
13,15,12,9,3
13,99,3.81922,-1.62016,7
13,95,13,5,3
13,443,-0.424353,-23.2557,5
13,239,11.6853,12.9458,3
13,171,-2.44676,-0.792213,7
13,415,3.28255,-1.07213,7
13,363,4.15919,-0.21193,7
13,347,12,6,3
13,7,10.4515,13.5387,3
13,251,8.55216,-16.0826,5
13,87,10.9624,9.62984,3
13,223,16.1287,-12.5092,5
13,155,10.3969,-10.0353,7
13,19,3.28255,-1.07213,7
13,267,13,11,3
13,199,0,8,1
13,427,5.03805,1.29326,7
13,103,12.9721,8.00465,3
13,47,4.79791,9.68346,6
13,339,-13.0313,-1.20638,2
13,371,11.6956,13.4221,3
13,383,4.22469,16.7837,6
13,55,10.8309,11.1192,3
13,211,4.97173,-22.8239,5
13,71,5.96966,-0.692049,7
13,423,16.5395,-18.4093,5
13,111,9.95881,-10.2285,7
13,215,13,11,3
13,375,-27,-8,2
13,311,-23.4882,-6.22969,2
13,327,-9.22302,10.757,1
13,391,4.08187,0.759693,7
13,247,3.28255,-1.07213,7
13,323,2,20,6
13,175,14,11,3
13,435,-16.6451,10.7993,4
13,67,4.01302,0.0264445,7
13,179,10,4,7
13,79,10.7288,8.67891,3
13,315,28,0,3
13,91,3.33366,-1.06915,7
13,263,3.79091,-13.7172,5
14,171,-0.225342,-0.938498,7
14,55,10.9418,11.0811,3
14,259,4.23902,-0.846001,7
14,387,-13.0313,-1.20638,2
14,47,4.42611,8.85586,6
14,127,11.1163,12.1396,3
14,111,8.85201,-7.63194,7
14,323,2,20,6
14,287,4.59587,-1.94754,7
14,155,9.1459,-9.91737,7
14,87,11.8322,12.4778,3
14,263,3.6382,-13.6665,5
14,191,-10,-6,2
14,79,11.1416,10.6218,3
14,351,4.68475,-6.25399,7
14,63,3.85549,-0.794966,7
14,207,4.78351,-0.683528,7
14,43,10.1714,11.1566,3
14,35,3.28255,-1.07213,7
14,107,6.74953,-4.62001,7
14,135,12,9,3
14,307,10.7697,12.4801,3
14,7,11.0836,12.4879,3
14,371,11.8848,13.3659,3
14,427,4.98768,1.32681,7
14,411,-6.90103,11.7833,1
14,199,0,8,1
14,95,13,5,3
14,59,9.55984,11.9027,3
14,39,11.2463,11.4391,3
14,443,-0.424353,-23.2557,5
14,283,12.8213,11.4591,3
14,231,12,5,3
14,291,12,8,3
14,247,3.28255,-1.07213,7
14,419,12,8,3
14,139,3.28255,-1.07213,7
14,175,14,11,3
14,3,12,7,3
14,223,15.5161,-12.5919,5
14,143,10.0448,11.179,3
14,151,11.7225,12.2653,3
14,315,28,0,3
14,407,1.2571,-17.2198,5
14,119,-13.0313,-1.20638,2
14,347,12,6,3
14,123,-3,-14,5
14,359,3,24,6
14,183,4,-11,5
14,67,4.20256,0.166145,7
14,179,8.34241,2.8909,7
14,399,-0.415074,-21.7828,5
14,215,13,11,3
14,335,28,0,3
14,71,4.62288,-0.660212,7
14,131,-1,5,7
14,395,11,6,3
14,19,2.79017,-0.973107,7
14,51,9.62155,9.28643,3
14,327,-8.02389,10.6154,1
14,219,2.91788,11.4878,6
14,11,7.17072,0.662782,7
14,15,12,9,3
14,147,8.52281,3.89319,7
14,379,13,10,3
14,403,3.28255,-1.07213,7
14,431,3.28255,-1.07213,7
14,91,3.81188,-0.190574,7
14,435,-16.4988,11.0861,4
14,167,-6.90103,11.7833,1
14,239,11.2207,12.0696,3
14,27,12.4936,12.9579,3
14,319,2.09312,17.5751,6
14,391,4.62899,1.58666,7
14,75,12.4375,13.8376,3
14,279,-4,-14,5
14,243,12,9,3
14,367,-19.3549,13.2514,4
14,187,8.70926,1.49396,7
14,331,5.80763,14.2609,6
14,31,5.05288,0.808025,7
14,159,5.10497,-2.67328,7
14,355,2.23337,-16.7393,5
14,383,2.74471,16.8929,6
14,439,5.31464,-15.5552,5
14,423,15.4609,-17.746,5
14,211,4.03683,-22.0794,5
14,227,-3,-14,5
14,339,-13.0313,-1.20638,2
14,235,2.57641,-0.807003,7
14,299,3.41654,-0.886526,7
14,83,3.28255,-1.07213,7
14,271,7,3,7
14,415,3.28255,-1.07213,7
14,99,3.95448,-1.36313,7
14,251,7.69513,-15.768,5
14,311,-21.6195,-5.56371,2
14,203,12,6,3
14,163,6.19482,1.24664,7
14,267,13,11,3
14,303,7.77797,-9.28751,7
14,103,12.1136,9.17992,3
14,343,12.8565,15.674,3
14,375,-25.3787,-6.88093,2
14,115,-3,-14,5
14,255,-6.89446,11.7837,1
14,23,12.2975,11.7285,3
14,295,11.3616,8.21604,3
14,363,3.96738,-0.967429,7
14,275,-8,-5,2
14,195,3.28255,-1.07213,7
15,127,12.1934,12.5971,3
15,91,4.35989,0.645734,7
15,443,-0.424353,-23.2557,5
15,23,12.2009,13.5987,3
15,259,3.28255,-1.07213,7
15,347,12,6,3
15,191,-9.74739,-4.8652,2
15,171,1.62748,-2.01622,7
15,203,12,6,3
15,251,7.16084,-15.4967,5
15,135,12,9,3
15,359,3,24,6
15,167,-6.90103,11.7833,1
15,435,-16.8823,10.7991,4
15,395,11,6,3
15,279,-2.74783,-13.2576,5
15,323,2,20,6
15,227,-2.54999,-14.0005,5
15,195,3.28255,-1.07213,7
15,215,13,11,3
15,379,13,10,3
15,95,13,5,3
15,243,11.1934,11.0532,3
15,367,-19.2174,13.68,4
15,295,11.3503,10.8487,3
15,79,11.5466,10.6005,3
15,131,-1,5,7
15,39,11.4335,12.5101,3
15,355,2.13478,-16.7065,5
15,423,14.3726,-17.1414,5
15,15,11.2719,9.99659,3
15,307,11.0864,11.9942,3
15,415,3.28255,-1.07213,7
15,179,6.76788,1.65768,7
15,207,4.02437,-0.943728,7
15,119,-13.0313,-1.20638,2
15,87,11.1659,11.7854,3
15,27,11.404,12.8264,3
15,99,3.89216,-1.17041,7
15,363,3.69708,-0.735357,7
15,231,11.5437,6.78134,3
15,315,28,0,3
15,187,5.92826,0.500327,7
15,343,12.7555,15.908,3
15,155,8.68734,-8.13443,7
15,11,5.58951,0.678344,7
15,267,11.6669,10.8295,3
15,391,5.49547,2.15825,7
15,55,10.7581,11.1902,3
15,383,2.82298,17.0103,6
15,59,9.2339,11.6696,3
15,163,6.51474,2.24691,7
15,283,12.3986,11.6168,3
15,107,4.71377,-3.96345,7
15,47,3.64197,9.0097,6
15,311,-21.6659,-5.45306,2
15,411,-6.90103,11.7833,1
15,31,4.32646,0.16438,7
15,67,3.67204,-0.642022,7
15,375,-23.4977,-6.2483,2
15,319,2.09312,17.5751,6
15,299,3.28255,-1.07213,7
15,71,4.81315,0.422736,7
15,219,3.59388,12.6885,6
15,327,-7.3414,10.6083,1
15,427,4.97876,1.33303,7
15,399,-0.690142,-21.8792,5
15,223,14.2706,-14.0404,5
15,275,-8,-5,2
15,235,3.27268,-0.986777,7
15,339,-13.0313,-1.20638,2
15,255,-6.89449,11.7839,1
15,175,14,11,3
15,247,3.28255,-1.07213,7
15,351,4.16234,-4.32342,7
15,331,5.00834,14.0453,6
15,143,11.3659,12.5121,3
15,115,-3,-14,5
15,147,7.55245,4.26687,7
15,51,10.0703,10.2147,3
15,19,3.28255,-1.07213,7
15,387,-13.0313,-1.20638,2
15,103,11.4302,9.76496,3
15,303,6.53251,-6.62612,7
15,419,12,8,3
15,287,4.5248,-1.45327,7
15,263,3.34852,-13.6007,5
15,439,4.96021,-15.4025,5
15,407,1.15766,-17.1992,5
15,7,11.1541,11.6199,3
15,271,7,3,7
15,151,11.574,12.3359,3
15,183,3.98339,-9.00643,7
15,403,3.28255,-1.07213,7
15,83,3.28255,-1.07213,7
15,35,3.28255,-1.07213,7
15,43,10.5399,12.29,3
15,211,3.17704,-21.5153,5
15,291,12,8,3
15,63,4.29215,0.123152,7
15,123,-3,-14,5
15,335,28,0,3
15,199,0,8,1
15,139,3.28255,-1.07213,7
15,3,11.7873,9.37947,3
15,371,11.8655,14.4268,3
15,159,3.56878,-1.15995,7
15,431,3.28255,-1.07213,7
15,239,11.8777,12.805,3
15,111,7.36662,-5.08683,7
15,75,12.5829,13.7434,3
16,95,13,5,3
16,199,0.870108,6.21943,7
16,387,-13.0313,-1.20638,2
16,91,4.84712,1.51903,7
16,31,3.28255,-1.07213,7
16,163,6.8012,3.24817,7
16,231,10.9242,7.2223,3
16,343,12.846,15.8521,3
16,279,-1.88963,-12.4072,5
16,303,6.21762,-3.96922,7
16,55,10.3267,11.7505,3
16,211,1.8686,-21.3212,5
16,87,11.5574,12.7056,3
16,3,10.7801,8.8152,3
16,215,13,11,3
16,115,-3,-14,5
16,175,14,11,3
16,271,7,3,7
16,19,3.28255,-1.07213,7
16,391,4.02609,0.82047,7
16,379,12.4119,11.6892,3
16,67,3.28255,-1.07213,7
16,223,12.8774,-15.3957,5
16,23,11.5599,12.8082,3
16,59,8.50778,11.4451,3
16,427,3.69021,0.20614,7
16,159,3.28255,-1.07213,7
16,183,3.92866,-7.01372,7
16,219,3.36201,12.6569,6
16,119,-13.0313,-1.20638,2
16,367,-19.1952,13.72,4
16,375,-21.721,-5.33225,2
16,227,-1.93038,-14.098,5
16,259,3.28255,-1.07213,7
16,71,4.39388,0.25049,7
16,439,4.05004,-15.3635,5
16,131,-1,5,7
16,79,11.5265,10.6061,3
16,263,3.00988,-13.5435,5
16,135,11.0902,8.98742,3
16,35,3.28255,-1.07213,7
16,323,2,20,6
16,339,-13.0313,-1.20638,2
16,351,4.06587,-2.51891,7
16,319,2.09312,17.5751,6
16,239,11.5574,12.7056,3
16,147,5.35618,4.1461,7
16,255,-6.89455,11.7843,1
16,291,12,8,3
16,415,3.28255,-1.07213,7
16,27,11.3513,13.5831,3
16,123,-2.32317,-14.0985,5
16,295,10.4858,11.0726,3
16,395,11,6,3
16,311,-19.7977,-4.81479,2
16,7,10.2222,11.4352,3
16,43,11.006,12.1019,3
16,127,12.2191,12.5918,3
16,407,1.76454,-17.9843,5
16,171,3.28255,-1.07213,7
16,243,11.1643,12.0564,3
16,107,3.79622,-1.57953,7
16,51,9.13357,11.2839,3
16,143,11.6811,12.453,3
16,203,12,6,3
16,207,3.28255,-1.07213,7
16,99,3.28255,-1.07213,7
16,275,-8,-5,2
16,403,3.28255,-1.07213,7
16,363,3.28255,-1.07213,7
16,63,4.22192,0.228483,7
16,383,2.43923,16.9022,6
16,399,-1.01028,-22.1468,5
16,419,12,8,3
16,83,3.28255,-1.07213,7
16,155,7.61821,-6.45847,7
16,355,1.88177,-16.6536,5
16,331,5.26234,14.5083,6
16,431,3.28255,-1.07213,7
16,195,3.28255,-1.07213,7
16,267,11.8586,12.9393,3
16,39,11.5876,14.0591,3
16,359,2.93728,22.0252,6
16,191,-9.54766,-4.56374,2
16,167,-6.90103,11.7833,1
16,187,4.40243,0.515814,7
16,371,11.9203,14.394,3
16,443,-0.424353,-23.2557,5
16,247,3.28255,-1.07213,7
16,111,5.51068,-5.00659,7
16,335,28,0,3
16,15,10.9355,11.8777,3
16,179,5.08385,0.765085,7
16,287,4.15551,-0.876701,7
16,299,3.28255,-1.07213,7
16,435,-16.6957,11.3528,4
16,315,28,0,3
16,47,3.47174,10.3438,6
16,283,13.1557,12.0186,3
16,75,12.5687,13.8574,3
16,411,-6.90103,11.7833,1
16,423,12.6839,-16.958,5
16,307,10.5506,11.1467,3
16,139,3.28255,-1.07213,7
16,103,11.1391,9.90689,3
16,327,-6.76202,11.483,1
16,347,12,6,3
16,251,6.34316,-15.2741,5
16,235,3.28255,-1.07213,7
16,151,11.5574,12.7056,3
16,11,5.32905,0.87488,7
17,315,28,0,3
17,431,3.28255,-1.07213,7
17,119,-13.0313,-1.20638,2
17,187,3.63641,-0.582185,7
17,67,3.28255,-1.07213,7
17,307,10.6282,12.8136,3
17,367,-19.1011,14.0043,4
17,7,9.75164,10.559,3
17,335,28,0,3
17,283,12.9212,13.9836,3
17,227,-1.36208,-15.1708,5
17,255,-6.90103,11.7833,1
17,303,4.19445,-1.82122,7
17,215,13,11,3
17,375,-19.8487,-4.68714,2
17,415,3.28255,-1.07213,7
17,411,-6.90103,11.7833,1
17,263,3.5873,-14.5444,5
17,359,2.71061,20.0549,6
17,35,3.28255,-1.07213,7
17,267,11.824,13.9422,3
17,199,-0.756068,7.38371,1
17,27,10.5096,13.2926,3
17,427,3.33054,-1.04994,7
17,343,12.8822,15.8363,3
17,403,3.28255,-1.07213,7
17,31,3.28255,-1.07213,7
17,383,2.52197,16.9674,6
17,327,-6.71427,11.5189,1
17,171,3.28255,-1.07213,7
17,351,3.60163,-1.21537,7
17,211,1.31082,-21.1023,5
17,295,10.7662,11.3683,3
17,423,12.6226,-15.9598,5
17,391,4.53066,1.67577,7
17,163,5.73351,3.0303,7
17,155,6.36414,-4.90049,7
17,379,11.3084,12.0503,3
17,19,3.28255,-1.07213,7
17,103,11.4441,9.8794,3
17,387,-13.0313,-1.20638,2
17,363,3.28255,-1.07213,7
17,271,5.52162,2.48053,7
17,23,11.6607,12.7737,3
17,239,11.0888,11.8214,3
17,207,3.71561,-0.199285,7
17,159,3.85626,-0.621223,7
17,251,4.98615,-15.4769,5
17,47,3.37784,9.33551,6
17,339,-13.0313,-1.20638,2
17,223,12.4835,-15.0395,5
17,135,11.1402,9.98591,3
17,195,3.28255,-1.07213,7
17,311,-19.8487,-4.68714,2
17,43,11.3678,13.0235,3
17,419,11.4942,8.26129,3
17,275,-8,-5,2
17,75,12.4602,15.2357,3
17,147,6.08396,4.87188,7
17,235,3.28255,-1.07213,7
17,347,11.9666,7.97977,3
17,399,-1.00834,-22.1458,5
17,51,6.67166,11.5582,6
17,183,3.71245,-5.02544,7
17,435,-16.6348,11.4524,4
17,371,12.1515,14.3164,3
17,123,-1.76563,-14.1763,5
17,203,12,6,3
17,11,5.13962,1.00806,7
17,167,-6.90103,11.7833,1
17,191,-9.42863,-3.6705,2
17,243,12.0809,12.8067,3
17,219,3.44762,12.6849,6
17,95,13,5,3
17,83,3.28255,-1.07213,7
17,71,3.83974,-0.527031,7
17,407,1.51229,-17.9282,5
17,59,8.23739,10.6477,3
17,323,2,20,6
17,151,11.1747,13.1415,3
17,175,14,11,3
17,39,11.7359,13.0094,3
17,279,-0.48635,-9.76159,7
17,91,4.26176,2.0017,7
17,107,4.01129,-0.48088,7
17,259,3.28255,-1.07213,7
17,355,1.93251,-16.6733,5
17,99,3.28255,-1.07213,7
17,111,5.99115,-3.56908,7
17,247,3.28255,-1.07213,7
17,299,3.28255,-1.07213,7
17,443,-0.424353,-23.2557,5
17,127,11.7807,12.9206,3
17,139,3.28255,-1.07213,7
17,63,4.6146,1.15048,7
17,291,12,8,3
17,319,2.09312,17.5751,6
17,395,11,6,3
17,143,11.2916,12.8168,3
17,55,10.6667,11.6436,3
17,439,3.6304,-15.256,5
17,115,-3,-14,5
17,331,4.76625,14.2929,6
17,15,10.1147,11.6522,3
17,3,10.7835,9.92848,3
17,87,11.7562,13.4676,3
17,231,10.2661,8.31385,3
17,287,3.59872,-0.464322,7
17,79,11.2581,10.7404,3
17,131,-1,5,7
17,179,4.04949,-0.679856,7
18,79,10.8912,11.9906,3
18,143,11.2938,12.8157,3
18,247,3.28255,-1.07213,7
18,419,11.258,8.3463,3
18,235,3.28255,-1.07213,7
18,15,9.49078,11.0667,3
18,331,5.02218,14.7823,6
18,127,11.2074,12.0925,3
18,191,-9.49208,-2.74933,2
18,159,4.40625,0.210982,7
18,395,11.0743,7.96137,3
18,267,12.3725,13.1453,3
18,403,3.28255,-1.07213,7
18,19,3.28255,-1.07213,7
18,243,12.3725,13.1453,3
18,391,3.45678,0.269912,7
18,179,3.83414,-0.517165,7
18,139,3.28255,-1.07213,7
18,263,3.13431,-14.4742,5
18,83,3.28255,-1.07213,7
18,27,9.84867,12.7715,3
18,315,28,0,3
18,371,12.4465,14.2743,3
18,31,3.28255,-1.07213,7
18,67,3.28255,-1.07213,7
18,375,-18.0949,-3.72876,2
18,75,12.0634,14.5019,3
18,175,14,11,3
18,239,10.5216,10.9915,3
18,335,28,0,3
18,363,3.28255,-1.07213,7
18,379,10.6947,11.2471,3
18,431,3.28255,-1.07213,7
18,411,-6.90103,11.7833,1
18,119,-13.0313,-1.20638,2
18,415,3.28255,-1.07213,7
18,327,-6.73054,11.7725,1
18,307,9.82006,12.6291,3
18,147,6.80786,7.4185,6
18,63,3.98934,-0.641075,7
18,283,12.6158,14.0936,3
18,171,3.28255,-1.07213,7
18,399,-0.627886,-22.1494,5
18,439,3.19716,-15.1689,5
18,7,11.3981,13.0586,3
18,51,5.9318,10.4841,6
18,47,3.99405,9.63787,6
18,367,-19.1539,13.9166,4
18,275,-8,-5,2
18,155,5.20721,-3.28054,7
18,251,4.4502,-15.3288,5
18,359,2.37565,18.1596,6
18,207,3.34739,-1.01395,7
18,43,10.8752,12.1532,3
18,87,11.6813,12.7005,3
18,103,11.139,10.0339,3
18,383,2.29042,16.926,6
18,55,10.573,13.1039,3
18,167,-6.90103,11.7833,1
18,203,12,6,3
18,95,13,5,3
18,299,3.28255,-1.07213,7
18,279,0.834639,-7.07227,7
18,71,3.88071,0.41198,7
18,111,4.08418,-1.92112,7
18,319,2.09312,17.5751,6
18,131,-1,5,7
18,99,3.28255,-1.07213,7
18,423,12.5419,-14.9631,5
18,39,10.8598,12.527,3
18,59,6.51112,10.0497,6
18,347,11.4394,8.26794,3
18,323,2,20,6
18,427,3.28255,-1.07213,7
18,199,-0.694473,8.24553,1
18,151,10.8623,13.7833,3
18,355,1.57207,-16.6333,5
18,215,13,11,3
18,291,11.8387,9.92217,3
18,115,-2.33691,-14.0904,5
18,343,12.8687,15.8439,3
18,211,0.905645,-20.9713,5
18,271,4.41792,2.1708,7
18,223,11.9404,-14.2307,5
18,35,3.28255,-1.07213,7
18,23,11.0443,12.01,3
18,227,-1.48401,-14.4584,5
18,107,3.85523,-0.884053,7
18,135,10.2891,10.948,3
18,387,-13.0313,-1.20638,2
18,287,3.28255,-1.07213,7
18,195,3.28255,-1.07213,7
18,11,5.00168,1.09975,7
18,443,-0.424353,-23.2557,5
18,219,3.2134,12.6599,6
18,295,10.3928,11.1242,3
18,339,-13.0313,-1.20638,2
18,187,3.28255,-1.07213,7
18,3,9.35117,10.7634,3
18,163,5.29204,2.13614,7
18,259,3.28255,-1.07213,7
18,311,-18.076,-4.49562,2
18,435,-16.4927,12.0157,4
18,303,4.72668,-2.55221,7
18,407,1.46373,-17.9124,5
18,231,10.9032,10.2094,3
18,91,4.05155,0.974241,7
18,255,-6.90103,11.7833,1
18,123,-1.23838,-14.2728,5
18,183,3.61956,-5.02901,7
18,351,3.28255,-1.07213,7
19,363,3.28255,-1.07213,7
19,383,2.44822,17.0613,6
19,359,2.09312,17.5751,6
19,323,2.31584,18.2658,6
19,75,12.975,16.0382,3
19,331,4.36888,14.5797,6
19,443,-0.424353,-23.2557,5
19,35,3.28255,-1.07213,7
19,291,11.3568,11.4459,3
19,259,3.28255,-1.07213,7
19,351,3.28255,-1.07213,7
19,283,12.1744,14.589,3
19,255,-6.90103,11.7833,1
19,215,13,11,3
19,403,3.28255,-1.07213,7
19,59,4.99216,10.0374,6
19,307,9.53919,11.6299,3
19,43,10.6625,11.2633,3
19,111,3.28255,-1.07213,7
19,11,3.7604,-0.46844,7
19,371,12.3028,14.3452,3
19,87,11.3455,11.9906,3
19,51,8.52677,10.7945,3
19,91,4.70642,1.74803,7
19,27,10.5275,13.5338,3
19,143,11.256,12.8371,3
19,235,3.28255,-1.07213,7
19,3,10.3333,11.324,3
19,379,10.0917,10.441,3
19,439,2.93648,-15.1008,5
19,227,-0.101505,-14.7749,5
19,119,-13.0313,-1.20638,2
19,7,11.1372,13.094,3
19,67,3.80192,-0.218338,7
19,427,3.28255,-1.07213,7
19,219,2.19068,13.5995,6
19,151,12.2369,15.2357,3
19,271,3.8032,0.271008,7
19,355,1.09359,-16.641,5
19,195,3.28255,-1.07213,7
19,431,3.28255,-1.07213,7
19,419,11.6491,10.3067,3
19,71,3.56757,0.988798,7
19,411,-6.90103,11.7833,1
19,387,-13.0313,-1.20638,2
19,47,3.05131,9.09441,6
19,123,-0.779184,-14.3642,5
19,327,-6.8336,11.6996,1
19,339,-13.0313,-1.20638,2
19,223,10.7925,-13.9079,5
19,55,10.7145,13.0154,3
19,335,28,0,3
19,399,-0.435365,-22.1661,5
19,395,10.6789,8.18429,3
19,83,3.28255,-1.07213,7
19,243,13.0918,13.5005,3
19,311,-16.3044,-3.65809,2
19,155,4.16095,-1.71769,7
19,127,10.6013,11.287,3
19,95,13,5,3
19,147,6.54057,8.22405,6
19,103,11.6062,11.9706,3
19,99,3.28255,-1.07213,7
19,287,3.80719,-0.23161,7
19,203,12,6,3
19,19,3.28255,-1.07213,7
19,315,28,0,3
19,391,3.31077,-0.717141,7
19,251,3.03374,-16.0508,5
19,63,3.32628,-0.885854,7
19,263,1.85687,-15.3886,5
19,211,0.221005,-20.1569,5
19,239,10.6013,11.287,3
19,407,1.27763,-17.8725,5
19,199,-0.916293,7.9981,1
19,367,-19.0744,14.1689,4
19,159,3.73126,-0.529918,7
19,23,10.8156,11.7596,3
19,303,3.60735,-1.01463,7
19,247,3.28255,-1.07213,7
19,107,3.28255,-1.07213,7
19,179,3.72479,-0.449615,7
19,15,10.7012,11.6795,3
19,183,2.85225,-3.67576,7
19,231,10.3742,11.1475,3
19,191,-9.51307,-2.79304,2
19,295,11.2015,11.7808,3
19,163,3.62794,-0.317624,7
19,275,-8,-5,2
19,299,3.28255,-1.07213,7
19,207,3.28255,-1.07213,7
19,435,-16.4849,12.0289,4
19,343,12.8628,15.8474,3
19,187,2.89697,-1.41091,7
19,167,-6.90103,11.7833,1
19,175,14,11,3
19,171,3.28255,-1.07213,7
19,39,11.4095,13.3653,3
19,31,3.28255,-1.07213,7
19,115,-1.6975,-14.2146,5
19,347,11.5988,10.2384,3
19,131,0.137828,3.35539,7
19,375,-16.5459,-2.5785,2
19,415,3.28255,-1.07213,7
19,267,11.996,14.9686,3
19,319,2.09312,17.5751,6
19,423,11.6597,-14.5501,5
19,279,2.04091,-4.33408,7
19,79,10.8084,12.0409,3
19,135,9.3854,10.6616,3
19,139,3.28255,-1.07213,7
20,23,10.2765,10.9153,3
20,87,10.0394,12.2121,3
20,239,10.0474,10.452,3
20,79,10.4253,12.7705,3
20,311,-14.6119,-2.81411,2
20,35,3.28255,-1.07213,7
20,359,2.09312,17.5751,6
20,335,28,0,3
20,219,2.91972,14.3594,6
20,375,-14.9508,-2.60612,2
20,259,3.28255,-1.07213,7
20,107,3.28255,-1.07213,7
20,167,-6.90103,11.7833,1
20,127,10.0119,10.4742,3
20,319,2.09312,17.5751,6
20,67,3.28255,-1.07213,7
20,263,1.7221,-15.3618,5
20,207,3.28255,-1.07213,7
20,247,3.28255,-1.07213,7
20,31,3.28255,-1.07213,7
20,15,10.2661,10.782,3
20,279,2.66516,-1.85192,7
20,435,-16.3705,12.4056,4
20,427,3.28255,-1.07213,7
20,283,12.975,16.0382,3
20,275,-8.13982,-3.85151,2
20,111,3.28255,-1.07213,7
20,191,-9.67982,-1.97885,2
20,243,12.0341,13.888,3
20,323,2.40334,17.4588,6
20,139,3.28255,-1.07213,7
20,179,3.68526,-0.426215,7
20,291,12.3329,11.8676,3
20,215,13,11,3
20,339,-13.0313,-1.20638,2
20,355,0.799162,-16.6308,5
20,307,8.77646,11.4777,3
20,367,-19.1207,14.0852,4
20,19,3.28255,-1.07213,7
20,347,11.4292,12.0205,3
20,83,3.28255,-1.07213,7
20,151,12.3354,15.1716,3
20,403,3.28255,-1.07213,7
20,43,9.73708,11.3001,3
20,199,-2.6088,9.06365,1
20,443,-0.424353,-23.2557,5
20,95,13,5,3
20,343,12.8654,15.8459,3
20,171,3.28255,-1.07213,7
20,295,10.9728,12.6914,3
20,135,11.403,12.0893,3
20,7,10.5746,12.3322,3
20,3,10.9643,12.0819,3
20,51,8.95754,9.78926,3
20,371,12.2404,14.3754,3
20,379,10.5164,11.3456,3
20,227,0.468424,-13.9017,5
20,155,3.61916,-1.00775,7
20,123,-0.456761,-14.4163,5
20,351,3.28255,-1.07213,7
20,59,4.60771,10.8234,6
20,11,3.70833,-0.435865,7
20,175,14,11,3
20,391,3.28255,-1.07213,7
20,223,9.41033,-14.7815,5
20,47,3.17443,6.09905,7
20,439,3.35564,-15.484,5
20,183,3.29682,-1.79035,7
20,159,3.28255,-1.07213,7
20,315,28,0,3
20,423,10.3611,-14.338,5
20,363,3.28255,-1.07213,7
20,27,10.7299,13.4001,3
20,115,-1.22556,-14.2868,5
20,119,-13.0313,-1.20638,2
20,75,12.4933,15.1619,3
20,55,10.8171,12.9525,3
20,143,11.1178,12.9368,3
20,71,4.30177,1.73368,7
20,251,2.00023,-16.286,5
20,431,3.28255,-1.07213,7
20,231,11.5295,12.7189,3
20,267,12.4118,14.2451,3
20,103,12.2333,13.8696,3
20,287,3.30764,-1.21849,7
20,195,3.28255,-1.07213,7
20,331,3.02428,15.2663,6
20,299,3.28255,-1.07213,7
20,411,-6.90103,11.7833,1
20,99,3.28255,-1.07213,7
20,395,10.0773,9.22303,3
20,235,3.28255,-1.07213,7
20,211,0.387662,-19.1712,5
20,407,0.492405,-19.685,5
20,203,11.3891,6.35182,3
20,63,3.87762,-0.0510669,7
20,271,3.28255,-1.07213,7
20,387,-13.0313,-1.20638,2
20,399,-0.418388,-22.1663,5
20,91,4.2605,0.852893,7
20,327,-6.84828,11.7894,1
20,147,5.86835,9.71987,6
20,187,3.49048,-0.966842,7
20,415,3.28255,-1.07213,7
20,39,10.8076,12.5747,3
20,131,1.34605,3.06945,7
20,255,-6.90103,11.7833,1
20,163,4.16595,0.526435,7
20,419,11.1748,10.6433,3
20,303,3.28255,-1.07213,7
20,383,2.53282,17.1652,6
21,67,3.3881,-0.231709,7
21,31,3.28255,-1.07213,7
21,367,-19.1968,13.9633,4
21,319,2.09312,17.5751,6
21,183,3.28255,-1.07213,7
21,275,-8.09315,-3.23508,2
21,147,4.89054,10.6035,6
21,211,0.535809,-18.1819,5
21,43,10.4974,11.3559,3
21,131,2.3405,1.3632,7
21,267,11.5364,13.7888,3
21,375,-13.4873,-1.38926,2
21,423,10.366,-14.3441,5
21,287,3.28255,-1.07213,7
21,435,-16.2748,12.7563,4
21,59,5.00995,11.0999,6
21,55,10.8966,12.9049,3
21,187,3.9901,-0.109805,7
21,331,2.09401,15.8981,6
21,215,12.2302,13.5586,3
21,263,1.58474,-15.337,5
21,411,-6.90103,11.7833,1
21,403,3.28255,-1.07213,7
21,439,3.13308,-15.413,5
21,167,-6.90103,11.7833,1
21,71,4.27759,0.70568,7
21,243,12.0385,13.8861,3
21,419,10.8108,12.0611,3
21,119,-13.0313,-1.20638,2
21,111,3.28255,-1.07213,7
21,295,11.6773,12.8128,3
21,383,2.59511,17.3473,6
21,271,3.28255,-1.07213,7
21,291,12.4963,13.8434,3
21,79,10.5558,12.6906,3
21,35,3.28255,-1.07213,7
21,303,3.28255,-1.07213,7
21,23,10.549,11.8997,3
21,251,1.75011,-16.2422,5
21,3,10.1074,11.7915,3
21,339,-13.0313,-1.20638,2
21,347,11.4317,12.0195,3
21,115,-0.680698,-14.4297,5
21,299,3.28255,-1.07213,7
21,11,3.28255,-1.07213,7
21,387,-13.0313,-1.20638,2
21,379,9.9383,10.5264,3
21,139,3.28255,-1.07213,7
21,431,3.28255,-1.07213,7
21,163,4.67202,1.38799,7
21,231,11.2725,13.9513,3
21,315,28,0,3
21,159,3.28255,-1.07213,7
21,351,3.28255,-1.07213,7
21,7,11.2461,12.1773,3
21,199,-2.53441,9.70506,1
21,127,9.14391,10.0211,3
21,223,8.44303,-15.7696,5
21,343,12.8659,15.8457,3
21,227,0.759868,-12.9367,5
21,407,0.411536,-19.6696,5
21,219,2.7226,14.341,6
21,195,3.28255,-1.07213,7
21,135,10.4263,12.31,3
21,359,2.09312,17.5751,6
21,27,11.7444,13.975,3
21,155,3.30722,-0.977322,7
21,415,3.28255,-1.07213,7
21,47,3.23967,3.10016,7
21,171,3.44595,-0.157969,7
21,15,9.38914,10.6097,3
21,391,3.28255,-1.07213,7
21,259,3.28255,-1.07213,7
21,107,3.28255,-1.07213,7
21,279,3.28255,-1.07213,7
21,283,12.975,16.0382,3
21,327,-6.84854,11.7817,1
21,63,3.51788,0.520885,7
21,239,10.4293,11.382,3
21,443,-0.424353,-23.2557,5
21,123,-0.229814,-14.4476,5
21,51,9.74822,9.38347,3
21,75,12.6382,15.3525,3
21,151,12.3699,15.1492,3
21,179,3.68089,-0.423543,7
21,355,0.786293,-16.6285,5
21,323,2.66266,16.6962,6
21,87,9.7007,11.2531,3
21,427,3.28255,-1.07213,7
21,143,11.3311,12.8559,3
21,203,11.542,8.33451,3
21,99,3.3881,-0.231709,7
21,83,3.28255,-1.07213,7
21,399,-0.336793,-22.1764,5
21,255,-6.90103,11.7833,1
21,191,-9.66946,-1.74957,2
21,371,11.9383,14.8376,3
21,95,13,5,3
21,335,28,0,3
21,103,11.4281,13.2567,3
21,39,10.4437,11.6468,3
21,235,3.28255,-1.07213,7
21,395,10.8291,11.0758,3
21,207,3.28255,-1.07213,7
21,307,8.56531,10.4438,3
21,363,3.28255,-1.07213,7
21,247,3.28255,-1.07213,7
21,311,-13.2032,-1.46889,2
21,175,12.4823,11.297,3
21,19,3.28255,-1.07213,7
21,91,4.75441,1.72261,7
22,155,3.32215,-0.984192,7
22,87,8.58112,11.2874,3
22,55,10.9547,12.8706,3
22,191,-9.66455,-1.58545,2
22,351,3.28255,-1.07213,7
22,179,3.20652,-0.648843,7
22,395,11.1916,12.9337,3
22,435,-16.5934,12.4097,4
22,19,3.28255,-1.07213,7
22,71,3.56465,0.574956,7
22,63,3.77079,-0.349041,7
22,335,28,0,3
22,347,11.296,12.0899,3
22,431,3.28255,-1.07213,7
22,95,13,5,3
22,159,3.28255,-1.07213,7
22,403,3.28255,-1.07213,7
22,151,12.4087,15.1262,3
22,339,-13.0313,-1.20638,2
22,31,3.28255,-1.07213,7
22,135,11.0901,12.8212,3
22,7,11.7396,13.7325,3
22,167,-6.90103,11.7833,1
22,311,-13.0313,-1.20638,2
22,303,3.28255,-1.07213,7
22,287,3.28255,-1.07213,7
22,111,3.28255,-1.07213,7
22,215,11.21,14.6341,3
22,243,11.4181,13.4952,3
22,307,9.27252,10.6301,3
22,271,3.28255,-1.07213,7
22,115,-0.469975,-16.4087,5
22,295,11.2153,14.3294,3
22,319,2.09312,17.5751,6
22,123,-0.00761248,-14.4835,5
22,223,7.35263,-14.5683,5
22,263,1.47192,-15.3168,5
22,67,2.9775,-0.473816,7
22,47,4.29458,3.65508,7
22,419,10.7898,12.073,3
22,107,3.77959,-0.205488,7
22,407,0.312993,-19.6545,5
22,355,0.767771,-16.6253,5
22,27,11.0129,13.3775,3
22,23,10.9431,12.5132,3
22,127,8.4004,9.48463,3
22,183,3.28255,-1.07213,7
22,379,11.1205,13.2018,3
22,83,3.28255,-1.07213,7
22,239,9.51835,11.2608,3
22,211,0.786906,-17.2217,5
22,15,8.60905,10.4243,3
22,119,-13.0313,-1.20638,2
22,39,10.6286,12.3322,3
22,187,3.27344,-1.05258,7
22,11,3.28255,-1.07213,7
22,207,3.28255,-1.07213,7
22,279,3.82005,-0.234139,7
22,231,11.0541,14.4773,3
22,163,4.1958,0.508442,7
22,291,12.0804,14.2278,3
22,323,3.04898,15.9491,6
22,359,2.09312,17.5751,6
22,299,3.28255,-1.07213,7
22,331,2.13743,15.9002,6
22,439,2.74165,-15.3417,5
22,415,3.28255,-1.07213,7
22,427,3.28255,-1.07213,7
22,227,1.1999,-12.0249,5
22,391,3.28255,-1.07213,7
22,147,5.21646,10.9829,6
22,387,-13.0313,-1.20638,2
22,443,-0.424353,-23.2557,5
22,203,10.4697,7.82871,3
22,199,-2.46588,9.98153,1
22,79,10.6521,12.6326,3
22,259,3.28255,-1.07213,7
22,247,3.28255,-1.07213,7
22,195,3.28255,-1.07213,7
22,219,2.58619,14.3297,6
22,175,11.273,11.2349,3
22,99,3.28255,-1.07213,7
22,399,-0.291074,-22.1831,5
22,251,1.57736,-16.2092,5
22,283,12.975,16.0382,3
22,143,12.1949,14.6549,3
22,139,3.28255,-1.07213,7
22,91,4.15521,2.20808,7
22,371,11.8057,15.3658,3
22,59,3.65649,10.9348,6
22,171,4.14483,0.549534,7
22,3,10.6592,12.6839,3
22,363,3.28255,-1.07213,7
22,235,3.28255,-1.07213,7
22,255,-6.90103,11.7833,1
22,131,3.06204,-0.502106,7
22,367,-19.2415,13.8898,4
22,383,2.55507,17.2878,6
22,51,9.82153,11.087,3
22,75,12.4586,15.3826,3
22,327,-6.84863,11.7847,1
22,103,12.0549,14.0038,3
22,343,12.8276,15.8845,3
22,423,9.595,-14.9809,5
22,275,-9.95893,-2.51855,2
22,43,10.333,11.4749,3
22,315,28,0,3
22,267,12.1627,14.0193,3
22,35,3.28255,-1.07213,7
22,411,-6.90103,11.7833,1
22,375,-13.0313,-1.20638,2
23,239,10.2771,11.9693,3
23,227,1.87702,-9.10643,7
23,383,2.08692,17.4267,6
23,403,3.28255,-1.07213,7
23,67,3.5751,-0.248955,7
23,339,-13.0313,-1.20638,2
23,287,3.28255,-1.07213,7
23,115,-0.232287,-16.4443,5
23,291,11.933,14.3381,3
23,215,12.5703,15.3953,3
23,143,12.0123,14.8481,3
23,219,2.5338,14.324,6
23,87,9.4786,11.5345,3
23,375,-13.0313,-1.20638,2
23,431,3.28255,-1.07213,7
23,131,3.28255,-1.07213,7
23,243,11.1264,14.1958,3
23,203,10.3274,8.95514,3
23,379,10.9801,12.2246,3
23,95,11.8106,4.56811,3
23,99,3.28255,-1.07213,7
23,11,3.28255,-1.07213,7
23,207,3.74932,-0.18858,7
23,323,2.77281,15.9001,6
23,319,2.09312,17.5751,6
23,267,11.1194,13.9983,3
23,271,3.28255,-1.07213,7
23,127,8.07965,8.52008,3
23,103,11.5226,13.1549,3
23,195,3.28255,-1.07213,7
23,119,-13.0313,-1.20638,2
23,35,3.28255,-1.07213,7
23,371,12.0679,15.1695,3
23,191,-10.0911,-2.13429,2
23,83,3.28255,-1.07213,7
23,355,0.752005,-16.6227,5
23,247,3.28255,-1.07213,7
23,259,3.28255,-1.07213,7
23,295,11.474,13.3667,3
23,183,3.28255,-1.07213,7
23,263,0.642938,-15.5845,5
23,299,3.28255,-1.07213,7
23,279,3.28255,-1.07213,7
23,15,9.73448,10.2262,3
23,363,3.28255,-1.07213,7
23,419,11.7471,13.829,3
23,31,3.28255,-1.07213,7
23,423,8.84735,-14.6608,5
23,439,2.64675,-15.3103,5
23,151,12.243,15.5251,3
23,283,12.975,16.0382,3
23,75,12.5703,15.3953,3
23,303,3.28255,-1.07213,7
23,407,0.356018,-19.6649,5
23,155,3.28255,-1.07213,7
23,175,11.29,12.8378,3
23,139,3.28255,-1.07213,7
23,79,11.6277,14.3502,3
23,435,-16.503,12.6716,4
23,7,11.3471,13.2987,3
23,19,3.15168,-2.06305,7
23,27,10.2779,12.9582,3
23,387,-13.0313,-1.20638,2
23,211,0.162249,-16.5911,5
23,251,1.39063,-16.1798,5
23,311,-13.0313,-1.20638,2
23,359,2.09312,17.5751,6
23,51,10.2929,12.0475,3
23,179,3.38998,-0.98272,7
23,171,3.70699,-0.34958,7
23,135,10.2827,12.4314,3
23,71,3.47068,-0.46928,7
23,187,3.69551,-0.357417,7
23,399,-0.268467,-22.1867,5
23,3,11.3718,13.4033,3
23,443,-0.424353,-23.2557,5
23,39,10.1703,11.4421,3
23,351,3.28255,-1.07213,7
23,255,-6.90103,11.7833,1
23,343,12.8944,15.8575,3
23,315,28,0,3
23,395,11.2163,12.9202,3
23,43,11.0775,11.1964,3
23,91,4.12436,1.15524,7
23,55,12.03,14.5569,3
23,391,3.29675,-0.359362,7
23,275,-9.93214,-2.0916,2
23,223,6.98177,-15.0457,5
23,63,3.28255,-1.07213,7
23,167,-6.90103,11.7833,1
23,235,3.28255,-1.07213,7
23,59,3.3851,12.0806,6
23,23,11.8656,12.776,3
23,163,3.76877,-0.366694,7
23,123,0.28334,-14.552,5
23,427,3.28255,-1.07213,7
23,159,3.28936,-1.16538,7
23,347,10.9548,12.4017,3
23,335,28,0,3
23,111,3.28255,-1.07213,7
23,367,-19.2776,13.8311,4
23,331,2.15504,15.901,6
23,411,-6.90103,11.7833,1
23,47,3.98197,2.66067,7
23,415,3.28255,-1.07213,7
23,147,5.56069,11.1004,6
23,199,-4.31882,10.7343,1
23,327,-6.84891,11.7801,1
23,107,3.35778,-1.00208,7
23,231,11.3012,14.3026,3
23,307,8.84274,10.2731,3
24,15,8.41655,11.0574,3
24,407,0.323976,-19.6587,5
24,103,10.6346,12.9551,3
24,59,4.01146,12.3083,6
24,191,-10.2104,-1.53326,2
24,319,2.09312,17.5751,6
24,159,3.28255,-1.07213,7
24,315,28,0,3
24,143,11.8456,15.2245,3
24,235,3.16482,-1.00209,7
24,411,-6.90103,11.7833,1
24,283,12.975,16.0382,3
24,239,9.8839,11.0436,3
24,63,3.28255,-1.07213,7
24,67,3.28255,-1.07213,7
24,375,-13.0313,-1.20638,2
24,147,5.87372,12.3484,6
24,435,-16.5853,12.5424,4
24,251,1.28119,-16.1598,5
24,175,10.0602,13.2531,3
24,383,2.15773,17.5195,6
24,207,4.01768,0.37098,7
24,439,2.03086,-15.3184,5
24,259,3.28255,-1.07213,7
24,39,9.90377,10.4794,3
24,35,3.28255,-1.07213,7
24,3,11.5149,12.5234,3
24,55,12.0617,14.5384,3
24,227,2.29611,-7.15345,7
24,391,3.28255,-1.07213,7
24,223,6.3374,-14.1631,5
24,371,12.2636,15.0587,3
24,415,3.28255,-1.07213,7
24,71,4.01768,0.37098,7
24,11,3.28255,-1.07213,7
24,187,3.28255,-1.07213,7
24,203,9.57693,8.23548,3
24,31,3.28255,-1.07213,7
24,327,-6.84893,11.7835,1
24,231,11.4743,14.1896,3
24,123,0.527659,-14.6106,5
24,295,11.9032,14.3751,3
24,195,3.28255,-1.07213,7
24,255,-6.90103,11.7833,1
24,423,7.8057,-14.4576,5
24,291,11.7362,14.5605,3
24,171,4.17378,0.534748,7
24,339,-13.0313,-1.20638,2
24,91,4.01768,0.37098,7
24,367,-19.2686,13.8476,4
24,119,-13.0313,-1.20638,2
24,183,3.28255,-1.07213,7
24,47,3.07639,3.24631,7
24,351,3.28255,-1.07213,7
24,115,-0.0501632,-16.4713,5
24,87,10.1109,12.3156,3
24,427,3.28255,-1.07213,7
24,267,11.7235,14.5165,3
24,395,10.8759,13.6428,3
24,403,3.28255,-1.07213,7
24,431,3.28255,-1.07213,7
24,27,9.98508,11.9711,3
24,167,-6.90103,11.7833,1
24,303,3.28255,-1.07213,7
24,359,2.09312,17.5751,6
24,279,3.78161,-0.212203,7
24,151,12.5972,15.3982,3
24,399,-0.257283,-22.1885,5
24,163,3.77083,0.219817,7
24,95,9.70264,2.60562,7
24,107,3.85238,-0.133168,7
24,199,-6.17072,11.4895,1
24,347,10.7271,13.5732,3
24,131,3.28255,-1.07213,7
24,387,-13.0313,-1.20638,2
24,243,11.9556,14.1429,3
24,331,2.64077,16.3782,6
24,43,10.4369,10.4071,3
24,219,3.12864,15.0011,6
24,443,-0.424353,-23.2557,5
24,179,3.28255,-1.07213,7
24,419,11.7413,13.8322,3
24,379,10.9498,12.2414,3
24,51,10.9069,12.8442,3
24,83,3.28255,-1.07213,7
24,79,11.4254,14.8279,3
24,275,-10.1689,-1.38204,2
24,75,12.6075,15.6968,3
24,135,11.9032,14.3751,3
24,263,0.698532,-15.5943,5
24,139,3.28255,-1.07213,7
24,343,12.8804,15.8653,3
24,127,8.65696,9.34207,3
24,99,3.28255,-1.07213,7
24,271,3.28255,-1.07213,7
24,7,11.3612,13.5347,3
24,215,12.0323,14.5569,3
24,247,3.28255,-1.07213,7
24,23,11.7322,12.8396,3
24,335,28,0,3
24,323,2.19964,15.1098,6
24,363,3.28255,-1.07213,7
24,111,3.52416,-0.815869,7
24,355,0.744952,-16.6215,5
24,311,-13.0313,-1.20638,2
24,287,3.28255,-1.07213,7
24,299,3.28255,-1.07213,7
24,19,2.5734,-2.03643,7
24,155,3.28255,-1.07213,7
24,307,9.58005,10.9854,3
24,211,0.563949,-15.6597,5
25,339,-13.0313,-1.20638,2
25,267,11.4142,13.8001,3
25,407,-0.270919,-19.8227,5
25,15,8.95357,10.1388,3
25,211,0.790094,-14.6836,5
25,11,3.28255,-1.07213,7
25,411,-6.90103,11.7833,1
25,51,11.4516,13.705,3
25,439,1.51181,-15.3303,5
25,279,3.28255,-1.07213,7
25,119,-13.0313,-1.20638,2
25,255,-6.90103,11.7833,1
25,187,3.75592,-0.191317,7
25,235,3.28255,-1.07213,7
25,87,9.76637,11.3594,3
25,263,0.725244,-15.5987,5
25,419,11.7374,13.8344,3
25,367,-19.2996,13.7975,4
25,207,4.5148,1.23823,7
25,403,3.28255,-1.07213,7
25,223,5.38758,-14.8245,5
25,231,11.5882,14.1185,3
25,95,8.13281,2.56394,7
25,67,3.28255,-1.07213,7
25,167,-6.90103,11.7833,1
25,155,3.28255,-1.07213,7
25,299,3.28255,-1.07213,7
25,203,9.30777,9.26905,3
25,83,3.28255,-1.07213,7
25,215,11.8487,14.3531,3
25,431,3.28255,-1.07213,7
25,315,28,0,3
25,27,8.77571,12.3506,3
25,443,-0.424353,-23.2557,5
25,283,12.975,16.0382,3
25,399,-0.251749,-22.1894,5
25,343,12.8618,16.0153,3
25,115,0.0861142,-16.4911,5
25,275,-11.0665,-0.939337,2
25,435,-17.1115,12.1333,4
25,23,11.9994,13.82,3
25,199,-6.17568,11.7164,1
25,359,2.09312,17.5751,6
25,195,3.28255,-1.07213,7
25,395,10.7499,13.7954,3
25,271,3.28255,-1.07213,7
25,71,4.53765,1.2258,7
25,31,3.28255,-1.07213,7
25,383,2.10445,17.5115,6
25,63,3.28255,-1.07213,7
25,311,-13.0313,-1.20638,2
25,143,11.954,15.1207,3
25,287,3.28255,-1.07213,7
25,79,11.6601,14.6611,3
25,183,3.28255,-1.07213,7
25,291,11.8488,14.4896,3
25,111,3.28255,-1.07213,7
25,327,-6.87965,11.7582,1
25,379,11.4027,13.1338,3
25,307,9.19465,10.0547,3
25,427,3.28255,-1.07213,7
25,323,2.76698,14.9709,6
25,227,3.0428,-4.28016,7
25,59,3.7635,12.8076,6
25,351,3.28255,-1.07213,7
25,107,3.28255,-1.07213,7
25,35,3.28255,-1.07213,7
25,171,3.28255,-1.07213,7
25,387,-13.0313,-1.20638,2
25,127,6.53698,9.13319,6
25,363,3.28255,-1.07213,7
25,3,10.5927,12.3374,3
25,335,28,0,3
25,163,4.31894,1.0605,7
25,39,11.4231,12.6943,3
25,303,3.28255,-1.07213,7
25,259,3.28255,-1.07213,7
25,91,3.56572,-0.521095,7
25,75,12.4993,15.4553,3
25,159,3.28255,-1.07213,7
25,375,-13.0313,-1.20638,2
25,7,12.0702,14.3063,3
25,239,10.5479,11.8006,3
25,391,3.28255,-1.07213,7
25,243,11.5542,14.784,3
25,139,3.28255,-1.07213,7
25,247,3.28255,-1.07213,7
25,415,3.28255,-1.07213,7
25,55,12.0364,14.555,3
25,43,10.8022,11.346,3
25,135,11.7374,13.8344,3
25,179,3.28255,-1.07213,7
25,423,6.85538,-14.2866,5
25,331,2.42038,16.3452,6
25,371,12.1326,15.5585,3
25,219,2.85415,14.9612,6
25,347,11.471,13.0184,3
25,295,11.0883,14.3874,3
25,355,0.20873,-18.5276,5
25,191,-10.4018,-1.01422,2
25,251,1.22719,-16.1489,5
25,131,3.28255,-1.07213,7
25,151,12.6493,15.3745,3
25,47,3.59995,1.93722,7
25,175,11.1419,13.3079,3
25,99,3.28255,-1.07213,7
25,19,3.28255,-1.07213,7
25,147,4.29641,12.2473,6
25,319,2.09312,17.5751,6
25,123,0.608278,-14.6236,5
25,103,9.93904,12.3423,3
26,319,2.09312,17.5751,6
26,83,3.28255,-1.07213,7
26,335,28,0,3
26,279,3.28255,-1.07213,7
26,291,11.9207,14.4462,3
26,139,3.28255,-1.07213,7
26,155,3.28255,-1.07213,7
26,123,0.675352,-14.6345,5
26,227,3.30652,-1.37859,7
26,79,11.6017,14.7282,3
26,347,11.3107,13.1152,3
26,375,-13.0313,-1.20638,2
26,267,11.8266,15.2537,3
26,59,3.01831,11.987,6
26,119,-13.0313,-1.20638,2
26,299,3.28255,-1.07213,7
26,75,12.7479,15.653,3
26,223,5.22457,-14.1402,5
26,403,3.28255,-1.07213,7
26,383,2.12989,17.5486,6
26,207,5.02722,2.09731,7
26,323,3.34321,15.0362,6
26,263,0.746712,-15.6022,5
26,339,-13.0313,-1.20638,2
26,423,6.41489,-14.1003,5
26,247,3.28255,-1.07213,7
26,363,3.28255,-1.07213,7
26,367,-19.2052,14.0987,4
26,239,10.2184,10.8543,3
26,55,12.0851,14.5281,3
26,3,10.9604,13.5991,3
26,183,3.28255,-1.07213,7
26,103,9.63375,11.3632,3
26,19,3.56962,-0.174019,7
26,15,6.89238,10.3034,6
26,115,0.212857,-16.5113,5
26,127,6.53031,9.62116,6
26,419,12.5641,15.5713,3
26,411,-6.90103,11.7833,1
26,175,10.0497,13.3508,3
26,159,3.28255,-1.07213,7
26,307,8.78814,9.13665,3
26,303,3.28255,-1.07213,7
26,399,-0.256813,-22.1886,5
26,95,6.89936,2.31496,7
26,87,10.4083,12.1395,3
26,187,3.00034,-1.02957,7
26,211,0.299198,-13.9742,5
26,259,3.28255,-1.07213,7
26,235,3.25249,-0.371432,7
26,371,12.3565,15.396,3
26,23,11.1626,13.7539,3
26,379,11.9862,14.6203,3
26,327,-6.88128,11.7843,1
26,271,3.28255,-1.07213,7
26,243,12.2459,15.4043,3
26,435,-17.0619,12.2228,4
26,391,3.61309,-0.13605,7
26,439,0.686168,-15.5889,5
26,231,12.0851,14.5281,3
26,427,3.28255,-1.07213,7
26,275,-11.0642,-0.959459,2
26,287,3.78207,-0.205876,7
26,191,-10.9654,-0.435952,2
26,415,3.28255,-1.07213,7
26,107,3.28255,-1.07213,7
26,67,3.28255,-1.07213,7
26,295,12.7479,15.653,3
26,151,12.6264,15.3871,3
26,251,0.414995,-16.4179,5
26,387,-13.0313,-1.20638,2
26,131,3.28255,-1.07213,7
26,7,11.4319,13.549,3
26,359,2.09312,17.5751,6
26,47,3.16479,-0.126888,7
26,283,12.975,16.0382,3
26,31,3.28255,-1.07213,7
26,179,3.28255,-1.07213,7
26,219,2.66786,14.9386,6
26,311,-13.0313,-1.20638,2
26,143,11.8692,15.2674,3
26,99,3.28255,-1.07213,7
26,431,3.28255,-1.07213,7
26,343,12.975,16.0382,3
26,395,10.6459,13.9325,3
26,315,28,0,3
26,255,-6.90103,11.7833,1
26,27,6.10767,13.1243,6
26,203,9.80172,10.1376,3
26,63,3.28255,-1.07213,7
26,331,2.33065,16.3323,6
26,163,3.65761,0.909045,7
26,171,3.77338,-0.200887,7
26,407,-0.161413,-19.8373,5
26,35,3.28255,-1.07213,7
26,11,3.28255,-1.07213,7
26,43,10.1415,11.9916,3
26,91,4.05651,0.350036,7
26,215,11.9276,15.1206,3
26,195,3.28255,-1.07213,7
26,355,0.242371,-18.5329,5
26,135,10.9242,13.5169,3
26,39,11.4683,13.6628,3
26,111,3.28255,-1.07213,7
26,199,-6.19322,11.8395,1
26,167,-6.90103,11.7833,1
26,51,11.0047,12.8083,3
26,351,3.28255,-1.07213,7
26,71,3.80221,0.945075,7
26,443,-0.424353,-23.2557,5
26,147,4.03305,12.779,6
27,171,3.28526,0.425419,7
27,291,11.8979,14.4623,3
27,203,9.26549,9.29241,3
27,311,-13.0313,-1.20638,2
27,427,3.28255,-1.07213,7
27,87,10.8607,13.014,3
27,115,0.369572,-16.5427,5
27,155,3.28255,-1.07213,7
27,127,5.58512,8.63889,6
27,263,0.748112,-15.6024,5
27,419,12.5019,15.86,3
27,143,12.0799,15.1116,3
27,415,3.28255,-1.07213,7
27,295,12.3714,15.6521,3
27,219,2.57834,14.9264,6
27,163,3.54935,-0.138081,7
27,79,11.9191,14.5755,3
27,267,11.2805,14.4992,3
27,147,4.47915,12.5429,6
27,359,2.09312,17.5751,6
27,11,3.28255,-1.07213,7
27,411,-6.90103,11.7833,1
27,367,-19.1419,14.2893,4
27,191,-11.0289,-0.315832,2
27,259,3.28255,-1.07213,7
27,283,12.975,16.0382,3
27,379,11.4637,13.7694,3
27,159,3.77887,-0.204006,7
27,251,0.468973,-16.4265,5
27,435,-17.0724,12.2065,4
27,243,12.2321,14.9255,3
27,111,3.28255,-1.07213,7
27,71,3.31906,0.650498,7
27,195,3.28255,-1.07213,7
27,199,-6.46767,11.5332,1
27,375,-13.0313,-1.20638,2
27,139,3.28255,-1.07213,7
27,167,-6.90103,11.7833,1
27,403,3.28255,-1.07213,7
27,287,4.27192,0.665872,7
27,215,11.6858,14.1261,3
27,227,3.28255,-1.07213,7
27,439,0.424645,-15.5943,5
27,207,5.52768,2.96307,7
27,371,12.3008,15.4684,3
27,223,4.22222,-14.9099,5
27,151,12.4912,15.7364,3
27,363,3.28255,-1.07213,7
27,239,9.47077,11.3806,3
27,275,-11.1697,-0.708403,2
27,387,-13.0313,-1.20638,2
27,43,11.9067,14.3896,3
27,107,3.28255,-1.07213,7
27,39,11.9793,14.9694,3
27,343,12.975,16.0382,3
27,35,3.28255,-1.07213,7
27,19,3.28255,-1.07213,7
27,399,-0.58259,-22.3032,5
27,391,3.28255,-1.07213,7
27,383,2.09528,17.5466,6
27,351,3.28255,-1.07213,7
27,315,28,0,3
27,431,3.28255,-1.07213,7
27,83,3.28255,-1.07213,7
27,179,3.28255,-1.07213,7
27,183,3.28255,-1.07213,7
27,323,3.11591,13.999,6
27,443,-0.424353,-23.2557,5
27,407,-0.0765113,-19.8497,5
27,247,3.28255,-1.07213,7
27,187,3.28255,-1.07213,7
27,27,4.84677,12.2499,6
27,31,3.28255,-1.07213,7
27,123,0.746888,-14.6469,5
27,211,0.774424,-13.0636,5
27,47,3.85806,0.650619,7
27,131,3.28255,-1.07213,7
27,59,4.50033,13.2081,6
27,99,3.28255,-1.07213,7
27,327,-6.89369,11.7743,1
27,231,11.895,14.7381,3
27,235,3.26826,-1.03802,7
27,279,3.28255,-1.07213,7
27,319,2.09312,17.5751,6
27,423,6.01285,-13.937,5
27,91,4.55065,1.21937,7
27,51,10.1188,12.6614,3
27,75,12.3714,15.6521,3
27,23,11.6858,14.1261,3
27,347,11.6858,14.1261,3
27,135,12.3714,15.6521,3
27,15,5.84301,9.31812,6
27,103,9.27399,10.4173,3
27,355,0.114551,-18.5266,5
27,271,3.28255,-1.07213,7
27,63,3.28255,-1.07213,7
27,395,11.5972,14.3701,3
27,95,5.82031,1.90706,7
27,67,3.60037,-0.247423,7
27,303,3.28255,-1.07213,7
27,175,10.2167,12.8965,3
27,299,3.28255,-1.07213,7
27,307,6.92912,8.72405,6
27,331,2.24878,16.3255,6
27,255,-6.90103,11.7833,1
27,7,11.6661,14.4339,3
27,55,12.1647,14.8245,3
27,339,-13.0313,-1.20638,2
27,335,28,0,3
27,3,11.2531,13.2138,3
27,119,-13.0313,-1.20638,2
28,75,12.7543,15.6494,3
28,247,3.28255,-1.07213,7
28,79,11.8268,14.6631,3
28,99,3.28255,-1.07213,7
28,95,4.09469,-0.412928,7
28,207,6.02079,3.83304,7
28,219,2.02118,15.1159,6
28,3,12.4977,15.3782,3
28,295,12.1384,14.8506,3
28,111,3.28255,-1.07213,7
28,283,12.975,16.0382,3
28,59,4.2332,13.4083,6
28,151,12.7361,15.633,3
28,259,3.28255,-1.07213,7
28,347,10.937,13.8933,3
28,11,3.28255,-1.07213,7
28,363,3.28255,-1.07213,7
28,163,4.13261,0.682529,7
28,367,-19.2166,14.1607,4
28,335,28,0,3
28,291,11.9505,14.431,3
28,379,11.9084,14.9189,3
28,91,5.02519,2.09933,7
28,55,12.2043,14.8011,3
28,431,3.28255,-1.07213,7
28,223,2.91849,-15.5136,5
28,175,9.52451,12.3953,3
28,103,8.47843,10.5569,3
28,255,-6.90103,11.7833,1
28,327,-6.8958,11.7843,1
28,131,3.28255,-1.07213,7
28,415,3.28255,-1.07213,7
28,23,11.3582,13.1761,3
28,387,-13.0313,-1.20638,2
28,343,12.975,16.0382,3
28,87,12.2475,14.9442,3
28,375,-13.0313,-1.20638,2
28,251,0.244899,-18.4133,5
28,211,0.842152,-12.0657,5
28,371,12.4451,15.3727,3
28,215,10.9536,13.5802,3
28,331,2.61553,16.8896,6
28,63,3.18733,-0.678449,7
28,19,3.28255,-1.07213,7
28,287,3.28255,-1.07213,7
28,263,0.429146,-17.5767,5
28,315,28,0,3
28,191,-11.2546,-0.0678223,2
28,399,-0.41306,-22.3197,5
28,275,-11.4472,-1.32691,2
28,383,2.09519,17.5466,6
28,203,8.74683,8.43703,3
28,351,3.28255,-1.07213,7
28,407,-0.433754,-19.9167,5
28,427,3.28255,-1.07213,7
28,419,12.6894,15.7251,3
28,439,0.498027,-15.606,5
28,423,5.4292,-13.7892,5
28,27,4.28764,11.2089,6
28,403,3.28255,-1.07213,7
28,83,3.28255,-1.07213,7
28,443,-0.424353,-23.2557,5
28,139,3.28255,-1.07213,7
28,359,2.09312,17.5751,6
28,47,3.47225,-0.193671,7
28,303,3.28255,-1.07213,7
28,239,9.15442,10.4111,3
28,183,3.28255,-1.07213,7
28,435,-16.9541,12.7194,4
28,243,12.2832,14.9011,3
28,135,11.7416,14.9891,3
28,35,3.28255,-1.07213,7
28,307,6.75469,9.38096,6
28,267,11.4539,14.3722,3
28,311,-13.0313,-1.20638,2
28,395,11.7125,14.2979,3
28,339,-13.0313,-1.20638,2
28,299,3.28255,-1.07213,7
28,107,3.28255,-1.07213,7
28,147,5.66341,13.919,6
28,159,4.28386,0.659101,7
28,231,12.0208,15.1715,3
28,195,3.28255,-1.07213,7
28,279,3.28255,-1.07213,7
28,7,11.0346,14.2852,3
28,119,-13.0313,-1.20638,2
28,39,11.5882,14.0371,3
28,123,0.806528,-14.6573,5
28,391,3.63863,-0.165711,7
28,227,3.28255,-1.07213,7
28,127,5.01533,5.70123,7
28,67,3.28255,-1.07213,7
28,187,3.28255,-1.07213,7
28,31,3.28255,-1.07213,7
28,199,-6.476,11.52,1
28,323,3.65465,13.964,6
28,411,-6.90103,11.7833,1
28,71,3.42251,-0.465026,7
28,51,9.35703,12.2008,3
28,115,0.98506,-16.967,5
28,43,11.2855,14.6819,3
28,171,3.3684,-0.653435,7
28,143,12.2076,15.029,3
28,167,-6.90103,11.7833,1
28,155,3.28255,-1.07213,7
28,355,0.152469,-18.532,5
28,235,3.28255,-1.07213,7
28,271,3.28255,-1.07213,7
28,179,3.28255,-1.07213,7
28,15,6.13448,8.90049,6
28,319,2.09312,17.5751,6
29,315,28,0,3
29,59,4.01915,13.7691,6
29,231,12.1798,15.0652,3
29,103,6.56935,10.2865,6
29,227,3.28255,-1.07213,7
29,415,3.28255,-1.07213,7
29,363,3.28255,-1.07213,7
29,211,0.742272,-9.32378,7
29,131,3.28255,-1.07213,7
29,43,12.7317,15.6777,3
29,147,8.57292,14.193,3
29,251,0.22028,-18.4103,5
29,107,3.50343,-0.182397,7
29,339,-13.0313,-1.20638,2
29,183,3.28255,-1.07213,7
29,67,3.69164,-0.295381,7
29,275,-11.4506,-1.22924,2
29,243,12.7747,15.7779,3
29,331,2.33911,16.8389,6
29,87,11.5604,14.3181,3
29,323,2.51778,13.9456,6
29,303,3.28255,-1.07213,7
29,423,4.56041,-13.7599,5
29,355,0.198095,-18.5391,5
29,359,2.09312,17.5751,6
29,83,3.28255,-1.07213,7
29,387,-13.0313,-1.20638,2
29,411,-6.90103,11.7833,1
29,3,11.5288,15.1939,3
29,379,11.1346,14.5237,3
29,235,3.42508,-0.155627,7
29,175,10.4789,12.9112,3
29,127,4.61548,4.89384,7
29,51,10.0048,13.4626,3
29,351,3.28255,-1.07213,7
29,167,-6.90103,11.7833,1
29,115,0.888013,-16.9517,5
29,307,5.78343,8.40025,6
29,283,12.975,16.0382,3
29,95,3.28255,-1.07213,7
29,347,11.8003,14.4832,3
29,55,12.2274,14.7877,3
29,343,12.975,16.0382,3
29,391,3.28255,-1.07213,7
29,327,-6.89574,11.7837,1
29,31,3.28255,-1.07213,7
29,279,3.28255,-1.07213,7
29,267,11.5888,14.3526,3
29,135,11.7511,14.7035,3
29,179,3.28255,-1.07213,7
29,75,12.5137,15.9107,3
29,155,3.28255,-1.07213,7
29,435,-16.9843,12.668,4
29,219,2.23517,15.1521,6
29,39,11.8796,14.1566,3
29,431,3.28255,-1.07213,7
29,23,10.8501,13.222,3
29,239,8.54852,9.65313,3
29,11,3.28255,-1.07213,7
29,419,13.0155,15.937,3
29,139,3.28255,-1.07213,7
29,119,-13.0313,-1.20638,2
29,439,0.661557,-15.6435,5
29,27,4.26031,12.0385,6
29,263,0.517669,-17.5956,5
29,367,-19.1618,14.634,4
29,311,-13.0313,-1.20638,2
29,395,12.7804,15.7785,3
29,15,4.90831,9.7519,6
29,215,10.5648,12.646,3
29,123,0.979954,-14.702,5
29,375,-13.0313,-1.20638,2
29,19,3.28255,-1.07213,7
29,7,10.4107,13.9346,3
29,163,3.71264,-0.226587,7
29,207,5.54025,2.95596,7
29,199,-6.50159,11.7727,1
29,383,2.08022,17.5584,6
29,79,12.975,16.0382,3
29,399,-0.336349,-22.33,5
29,295,12.5955,15.4993,3
29,223,3.53193,-14.8257,5
29,403,3.28255,-1.07213,7
29,255,-6.90103,11.7833,1
29,427,3.28255,-1.07213,7
29,195,3.28255,-1.07213,7
29,407,-0.166221,-19.9754,5
29,335,28,0,3
29,299,3.28255,-1.07213,7
29,203,9.20438,9.32648,3
29,159,3.28255,-1.07213,7
29,171,3.28255,-1.07213,7
29,187,3.73282,-0.179405,7
29,151,12.975,16.0382,3
29,71,3.28255,-1.07213,7
29,291,12.7804,15.7785,3
29,99,3.28255,-1.07213,7
29,63,3.28255,-1.07213,7
29,143,12.3206,14.9694,3
29,247,3.28255,-1.07213,7
29,191,-12.7888,-1.1434,2
29,259,3.28255,-1.07213,7
29,47,3.28255,-1.07213,7
29,271,3.28255,-1.07213,7
29,443,-0.424353,-23.2557,5
29,91,4.83786,1.16074,7
29,111,3.28255,-1.07213,7
29,371,12.5095,15.3335,3
29,319,2.09312,17.5751,6
29,35,3.28255,-1.07213,7
29,287,3.31827,-1.04314,7
30,379,11.8422,15.3588,3
30,175,12.3368,15.2641,3
30,243,12.975,16.0382,3
30,239,9.15934,10.4557,3
30,159,3.7609,-0.194001,7
30,215,10.1651,11.7216,3
30,187,3.28255,-1.07213,7
30,111,3.28255,-1.07213,7
30,419,12.9469,15.9672,3
30,135,11.9453,14.9229,3
30,259,3.28255,-1.07213,7
30,27,3.46449,12.9063,6
30,439,0.693233,-15.6487,5
30,283,12.975,16.0382,3
30,351,3.28255,-1.07213,7
30,71,3.77475,-0.201655,7
30,343,12.975,16.0382,3
30,199,-6.90103,11.7833,1
30,191,-12.8243,-1.08659,2
30,127,3.51949,3.43691,7
30,267,11.4524,14.5236,3
30,331,1.95145,17.0403,6
30,211,0.903976,-6.72048,7
30,39,11.3741,14.3551,3
30,115,0.853584,-16.9454,5
30,219,2.82164,15.9131,6
30,99,3.28255,-1.07213,7
30,87,11.9305,14.6644,3
30,431,3.28255,-1.07213,7
30,15,4.58203,8.72996,6
30,11,3.28255,-1.07213,7
30,355,0.226009,-18.5433,5
30,443,-0.424353,-23.2557,5
30,427,3.28255,-1.07213,7
30,279,3.28255,-1.07213,7
30,147,8.71363,12.8996,3
30,47,3.28255,-1.07213,7
30,63,3.68456,-0.169099,7
30,7,9.92553,13.1492,3
30,323,2.5465,12.945,6
30,91,5.22756,2.08804,7
30,3,12.6305,14.5211,3
30,271,3.28255,-1.07213,7
30,399,-0.301181,-22.3354,5
30,171,3.69988,-0.197942,7
30,167,-6.90103,11.7833,1
30,435,-17.0283,12.5969,4
30,107,3.28255,-1.07213,7
30,403,3.28255,-1.07213,7
30,95,3.28255,-1.07213,7
30,67,3.28255,-1.07213,7
30,155,3.28255,-1.07213,7
30,291,12.8079,15.7625,3
30,255,-6.90103,11.7833,1
30,103,5.62177,9.28545,6
30,375,-13.0313,-1.20638,2
30,307,5.9579,8.98149,6
30,411,-6.90103,11.7833,1
30,231,12.3368,15.2641,3
30,179,3.28255,-1.07213,7
30,119,-13.0313,-1.20638,2
30,371,12.4508,15.3845,3
30,315,28,0,3
30,383,2.09312,17.5751,6
30,319,2.09312,17.5751,6
30,203,8.6547,8.48997,3
30,51,9.49737,12.6472,3
30,275,-11.4506,-1.21385,2
30,359,2.09312,17.5751,6
30,163,3.34397,-1.0175,7
30,235,3.28255,-1.07213,7
30,75,12.7547,15.9993,3
30,395,12.8075,15.7626,3
30,299,3.28255,-1.07213,7
30,407,-0.0766635,-19.9891,5
30,347,11.8936,14.4276,3
30,23,10.4701,12.2858,3
30,19,3.28255,-1.07213,7
30,423,3.84753,-13.7198,5
30,363,3.28255,-1.07213,7
30,263,0.518404,-17.5957,5
30,247,3.28255,-1.07213,7
30,131,3.28255,-1.07213,7
30,83,3.28255,-1.07213,7
30,31,3.28255,-1.07213,7
30,151,12.975,16.0382,3
30,195,3.28255,-1.07213,7
30,79,12.975,16.0382,3
30,143,12.3381,14.9593,3
30,367,-19.2742,14.4367,4
30,35,3.28255,-1.07213,7
30,227,3.28255,-1.07213,7
30,287,3.78622,-0.159404,7
30,391,3.283,-0.0776056,7
30,311,-13.0313,-1.20638,2
30,415,3.28255,-1.07213,7
30,139,3.28255,-1.07213,7
30,335,28,0,3
30,43,12.0558,14.9954,3
30,387,-13.0313,-1.20638,2
30,183,3.28255,-1.07213,7
30,207,5.04169,2.08888,7
30,251,0.266823,-18.4181,5
30,55,12.975,16.0382,3
30,59,3.78525,14.2742,6
30,339,-13.0313,-1.20638,2
30,327,-6.89918,11.7809,1
30,123,1.00348,-14.7062,5
30,223,2.07692,-15.3596,5
30,295,12.0534,14.96,3
30,303,3.28255,-1.07213,7
31,63,3.28255,-1.07213,7
31,83,3.28255,-1.07213,7
31,199,-6.90103,11.7833,1
31,59,4.17507,14.351,6
31,399,-0.285053,-22.338,5
31,143,12.2595,15.0206,3
31,19,3.01489,-2.01987,7
31,283,12.975,16.0382,3
31,227,3.70216,-0.168661,7
31,427,3.28255,-1.07213,7
31,243,12.545,15.4197,3
31,247,3.28255,-1.07213,7
31,159,3.17485,-0.344351,7
31,91,5.66874,2.9868,7
31,339,-13.0313,-1.20638,2
31,327,-6.89906,11.7811,1
31,443,-0.424353,-23.2557,5
31,335,28,0,3
31,235,3.3944,-0.631371,7
31,255,-6.90103,11.7833,1
31,355,0.265722,-18.55,5
31,131,3.28255,-1.07213,7
31,191,-12.8286,-1.07972,2
31,163,3.66469,-0.0967051,7
31,251,0.0892935,-19.5339,5
31,15,3.70497,6.0925,7
31,347,11.3237,13.616,3
31,75,12.7504,15.7159,3
31,415,3.28255,-1.07213,7
31,431,3.28255,-1.07213,7
31,195,3.28255,-1.07213,7
31,383,2.09312,17.5751,6
31,363,3.28255,-1.07213,7
31,287,3.30367,-1.0223,7
31,31,3.28255,-1.07213,7
31,99,3.28255,-1.07213,7
31,119,-13.0313,-1.20638,2
31,295,12.6434,15.4712,3
31,79,12.975,16.0382,3
31,47,3.28255,-1.07213,7
31,123,0.960355,-14.7002,5
31,439,0.714453,-15.6521,5
31,323,3.27647,13.1558,6
31,423,3.43051,-13.6489,5
31,303,3.28255,-1.07213,7
31,275,-11.917,-1.70189,2
31,27,4.04301,13.0009,6
31,203,8.14771,7.62799,3
31,351,3.28255,-1.07213,7
31,187,3.28255,-1.07213,7
31,267,12.975,16.0382,3
31,183,3.28255,-1.07213,7
31,175,11.6989,14.5815,3
31,103,4.30892,9.84805,6
31,279,3.28255,-1.07213,7
31,11,3.28255,-1.07213,7
31,319,2.09312,17.5751,6
31,435,-16.9704,13.2637,4
31,259,3.28255,-1.07213,7
31,371,12.3402,15.583,3
31,291,12.8142,15.7589,3
31,223,2.72636,-14.8039,5
31,87,12.6107,15.3973,3
31,135,11.2992,14.3041,3
31,51,9.24381,11.627,3
31,167,-6.90103,11.7833,1
31,395,12.975,16.0382,3
31,7,10.6785,13.7095,3
31,239,8.95488,9.45211,3
31,115,0.812682,-16.9383,5
31,171,3.28255,-1.07213,7
31,207,5.5406,2.95557,7
31,419,12.9384,15.972,3
31,219,2.57566,15.8754,6
31,155,3.28255,-1.07213,7
31,343,12.975,16.0382,3
31,271,3.28255,-1.07213,7
31,111,3.28255,-1.07213,7
31,367,-19.3554,14.295,4
31,315,28,0,3
31,3,11.5173,15.082,3
31,67,3.76178,-0.194551,7
31,299,3.28255,-1.07213,7
31,55,12.975,16.0382,3
31,331,1.90392,17.0591,6
31,375,-13.0313,-1.20638,2
31,231,12.2257,15.6445,3
31,411,-6.90103,11.7833,1
31,403,3.28255,-1.07213,7
31,35,3.28255,-1.07213,7
31,387,-13.0313,-1.20638,2
31,179,3.28255,-1.07213,7
31,407,-0.590696,-20.1644,5
31,307,5.3825,7.94378,6
31,147,8.27442,12.1697,3
31,211,2.1143,-3.97705,7
31,43,10.9979,15.0094,3
31,39,12.2003,14.9843,3
31,311,-13.0313,-1.20638,2
31,359,2.09312,17.5751,6
31,391,3.28255,-1.07213,7
31,263,0.576576,-17.6078,5
31,379,11.5607,14.3514,3
31,215,9.50805,11.0257,3
31,151,12.975,16.0382,3
31,139,3.28255,-1.07213,7
31,95,3.76146,-0.194307,7
31,107,3.43745,-0.187032,7
31,127,3.49271,0.449773,7
31,23,9.91676,11.4684,3
31,71,4.26772,0.668391,7
32,171,3.28255,-1.07213,7
32,303,3.28255,-1.07213,7
32,199,-6.90103,11.7833,1
32,247,3.28255,-1.07213,7
32,47,3.6082,-0.165054,7
32,207,4.94672,2.15846,7
32,227,3.38726,-0.880526,7
32,371,12.503,15.4724,3
32,319,2.09312,17.5751,6
32,127,4.44622,0.00545586,7
32,147,6.4609,11.6973,6
32,291,12.975,16.0382,3
32,123,0.951469,-14.6988,5
32,383,2.09312,17.5751,6
32,347,11.9659,14.3899,3
32,23,9.70182,10.4789,3
32,315,28,0,3
32,59,3.46997,13.4138,6
32,15,4.19828,4.82542,7
32,331,2.05447,17.0592,6
32,359,2.09312,17.5751,6
32,323,4.6454,14.2476,6
32,11,3.28255,-1.07213,7
32,107,3.28255,-1.07213,7
32,191,-12.819,-1.17459,2
32,423,3.29496,-13.6074,5
32,387,-13.0313,-1.20638,2
32,391,3.23193,-0.395048,7
32,155,3.28255,-1.07213,7
32,187,3.73145,-0.178657,7
32,407,-0.378528,-20.1904,5
32,287,3.49848,-0.566137,7
32,307,5.47473,8.58158,6
32,267,12.975,16.0382,3
32,87,12.1166,14.528,3
32,131,3.28255,-1.07213,7
32,395,12.975,16.0382,3
32,339,-13.0313,-1.20638,2
32,271,3.28255,-1.07213,7
32,355,0.286372,-18.5533,5
32,431,3.28255,-1.07213,7
32,443,-0.424353,-23.2557,5
32,439,0.769585,-15.6624,5
32,235,3.28255,-1.07213,7
32,75,12.9577,16.0067,3
32,223,1.59263,-15.2192,5
32,79,12.975,16.0382,3
32,231,12.4422,15.4857,3
32,263,0.531689,-17.6013,5
32,219,2.67132,15.9144,6
32,143,12.5764,15.4039,3
32,251,0.115911,-19.5382,5
32,295,12.1538,14.8977,3
32,399,-0.277654,-22.3392,5
32,31,3.28255,-1.07213,7
32,243,12.0026,14.5856,3
32,195,3.28255,-1.07213,7
32,283,12.975,16.0382,3
32,119,-13.0313,-1.20638,2
32,27,3.10393,12.3698,6
32,351,3.28255,-1.07213,7
32,403,3.28255,-1.07213,7
32,139,3.28255,-1.07213,7
32,179,3.28255,-1.07213,7
32,7,11.557,14.3014,3
32,427,3.28255,-1.07213,7
32,83,3.28255,-1.07213,7
32,183,3.28255,-1.07213,7
32,43,11.4031,13.9356,3
32,175,11.2773,13.6663,3
32,279,3.28255,-1.07213,7
32,211,1.26652,-2.5302,7
32,435,-17.0544,13.1214,4
32,327,-6.89874,11.7829,1
32,275,-11.9292,-1.35834,2
32,299,3.28255,-1.07213,7
32,67,3.75264,-0.18974,7
32,415,3.28255,-1.07213,7
32,239,8.55668,8.53061,3
32,103,4.1461,10.7851,6
32,99,3.28255,-1.07213,7
32,215,8.98634,10.9083,3
32,135,11.0635,13.4411,3
32,159,3.83948,0.443489,7
32,19,3.28962,-1.05939,7
32,311,-13.0313,-1.20638,2
32,91,6.11904,3.88043,7
32,95,3.37243,-0.8618,7
32,71,3.77146,-0.199865,7
32,375,-13.0313,-1.20638,2
32,335,28,0,3
32,411,-6.90103,11.7833,1
32,255,-6.90103,11.7833,1
32,55,12.975,16.0382,3
32,203,6.30493,7.97879,6
32,379,11.6475,14.2923,3
32,63,3.28255,-1.07213,7
32,343,12.975,16.0382,3
32,39,11.7051,14.1172,3
32,367,-19.457,14.1375,4
32,167,-6.90103,11.7833,1
32,419,12.9365,15.9731,3
32,163,3.3902,-0.957079,7
32,259,3.28255,-1.07213,7
32,111,3.75654,-0.194274,7
32,3,10.8107,14.6543,3
32,151,12.975,16.0382,3
32,35,3.28255,-1.07213,7
32,51,10.0184,12.3067,3
32,115,0.20865,-18.8147,5
32,363,3.28255,-1.07213,7
33,59,4.77096,14.3274,6
33,15,3.74006,1.86062,7
33,131,3.28255,-1.07213,7
33,99,3.28255,-1.07213,7
33,207,4.51289,1.25585,7
33,303,3.28255,-1.07213,7
33,211,3.28255,-1.07213,7
33,71,3.94665,0.731565,7
33,63,3.28255,-1.07213,7
33,231,12.5384,15.4252,3
33,139,3.28255,-1.07213,7
33,67,4.21451,0.697114,7
33,399,-0.268691,-22.3408,5
33,283,12.975,16.0382,3
33,43,10.9981,13.0138,3
33,331,2.25743,17.4334,6
33,11,3.28255,-1.07213,7
33,347,11.3161,13.657,3
33,167,-6.90103,11.7833,1
33,83,3.28255,-1.07213,7
33,91,5.79948,2.94829,7
33,343,12.975,16.0382,3
33,363,3.28255,-1.07213,7
33,175,11.6613,13.9486,3
33,251,-0.00410347,-19.5319,5
33,439,0.0186371,-15.9372,5
33,255,-6.90103,11.7833,1
33,299,3.28255,-1.07213,7
33,135,10.9558,13.2626,3
33,279,3.28255,-1.07213,7
33,323,4.10023,13.1627,6
33,31,3.28255,-1.07213,7
33,371,12.5706,15.4311,3
33,427,3.28255,-1.07213,7
33,387,-13.0313,-1.20638,2
33,79,12.975,16.0382,3
33,3,11.94,14.8961,3
33,287,3.28255,-1.07213,7
33,443,-0.424353,-23.2557,5
33,19,3.28255,-1.07213,7
33,415,3.28255,-1.07213,7
33,367,-19.504,14.0598,4
33,23,10.8851,13.1893,3
33,151,12.975,16.0382,3
33,291,12.975,16.0382,3
33,127,3.16928,0.457195,7
33,339,-13.0313,-1.20638,2
33,39,12.2293,14.9647,3
33,239,6.72217,8.16475,6
33,171,3.16887,-0.0908199,7
33,123,0.161103,-15.002,5
33,55,12.975,16.0382,3
33,163,3.28255,-1.07213,7
33,203,5.38195,5.12446,7
33,295,12.975,16.0382,3
33,199,-6.90103,11.7833,1
33,235,3.28255,-1.07213,7
33,87,11.6211,13.6594,3
33,219,2.82327,16.0018,6
33,423,2.96429,-13.5515,5
33,391,3.28255,-1.07213,7
33,379,11.94,14.8961,3
33,47,4.15554,0.675706,7
33,271,3.28255,-1.07213,7
33,147,6.50755,11.8253,6
33,111,3.28255,-1.07213,7
33,311,-13.0313,-1.20638,2
33,247,3.28255,-1.07213,7
33,263,0.570602,-17.6089,5
33,319,2.09312,17.5751,6
33,103,3.73503,9.77511,6
33,359,2.09312,17.5751,6
33,335,28,0,3
33,383,2.09312,17.5751,6
33,195,3.28255,-1.07213,7
33,407,-0.219974,-20.214,5
33,191,-13.0313,-1.20638,2
33,435,-16.9789,13.5407,4
33,183,3.28255,-1.07213,7
33,187,3.08974,-0.231643,7
33,75,12.975,16.0382,3
33,119,-13.0313,-1.20638,2
33,267,12.975,16.0382,3
33,159,3.28255,-1.07213,7
33,395,12.975,16.0382,3
33,143,12.5589,15.4166,3
33,307,6.58113,10.5593,6
33,223,1.74836,-14.7762,5
33,275,-11.9318,-1.24427,2
33,431,3.28255,-1.07213,7
33,215,8.70141,9.92123,3
33,107,3.4433,-0.158703,7
33,27,4.44295,12.4508,6
33,327,-6.89883,11.7836,1
33,155,3.28255,-1.07213,7
33,227,3.52627,0.0255004,7
33,7,11.9654,15.0167,3
33,375,-13.0313,-1.20638,2
33,355,0.0808802,-18.5525,5
33,115,0.232843,-18.8185,5
33,411,-6.90103,11.7833,1
33,419,12.9368,15.9729,3
33,35,3.28255,-1.07213,7
33,179,3.28255,-1.07213,7
33,351,3.28255,-1.07213,7
33,403,3.28255,-1.07213,7
33,95,3.28255,-1.07213,7
33,315,28,0,3
33,259,3.28255,-1.07213,7
33,51,10.7641,13.0169,3
33,243,12.0474,14.5591,3
34,363,3.28255,-1.07213,7
34,55,12.975,16.0382,3
34,143,12.5522,15.4212,3
34,191,-13.0313,-1.20638,2
34,103,3.49458,8.76443,6
34,127,3.28255,-1.07213,7
34,303,3.28255,-1.07213,7
34,315,28,0,3
34,327,-6.90032,11.7824,1
34,411,-6.90103,11.7833,1
34,163,3.28255,-1.07213,7
34,403,3.28255,-1.07213,7
34,391,3.35709,-0.284893,7
34,443,-0.424353,-23.2557,5
34,131,3.28255,-1.07213,7
34,319,2.09312,17.5751,6
34,75,12.9561,16.0384,3
34,259,3.28255,-1.07213,7
34,39,11.7282,14.099,3
34,235,3.57354,-0.168704,7
34,367,-19.4949,14.0771,4
34,239,5.78722,5.32129,7
34,83,3.28255,-1.07213,7
34,11,3.28255,-1.07213,7
34,179,3.28255,-1.07213,7
34,355,0.141385,-18.5616,5
34,379,12.5787,15.4063,3
34,267,12.975,16.0382,3
34,223,0.440708,-15.4768,5
34,339,-13.0313,-1.20638,2
34,279,3.28255,-1.07213,7
34,167,-6.90103,11.7833,1
34,295,12.975,16.0382,3
34,399,-0.273011,-22.34,5
34,135,10.3362,12.7776,3
34,283,12.975,16.0382,3
34,287,3.28255,-1.07213,7
34,123,0.22533,-15.0091,5
34,359,2.09312,17.5751,6
34,347,10.5932,13.0472,3
34,91,5.06053,3.46085,7
34,291,12.975,16.0382,3
34,151,12.975,16.0382,3
34,27,4.28554,12.8372,6
34,99,3.28255,-1.07213,7
34,331,2.13745,17.4091,6
34,415,3.28255,-1.07213,7
34,227,3.28255,-1.07213,7
34,343,12.975,16.0382,3
34,255,-6.90103,11.7833,1
34,107,3.28255,-1.07213,7
34,7,11.5153,14.1196,3
34,219,2.56788,15.9615,6
34,351,3.28255,-1.07213,7
34,371,12.598,15.4152,3
34,47,3.05402,-0.809556,7
34,19,3.28255,-1.07213,7
34,387,-13.0313,-1.20638,2
34,187,3.59724,-0.273012,7
34,243,12.5879,15.4008,3
34,307,6.37247,11.9597,6
34,299,3.28255,-1.07213,7
34,247,3.28255,-1.07213,7
34,439,0.0859531,-15.9442,5
34,199,-6.90103,11.7833,1
34,215,6.22426,10.5131,6
34,79,12.975,16.0382,3
34,3,11.7328,14.9016,3
34,155,3.28255,-1.07213,7
34,31,3.28255,-1.07213,7
34,335,28,0,3
34,111,3.77437,-0.204843,7
34,375,-13.0313,-1.20638,2
34,207,3.78056,0.975507,7
34,171,3.28255,-1.07213,7
34,159,3.76956,-0.198747,7
34,35,3.28255,-1.07213,7
34,147,6.77693,12.7881,6
34,175,10.8989,13.4612,3
34,15,3.45294,-0.557851,7
34,119,-13.0313,-1.20638,2
34,195,3.28255,-1.07213,7
34,435,-17.0804,13.3647,4
34,427,3.28255,-1.07213,7
34,63,3.28255,-1.07213,7
34,407,-0.135038,-20.2258,5
34,275,-11.9339,-1.192,2
34,263,0.563599,-17.6077,5
34,139,3.28255,-1.07213,7
34,419,12.9377,15.9724,3
34,431,3.28255,-1.07213,7
34,211,3.28255,-1.07213,7
34,423,2.71819,-13.5052,5
34,67,3.73038,-0.175428,7
34,323,5.34888,13.6774,6
34,231,12.4448,15.7881,3
34,251,0.0196545,-19.535,5
34,271,3.28255,-1.07213,7
34,203,6.14872,7.68854,6
34,115,0.251524,-18.8216,5
34,87,10.855,13.0858,3
34,183,3.28255,-1.07213,7
34,395,12.975,16.0382,3
34,23,11.4459,13.4871,3
34,71,3.76956,-0.198747,7
34,51,11.4406,13.7729,3
34,383,2.09312,17.5751,6
34,95,3.28255,-1.07213,7
34,59,4.15873,13.2385,6
34,311,-13.0313,-1.20638,2
34,43,10.7196,12.0503,3
35,211,3.28255,-1.07213,7
35,7,10.7925,13.6996,3
35,79,12.975,16.0382,3
35,63,3.28255,-1.07213,7
35,139,3.28255,-1.07213,7
35,51,10.7163,13.1748,3
35,227,3.28255,-1.07213,7
35,23,11.9645,14.3423,3
35,375,-13.0313,-1.20638,2
35,247,3.28255,-1.07213,7
35,315,28,0,3
35,355,0.28447,-18.5943,5
35,239,5.57463,4.30923,7
35,403,3.28255,-1.07213,7
35,419,12.9202,15.9956,3
35,103,3.42993,5.76513,7
35,179,3.28255,-1.07213,7
35,343,12.975,16.0382,3
35,427,3.28255,-1.07213,7
35,175,11.3896,14.6354,3
35,235,3.54809,0.77546,7
35,151,12.975,16.0382,3
35,199,-6.90103,11.7833,1
35,251,0.0634577,-19.5418,5
35,39,10.9236,14.5318,3
35,123,0.346334,-15.028,5
35,35,3.28255,-1.07213,7
35,207,3.76515,-0.066531,7
35,367,-19.4163,14.3229,4
35,439,-0.559717,-16.1971,5
35,431,3.28255,-1.07213,7
35,131,3.28255,-1.07213,7
35,327,-6.90032,11.7824,1
35,107,3.07967,-0.884351,7
35,275,-12.2768,-1.58078,2
35,119,-13.0313,-1.20638,2
35,127,3.65566,-0.303806,7
35,111,3.28255,-1.07213,7
35,407,-0.07444,-20.2347,5
35,303,3.28255,-1.07213,7
35,223,1.24549,-14.9585,5
35,215,5.33813,9.50794,6
35,331,2.10846,17.4069,6
35,167,-6.90103,11.7833,1
35,311,-13.0313,-1.20638,2
35,399,-0.290431,-22.3377,5
35,75,12.975,16.0382,3
35,335,28,0,3
35,351,3.28255,-1.07213,7
35,395,12.975,16.0382,3
35,31,3.28255,-1.07213,7
35,379,11.8208,14.9422,3
35,271,3.28255,-1.07213,7
35,3,12.6013,15.4359,3
35,83,3.28255,-1.07213,7
35,91,5.68185,4.25944,7
35,359,2.09312,17.5751,6
35,391,3.28255,-1.07213,7
35,243,12.4592,15.1828,3
35,219,2.4158,15.9434,6
35,183,3.28255,-1.07213,7
35,15,3.28255,-1.07213,7
35,423,2.50999,-13.4662,5
35,19,3.28255,-1.07213,7
35,387,-13.0313,-1.20638,2
35,43,11.7806,14.6899,3
35,411,-6.90103,11.7833,1
35,443,-0.424353,-23.2557,5
35,339,-13.0313,-1.20638,2
35,307,5.47366,10.9024,6
35,291,12.975,16.0382,3
35,435,-17.1467,13.2457,4
35,231,12.4234,15.8727,3
35,279,3.28255,-1.07213,7
35,163,3.28255,-1.07213,7
35,203,5.23935,8.64523,6
35,383,2.09312,17.5751,6
35,59,3.70911,12.2031,6
35,319,2.09312,17.5751,6
35,415,3.28255,-1.07213,7
35,259,3.28255,-1.07213,7
35,323,5.50787,13.4384,6
35,115,0.265948,-18.8239,5
35,143,12.975,16.0382,3
35,295,12.975,16.0382,3
35,27,5.59005,13.7888,6
35,135,12.2831,15.0487,3
35,47,3.28255,-1.07213,7
35,71,3.28961,-1.06225,7
35,371,12.4687,15.6113,3
35,171,3.28255,-1.07213,7
35,299,3.28255,-1.07213,7
35,95,3.28255,-1.07213,7
35,11,3.28255,-1.07213,7
35,267,12.3328,15.3391,3
35,99,3.28255,-1.07213,7
35,363,3.28255,-1.07213,7
35,347,12.5099,15.3172,3
35,191,-13.0313,-1.20638,2
35,67,3.76349,0.768394,7
35,159,3.28255,-1.07213,7
35,263,0.564089,-17.6078,5
35,195,3.28255,-1.07213,7
35,55,12.975,16.0382,3
35,155,3.28255,-1.07213,7
35,283,12.975,16.0382,3
35,255,-6.90103,11.7833,1
35,87,11.547,13.8253,3
35,287,3.28255,-1.07213,7
35,187,3.28255,-1.07213,7
35,147,9.51787,13.904,3
36,335,28,0,3
36,283,12.975,16.0382,3
36,423,2.53478,-13.474,5
36,435,-17.0718,13.5917,4
36,55,12.975,16.0382,3
36,119,-13.0313,-1.20638,2
36,235,3.44189,-0.203513,7
36,171,3.28255,-1.07213,7
36,243,12.6958,16.002,3
36,59,3.4386,11.1827,6
36,307,4.80202,9.87491,6
36,23,11.4034,14.2223,3
36,67,3.28255,-1.07213,7
36,339,-13.0313,-1.20638,2
36,279,3.28255,-1.07213,7
36,439,-0.327309,-16.2277,5
36,323,4.8192,13.2935,6
36,111,3.28255,-1.07213,7
36,187,3.28255,-1.07213,7
36,375,-13.0313,-1.20638,2
36,407,0.106401,-20.2849,5
36,443,-0.424353,-23.2557,5
36,271,3.28255,-1.07213,7
36,371,12.975,16.0382,3
36,195,3.28255,-1.07213,7
36,255,-6.90103,11.7833,1
36,115,0.314961,-18.8334,5
36,155,3.28255,-1.07213,7
36,35,3.28255,-1.07213,7
36,7,11.3883,13.6499,3
36,343,12.975,16.0382,3
36,415,3.28255,-1.07213,7
36,79,12.975,16.0382,3
36,163,3.28255,-1.07213,7
36,303,3.28255,-1.07213,7
36,347,11.829,14.6433,3
36,139,3.28255,-1.07213,7
36,167,-6.90103,11.7833,1
36,331,2.1045,17.4067,6
36,379,11.8864,14.619,3
36,383,2.09312,17.5751,6
36,319,2.09312,17.5751,6
36,83,3.28255,-1.07213,7
36,431,3.28255,-1.07213,7
36,219,2.32741,15.9348,6
36,211,3.46428,-0.177286,7
36,127,3.28255,-1.07213,7
36,47,3.28255,-1.07213,7
36,63,3.51299,-0.099968,7
36,207,4.28138,0.790638,7
36,179,3.28255,-1.07213,7
36,31,3.28255,-1.07213,7
36,263,0.555429,-17.6063,5
36,391,3.28255,-1.07213,7
36,411,-6.90103,11.7833,1
36,387,-13.0313,-1.20638,2
36,227,3.28255,-1.07213,7
36,215,4.89776,10.3346,6
36,351,3.28255,-1.07213,7
36,355,0.30908,-18.5985,5
36,267,12.6121,15.3872,3
36,287,3.28255,-1.07213,7
36,291,12.975,16.0382,3
36,103,3.36528,2.76583,7
36,87,10.6346,14.3152,3
36,147,10.3832,14.3661,3
36,295,12.975,16.0382,3
36,11,3.28255,-1.07213,7
36,75,12.9702,16.0297,3
36,239,3.99596,2.16882,7
36,99,3.28255,-1.07213,7
36,135,11.5958,14.4933,3
36,395,12.975,16.0382,3
36,359,2.09312,17.5751,6
36,39,10.6882,13.4918,3
36,27,4.94775,13.6026,6
36,151,12.975,16.0382,3
36,367,-19.3525,14.5616,4
36,107,3.28255,-1.07213,7
36,15,3.64406,-0.152274,7
36,71,3.47616,-0.174224,7
36,299,3.28255,-1.07213,7
36,191,-13.0313,-1.20638,2
36,251,0.0961734,-19.5469,5
36,231,12.6492,15.7062,3
36,399,-0.280051,-22.3394,5
36,223,0.954561,-15.9189,5
36,403,3.28255,-1.07213,7
36,427,3.28255,-1.07213,7
36,247,3.28255,-1.07213,7
36,315,28,0,3
36,275,-12.2589,-1.35687,2
36,203,5.43358,9.2394,6
36,19,3.28255,-1.07213,7
36,199,-6.90103,11.7833,1
36,183,3.28255,-1.07213,7
36,159,3.28255,-1.07213,7
36,131,3.28255,-1.07213,7
36,175,11.0899,13.6444,3
36,143,12.975,16.0382,3
36,95,3.76375,-0.196784,7
36,51,11.1971,14,3
36,419,12.975,16.0382,3
36,123,0.466853,-15.0486,5
36,259,3.28255,-1.07213,7
36,3,11.7659,14.8731,3
36,43,12.3532,15.4499,3
36,91,6.27593,5.07337,7
36,311,-13.0313,-1.20638,2
36,327,-6.90047,11.7834,1
36,363,3.28255,-1.07213,7
37,367,-19.4107,14.4488,4
37,235,3.28255,-1.07213,7
37,307,4.06991,11.1972,6
37,379,12.5385,15.3894,3
37,7,10.5548,14.2571,3
37,127,3.76971,-0.198886,7
37,75,12.975,16.0382,3
37,107,3.28255,-1.07213,7
37,219,2.27411,15.9304,6
37,183,3.28255,-1.07213,7
37,27,5.13556,13.7774,6
37,59,3.37759,10.172,6
37,179,3.28255,-1.07213,7
37,31,3.28255,-1.07213,7
37,227,3.28255,-1.07213,7
37,55,12.975,16.0382,3
37,407,0.0968058,-20.2832,5
37,275,-12.2605,-1.24064,2
37,383,2.09312,17.5751,6
37,283,12.975,16.0382,3
37,223,0.794987,-16.2733,5
37,423,2.31643,-13.4385,5
37,11,3.28255,-1.07213,7
37,263,0.559557,-17.6071,5
37,419,12.975,16.0382,3
37,211,3.28255,-1.07213,7
37,171,3.52861,-0.121964,7
37,87,11.5756,13.8477,3
37,119,-13.0313,-1.20638,2
37,95,3.26311,-1.05471,7
37,395,12.975,16.0382,3
37,291,12.975,16.0382,3
37,399,-0.264714,-22.3422,5
37,403,3.28255,-1.07213,7
37,427,3.28255,-1.07213,7
37,335,28,0,3
37,387,-13.0313,-1.20638,2
37,39,11.2844,14.3439,3
37,131,3.28255,-1.07213,7
37,43,12.0043,14.5035,3
37,163,3.28255,-1.07213,7
37,215,4.46304,9.30332,6
37,231,12.7211,15.662,3
37,203,5.7805,8.84072,6
37,195,3.28255,-1.07213,7
37,343,12.975,16.0382,3
37,371,12.975,16.0382,3
37,151,12.975,16.0382,3
37,67,3.71961,-0.17739,7
37,91,5.88659,4.14772,7
37,375,-13.0313,-1.20638,2
37,247,3.28255,-1.07213,7
37,323,4.40482,14.8483,6
37,255,-6.90103,11.7833,1
37,439,-0.13905,-16.2535,5
37,115,0.314885,-18.8334,5
37,251,0.145185,-19.5557,5
37,347,11.2293,14.7417,3
37,391,3.28255,-1.07213,7
37,327,-6.90048,11.7834,1
37,51,11.9496,14.7015,3
37,435,-17.0127,13.9001,4
37,111,3.28255,-1.07213,7
37,159,3.28255,-1.07213,7
37,147,11.9766,14.6342,3
37,411,-6.90103,11.7833,1
37,187,3.28255,-1.07213,7
37,35,3.28255,-1.07213,7
37,315,28,0,3
37,135,11.9549,14.3637,3
37,23,12.0868,14.5267,3
37,443,-0.424353,-23.2557,5
37,175,10.3795,13.4567,3
37,19,3.28255,-1.07213,7
37,271,3.28255,-1.07213,7
37,71,4.06523,0.645673,7
37,279,3.28255,-1.07213,7
37,99,3.28255,-1.07213,7
37,363,3.28255,-1.07213,7
37,299,3.28255,-1.07213,7
37,79,12.975,16.0382,3
37,167,-6.90103,11.7833,1
37,139,3.28255,-1.07213,7
37,415,3.28255,-1.07213,7
37,155,3.28255,-1.07213,7
37,103,3.49363,1.79592,7
37,259,3.28255,-1.07213,7
37,15,3.28255,-1.07213,7
37,355,0.318732,-18.6001,5
37,191,-13.0313,-1.20638,2
37,243,12.975,16.0382,3
37,83,3.28255,-1.07213,7
37,295,12.975,16.0382,3
37,359,2.09312,17.5751,6
37,267,12.4756,15.6137,3
37,303,3.28255,-1.07213,7
37,351,3.28255,-1.07213,7
37,3,11.1639,14.1133,3
37,207,3.81056,-0.091609,7
37,239,3.35103,-0.761034,7
37,47,3.28255,-1.07213,7
37,431,3.28255,-1.07213,7
37,143,12.975,16.0382,3
37,311,-13.0313,-1.20638,2
37,339,-13.0313,-1.20638,2
37,319,2.09312,17.5751,6
37,331,2.14271,17.5584,6
37,123,0.309488,-17.0409,5
37,199,-6.90103,11.7833,1
37,63,3.2754,-0.866541,7
37,287,3.28255,-1.07213,7
38,283,12.975,16.0382,3
38,399,-0.583769,-22.4664,5
38,291,12.975,16.0382,3
38,7,11.8374,14.8191,3
38,351,3.28255,-1.07213,7
38,371,12.975,16.0382,3
38,135,11.2101,13.8626,3
38,387,-13.0313,-1.20638,2
38,299,3.28255,-1.07213,7
38,347,11.1818,14.2846,3
38,199,-6.90103,11.7833,1
38,275,-12.2605,-1.21608,2
38,363,3.28255,-1.07213,7
38,279,3.28255,-1.07213,7
38,419,12.975,16.0382,3
38,103,3.71224,0.675037,7
38,407,0.0899681,-20.2821,5
38,391,3.28255,-1.07213,7
38,415,3.28255,-1.07213,7
38,39,10.6768,13.6333,3
38,119,-13.0313,-1.20638,2
38,311,-13.0313,-1.20638,2
38,171,3.28416,-1.06963,7
38,131,3.28255,-1.07213,7
38,375,-13.0313,-1.20638,2
38,255,-6.90103,11.7833,1
38,303,3.28255,-1.07213,7
38,203,5.79223,9.5191,6
38,35,3.28255,-1.07213,7
38,31,3.28255,-1.07213,7
38,79,12.975,16.0382,3
38,123,0.367729,-17.0501,5
38,191,-13.0313,-1.20638,2
38,159,3.74317,-0.185433,7
38,99,3.28255,-1.07213,7
38,183,3.28255,-1.07213,7
38,167,-6.90103,11.7833,1
38,43,12.5339,15.4246,3
38,411,-6.90103,11.7833,1
38,139,3.28255,-1.07213,7
38,151,12.975,16.0382,3
38,427,3.28255,-1.07213,7
38,23,11.5482,13.7594,3
38,343,12.975,16.0382,3
38,75,12.975,16.0382,3
38,11,3.28255,-1.07213,7
38,251,0.157183,-19.5577,5
38,207,3.33763,-0.972763,7
38,431,3.28255,-1.07213,7
38,163,3.33643,-0.972065,7
38,107,3.28255,-1.07213,7
38,383,2.09312,17.5751,6
38,443,-0.424353,-23.2557,5
38,267,12.975,16.0382,3
38,51,11.5065,13.8008,3
38,127,3.28255,-1.07213,7
38,315,28,0,3
38,87,11.1191,12.9567,3
38,423,1.51096,-15.2315,5
38,319,2.09312,17.5751,6
38,59,3.30658,9.16598,6
38,63,3.62604,0.0499092,7
38,175,10.5491,12.4132,3
38,395,12.975,16.0382,3
38,235,3.28255,-1.07213,7
38,91,6.43995,4.98387,7
38,259,3.28255,-1.07213,7
38,263,0.551799,-17.6058,5
38,323,5.5469,15.4773,6
38,195,3.28255,-1.07213,7
38,187,3.28255,-1.07213,7
38,439,0.0176203,-16.276,5
38,367,-19.8434,14.0559,4
38,287,3.28255,-1.07213,7
38,147,11.5373,13.7329,3
38,271,3.28255,-1.07213,7
38,143,12.975,16.0382,3
38,155,3.28255,-1.07213,7
38,179,3.28255,-1.07213,7
38,231,12.6782,15.7022,3
38,227,3.28255,-1.07213,7
38,47,3.28255,-1.07213,7
38,83,3.28255,-1.07213,7
38,331,2.14403,17.5674,6
38,215,4.1239,6.32256,7
38,223,0.65494,-17.2631,5
38,307,3.95076,10.1752,6
38,243,12.7576,15.6583,3
38,27,4.89506,13.6755,6
38,115,0.314827,-18.8334,5
38,335,28,0,3
38,339,-13.0313,-1.20638,2
38,327,-6.90047,11.7833,1
38,219,2.24281,15.928,6
38,15,3.28255,-1.07213,7
38,3,12.3516,15.0663,3
38,359,2.09312,17.5751,6
38,95,3.77093,-0.193126,7
38,55,12.975,16.0382,3
38,403,3.28255,-1.07213,7
38,379,12.975,16.0382,3
38,435,-16.9699,14.2434,4
38,295,12.975,16.0382,3
38,19,3.28255,-1.07213,7
38,71,4.60758,1.48847,7
38,239,3.21544,-0.448523,7
38,111,3.28255,-1.07213,7
38,247,3.28255,-1.07213,7
38,355,0.329752,-18.6019,5
38,67,3.28255,-1.07213,7
38,211,3.28255,-1.07213,7
39,239,3.28255,-1.07213,7
39,179,3.28255,-1.07213,7
39,411,-6.90103,11.7833,1
39,119,-13.0313,-1.20638,2
39,31,3.28255,-1.07213,7
39,251,0.176541,-19.561,5
39,87,10.3163,12.606,3
39,315,28,0,3
39,59,3.25791,10.148,6
39,223,-0.613229,-17.3635,5
39,303,3.28255,-1.07213,7
39,435,-17.1144,13.9753,4
39,19,3.28255,-1.07213,7
39,359,2.09312,17.5751,6
39,75,12.975,16.0382,3
39,363,3.28255,-1.07213,7
39,331,2.09496,17.5619,6
39,147,11.8681,14.9482,3
39,419,12.975,16.0382,3
39,311,-13.0313,-1.20638,2
39,407,0.0850954,-20.2813,5
39,339,-13.0313,-1.20638,2
39,231,12.6644,15.7157,3
39,7,11.603,13.8329,3
39,23,12.1051,14.5919,3
39,427,3.28255,-1.07213,7
39,391,3.31389,-1.01435,7
39,47,3.74206,-0.184386,7
39,63,3.35754,-0.918525,7
39,215,3.82518,3.33901,7
39,15,3.28255,-1.07213,7
39,415,3.28255,-1.07213,7
39,307,4.62538,9.77044,6
39,51,12.0939,14.6141,3
39,379,12.4795,15.1696,3
39,287,3.28255,-1.07213,7
39,203,5.01354,8.52716,6
39,267,12.975,16.0382,3
39,151,12.975,16.0382,3
39,355,0.334825,-18.6028,5
39,343,12.975,16.0382,3
39,39,10.7575,13.4438,3
39,207,3.28255,-1.07213,7
39,399,-0.416319,-22.4823,5
39,375,-13.0313,-1.20638,2
39,171,3.28255,-1.07213,7
39,351,3.28255,-1.07213,7
39,371,12.975,16.0382,3
39,227,3.28255,-1.07213,7
39,175,11.1897,13.1907,3
39,83,3.28255,-1.07213,7
39,111,3.28255,-1.07213,7
39,131,3.28255,-1.07213,7
39,135,12.0619,14.5934,3
39,431,3.28255,-1.07213,7
39,295,12.975,16.0382,3
39,255,-6.90103,11.7833,1
39,35,3.28255,-1.07213,7
39,383,2.09312,17.5751,6
39,3,12.7279,14.5502,3
39,71,5.12174,2.34675,7
39,67,3.28255,-1.07213,7
39,91,5.98217,4.09449,7
39,299,3.28255,-1.07213,7
39,99,3.28255,-1.07213,7
39,443,-0.424353,-23.2557,5
39,279,3.28255,-1.07213,7
39,79,12.975,16.0382,3
39,367,-20.2327,13.7469,4
39,191,-13.0313,-1.20638,2
39,327,-6.90081,11.783,1
39,195,3.28255,-1.07213,7
39,95,3.31389,-1.01435,7
39,11,3.28255,-1.07213,7
39,275,-12.2622,-1.18139,2
39,159,3.28255,-1.07213,7
39,219,1.6786,16.4532,6
39,423,1.40903,-15.2138,5
39,155,3.28255,-1.07213,7
39,243,12.4235,15.14,3
39,283,12.975,16.0382,3
39,323,5.56089,15.2452,6
39,403,3.28255,-1.07213,7
39,27,5.13631,13.4246,6
39,187,3.31389,-1.01435,7
39,387,-13.0313,-1.20638,2
39,167,-6.90103,11.7833,1
39,259,3.28255,-1.07213,7
39,143,12.975,16.0382,3
39,319,2.09312,17.5751,6
39,395,12.975,16.0382,3
39,271,3.28255,-1.07213,7
39,127,3.28255,-1.07213,7
39,107,3.28255,-1.07213,7
39,183,3.28255,-1.07213,7
39,123,0.413276,-17.0573,5
39,263,0.545587,-17.6047,5
39,335,28,0,3
39,347,10.7855,13.3473,3
39,439,-0.234626,-16.3012,5
39,55,12.975,16.0382,3
39,291,12.975,16.0382,3
39,235,3.28255,-1.07213,7
39,139,3.28255,-1.07213,7
39,163,3.77576,-0.0810444,7
39,103,3.28255,-1.07213,7
39,115,0.316487,-18.8336,5
39,247,3.28255,-1.07213,7
39,211,3.28255,-1.07213,7
39,199,-6.90103,11.7833,1
39,43,11.9315,14.66,3
40,231,12.6448,15.7379,3
40,223,0.419689,-17.2932,5
40,175,10.7141,13.6508,3
40,91,5.54568,3.19328,7
40,147,11.2099,14.4867,3
40,415,3.28255,-1.07213,7
40,59,3.84485,10.6739,6
40,103,3.28255,-1.07213,7
40,215,3.65201,0.385657,7
40,251,-0.218242,-19.6183,5
40,279,3.28255,-1.07213,7
40,63,3.68527,-0.00804459,7
40,159,3.28255,-1.07213,7
40,275,-12.2621,-1.19246,2
40,211,3.28255,-1.07213,7
40,303,3.28255,-1.07213,7
40,259,3.28255,-1.07213,7
40,7,11.4033,14.2374,3
40,307,3.93111,10.9062,6
40,171,3.28255,-1.07213,7
40,67,3.28255,-1.07213,7
40,351,3.28255,-1.07213,7
40,239,3.33892,-0.972138,7
40,383,2.09312,17.5751,6
40,35,3.28255,-1.07213,7
40,255,-6.90103,11.7833,1
40,323,4.68932,14.0681,6
40,135,11.4125,13.877,3
40,423,0.587756,-15.4836,5
40,243,12.9381,16.0287,3
40,131,3.28255,-1.07213,7
40,311,-13.0313,-1.20638,2
40,347,9.65508,13.9888,3
40,375,-13.0313,-1.20638,2
40,419,12.975,16.0382,3
40,107,3.28255,-1.07213,7
40,199,-6.90103,11.7833,1
40,115,0.259601,-18.8265,5
40,31,3.28255,-1.07213,7
40,271,3.28255,-1.07213,7
40,19,3.28255,-1.07213,7
40,439,-0.115062,-16.3138,5
40,443,-0.424353,-23.2557,5
40,119,-13.0313,-1.20638,2
40,247,3.28255,-1.07213,7
40,11,3.28255,-1.07213,7
40,95,3.21062,-0.377933,7
40,295,12.975,16.0382,3
40,371,12.975,16.0382,3
40,431,3.28255,-1.07213,7
40,291,12.975,16.0382,3
40,191,-13.0313,-1.20638,2
40,379,11.8775,14.3871,3
40,55,12.975,16.0382,3
40,287,3.47022,-0.182131,7
40,359,2.09312,17.5751,6
40,111,3.28255,-1.07213,7
40,391,3.61977,-0.10633,7
40,399,-0.621047,-22.5661,5
40,395,12.975,16.0382,3
40,227,3.28255,-1.07213,7
40,195,3.28255,-1.07213,7
40,187,3.28255,-1.07213,7
40,87,10.8595,13.9704,3
40,3,11.8735,14.0119,3
40,71,5.62779,3.2095,7
40,411,-6.90103,11.7833,1
40,123,0.479904,-17.0693,5
40,319,2.09312,17.5751,6
40,127,3.28255,-1.07213,7
40,179,3.28255,-1.07213,7
40,207,3.6391,-0.158157,7
40,427,3.28255,-1.07213,7
40,155,3.28255,-1.07213,7
40,163,3.28255,-1.07213,7
40,327,-6.90081,11.783,1
40,75,12.975,16.0382,3
40,343,12.975,16.0382,3
40,203,4.49035,5.57318,7
40,83,3.28255,-1.07213,7
40,355,0.338774,-18.6034,5
40,183,3.28255,-1.07213,7
40,27,4.14722,14.2099,6
40,51,11.2982,14.3571,3
40,363,3.28255,-1.07213,7
40,367,-20.1736,13.8395,4
40,43,12.5707,15.4402,3
40,315,28,0,3
40,335,28,0,3
40,151,12.975,16.0382,3
40,403,3.28255,-1.07213,7
40,167,-6.90103,11.7833,1
40,339,-13.0313,-1.20638,2
40,139,3.28255,-1.07213,7
40,235,3.28255,-1.07213,7
40,299,3.28255,-1.07213,7
40,219,1.9344,16.4501,6
40,143,12.975,16.0382,3
40,23,12.7071,15.7147,3
40,435,-17.2388,13.7515,4
40,283,12.975,16.0382,3
40,331,2.09364,17.5618,6
40,263,0.540614,-17.6039,5
40,387,-13.0313,-1.20638,2
40,407,0.0645388,-20.2781,5
40,39,10.4244,12.4786,3
40,47,3.76349,-0.195502,7
40,267,12.975,16.0382,3
40,79,12.975,16.0382,3
40,99,3.28255,-1.07213,7
40,15,3.28255,-1.07213,7
41,239,3.28255,-1.07213,7
41,119,-13.0313,-1.20638,2
41,39,10.0544,11.5388,3
41,67,3.28255,-1.07213,7
41,307,3.62559,9.8899,6
41,103,3.28255,-1.07213,7
41,299,3.28255,-1.07213,7
41,15,3.28255,-1.07213,7
41,111,3.28255,-1.07213,7
41,287,3.28255,-1.07213,7
41,227,3.28255,-1.07213,7
41,115,0.272056,-18.8286,5
41,403,3.28255,-1.07213,7
41,35,3.28255,-1.07213,7
41,135,10.9006,13.5289,3
41,63,3.34763,-0.952375,7
41,95,3.29822,-1.01126,7
41,367,-20.0448,14.2637,4
41,271,3.28255,-1.07213,7
41,107,3.28255,-1.07213,7
41,195,3.28255,-1.07213,7
41,419,12.975,16.0382,3
41,251,-0.117215,-19.6321,5
41,263,0.536631,-17.6032,5
41,159,3.28255,-1.07213,7
41,279,3.28255,-1.07213,7
41,295,12.975,16.0382,3
41,359,2.09312,17.5751,6
41,131,3.28255,-1.07213,7
41,59,3.56625,9.65928,6
41,191,-13.0313,-1.20638,2
41,171,3.57581,-0.165897,7
41,291,12.975,16.0382,3
41,163,3.28255,-1.07213,7
41,179,3.28255,-1.07213,7
41,315,28,0,3
41,99,3.28255,-1.07213,7
41,391,3.32745,-1.01303,7
41,335,28,0,3
41,327,-6.90096,11.7833,1
41,31,3.28255,-1.07213,7
41,91,5.09596,2.29927,7
41,75,12.975,16.0382,3
41,27,4.47389,14.2734,6
41,219,2.34767,17.2231,6
41,151,12.975,16.0382,3
41,231,12.7294,15.6851,3
41,347,10.9112,13.9829,3
41,79,12.975,16.0382,3
41,311,-13.0313,-1.20638,2
41,259,3.28255,-1.07213,7
41,11,3.28255,-1.07213,7
41,375,-13.0313,-1.20638,2
41,243,12.3905,15.2108,3
41,439,-0.694098,-16.5277,5
41,175,12.7478,15.781,3
41,71,5.15711,2.32696,7
41,23,12.975,16.0382,3
41,371,12.975,16.0382,3
41,435,-17.3163,13.6049,4
41,303,3.28255,-1.07213,7
41,343,12.975,16.0382,3
41,123,-0.159572,-17.3128,5
41,427,3.28255,-1.07213,7
41,415,3.28255,-1.07213,7
41,183,3.28255,-1.07213,7
41,331,2.09754,17.5736,6
41,407,0.0860065,-20.282,5
41,267,12.975,16.0382,3
41,431,3.28255,-1.07213,7
41,275,-13.004,-1.14843,2
41,351,3.28255,-1.07213,7
41,199,-6.90103,11.7833,1
41,3,12.1167,15.0069,3
41,383,2.09312,17.5751,6
41,51,12.1167,15.0069,3
41,319,2.09312,17.5751,6
41,147,10.9441,13.4777,3
41,139,3.28255,-1.07213,7
41,339,-13.0313,-1.20638,2
41,7,11.4283,14.3358,3
41,283,12.975,16.0382,3
41,215,3.32033,-0.580797,7
41,167,-6.90103,11.7833,1
41,155,3.28255,-1.07213,7
41,423,0.655525,-15.4955,5
41,379,11.4232,13.4947,3
41,247,3.28255,-1.07213,7
41,19,3.28255,-1.07213,7
41,399,-0.431599,-22.5822,5
41,127,3.28255,-1.07213,7
41,207,3.81882,0.747132,7
41,87,10.576,12.9718,3
41,43,11.9911,14.6393,3
41,203,4.00524,2.61449,7
41,47,3.28255,-1.07213,7
41,223,0.0868368,-19.2847,5
41,323,4.12501,12.9889,6
41,363,3.28255,-1.07213,7
41,211,3.28255,-1.07213,7
41,443,-0.424353,-23.2557,5
41,255,-6.90103,11.7833,1
41,235,3.09554,-2.05397,7
41,411,-6.90103,11.7833,1
41,143,12.975,16.0382,3
41,55,12.975,16.0382,3
41,355,0.341849,-18.6039,5
41,83,3.28255,-1.07213,7
41,395,12.975,16.0382,3
41,387,-13.0313,-1.20638,2
41,187,3.28255,-1.07213,7
42,75,12.975,16.0382,3
42,83,3.28255,-1.07213,7
42,119,-13.0313,-1.20638,2
42,227,3.28255,-1.07213,7
42,211,3.28255,-1.07213,7
42,319,2.09312,17.5751,6
42,379,10.7243,13.746,3
42,115,-0.319827,-19.0047,5
42,111,3.28255,-1.07213,7
42,251,-0.0422215,-19.6429,5
42,391,3.28255,-1.07213,7
42,39,9.75978,10.5752,3
42,335,28,0,3
42,151,12.975,16.0382,3
42,359,2.09312,17.5751,6
42,195,3.28255,-1.07213,7
42,95,3.28255,-1.07213,7
42,259,3.28255,-1.07213,7
42,187,3.28255,-1.07213,7
42,215,3.28255,-1.07213,7
42,315,28,0,3
42,411,-6.90103,11.7833,1
42,91,4.6313,1.41363,7
42,103,3.28255,-1.07213,7
42,287,3.28255,-1.07213,7
42,395,12.975,16.0382,3
42,3,12.975,16.0382,3
42,27,4.06335,15.4618,6
42,87,11.3065,13.6846,3
42,243,12.9616,16.0145,3
42,255,-6.90103,11.7833,1
42,247,3.28255,-1.07213,7
42,7,12.0425,15.324,3
42,63,3.28255,-1.07213,7
42,443,-0.424353,-23.2557,5
42,219,2.17803,17.1998,6
42,403,3.28255,-1.07213,7
42,51,11.4736,14.3369,3
42,355,0.344243,-18.6043,5
42,399,-0.424353,-23.2557,5
42,387,-13.0313,-1.20638,2
42,363,3.28255,-1.07213,7
42,67,3.28255,-1.07213,7
42,307,3.87453,10.7077,6
42,183,3.28255,-1.07213,7
42,383,2.09312,17.5751,6
42,19,3.28255,-1.07213,7
42,291,12.975,16.0382,3
42,15,3.28255,-1.07213,7
42,431,3.28255,-1.07213,7
42,71,4.32946,2.02362,7
42,375,-13.0313,-1.20638,2
42,127,3.28255,-1.07213,7
42,311,-13.0313,-1.20638,2
42,419,12.975,16.0382,3
42,135,10.2921,13.7245,3
42,263,0.533442,-17.6027,5
42,423,0.748554,-15.5141,5
42,351,3.28255,-1.07213,7
42,107,3.28255,-1.07213,7
42,167,-6.90103,11.7833,1
42,295,12.975,16.0382,3
42,175,12.0881,15.212,3
42,303,3.28255,-1.07213,7
42,239,3.28255,-1.07213,7
42,323,5.43674,13.6567,6
42,331,2.0933,17.5732,6
42,371,12.975,16.0382,3
42,367,-19.9669,14.4788,4
42,155,3.28255,-1.07213,7
42,123,-0.0572052,-17.3244,5
42,23,12.2039,15.4198,3
42,327,-6.90103,11.7833,1
42,283,12.975,16.0382,3
42,99,3.28255,-1.07213,7
42,163,3.13321,-0.897056,7
42,47,3.39556,-0.0856379,7
42,35,3.28255,-1.07213,7
42,279,3.28255,-1.07213,7
42,231,12.7539,15.6708,3
42,347,10.6188,12.99,3
42,31,3.28255,-1.07213,7
42,59,3.38517,8.64976,6
42,191,-13.0313,-1.20638,2
42,147,11.0366,13.4434,3
42,271,3.28255,-1.07213,7
42,275,-12.9994,-1.20281,2
42,235,3.28255,-1.07213,7
42,343,12.975,16.0382,3
42,139,3.28255,-1.07213,7
42,223,0.0198305,-18.3137,5
42,159,3.28255,-1.07213,7
42,339,-13.0313,-1.20638,2
42,439,-0.444383,-16.5586,5
42,207,4.4433,1.54748,7
42,203,4.05088,1.51507,7
42,267,12.9616,16.0145,3
42,199,-6.90103,11.7833,1
42,407,0.0939603,-20.2835,5
42,435,-17.2546,13.9451,4
42,179,3.28255,-1.07213,7
42,415,3.28255,-1.07213,7
42,11,3.28255,-1.07213,7
42,79,12.975,16.0382,3
42,427,3.28255,-1.07213,7
42,299,3.28255,-1.07213,7
42,143,12.975,16.0382,3
42,55,12.975,16.0382,3
42,171,3.28255,-1.07213,7
42,131,3.28255,-1.07213,7
42,43,11.7869,15.0334,3
43,167,-6.90103,11.7833,1
43,343,12.975,16.0382,3
43,143,12.975,16.0382,3
43,431,3.28255,-1.07213,7
43,247,3.28255,-1.07213,7
43,43,11.4314,14.0732,3
43,439,-0.238291,-16.5859,5
43,291,12.975,16.0382,3
43,243,12.975,16.0382,3
43,179,3.28255,-1.07213,7
43,427,3.28255,-1.07213,7
43,383,2.09312,17.5751,6
43,367,-20.0192,14.3912,4
43,223,-0.285521,-18.7464,5
43,227,3.28255,-1.07213,7
43,123,0.0740904,-17.3444,5
43,95,3.291,-1.01622,7
43,11,3.28255,-1.07213,7
43,347,11.757,15.267,3
43,423,0.752634,-15.5147,5
43,311,-13.0313,-1.20638,2
43,279,3.28255,-1.07213,7
43,15,3.28255,-1.07213,7
43,419,12.975,16.0382,3
43,75,12.975,16.0382,3
43,103,3.28255,-1.07213,7
43,379,12.7146,15.5816,3
43,259,3.28255,-1.07213,7
43,39,8.93753,10.0891,3
43,355,0.345377,-18.6045,5
43,115,-0.167626,-19.0258,5
43,55,12.975,16.0382,3
43,443,-0.424353,-23.2557,5
43,159,3.17522,-0.617129,7
43,339,-13.0313,-1.20638,2
43,391,3.29997,-0.0805534,7
43,299,3.28255,-1.07213,7
43,351,3.28255,-1.07213,7
43,211,3.28255,-1.07213,7
43,331,2.09376,17.5749,6
43,319,2.09312,17.5751,6
43,87,11.757,15.267,3
43,19,3.28255,-1.07213,7
43,235,3.52558,-0.122919,7
43,399,-0.424353,-23.2557,5
43,107,3.28255,-1.07213,7
43,91,5.13395,2.27825,7
43,175,11.8254,14.2361,3
43,131,3.28255,-1.07213,7
43,71,4.97931,2.8093,7
43,407,0.098398,-20.2843,5
43,207,5.01376,2.37464,7
43,335,28,0,3
43,303,3.28255,-1.07213,7
43,191,-13.0313,-1.20638,2
43,99,3.28255,-1.07213,7
43,415,3.28255,-1.07213,7
43,139,3.28255,-1.07213,7
43,387,-13.0313,-1.20638,2
43,51,11.1104,13.3887,3
43,251,0.0262402,-19.6539,5
43,199,-6.90103,11.7833,1
43,283,12.975,16.0382,3
43,363,3.28255,-1.07213,7
43,403,3.28255,-1.07213,7
43,231,12.761,15.6668,3
43,195,3.28255,-1.07213,7
43,435,-17.3728,13.7339,4
43,267,12.975,16.0382,3
43,219,2.25931,17.5008,6
43,83,3.28255,-1.07213,7
43,135,9.69128,13.1536,3
43,183,3.28255,-1.07213,7
43,155,3.28255,-1.07213,7
43,411,-6.90103,11.7833,1
43,375,-13.0313,-1.20638,2
43,147,10.3029,13.0442,3
43,263,0.530889,-17.6022,5
43,79,12.975,16.0382,3
43,275,-12.9994,-1.20603,2
43,163,3.28255,-1.07213,7
43,395,12.975,16.0382,3
43,127,3.28255,-1.07213,7
43,187,3.28186,-1.07116,7
43,271,3.28255,-1.07213,7
43,239,3.29337,-1.0498,7
43,323,5.53345,13.8075,6
43,47,3.28255,-1.07213,7
43,23,12.6638,14.8819,3
43,359,2.09312,17.5751,6
43,7,12.9162,15.9636,3
43,67,3.77106,-0.203503,7
43,3,12.3302,15.3566,3
43,307,4.41642,11.0435,6
43,63,3.28054,-1.06912,7
43,31,3.28255,-1.07213,7
43,35,3.28255,-1.07213,7
43,111,3.28255,-1.07213,7
43,215,3.28255,-1.07213,7
43,295,12.975,16.0382,3
43,171,3.77282,-0.200575,7
43,287,3.28255,-1.07213,7
43,371,12.975,16.0382,3
43,203,3.28255,-1.07213,7
43,59,3.91323,9.28453,6
43,327,-6.90103,11.7833,1
43,315,28,0,3
43,255,-6.90103,11.7833,1
43,119,-13.0313,-1.20638,2
43,27,3.72415,14.3696,6
43,151,12.975,16.0382,3
44,59,3.75484,6.28909,7
44,243,12.2986,15.3711,3
44,179,3.28255,-1.07213,7
44,415,3.28255,-1.07213,7
44,107,3.28255,-1.07213,7
44,271,3.28255,-1.07213,7
44,275,-13.0071,-1.19264,2
44,91,4.41596,2.59427,7
44,367,-20.0601,14.324,4
44,315,28,0,3
44,111,3.28255,-1.07213,7
44,47,3.28255,-1.07213,7
44,211,3.28255,-1.07213,7
44,159,3.28255,-1.07213,7
44,319,2.09312,17.5751,6
44,423,0.790834,-15.5215,5
44,175,11.0852,13.6833,3
44,355,0.36181,-18.6074,5
44,239,3.28255,-1.07213,7
44,135,10.5966,12.8182,3
44,195,3.28255,-1.07213,7
44,247,3.28255,-1.07213,7
44,343,12.975,16.0382,3
44,279,3.28255,-1.07213,7
44,235,3.28535,-1.06417,7
44,163,3.28255,-1.07213,7
44,267,12.9583,16.0278,3
44,287,3.28255,-1.07213,7
44,187,3.17195,-0.646979,7
44,207,4.59651,1.46322,7
44,403,3.28255,-1.07213,7
44,171,3.28255,-1.07213,7
44,155,3.28255,-1.07213,7
44,87,10.8535,14.8457,3
44,435,-17.3157,14.0624,4
44,115,-0.0628349,-19.0404,5
44,375,-13.0313,-1.20638,2
44,359,2.09312,17.5751,6
44,83,3.28255,-1.07213,7
44,99,3.28255,-1.07213,7
44,303,3.28255,-1.07213,7
44,231,12.763,15.6657,3
44,327,-6.90103,11.7833,1
44,379,12.3893,15.0401,3
44,151,12.975,16.0382,3
44,391,3.6645,0.801061,7
44,19,3.28255,-1.07213,7
44,395,12.975,16.0382,3
44,443,-0.424353,-23.2557,5
44,219,2.11583,17.4781,6
44,31,3.28255,-1.07213,7
44,191,-13.0313,-1.20638,2
44,407,0.0983125,-20.2842,5
44,55,12.975,16.0382,3
44,283,12.975,16.0382,3
44,15,3.70212,-0.172891,7
44,331,2.09315,17.5748,6
44,371,12.975,16.0382,3
44,291,12.975,16.0382,3
44,203,3.77249,-0.200397,7
44,299,3.28255,-1.07213,7
44,431,3.28255,-1.07213,7
44,295,12.975,16.0382,3
44,311,-13.0313,-1.20638,2
44,387,-13.0313,-1.20638,2
44,51,11.5537,14.4028,3
44,27,3.50481,13.3286,6
44,35,3.28255,-1.07213,7
44,103,3.28255,-1.07213,7
44,251,0.0642187,-19.6598,5
44,339,-13.0313,-1.20638,2
44,11,3.28255,-1.07213,7
44,223,0.199122,-18.3453,5
44,427,3.28255,-1.07213,7
44,335,28,0,3
44,143,12.975,16.0382,3
44,79,12.975,16.0382,3
44,439,-0.0701826,-16.6093,5
44,363,3.28255,-1.07213,7
44,263,-0.129033,-17.8052,5
44,383,2.09312,17.5751,6
44,75,12.975,16.0382,3
44,39,8.48011,10.7199,3
44,67,3.3123,-1.01928,7
44,167,-6.90103,11.7833,1
44,127,3.39715,-0.229857,7
44,123,0.152186,-17.3551,5
44,95,3.80012,-0.155493,7
44,227,3.28255,-1.07213,7
44,347,11.4683,14.2621,3
44,215,3.28255,-1.07213,7
44,183,3.28255,-1.07213,7
44,307,4.01306,10.0216,6
44,255,-6.90103,11.7833,1
44,23,12.068,14.0663,3
44,71,5.45261,3.6896,7
44,63,3.60891,-0.25976,7
44,147,11.2074,13.3402,3
44,351,3.28255,-1.07213,7
44,119,-13.0313,-1.20638,2
44,411,-6.90103,11.7833,1
44,131,3.28255,-1.07213,7
44,7,12.2747,15.2977,3
44,3,11.9171,14.4387,3
44,43,11.5828,13.194,3
44,259,3.28255,-1.07213,7
44,323,4.78571,12.7007,6
44,199,-6.90103,11.7833,1
44,419,12.975,16.0382,3
44,139,3.28255,-1.07213,7
44,399,-0.424353,-23.2557,5
45,223,-0.0959803,-18.7685,5
45,135,9.88924,12.2178,3
45,419,12.975,16.0382,3
45,19,3.28255,-1.07213,7
45,247,3.28255,-1.07213,7
45,239,3.28255,-1.07213,7
45,119,-13.0313,-1.20638,2
45,403,3.28255,-1.07213,7
45,47,3.75171,-0.190014,7
45,195,3.28255,-1.07213,7
45,127,3.28255,-1.07213,7
45,211,3.28255,-1.07213,7
45,367,-19.999,14.8411,4
45,363,3.28255,-1.07213,7
45,191,-13.0313,-1.20638,2
45,3,11.1748,13.9413,3
45,395,12.975,16.0382,3
45,167,-6.90103,11.7833,1
45,243,12.4655,15.1462,3
45,59,2.90017,3.91443,7
45,311,-13.0313,-1.20638,2
45,15,3.28255,-1.07213,7
45,307,3.69876,9.00873,6
45,79,12.975,16.0382,3
45,111,3.28255,-1.07213,7
45,283,12.975,16.0382,3
45,319,2.09312,17.5751,6
45,259,3.28255,-1.07213,7
45,267,12.4704,15.1549,3
45,271,3.28255,-1.07213,7
45,51,12.2843,15.1195,3
45,147,11.2582,13.3103,3
45,323,4.27422,12.6218,6
45,255,-6.90103,11.7833,1
45,287,3.28255,-1.07213,7
45,379,12.3726,15.0506,3
45,11,3.28255,-1.07213,7
45,315,28,0,3
45,115,0.0160176,-19.0519,5
45,415,3.28255,-1.07213,7
45,27,3.18615,12.312,6
45,435,-17.4192,13.8657,4
45,107,3.28255,-1.07213,7
45,399,-0.424353,-23.2557,5
45,347,11.982,14.1164,3
45,411,-6.90103,11.7833,1
45,423,0.821493,-15.5269,5
45,275,-13.0069,-1.20588,2
45,151,12.975,16.0382,3
45,43,10.7884,13.3165,3
45,75,12.975,16.0382,3
45,383,2.09312,17.5751,6
45,103,3.28255,-1.07213,7
45,91,3.95597,3.01356,7
45,7,11.7818,14.4316,3
45,291,12.975,16.0382,3
45,131,3.28255,-1.07213,7
45,215,3.28255,-1.07213,7
45,55,12.975,16.0382,3
45,31,3.28255,-1.07213,7
45,207,5.05218,2.35089,7
45,407,0.0910067,-20.283,5
45,335,28,0,3
45,83,3.28255,-1.07213,7
45,375,-13.0313,-1.20638,2
45,183,3.28255,-1.07213,7
45,71,5.0916,2.75099,7
45,159,3.28255,-1.07213,7
45,39,8.25926,9.69711,3
45,327,-6.90103,11.7833,1
45,199,-6.90103,11.7833,1
45,371,12.975,16.0382,3
45,299,3.28255,-1.07213,7
45,219,2.10078,17.477,6
45,143,12.975,16.0382,3
45,63,3.22284,-0.496416,7
45,203,3.28193,-0.443366,7
45,35,3.28255,-1.07213,7
45,263,-0.66481,-17.9905,5
45,87,11.9743,15.2121,3
45,175,10.7002,12.7553,3
45,123,0.23046,-17.367,5
45,351,3.28255,-1.07213,7
45,387,-13.0313,-1.20638,2
45,231,12.7601,15.6674,3
45,355,0.379173,-18.6106,5
45,279,3.28255,-1.07213,7
45,67,3.78903,-0.140271,7
45,427,3.28255,-1.07213,7
45,295,12.975,16.0382,3
45,439,0.00370232,-16.6169,5
45,359,2.09312,17.5751,6
45,331,2.0932,17.5751,6
45,251,0.085127,-19.663,5
45,139,3.28255,-1.07213,7
45,155,3.28255,-1.07213,7
45,179,3.28255,-1.07213,7
45,23,11.4986,13.2406,3
45,235,3.28255,-1.07213,7
45,163,3.77324,-0.200932,7
45,339,-13.0313,-1.20638,2
45,95,3.28087,-1.02769,7
45,227,3.28255,-1.07213,7
45,343,12.975,16.0382,3
45,443,-0.424353,-23.2557,5
45,303,3.28255,-1.07213,7
45,431,3.28255,-1.07213,7
45,171,3.28255,-1.07213,7
45,99,3.28255,-1.07213,7
45,391,3.22676,0.520734,7
45,187,3.28255,-1.07213,7
46,231,12.975,16.0382,3
46,383,2.09312,17.5751,6
46,179,3.28255,-1.07213,7
46,267,12.9615,16.0144,3
46,419,12.975,16.0382,3
46,347,12.3535,15.0365,3
46,299,3.28255,-1.07213,7
46,207,4.51697,1.51808,7
46,287,3.28255,-1.07213,7
46,175,10.2021,11.8932,3
46,443,-0.424353,-23.2557,5
46,119,-13.0313,-1.20638,2
46,251,0.107925,-19.6667,5
46,331,2.09313,17.575,6
46,359,2.09312,17.5751,6
46,155,3.28255,-1.07213,7
46,275,-13.0313,-1.20638,2
46,23,11.555,14.1885,3
46,431,3.28255,-1.07213,7
46,35,3.28255,-1.07213,7
46,183,3.28255,-1.07213,7
46,27,3.02033,12.2969,6
46,15,3.28255,-1.07213,7
46,303,3.28255,-1.07213,7
46,11,3.28255,-1.07213,7
46,199,-6.90103,11.7833,1
46,147,10.5799,12.623,3
46,107,3.28255,-1.07213,7
46,295,12.975,16.0382,3
46,167,-6.90103,11.7833,1
46,55,12.975,16.0382,3
46,319,2.09312,17.5751,6
46,311,-13.0313,-1.20638,2
46,271,3.28255,-1.07213,7
46,43,11.5274,14.0258,3
46,127,3.28255,-1.07213,7
46,195,3.28255,-1.07213,7
46,259,3.28255,-1.07213,7
46,239,3.28255,-1.07213,7
46,163,3.28255,-1.07213,7
46,263,-1.12193,-18.1761,5
46,367,-20.0623,14.7208,4
46,171,3.72957,-0.181127,7
46,379,12.975,16.0382,3
46,355,0.314008,-18.6024,5
46,411,-6.90103,11.7833,1
46,339,-13.0313,-1.20638,2
46,435,-17.527,13.6754,4
46,7,12.4208,15.2126,3
46,291,12.975,16.0382,3
46,83,3.28255,-1.07213,7
46,63,3.84771,0.308006,7
46,243,12.4684,15.1444,3
46,135,10.8232,12.8825,3
46,247,3.28255,-1.07213,7
46,327,-6.90103,11.7833,1
46,215,3.28255,-1.07213,7
46,159,3.76467,-0.196202,7
46,323,4.64565,12.949,6
46,111,3.28255,-1.07213,7
46,3,11.7716,14.1659,3
46,375,-13.0313,-1.20638,2
46,407,0.0858007,-20.2821,5
46,139,3.28255,-1.07213,7
46,227,3.28255,-1.07213,7
46,187,3.28255,-1.07213,7
46,235,3.17131,-0.616086,7
46,95,3.28255,-1.07213,7
46,151,12.975,16.0382,3
46,39,9.03694,10.3836,3
46,59,3.52012,2.71471,7
46,99,3.28255,-1.07213,7
46,71,4.7123,1.82004,7
46,115,0.0329508,-19.0539,5
46,335,28,0,3
46,87,11.4262,15.1524,3
46,307,2.71371,8.52383,6
46,423,0.95563,-15.5607,5
46,283,12.975,16.0382,3
46,91,4.03802,1.89304,7
46,223,0.280164,-18.3583,5
46,387,-13.0313,-1.20638,2
46,255,-6.90103,11.7833,1
46,363,3.28255,-1.07213,7
46,399,-0.424353,-23.2557,5
46,123,0.293378,-17.3767,5
46,391,3.29516,-0.485024,7
46,351,3.28255,-1.07213,7
46,211,3.28255,-1.07213,7
46,67,3.30962,-1.01795,7
46,31,3.28255,-1.07213,7
46,427,3.28255,-1.07213,7
46,439,0.127088,-16.6349,5
46,75,12.975,16.0382,3
46,143,12.975,16.0382,3
46,415,3.28255,-1.07213,7
46,131,3.28255,-1.07213,7
46,219,2.11747,17.5695,6
46,47,3.28255,-1.07213,7
46,51,11.7643,14.2713,3
46,279,3.28255,-1.07213,7
46,103,3.28255,-1.07213,7
46,403,3.28255,-1.07213,7
46,343,12.975,16.0382,3
46,203,3.28255,-1.07213,7
46,315,28,0,3
46,79,12.975,16.0382,3
46,371,12.975,16.0382,3
46,191,-13.0313,-1.20638,2
46,19,3.28255,-1.07213,7
46,395,12.975,16.0382,3
47,415,3.28255,-1.07213,7
47,83,3.28255,-1.07213,7
47,99,3.28255,-1.07213,7
47,63,3.54146,-0.967362,7
47,11,3.28255,-1.07213,7
47,195,3.28255,-1.07213,7
47,267,12.975,16.0382,3
47,231,12.975,16.0382,3
47,331,2.09311,17.5751,6
47,431,3.28255,-1.07213,7
47,319,2.09312,17.5751,6
47,295,12.975,16.0382,3
47,39,9.68953,11.1549,3
47,143,12.975,16.0382,3
47,363,3.28255,-1.07213,7
47,299,3.28255,-1.07213,7
47,187,3.08036,-0.864995,7
47,151,12.975,16.0382,3
47,103,3.28255,-1.07213,7
47,323,4.92165,13.0601,6
47,263,-0.787972,-18.2085,5
47,303,3.28255,-1.07213,7
47,167,-6.90103,11.7833,1
47,239,3.28255,-1.07213,7
47,35,3.28255,-1.07213,7
47,163,3.39937,-0.21877,7
47,79,12.975,16.0382,3
47,247,3.28255,-1.07213,7
47,355,0.336589,-18.6064,5
47,179,3.28255,-1.07213,7
47,47,3.28255,-1.07213,7
47,335,28,0,3
47,51,11.3232,13.3711,3
47,339,-13.0313,-1.20638,2
47,227,3.28255,-1.07213,7
47,327,-6.90103,11.7833,1
47,347,12.9002,15.914,3
47,183,3.28255,-1.07213,7
47,159,3.83368,0.714919,7
47,371,12.975,16.0382,3
47,191,-13.0313,-1.20638,2
47,91,3.94465,0.839231,7
47,127,3.28255,-1.07213,7
47,55,12.975,16.0382,3
47,223,-0.360116,-18.9296,5
47,275,-13.0313,-1.20638,2
47,67,3.28255,-1.07213,7
47,15,3.28255,-1.07213,7
47,115,0.085854,-19.0617,5
47,219,2.09384,17.5675,6
47,211,3.28255,-1.07213,7
47,359,2.09312,17.5751,6
47,147,10.1631,11.708,3
47,271,3.28255,-1.07213,7
47,383,2.09312,17.5751,6
47,243,12.9615,16.0144,3
47,19,3.28255,-1.07213,7
47,403,3.28255,-1.07213,7
47,411,-6.90103,11.7833,1
47,87,11.3722,14.0663,3
47,351,3.28255,-1.07213,7
47,387,-13.0313,-1.20638,2
47,423,1.07508,-15.5919,5
47,443,-0.424353,-23.2557,5
47,107,3.39043,-0.116756,7
47,399,-0.424353,-23.2557,5
47,123,0.348731,-17.3856,5
47,435,-17.6008,13.5421,4
47,139,3.28255,-1.07213,7
47,343,12.975,16.0382,3
47,203,3.76315,-0.195221,7
47,283,12.975,16.0382,3
47,419,12.975,16.0382,3
47,71,4.23362,0.947973,7
47,307,1.84781,8.82575,6
47,119,-13.0313,-1.20638,2
47,251,0.124845,-19.6694,5
47,59,3.75064,1.5597,7
47,259,3.28255,-1.07213,7
47,131,3.28255,-1.07213,7
47,439,0.227585,-16.65,5
47,175,9.87026,10.9521,3
47,207,4.11335,0.60079,7
47,75,12.975,16.0382,3
47,215,3.5731,-0.162297,7
47,199,-6.90103,11.7833,1
47,111,3.28255,-1.07213,7
47,311,-13.0313,-1.20638,2
47,375,-13.0313,-1.20638,2
47,171,3.28255,-1.07213,7
47,391,3.28255,-1.07213,7
47,95,3.28255,-1.07213,7
47,315,28,0,3
47,407,-0.442721,-20.4373,5
47,135,11.4495,13.6711,3
47,23,10.8435,13.7173,3
47,155,3.28255,-1.07213,7
47,7,11.9309,14.3423,3
47,379,12.975,16.0382,3
47,287,3.7664,-0.197109,7
47,291,12.975,16.0382,3
47,395,12.975,16.0382,3
47,427,3.28255,-1.07213,7
47,279,3.28255,-1.07213,7
47,3,11.3137,13.2757,3
47,367,-20.133,14.5985,4
47,27,3.66919,12.0486,6
47,43,12.1931,14.7915,3
47,31,3.28255,-1.07213,7
47,255,-6.90103,11.7833,1
47,235,3.15418,-0.8667,7
48,203,3.7256,0.664868,7
48,243,12.975,16.0382,3
48,35,3.28255,-1.07213,7
48,159,4.44813,1.52052,7
48,351,3.28255,-1.07213,7
48,99,3.28255,-1.07213,7
48,279,3.28255,-1.07213,7
48,323,4.32015,12.002,6
48,439,0.309417,-16.6626,5
48,307,2.27817,5.85678,7
48,375,-13.0313,-1.20638,2
48,435,-17.6806,13.4064,4
48,347,12.5386,15.292,3
48,239,3.28255,-1.07213,7
48,403,3.28255,-1.07213,7
48,383,2.09312,17.5751,6
48,115,0.143398,-19.0713,5
48,423,1.0381,-15.5855,5
48,275,-13.0313,-1.20638,2
48,391,3.75217,-0.189789,7
48,263,-0.53486,-18.2354,5
48,363,3.28255,-1.07213,7
48,231,12.975,16.0382,3
48,127,3.28255,-1.07213,7
48,395,12.975,16.0382,3
48,219,2.0955,17.5745,6
48,371,12.975,16.0382,3
48,91,4.54066,1.65453,7
48,59,3.28255,-1.07213,7
48,47,3.17129,-0.641578,7
48,183,3.28255,-1.07213,7
48,119,-13.0313,-1.20638,2
48,255,-6.90103,11.7833,1
48,51,10.8618,12.483,3
48,443,-0.424353,-23.2557,5
48,291,12.975,16.0382,3
48,143,12.975,16.0382,3
48,55,12.975,16.0382,3
48,167,-6.90103,11.7833,1
48,335,28,0,3
48,83,3.28255,-1.07213,7
48,427,3.28255,-1.07213,7
48,31,3.28255,-1.07213,7
48,315,28,0,3
48,211,3.28255,-1.07213,7
48,295,12.975,16.0382,3
48,155,3.28255,-1.07213,7
48,327,-6.90103,11.7833,1
48,139,3.28255,-1.07213,7
48,331,2.09312,17.5751,6
48,319,2.09312,17.5751,6
48,235,3.72732,-0.0358822,7
48,299,3.28255,-1.07213,7
48,267,12.4821,15.1681,3
48,283,12.975,16.0382,3
48,259,3.28255,-1.07213,7
48,175,10.0995,12.1206,3
48,407,-0.307286,-20.4522,5
48,271,3.28255,-1.07213,7
48,151,12.975,16.0382,3
48,95,3.28255,-1.07213,7
48,411,-6.90103,11.7833,1
48,27,4.21534,12.2041,6
48,147,10.7025,12.5495,3
48,39,8.92302,10.9985,3
48,431,3.28255,-1.07213,7
48,179,3.28255,-1.07213,7
48,247,3.28255,-1.07213,7
48,215,3.28255,-1.07213,7
48,303,3.28255,-1.07213,7
48,355,0.340028,-18.607,5
48,135,10.518,13.5482,3
48,7,11.119,13.8362,3
48,379,12.4647,15.1788,3
48,63,3.28255,-1.07213,7
48,163,3.9984,0.598023,7
48,87,12.1004,14.7848,3
48,195,3.28255,-1.07213,7
48,67,3.28255,-1.07213,7
48,15,3.77307,-0.200712,7
48,191,-13.0313,-1.20638,2
48,123,0.39874,-17.3939,5
48,187,3.38365,-0.0222207,7
48,343,12.975,16.0382,3
48,111,3.28255,-1.07213,7
48,287,3.28255,-1.07213,7
48,71,4.39648,1.87797,7
48,199,-6.90103,11.7833,1
48,23,11.6244,14.3964,3
48,359,2.09312,17.5751,6
48,415,3.28255,-1.07213,7
48,19,3.28255,-1.07213,7
48,75,12.975,16.0382,3
48,79,12.975,16.0382,3
48,131,3.28255,-1.07213,7
48,43,12.4456,15.191,3
48,387,-13.0313,-1.20638,2
48,223,-0.130439,-19.9334,5
48,311,-13.0313,-1.20638,2
48,399,-0.424353,-23.2557,5
48,103,3.28255,-1.07213,7
48,11,3.28255,-1.07213,7
48,107,3.28255,-1.07213,7
48,3,10.711,12.6287,3
48,171,3.76144,-0.195297,7
48,339,-13.0313,-1.20638,2
48,227,3.28255,-1.07213,7
48,419,12.975,16.0382,3
48,367,-20.1723,14.5289,4
48,251,-0.253827,-21.3677,5
48,207,3.50566,0.0854606,7
49,243,12.975,16.0382,3
49,131,3.28255,-1.07213,7
49,351,3.28255,-1.07213,7
49,267,11.8736,14.3881,3
49,359,2.09312,17.5751,6
49,335,28,0,3
49,295,12.975,16.0382,3
49,303,3.28255,-1.07213,7
49,427,3.28255,-1.07213,7
49,399,-0.424353,-23.2557,5
49,323,3.95938,11.9522,6
49,423,-0.000695368,-16.6912,5
49,63,3.28255,-1.07213,7
49,11,3.28255,-1.07213,7
49,179,3.28255,-1.07213,7
49,319,2.09312,17.5751,6
49,291,12.975,16.0382,3
49,259,3.28255,-1.07213,7
49,163,3.63193,-0.337838,7
49,343,12.975,16.0382,3
49,219,2.09317,17.5743,6
49,371,12.975,16.0382,3
49,299,3.28255,-1.07213,7
49,439,-0.000695368,-16.6912,5
49,7,10.5191,13.5884,3
49,19,3.28255,-1.07213,7
49,43,12.404,15.3786,3
49,119,-13.0313,-1.20638,2
49,79,12.975,16.0382,3
49,395,12.975,16.0382,3
49,47,3.24892,-0.441416,7
49,111,3.28255,-1.07213,7
49,363,3.28255,-1.07213,7
49,383,2.09312,17.5751,6
49,59,3.77164,-0.19993,7
49,123,0.120636,-19.3745,5
49,15,3.28255,-1.07213,7
49,235,3.2473,-0.270111,7
49,403,3.28255,-1.07213,7
49,39,9.67527,11.7099,3
49,431,3.28255,-1.07213,7
49,51,11.3347,13.3614,3
49,307,2.70854,2.88781,7
49,135,9.86661,13.1637,3
49,339,-13.0313,-1.20638,2
49,315,28,0,3
49,327,-6.90103,11.7833,1
49,27,4.65804,12.252,6
49,263,-0.0680084,-19.413,5
49,387,-13.0313,-1.20638,2
49,159,3.32378,-1.02365,7
49,419,12.975,16.0382,3
49,331,2.09312,17.5751,6
49,83,3.28255,-1.07213,7
49,127,3.57923,-0.168296,7
49,3,11.3107,13.4349,3
49,107,3.78483,-0.207604,7
49,407,-0.740202,-20.611,5
49,367,-20.2035,14.4747,4
49,23,11.9455,14.6844,3
49,167,-6.90103,11.7833,1
49,71,3.73873,1.56429,7
49,379,11.835,14.4337,3
49,239,3.17317,-0.960401,7
49,139,3.28255,-1.07213,7
49,195,3.28255,-1.07213,7
49,155,3.28255,-1.07213,7
49,255,-6.90103,11.7833,1
49,227,3.28255,-1.07213,7
49,355,0.342706,-18.6074,5
49,223,-0.0680084,-19.413,5
49,231,12.975,16.0382,3
49,143,12.975,16.0382,3
49,171,3.28255,-1.07213,7
49,55,12.975,16.0382,3
49,207,3.33268,-0.933712,7
49,271,3.28255,-1.07213,7
49,187,3.28255,-1.07213,7
49,191,-13.0313,-1.20638,2
49,247,3.28255,-1.07213,7
49,203,3.25502,0.395127,7
49,347,12.2597,15.1686,3
49,147,11.9492,14.0543,3
49,211,3.28255,-1.07213,7
49,99,3.28255,-1.07213,7
49,311,-13.0313,-1.20638,2
49,411,-6.90103,11.7833,1
49,287,3.72648,-0.177703,7
49,251,-0.20043,-21.3755,5
49,31,3.28255,-1.07213,7
49,435,-17.6965,13.3756,4
49,391,3.2262,-0.973618,7
49,175,10.5841,13.6525,3
49,183,3.28255,-1.07213,7
49,151,12.975,16.0382,3
49,95,3.28255,-1.07213,7
49,199,-6.90103,11.7833,1
49,443,-0.424353,-23.2557,5
49,91,4.17614,0.716657,7
49,67,3.28255,-1.07213,7
49,275,-13.0313,-1.20638,2
49,283,12.975,16.0382,3
49,103,3.28255,-1.07213,7
49,87,11.6267,13.9033,3
49,415,3.28255,-1.07213,7
49,115,-0.419683,-19.2441,5
49,215,3.28255,-1.07213,7
49,279,3.28255,-1.07213,7
49,375,-13.0313,-1.20638,2
49,35,3.28255,-1.07213,7
49,75,12.975,16.0382,3
50,331,2.09312,17.5751,6
50,175,11.471,13.8367,3
50,287,4.22179,0.691003,7
50,223,-0.0020521,-19.9532,5
50,267,11.7891,14.5303,3
50,343,12.975,16.0382,3
50,395,12.975,16.0382,3
50,299,3.28255,-1.07213,7
50,359,2.09312,17.5751,6
50,307,3.1389,-0.0811642,7
50,295,12.975,16.0382,3
50,411,-6.90103,11.7833,1
50,43,12.975,16.0382,3
50,191,-13.0313,-1.20638,2
50,275,-13.0313,-1.20638,2
50,119,-13.0313,-1.20638,2
50,383,2.09312,17.5751,6
50,227,3.60604,-0.230639,7
50,27,4.99743,12.3724,6
50,243,12.4933,15.162,3
50,311,-13.0313,-1.20638,2
50,323,4.38639,12.2861,6
50,339,-13.0313,-1.20638,2
50,431,3.28255,-1.07213,7
50,147,11.1449,13.6512,3
50,347,11.8326,14.2596,3
50,95,3.28255,-1.07213,7
50,207,3.28255,-1.07213,7
50,231,12.975,16.0382,3
50,15,3.28255,-1.07213,7
50,67,3.59547,-0.158272,7
50,291,12.975,16.0382,3
50,415,3.28255,-1.07213,7
50,427,3.28255,-1.07213,7
50,75,12.975,16.0382,3
50,351,3.28255,-1.07213,7
50,199,-6.90103,11.7833,1
50,91,3.74053,-0.184219,7
50,99,3.28255,-1.07213,7
50,167,-6.90103,11.7833,1
50,363,3.28255,-1.07213,7
50,111,3.28255,-1.07213,7
50,115,-0.248559,-19.2665,5
50,195,3.28255,-1.07213,7
50,355,0.319493,-18.604,5
50,391,3.48352,-0.372432,7
50,367,-20.1476,14.9683,4
50,375,-13.0313,-1.20638,2
50,403,3.28255,-1.07213,7
50,107,3.28255,-1.07213,7
50,139,3.28255,-1.07213,7
50,3,11.8777,14.2614,3
50,19,3.28255,-1.07213,7
50,87,12.182,14.7368,3
50,155,3.28255,-1.07213,7
50,151,12.975,16.0382,3
50,239,3.28255,-1.07213,7
50,399,-0.424353,-23.2557,5
50,419,12.975,16.0382,3
50,235,3.28255,-1.07213,7
50,35,3.28255,-1.07213,7
50,79,12.975,16.0382,3
50,179,3.28255,-1.07213,7
50,271,3.28255,-1.07213,7
50,407,-0.499308,-20.6334,5
50,371,12.975,16.0382,3
50,387,-13.0313,-1.20638,2
50,7,12.5954,15.4768,3
50,303,3.28255,-1.07213,7
50,171,3.28255,-1.07213,7
50,283,12.975,16.0382,3
50,143,12.975,16.0382,3
50,103,3.28255,-1.07213,7
50,379,11.4411,13.8279,3
50,263,0.001311,-19.4232,5
50,127,3.49832,-0.175231,7
50,211,3.28255,-1.07213,7
50,255,-6.90103,11.7833,1
50,215,3.28255,-1.07213,7
50,39,9.3461,10.7459,3
50,59,3.28255,-1.07213,7
50,259,3.28255,-1.07213,7
50,31,3.28255,-1.07213,7
50,11,3.28255,-1.07213,7
50,51,10.8692,12.4756,3
50,423,0.121869,-16.7091,5
50,435,-17.7418,13.2961,4
50,63,3.28255,-1.07213,7
50,159,3.77598,-0.131762,7
50,443,-0.424353,-23.2557,5
50,203,3.09444,-0.73111,7
50,83,3.28255,-1.07213,7
50,47,3.28255,-1.07213,7
50,279,3.28255,-1.07213,7
50,335,28,0,3
50,163,4.10498,0.542908,7
50,327,-6.90103,11.7833,1
50,55,12.975,16.0382,3
50,123,0.14547,-19.3784,5
50,319,2.09312,17.5751,6
50,23,11.471,13.8367,3
50,439,0.121869,-16.7091,5
50,315,28,0,3
50,131,3.28255,-1.07213,7
50,71,3.72408,0.487871,7
50,251,-0.231111,-21.3728,5
50,183,3.28255,-1.07213,7
50,219,2.09279,17.5747,6
50,135,10.5677,14.0401,3
50,247,3.28255,-1.07213,7
50,187,3.28255,-1.07213,7
51,55,12.975,16.0382,3
51,219,2.09312,17.5751,6
51,51,11.3925,13.3282,3
51,243,11.9252,14.4459,3
51,359,2.09312,17.5751,6
51,415,3.28255,-1.07213,7
51,339,-13.0313,-1.20638,2
51,39,8.97743,9.8059,3
51,43,12.3032,15.4626,3
51,27,3.79087,11.7434,6
51,431,3.28255,-1.07213,7
51,143,12.975,16.0382,3
51,83,3.28255,-1.07213,7
51,311,-13.0313,-1.20638,2
51,215,3.28255,-1.07213,7
51,183,3.28255,-1.07213,7
51,403,3.28255,-1.07213,7
51,87,11.3431,14.9636,3
51,259,3.28255,-1.07213,7
51,347,12.0096,14.2689,3
51,191,-13.0313,-1.20638,2
51,267,12.4548,15.2925,3
51,291,12.975,16.0382,3
51,399,-0.424353,-23.2557,5
51,227,3.28255,-1.07213,7
51,207,3.28255,-1.07213,7
51,335,28,0,3
51,439,-0.00862988,-18.7042,5
51,67,3.73662,0.730657,7
51,151,12.975,16.0382,3
51,155,3.28255,-1.07213,7
51,419,12.975,16.0382,3
51,275,-13.0313,-1.20638,2
51,371,12.975,16.0382,3
51,279,3.28255,-1.07213,7
51,355,-0.255533,-20.4595,5
51,163,4.62136,1.39989,7
51,239,3.19889,-0.424817,7
51,235,3.75849,-0.192691,7
51,23,11.0378,12.932,3
51,179,3.28255,-1.07213,7
51,119,-13.0313,-1.20638,2
51,171,3.53499,-0.184356,7
51,127,3.28255,-1.07213,7
51,407,-0.341343,-20.651,5
51,159,4.28075,0.731656,7
51,295,12.975,16.0382,3
51,387,-13.0313,-1.20638,2
51,167,-6.90103,11.7833,1
51,15,3.28255,-1.07213,7
51,199,-6.90103,11.7833,1
51,343,12.975,16.0382,3
51,175,11.2495,13.5868,3
51,375,-13.0313,-1.20638,2
51,299,3.28255,-1.07213,7
51,75,12.975,16.0382,3
51,247,3.28255,-1.07213,7
51,91,4.24731,0.678076,7
51,135,11.6385,14.334,3
51,187,3.28255,-1.07213,7
51,3,11.2123,14.0063,3
51,131,3.28255,-1.07213,7
51,95,3.28255,-1.07213,7
51,303,3.28255,-1.07213,7
51,47,3.28255,-1.07213,7
51,351,3.28255,-1.07213,7
51,35,3.28255,-1.07213,7
51,59,3.28255,-1.07213,7
51,71,3.50424,-0.516328,7
51,395,12.975,16.0382,3
51,231,12.975,16.0382,3
51,363,3.28255,-1.07213,7
51,211,3.28255,-1.07213,7
51,319,2.09312,17.5751,6
51,63,3.28255,-1.07213,7
51,331,2.09312,17.5751,6
51,391,3.25291,-1.34952,7
51,31,3.28255,-1.07213,7
51,383,2.09312,17.5751,6
51,103,3.28255,-1.07213,7
51,139,3.28255,-1.07213,7
51,11,3.28255,-1.07213,7
51,111,3.28255,-1.07213,7
51,307,3.28255,-1.07213,7
51,283,12.975,16.0382,3
51,427,3.28255,-1.07213,7
51,147,11.2495,13.5868,3
51,263,0.0533761,-19.4311,5
51,251,-0.186392,-21.3795,5
51,327,-6.90103,11.7833,1
51,423,0.221578,-16.7241,5
51,19,3.73564,-0.18238,7
51,315,28,0,3
51,271,3.28255,-1.07213,7
51,203,3.28255,-1.07213,7
51,411,-6.90103,11.7833,1
51,443,-0.424353,-23.2557,5
51,223,0.097993,-19.4411,5
51,435,-17.7989,13.2018,4
51,323,4.67075,12.5898,6
51,115,-0.118977,-19.2851,5
51,367,-20.2232,14.8261,4
51,107,3.28255,-1.07213,7
51,287,3.75995,-0.196378,7
51,79,12.975,16.0382,3
51,195,3.28255,-1.07213,7
51,99,3.28255,-1.07213,7
51,255,-6.90103,11.7833,1
51,379,11.0131,12.9201,3
51,123,-0.18118,-21.3502,5
51,7,12.0828,14.6335,3
52,171,3.28255,-1.07213,7
52,159,3.19565,0.501673,7
52,179,3.28255,-1.07213,7
52,295,12.975,16.0382,3
52,323,4.93485,12.8041,6
52,19,3.28255,-1.07213,7
52,107,3.78012,-0.204755,7
52,59,3.28255,-1.07213,7
52,119,-13.0313,-1.20638,2
52,31,3.28255,-1.07213,7
52,155,3.28255,-1.07213,7
52,207,3.28255,-1.07213,7
52,203,3.7615,-0.194639,7
52,371,12.975,16.0382,3
52,319,2.09312,17.5751,6
52,363,3.28255,-1.07213,7
52,111,3.28255,-1.07213,7
52,383,2.09312,17.5751,6
52,347,11.8996,14.5355,3
52,343,12.975,16.0382,3
52,151,12.975,16.0382,3
52,183,3.28255,-1.07213,7
52,67,3.46384,-0.235413,7
52,23,11.2985,13.8682,3
52,135,12.3211,15.0798,3
52,275,-13.0313,-1.20638,2
52,143,12.975,16.0382,3
52,331,2.09312,17.5751,6
52,115,-0.0336184,-19.2972,5
52,235,3.08524,0.31069,7
52,403,3.28255,-1.07213,7
52,279,3.28255,-1.07213,7
52,175,11.6373,14.8066,3
52,51,10.9101,12.4522,3
52,63,3.28255,-1.07213,7
52,291,12.975,16.0382,3
52,75,12.975,16.0382,3
52,103,3.28255,-1.07213,7
52,79,12.975,16.0382,3
52,227,3.46655,-0.178219,7
52,243,11.4706,13.5536,3
52,199,-6.90103,11.7833,1
52,359,2.09312,17.5751,6
52,407,-0.233004,-20.665,5
52,335,28,0,3
52,71,4.03187,0.334409,7
52,411,-6.90103,11.7833,1
52,55,12.975,16.0382,3
52,215,3.28255,-1.07213,7
52,379,10.5397,12.0388,3
52,163,3.28255,-1.07213,7
52,351,3.28255,-1.07213,7
52,167,-6.90103,11.7833,1
52,399,-0.424353,-23.2557,5
52,231,12.975,16.0382,3
52,191,-13.0313,-1.20638,2
52,427,3.28255,-1.07213,7
52,43,12.4354,15.372,3
52,267,11.7679,14.6406,3
52,299,3.28255,-1.07213,7
52,315,28,0,3
52,99,3.28255,-1.07213,7
52,375,-13.0313,-1.20638,2
52,7,12.975,16.0382,3
52,139,3.28255,-1.07213,7
52,415,3.28255,-1.07213,7
52,15,3.28255,-1.07213,7
52,35,3.28255,-1.07213,7
52,367,-20.2825,14.7184,4
52,239,3.28255,-1.07213,7
52,263,-0.0995884,-19.7,5
52,123,-0.157955,-21.3537,5
52,195,3.28255,-1.07213,7
52,431,3.28255,-1.07213,7
52,39,9.55624,10.6262,3
52,251,-0.158584,-21.3839,5
52,95,3.28255,-1.07213,7
52,131,3.28255,-1.07213,7
52,339,-13.0313,-1.20638,2
52,307,3.28255,-1.07213,7
52,211,3.28255,-1.07213,7
52,443,-0.424353,-23.2557,5
52,3,12.7125,15.5821,3
52,387,-13.0313,-1.20638,2
52,27,3.50804,10.7244,6
52,259,3.28255,-1.07213,7
52,303,3.28255,-1.07213,7
52,223,0.0663253,-19.9645,5
52,255,-6.90103,11.7833,1
52,271,3.28255,-1.07213,7
52,47,3.28255,-1.07213,7
52,147,10.497,13.5036,3
52,435,-17.8469,13.1234,4
52,391,3.50804,-0.432919,7
52,327,-6.90103,11.7833,1
52,187,3.28255,-1.07213,7
52,127,3.28255,-1.07213,7
52,287,3.83208,0.709634,7
52,283,12.975,16.0382,3
52,91,5.04585,0.760493,7
52,423,-0.0745356,-16.7524,5
52,83,3.28255,-1.07213,7
52,355,-0.703205,-20.6207,5
52,419,12.975,16.0382,3
52,87,11.1072,13.9258,3
52,247,3.28255,-1.07213,7
52,439,0.0567466,-18.7133,5
52,311,-13.0313,-1.20638,2
52,219,2.09312,17.5751,6
52,11,3.28255,-1.07213,7
52,395,12.975,16.0382,3
53,143,12.975,16.0382,3
53,219,2.09312,17.5751,6
53,7,12.1751,15.6119,3
53,335,28,0,3
53,323,6.16958,13.8057,6
53,359,2.09312,17.5751,6
53,171,3.28255,-1.07213,7
53,375,-13.0313,-1.20638,2
53,399,-0.424353,-23.2557,5
53,395,12.975,16.0382,3
53,47,3.28255,-1.07213,7
53,407,-0.113796,-20.6868,5
53,199,-6.90103,11.7833,1
53,227,3.76798,-0.198266,7
53,139,3.28255,-1.07213,7
53,371,12.975,16.0382,3
53,151,12.975,16.0382,3
53,291,12.975,16.0382,3
53,23,10.907,12.9382,3
53,123,-0.144368,-21.3558,5
53,187,3.91586,-0.350131,7
53,363,3.28255,-1.07213,7
53,295,12.975,16.0382,3
53,419,12.975,16.0382,3
53,251,-0.141289,-21.3866,5
53,423,-0.245796,-18.743,5
53,307,3.28255,-1.07213,7
53,63,3.28255,-1.07213,7
53,387,-13.0313,-1.20638,2
53,95,3.28255,-1.07213,7
53,383,2.09312,17.5751,6
53,347,11.2527,14.2268,3
53,39,10.1355,11.446,3
53,163,3.28255,-1.07213,7
53,231,12.975,16.0382,3
53,3,12.975,16.0382,3
53,175,10.997,14.4429,3
53,275,-13.0313,-1.20638,2
53,215,3.77758,-0.203313,7
53,391,3.70141,0.493155,7
53,343,12.975,16.0382,3
53,19,3.83525,-0.415361,7
53,355,-0.449877,-20.6508,5
53,327,-6.90103,11.7833,1
53,195,3.28255,-1.07213,7
53,155,3.28255,-1.07213,7
53,75,12.975,16.0382,3
53,191,-13.0313,-1.20638,2
53,183,3.28255,-1.07213,7
53,51,11.3805,13.3337,3
53,167,-6.90103,11.7833,1
53,351,3.28255,-1.07213,7
53,259,3.28255,-1.07213,7
53,415,3.28255,-1.07213,7
53,159,3.36603,-0.618931,7
53,67,3.28255,-1.07213,7
53,255,-6.90103,11.7833,1
53,127,3.84842,-0.262378,7
53,283,12.975,16.0382,3
53,223,-0.451624,-19.6345,5
53,59,3.28255,-1.07213,7
53,111,3.28255,-1.07213,7
53,147,12.6213,15.5957,3
53,119,-13.0313,-1.20638,2
53,271,3.28255,-1.07213,7
53,55,12.975,16.0382,3
53,243,10.8125,13.8712,3
53,107,4.27102,0.666468,7
53,379,11.0815,12.8805,3
53,135,12.8958,15.9609,3
53,267,11.3425,13.7277,3
53,303,3.28255,-1.07213,7
53,443,-0.424353,-23.2557,5
53,439,0.117858,-18.7225,5
53,427,3.28255,-1.07213,7
53,279,3.28255,-1.07213,7
53,247,3.28255,-1.07213,7
53,411,-6.90103,11.7833,1
53,35,3.28255,-1.07213,7
53,79,12.975,16.0382,3
53,315,28,0,3
53,431,3.28255,-1.07213,7
53,339,-13.0313,-1.20638,2
53,87,12.084,14.5311,3
53,367,-20.2397,14.8381,4
53,299,3.28255,-1.07213,7
53,71,4.53913,1.19639,7
53,15,3.28255,-1.07213,7
53,131,3.28255,-1.07213,7
53,263,-0.0311633,-19.71,5
53,203,4.24908,0.678327,7
53,239,3.28255,-1.07213,7
53,319,2.09312,17.5751,6
53,91,5.37019,1.73339,7
53,31,3.28255,-1.07213,7
53,27,3.23488,12.0549,6
53,179,3.28255,-1.07213,7
53,11,3.28255,-1.07213,7
53,403,3.28255,-1.07213,7
53,207,3.28255,-1.07213,7
53,235,3.32035,-0.820562,7
53,99,3.28255,-1.07213,7
53,211,3.28255,-1.07213,7
53,331,2.09312,17.5751,6
53,103,3.28255,-1.07213,7
53,435,-17.8871,13.0582,4
53,43,12.0548,14.4468,3
53,311,-13.0313,-1.20638,2
53,287,3.54719,0.364523,7
53,83,3.28255,-1.07213,7
53,115,0.0431241,-19.3094,5
54,255,-6.90103,11.7833,1
54,363,3.28255,-1.07213,7
54,107,3.28255,-1.07213,7
54,43,12.5416,15.3219,3
54,15,3.28255,-1.07213,7
54,319,2.09312,17.5751,6
54,387,-13.0313,-1.20638,2
54,155,3.28255,-1.07213,7
54,203,3.77053,-0.19977,7
54,291,12.975,16.0382,3
54,415,3.28255,-1.07213,7
54,283,12.975,16.0382,3
54,335,28,0,3
54,99,3.28255,-1.07213,7
54,179,3.28255,-1.07213,7
54,39,10.3888,12.3703,3
54,135,12.672,15.5653,3
54,119,-13.0313,-1.20638,2
54,171,3.28255,-1.07213,7
54,75,12.975,16.0382,3
54,327,-6.90103,11.7833,1
54,287,3.41863,-0.672032,7
54,11,3.28255,-1.07213,7
54,87,12.318,15.3003,3
54,167,-6.90103,11.7833,1
54,115,-0.342541,-21.2472,5
54,183,3.28255,-1.07213,7
54,23,10.1918,13.1288,3
54,219,2.09312,17.5751,6
54,347,12.0751,14.8651,3
54,299,3.28255,-1.07213,7
54,139,3.28255,-1.07213,7
54,295,12.975,16.0382,3
54,367,-20.6701,14.4599,4
54,187,3.28255,-1.07213,7
54,251,-0.130531,-21.3884,5
54,307,3.28255,-1.07213,7
54,47,3.28255,-1.07213,7
54,131,3.28255,-1.07213,7
54,67,3.28255,-1.07213,7
54,103,3.28255,-1.07213,7
54,215,3.28255,-1.07213,7
54,263,0.0194285,-19.7177,5
54,359,2.09312,17.5751,6
54,143,12.975,16.0382,3
54,231,12.975,16.0382,3
54,55,12.975,16.0382,3
54,383,2.09312,17.5751,6
54,199,-6.90103,11.7833,1
54,423,-0.123135,-18.7588,5
54,259,3.28255,-1.07213,7
54,419,12.975,16.0382,3
54,271,3.28255,-1.07213,7
54,267,11.3091,14.0446,3
54,427,3.28255,-1.07213,7
54,247,3.28255,-1.07213,7
54,111,3.28255,-1.07213,7
54,151,12.975,16.0382,3
54,371,12.975,16.0382,3
54,351,3.28255,-1.07213,7
54,343,12.975,16.0382,3
54,175,11.943,14.9767,3
54,235,3.02557,-0.719031,7
54,391,3.3524,-0.482293,7
54,439,0.165175,-18.7298,5
54,227,4.261,0.671748,7
54,375,-13.0313,-1.20638,2
54,407,-0.0618396,-20.957,5
54,27,3.82457,12.4585,6
54,223,-0.44008,-21.6507,5
54,207,3.41863,-0.672032,7
54,191,-13.0313,-1.20638,2
54,195,3.28255,-1.07213,7
54,311,-13.0313,-1.20638,2
54,315,28,0,3
54,443,-0.424353,-23.2557,5
54,279,3.28255,-1.07213,7
54,83,3.28255,-1.07213,7
54,79,12.975,16.0382,3
54,71,4.98923,2.08821,7
54,19,3.28255,-1.07213,7
54,435,-17.9208,13.0041,4
54,95,3.69701,-0.16942,7
54,51,11.8899,14.1943,3
54,63,3.28255,-1.07213,7
54,127,3.28255,-1.07213,7
54,331,2.09312,17.5751,6
54,147,11.8894,15.0443,3
54,355,-0.2876,-20.6728,5
54,243,10.5096,12.8828,3
54,163,3.75646,-0.191566,7
54,31,3.28255,-1.07213,7
54,275,-13.0313,-1.20638,2
54,431,3.28255,-1.07213,7
54,399,-0.424353,-23.2557,5
54,403,3.28255,-1.07213,7
54,411,-6.90103,11.7833,1
54,379,10.5955,12.0065,3
54,59,3.28255,-1.07213,7
54,91,5.75098,2.66852,7
54,303,3.28255,-1.07213,7
54,395,12.975,16.0382,3
54,159,3.84639,0.220911,7
54,211,3.28255,-1.07213,7
54,239,3.21695,-0.930797,7
54,123,-0.29103,-22.3754,5
54,35,3.28255,-1.07213,7
54,323,9.02012,14.7408,3
54,3,12.975,16.0382,3
54,7,11.5455,14.8746,3
54,339,-13.0313,-1.20638,2
55,263,-0.339799,-21.6683,5
55,155,3.28255,-1.07213,7
55,71,4.48775,1.22189,7
55,131,3.28255,-1.07213,7
55,439,0.201812,-18.7356,5
55,307,3.28255,-1.07213,7
55,151,12.975,16.0382,3
55,103,3.28255,-1.07213,7
55,195,3.28255,-1.07213,7
55,403,3.28255,-1.07213,7
55,59,3.28255,-1.07213,7
55,167,-6.90103,11.7833,1
55,331,2.09312,17.5751,6
55,239,3.28255,-1.07213,7
55,355,-0.196641,-20.6851,5
55,395,12.975,16.0382,3
55,219,2.09312,17.5751,6
55,51,11.403,13.3207,3
55,367,-20.6625,14.4724,4
55,303,3.28255,-1.07213,7
55,31,3.28255,-1.07213,7
55,375,-13.0313,-1.20638,2
55,287,3.94427,0.179981,7
55,359,2.09312,17.5751,6
55,75,12.975,16.0382,3
55,87,11.6232,14.9749,3
55,343,12.975,16.0382,3
55,419,12.975,16.0382,3
55,19,3.28255,-1.07213,7
55,387,-13.0313,-1.20638,2
55,123,-0.283642,-22.3766,5
55,147,11.7629,14.7222,3
55,443,-0.424353,-23.2557,5
55,327,-6.90103,11.7833,1
55,311,-13.0313,-1.20638,2
55,227,3.37253,-0.0206207,7
55,223,-0.74945,-20.7873,5
55,35,3.28255,-1.07213,7
55,127,3.28255,-1.07213,7
55,411,-6.90103,11.7833,1
55,119,-13.0313,-1.20638,2
55,315,28,0,3
55,295,12.975,16.0382,3
55,347,11.4031,14.2071,3
55,243,11.2358,13.6012,3
55,83,3.28255,-1.07213,7
55,363,3.28255,-1.07213,7
55,171,3.28255,-1.07213,7
55,267,12.0629,14.7362,3
55,143,12.975,16.0382,3
55,39,10.3337,13.1839,3
55,135,12.4811,15.1687,3
55,203,4.22786,0.688211,7
55,319,2.09312,17.5751,6
55,139,3.28255,-1.07213,7
55,7,12.4821,15.1681,3
55,63,3.28255,-1.07213,7
55,183,3.28255,-1.07213,7
55,91,6.15963,3.58606,7
55,251,-0.117715,-21.3906,5
55,163,3.28255,-1.07213,7
55,191,-13.0313,-1.20638,2
55,431,3.28255,-1.07213,7
55,383,2.09312,17.5751,6
55,215,3.28255,-1.07213,7
55,199,-6.90103,11.7833,1
55,407,-0.00383039,-20.9695,5
55,255,-6.90103,11.7833,1
55,79,12.975,16.0382,3
55,11,3.28255,-1.07213,7
55,279,3.28255,-1.07213,7
55,159,3.46239,-0.707082,7
55,247,3.28255,-1.07213,7
55,107,3.28255,-1.07213,7
55,235,3.28255,-1.07213,7
55,391,3.28255,-1.07213,7
55,299,3.28255,-1.07213,7
55,179,3.28255,-1.07213,7
55,259,3.28255,-1.07213,7
55,427,3.28255,-1.07213,7
55,111,3.28255,-1.07213,7
55,435,-17.9489,12.9592,4
55,211,3.28255,-1.07213,7
55,335,28,0,3
55,23,10.8117,13.9565,3
55,271,3.28255,-1.07213,7
55,423,-0.0231866,-18.7729,5
55,415,3.28255,-1.07213,7
55,371,12.975,16.0382,3
55,351,3.28255,-1.07213,7
55,47,3.28255,-1.07213,7
55,15,3.28255,-1.07213,7
55,323,8.59825,14.1454,3
55,3,12.482,15.1682,3
55,99,3.28255,-1.07213,7
55,187,3.28255,-1.07213,7
55,43,12.975,16.0382,3
55,379,12.149,14.5692,3
55,115,-0.217621,-21.9448,5
55,275,-13.0313,-1.20638,2
55,231,12.975,16.0382,3
55,291,12.975,16.0382,3
55,207,3.94451,0.179834,7
55,95,3.28255,-1.07213,7
55,67,3.28255,-1.07213,7
55,283,12.975,16.0382,3
55,27,3.55775,12.4205,6
55,339,-13.0313,-1.20638,2
55,55,12.975,16.0382,3
55,175,12.0569,14.9317,3
55,399,-0.424353,-23.2557,5
56,411,-6.90103,11.7833,1
56,307,3.28255,-1.07213,7
56,227,3.28255,-1.07213,7
56,431,3.28255,-1.07213,7
56,207,4.43462,1.05136,7
56,79,12.975,16.0382,3
56,271,3.28255,-1.07213,7
56,239,3.28255,-1.07213,7
56,247,3.28255,-1.07213,7
56,323,8.75723,12.8529,3
56,283,12.975,16.0382,3
56,343,12.975,16.0382,3
56,91,6.6056,4.48279,7
56,75,12.975,16.0382,3
56,355,-0.134436,-20.6941,5
56,299,3.28255,-1.07213,7
56,403,3.28255,-1.07213,7
56,51,10.9152,12.4477,3
56,95,3.28255,-1.07213,7
56,139,3.28255,-1.07213,7
56,399,-0.424353,-23.2557,5
56,143,12.975,16.0382,3
56,67,3.28255,-1.07213,7
56,311,-13.0313,-1.20638,2
56,63,3.28255,-1.07213,7
56,35,3.28255,-1.07213,7
56,263,-0.262479,-21.6793,5
56,315,28,0,3
56,251,-0.109522,-21.392,5
56,267,12.4702,15.2038,3
56,383,2.09312,17.5751,6
56,339,-13.0313,-1.20638,2
56,19,3.28255,-1.07213,7
56,159,3.28255,-1.07213,7
56,223,-0.668376,-20.8049,5
56,235,3.53522,-0.170444,7
56,39,11.2614,13.7012,3
56,187,3.28255,-1.07213,7
56,119,-13.0313,-1.20638,2
56,331,2.09312,17.5751,6
56,347,12.1454,14.5712,3
56,435,-17.9542,12.9504,4
56,279,3.28255,-1.07213,7
56,167,-6.90103,11.7833,1
56,419,12.975,16.0382,3
56,111,3.28255,-1.07213,7
56,47,3.28255,-1.07213,7
56,351,3.28255,-1.07213,7
56,367,-20.6711,14.4588,4
56,387,-13.0313,-1.20638,2
56,427,3.28255,-1.07213,7
56,31,3.28255,-1.07213,7
56,391,3.28255,-1.07213,7
56,199,-6.90103,11.7833,1
56,371,12.975,16.0382,3
56,115,-0.581425,-22.0672,5
56,407,-0.00200365,-20.9698,5
56,363,3.28255,-1.07213,7
56,287,3.28255,-1.07213,7
56,151,12.975,16.0382,3
56,27,3.35587,11.4006,6
56,203,3.75225,-0.191394,7
56,7,11.8731,15.1778,3
56,439,-0.380419,-18.9154,5
56,135,11.7461,14.7584,3
56,59,3.7602,-0.193937,7
56,359,2.09312,17.5751,6
56,123,-0.280325,-22.3771,5
56,15,3.28255,-1.07213,7
56,423,-0.556649,-18.9468,5
56,291,12.975,16.0382,3
56,303,3.28255,-1.07213,7
56,175,11.8985,14.6346,3
56,99,3.28255,-1.07213,7
56,103,3.28255,-1.07213,7
56,211,3.28255,-1.07213,7
56,295,12.975,16.0382,3
56,183,3.28255,-1.07213,7
56,171,3.28255,-1.07213,7
56,243,11.524,13.911,3
56,71,4.98241,2.0908,7
56,195,3.28255,-1.07213,7
56,231,12.975,16.0382,3
56,131,3.28255,-1.07213,7
56,43,12.975,16.0382,3
56,275,-13.0313,-1.20638,2
56,255,-6.90103,11.7833,1
56,83,3.28255,-1.07213,7
56,179,3.28255,-1.07213,7
56,163,3.75048,-0.189403,7
56,215,3.28255,-1.07213,7
56,23,12.8782,15.8917,3
56,259,3.28255,-1.07213,7
56,11,3.28255,-1.07213,7
56,379,12.638,15.4415,3
56,375,-13.0313,-1.20638,2
56,107,3.28255,-1.07213,7
56,127,3.77543,-0.202038,7
56,335,28,0,3
56,147,11.8985,14.6346,3
56,155,3.28255,-1.07213,7
56,55,12.975,16.0382,3
56,219,2.09312,17.5751,6
56,395,12.975,16.0382,3
56,3,11.9891,14.2981,3
56,191,-13.0313,-1.20638,2
56,415,3.28255,-1.07213,7
56,327,-6.90103,11.7833,1
56,87,11.3955,14.5926,3
56,319,2.09312,17.5751,6
56,443,-0.424353,-23.2557,5
57,295,12.975,16.0382,3
57,383,2.09312,17.5751,6
57,283,12.975,16.0382,3
57,15,3.28255,-1.07213,7
57,75,12.975,16.0382,3
57,215,3.7566,-0.191893,7
57,379,12.975,16.0382,3
57,363,3.28255,-1.07213,7
57,103,3.28255,-1.07213,7
57,119,-13.0313,-1.20638,2
57,255,-6.90103,11.7833,1
57,291,12.975,16.0382,3
57,347,12.6374,15.4418,3
57,111,3.28255,-1.07213,7
57,403,3.28255,-1.07213,7
57,35,3.28255,-1.07213,7
57,423,-0.361349,-18.9689,5
57,223,-0.353289,-20.8245,5
57,231,12.975,16.0382,3
57,43,12.3146,15.5735,3
57,27,4.74329,12.9216,6
57,335,28,0,3
57,131,3.28255,-1.07213,7
57,183,3.28255,-1.07213,7
57,107,3.28255,-1.07213,7
57,63,3.28255,-1.07213,7
57,387,-13.0313,-1.20638,2
57,355,-0.0811931,-20.7027,5
57,171,3.28255,-1.07213,7
57,99,3.28255,-1.07213,7
57,303,3.28255,-1.07213,7
57,371,12.975,16.0382,3
57,259,3.28255,-1.07213,7
57,319,2.09312,17.5751,6
57,299,3.28255,-1.07213,7
57,31,3.28255,-1.07213,7
57,11,3.28255,-1.07213,7
57,271,3.28255,-1.07213,7
57,419,12.975,16.0382,3
57,311,-13.0313,-1.20638,2
57,95,3.28255,-1.07213,7
57,91,7.44488,4.31934,7
57,151,12.975,16.0382,3
57,407,-0.0151719,-20.9676,5
57,343,12.975,16.0382,3
57,159,3.28255,-1.07213,7
57,195,3.28255,-1.07213,7
57,139,3.28255,-1.07213,7
57,251,-0.110714,-21.3918,5
57,87,12.2751,15.1719,3
57,275,-13.0313,-1.20638,2
57,367,-20.6776,14.4487,4
57,415,3.28255,-1.07213,7
57,3,11.7041,14.5468,3
57,439,-0.225337,-18.9348,5
57,351,3.28255,-1.07213,7
57,19,3.28255,-1.07213,7
57,359,2.09312,17.5751,6
57,83,3.28255,-1.07213,7
57,59,3.28255,-1.07213,7
57,395,12.975,16.0382,3
57,203,3.28255,-1.07213,7
57,187,3.28255,-1.07213,7
57,7,11.9566,14.9929,3
57,235,3.28255,-1.07213,7
57,79,12.975,16.0382,3
57,411,-6.90103,11.7833,1
57,191,-13.0313,-1.20638,2
57,207,3.96527,0.168111,7
57,39,10.8561,12.7798,3
57,339,-13.0313,-1.20638,2
57,127,3.28255,-1.07213,7
57,179,3.28255,-1.07213,7
57,163,3.42593,0.388963,7
57,219,2.09312,17.5751,6
57,175,11.1948,14.3748,3
57,315,28,0,3
57,279,3.28255,-1.07213,7
57,147,12.5405,15.7355,3
57,227,3.28255,-1.07213,7
57,23,12.975,16.0382,3
57,67,3.28255,-1.07213,7
57,399,-0.424353,-23.2557,5
57,55,12.975,16.0382,3
57,307,3.28255,-1.07213,7
57,391,3.28255,-1.07213,7
57,155,3.28255,-1.07213,7
57,323,10.2599,13.0388,3
57,143,12.975,16.0382,3
57,375,-13.0313,-1.20638,2
57,135,12.254,15.0146,3
57,211,3.28255,-1.07213,7
57,115,-0.404073,-22.0862,5
57,123,-0.27234,-22.3786,5
57,331,2.09312,17.5751,6
57,239,3.28255,-1.07213,7
57,199,-6.90103,11.7833,1
57,47,3.28255,-1.07213,7
57,267,12.975,16.0382,3
57,431,3.28255,-1.07213,7
57,435,-17.8468,13.3781,4
57,247,3.28255,-1.07213,7
57,167,-6.90103,11.7833,1
57,443,-0.424353,-23.2557,5
57,263,-0.221232,-21.6855,5
57,327,-6.90103,11.7833,1
57,287,3.28255,-1.07213,7
57,51,11.4165,13.3131,3
57,71,5.42686,2.98366,7
57,427,3.28255,-1.07213,7
57,243,12.1503,14.697,3
58,43,12.975,16.0382,3
58,111,3.28255,-1.07213,7
58,87,11.8252,14.2756,3
58,299,3.28255,-1.07213,7
58,295,12.975,16.0382,3
58,31,3.28255,-1.07213,7
58,19,3.28255,-1.07213,7
58,363,3.28255,-1.07213,7
58,203,3.28255,-1.07213,7
58,311,-13.0313,-1.20638,2
58,235,3.28255,-1.07213,7
58,23,12.4821,15.1681,3
58,91,6.68619,3.61037,7
58,143,12.975,16.0382,3
58,107,3.28255,-1.07213,7
58,163,3.28255,-1.07213,7
58,323,9.97422,12.0454,3
58,71,6.24104,3.40409,7
58,63,3.76779,-0.197798,7
58,403,3.28255,-1.07213,7
58,187,3.28255,-1.07213,7
58,103,3.28255,-1.07213,7
58,291,12.975,16.0382,3
58,411,-6.90103,11.7833,1
58,319,2.09312,17.5751,6
58,131,3.28255,-1.07213,7
58,395,12.975,16.0382,3
58,211,3.28255,-1.07213,7
58,243,12.4702,15.1762,3
58,219,2.09312,17.5751,6
58,435,-17.7686,13.8142,4
58,79,12.975,16.0382,3
58,247,3.28255,-1.07213,7
58,191,-13.0313,-1.20638,2
58,283,12.975,16.0382,3
58,119,-13.0313,-1.20638,2
58,75,12.975,16.0382,3
58,151,12.975,16.0382,3
58,55,12.975,16.0382,3
58,147,12.975,16.0382,3
58,331,2.09312,17.5751,6
58,35,3.28255,-1.07213,7
58,267,12.4066,15.7967,3
58,259,3.28255,-1.07213,7
58,315,28,0,3
58,343,12.975,16.0382,3
58,347,12.1445,14.5718,3
58,135,11.6364,14.2688,3
58,355,-0.0447299,-20.7089,5
58,59,3.28686,-1.03325,7
58,407,-0.49952,-21.1124,5
58,431,3.28255,-1.07213,7
58,115,-0.320058,-22.0974,5
58,303,3.28255,-1.07213,7
58,155,3.28255,-1.07213,7
58,415,3.28255,-1.07213,7
58,427,3.28255,-1.07213,7
58,423,-0.21162,-18.9878,5
58,7,12.5026,15.8542,3
58,359,2.09312,17.5751,6
58,83,3.28255,-1.07213,7
58,439,-0.106314,-18.9508,5
58,11,3.28255,-1.07213,7
58,391,3.11841,-2.05857,7
58,307,3.28255,-1.07213,7
58,271,3.28255,-1.07213,7
58,27,5.03215,12.9082,6
58,279,3.28255,-1.07213,7
58,383,2.09312,17.5751,6
58,199,-6.90103,11.7833,1
58,51,11.9157,14.1796,3
58,379,12.4821,15.1681,3
58,39,11.44,13.596,3
58,327,-6.90103,11.7833,1
58,351,3.28255,-1.07213,7
58,95,3.28255,-1.07213,7
58,123,-0.349524,-22.6772,5
58,139,3.28255,-1.07213,7
58,195,3.28255,-1.07213,7
58,239,3.28255,-1.07213,7
58,215,3.28255,-1.07213,7
58,263,-0.189581,-21.6908,5
58,399,-0.424353,-23.2557,5
58,251,-0.214411,-21.6938,5
58,223,-0.284778,-20.8497,5
58,3,11.9988,14.2929,3
58,275,-13.0313,-1.20638,2
58,127,3.28255,-1.07213,7
58,387,-13.0313,-1.20638,2
58,371,12.975,16.0382,3
58,367,-20.9693,14.2008,4
58,171,3.74736,-0.187771,7
58,183,3.28255,-1.07213,7
58,443,-0.424353,-23.2557,5
58,15,3.28255,-1.07213,7
58,375,-13.0313,-1.20638,2
58,207,4.4595,1.03744,7
58,227,3.28255,-1.07213,7
58,179,3.28255,-1.07213,7
58,47,3.28255,-1.07213,7
58,419,12.975,16.0382,3
58,255,-6.90103,11.7833,1
58,339,-13.0313,-1.20638,2
58,159,3.28255,-1.07213,7
58,335,28,0,3
58,287,3.28255,-1.07213,7
58,175,11.8306,15.3597,3
58,167,-6.90103,11.7833,1
58,99,3.28255,-1.07213,7
58,67,3.77453,-0.201533,7
58,231,12.975,16.0382,3
59,247,3.28255,-1.07213,7
59,3,11.8052,14.3559,3
59,95,3.28255,-1.07213,7
59,119,-13.0313,-1.20638,2
59,63,3.28255,-1.07213,7
59,299,3.28255,-1.07213,7
59,163,3.79808,-0.216191,7
59,263,-0.178805,-21.6925,5
59,291,12.975,16.0382,3
59,99,3.28255,-1.07213,7
59,423,-0.0969572,-19.0033,5
59,251,-0.172787,-21.7015,5
59,219,2.09312,17.5751,6
59,431,3.28255,-1.07213,7
59,167,-6.90103,11.7833,1
59,411,-6.90103,11.7833,1
59,283,12.975,16.0382,3
59,211,3.28255,-1.07213,7
59,387,-13.0313,-1.20638,2
59,7,12.975,16.0382,3
59,359,2.09312,17.5751,6
59,279,3.28255,-1.07213,7
59,319,2.09312,17.5751,6
59,23,11.989,14.2981,3
59,383,2.09312,17.5751,6
59,83,3.28255,-1.07213,7
59,371,12.975,16.0382,3
59,51,11.5287,13.5892,3
59,379,11.7732,14.5369,3
59,275,-13.0313,-1.20638,2
59,127,3.28255,-1.07213,7
59,231,12.975,16.0382,3
59,395,12.975,16.0382,3
59,111,3.28255,-1.07213,7
59,351,3.28255,-1.07213,7
59,227,3.77067,-0.199416,7
59,419,12.975,16.0382,3
59,443,-0.424353,-23.2557,5
59,115,-0.63767,-22.2224,5
59,403,3.28255,-1.07213,7
59,159,3.75901,-0.193423,7
59,91,6.25253,2.75254,7
59,171,3.28255,-1.07213,7
59,303,3.28255,-1.07213,7
59,295,12.975,16.0382,3
59,235,3.28255,-1.07213,7
59,331,2.09312,17.5751,6
59,255,-6.90103,11.7833,1
59,103,3.28255,-1.07213,7
59,175,12.6912,15.7211,3
59,315,28,0,3
59,391,3.28255,-1.07213,7
59,135,12.1214,14.911,3
59,43,12.4709,15.176,3
59,195,3.28255,-1.07213,7
59,223,-0.165882,-20.8508,5
59,407,-0.833009,-21.2461,5
59,427,3.28255,-1.07213,7
59,35,3.28255,-1.07213,7
59,107,3.28255,-1.07213,7
59,215,3.28255,-1.07213,7
59,179,3.28255,-1.07213,7
59,327,-6.90103,11.7833,1
59,267,12.1645,14.8057,3
59,131,3.28255,-1.07213,7
59,79,12.975,16.0382,3
59,339,-13.0313,-1.20638,2
59,27,5.34573,12.7818,6
59,399,-0.424353,-23.2557,5
59,347,11.6511,13.7019,3
59,243,12.975,16.0382,3
59,207,3.97035,0.165226,7
59,191,-13.0313,-1.20638,2
59,415,3.28255,-1.07213,7
59,307,3.28255,-1.07213,7
59,139,3.28255,-1.07213,7
59,71,5.5952,2.61863,7
59,355,-0.0621436,-20.7065,5
59,67,3.46048,-0.173053,7
59,375,-13.0313,-1.20638,2
59,183,3.28255,-1.07213,7
59,87,12.3454,14.9491,3
59,311,-13.0313,-1.20638,2
59,367,-20.8592,14.4102,4
59,19,3.7669,-0.197393,7
59,287,3.28255,-1.07213,7
59,143,12.975,16.0382,3
59,11,3.28255,-1.07213,7
59,123,-0.335737,-22.6795,5
59,31,3.28255,-1.07213,7
59,363,3.28255,-1.07213,7
59,155,3.28255,-1.07213,7
59,199,-6.90103,11.7833,1
59,203,3.28255,-1.07213,7
59,75,12.975,16.0382,3
59,15,3.28255,-1.07213,7
59,323,10.7042,12.7621,3
59,343,12.975,16.0382,3
59,439,-0.0150226,-18.9638,5
59,39,11.9773,14.4393,3
59,55,12.975,16.0382,3
59,435,-17.7667,13.8188,4
59,47,3.28255,-1.07213,7
59,147,12.4038,15.233,3
59,187,3.28255,-1.07213,7
59,151,12.975,16.0382,3
59,59,3.28255,-1.07213,7
59,239,3.28255,-1.07213,7
59,259,3.28255,-1.07213,7
59,271,3.28255,-1.07213,7
59,335,28,0,3
60,371,12.975,16.0382,3
60,335,28,0,3
60,171,3.28255,-1.07213,7
60,159,4.49856,-0.00981419,7
60,111,3.28255,-1.07213,7
60,119,-13.0313,-1.20638,2
60,431,3.28255,-1.07213,7
60,235,3.74286,-0.184382,7
60,423,0.0213049,-19.023,5
60,319,2.09312,17.5751,6
60,87,12.8689,15.7707,3
60,263,-0.172457,-21.6936,5
60,231,12.975,16.0382,3
60,35,3.28255,-1.07213,7
60,407,-0.563456,-21.2639,5
60,439,0.0549763,-18.9741,5
60,219,2.09312,17.5751,6
60,31,3.28255,-1.07213,7
60,27,5.68235,13.5264,6
60,151,12.975,16.0382,3
60,47,3.28255,-1.07213,7
60,379,12.4801,15.1693,3
60,103,3.28255,-1.07213,7
60,155,3.28255,-1.07213,7
60,83,3.28255,-1.07213,7
60,291,12.975,16.0382,3
60,123,-0.330894,-22.6803,5
60,63,3.28255,-1.07213,7
60,203,3.77513,-0.201868,7
60,131,3.28255,-1.07213,7
60,363,3.28255,-1.07213,7
60,59,3.77417,-0.201328,7
60,11,3.28255,-1.07213,7
60,39,11.5081,13.5556,3
60,227,3.28255,-1.07213,7
60,175,12.0735,14.9985,3
60,75,12.975,16.0382,3
60,355,-0.0313085,-20.7118,5
60,167,-6.90103,11.7833,1
60,95,3.28255,-1.07213,7
60,135,12.975,16.0382,3
60,295,12.975,16.0382,3
60,115,-0.440017,-22.2391,5
60,43,11.7143,14.8217,3
60,403,3.28255,-1.07213,7
60,359,2.09312,17.5751,6
60,303,3.28255,-1.07213,7
60,347,12.1442,14.5719,3
60,411,-6.90103,11.7833,1
60,247,3.28255,-1.07213,7
60,399,-0.424353,-23.2557,5
60,195,3.28255,-1.07213,7
60,55,12.975,16.0382,3
60,271,3.28255,-1.07213,7
60,107,3.28255,-1.07213,7
60,15,3.28255,-1.07213,7
60,223,-0.142327,-20.8698,5
60,147,12.4732,15.1953,3
60,127,3.28255,-1.07213,7
60,51,11.0492,12.7115,3
60,419,12.975,16.0382,3
60,255,-6.90103,11.7833,1
60,139,3.28255,-1.07213,7
60,267,12.7329,15.6303,3
60,163,3.28255,-1.07213,7
60,387,-13.0313,-1.20638,2
60,383,2.09312,17.5751,6
60,275,-13.0313,-1.20638,2
60,327,-6.90103,11.7833,1
60,191,-13.0313,-1.20638,2
60,315,28,0,3
60,367,-20.8455,14.431,4
60,179,3.28255,-1.07213,7
60,79,12.975,16.0382,3
60,99,3.28255,-1.07213,7
60,187,3.28255,-1.07213,7
60,351,3.28255,-1.07213,7
60,243,12.3741,15.7478,3
60,427,3.28255,-1.07213,7
60,3,11.7878,14.5167,3
60,71,6.02387,3.52438,7
60,251,-0.169475,-21.702,5
60,199,-6.90103,11.7833,1
60,279,3.28255,-1.07213,7
60,343,12.975,16.0382,3
60,143,12.975,16.0382,3
60,443,-0.424353,-23.2557,5
60,215,3.28255,-1.07213,7
60,395,12.975,16.0382,3
60,211,3.77497,-0.201779,7
60,91,6.56208,3.72576,7
60,207,3.60649,-0.699336,7
60,239,3.28255,-1.07213,7
60,7,12.6372,15.9008,3
60,287,3.28255,-1.07213,7
60,259,3.28255,-1.07213,7
60,331,2.09312,17.5751,6
60,23,12.4765,15.1712,3
60,19,3.28255,-1.07213,7
60,183,3.28255,-1.07213,7
60,391,3.28255,-1.07213,7
60,435,-18.3392,13.3527,4
60,67,4.06057,0.640565,7
60,415,3.28255,-1.07213,7
60,339,-13.0313,-1.20638,2
60,299,3.28255,-1.07213,7
60,311,-13.0313,-1.20638,2
60,375,-13.0313,-1.20638,2
60,307,3.28255,-1.07213,7
60,323,11.3422,13.5442,3
60,283,12.975,16.0382,3
61,355,-0.0214533,-20.7134,5
61,443,-0.424353,-23.2557,5
61,335,28,0,3
61,75,12.975,16.0382,3
61,327,-6.90103,11.7833,1
61,323,12.975,16.0382,3
61,103,3.28255,-1.07213,7
61,227,3.28255,-1.07213,7
61,211,3.28255,-1.07213,7
61,135,12.7838,15.8021,3
61,71,6.48889,4.41027,7
61,295,12.975,16.0382,3
61,179,3.28255,-1.07213,7
61,283,12.975,16.0382,3
61,67,3.28255,-1.07213,7
61,215,3.35614,-0.971842,7
61,163,3.76456,-0.196186,7
61,223,-0.0794045,-20.8645,5
61,347,11.4082,13.9668,3
61,87,12.2746,14.9766,3
61,35,3.28255,-1.07213,7
61,11,3.28255,-1.07213,7
61,151,12.975,16.0382,3
61,395,12.975,16.0382,3
61,231,12.975,16.0382,3
61,83,3.28255,-1.07213,7
61,415,3.28255,-1.07213,7
61,319,2.09312,17.5751,6
61,247,3.28255,-1.07213,7
61,387,-13.0313,-1.20638,2
61,219,2.09312,17.5751,6
61,339,-13.0313,-1.20638,2
61,435,-18.3748,13.2951,4
61,431,3.28255,-1.07213,7
61,187,3.28255,-1.07213,7
61,367,-20.8215,14.4693,4
61,343,12.975,16.0382,3
61,115,-0.337611,-22.2533,5
61,207,3.28255,-1.07213,7
61,79,12.975,16.0382,3
61,19,3.28255,-1.07213,7
61,3,12.4821,15.2496,3
61,143,12.975,16.0382,3
61,123,-0.329193,-22.6805,5
61,379,11.9881,14.2987,3
61,127,3.28255,-1.07213,7
61,43,11.8835,14.7094,3
61,119,-13.0313,-1.20638,2
61,371,12.975,16.0382,3
61,99,3.28255,-1.07213,7
61,31,3.28255,-1.07213,7
61,51,10.5708,11.8333,3
61,419,12.975,16.0382,3
61,259,3.28255,-1.07213,7
61,191,-13.0313,-1.20638,2
61,39,12.0334,14.4069,3
61,63,3.28255,-1.07213,7
61,183,3.28255,-1.07213,7
61,255,-6.90103,11.7833,1
61,383,2.09312,17.5751,6
61,439,0.108642,-18.9823,5
61,131,3.28255,-1.07213,7
61,403,3.28255,-1.07213,7
61,155,3.28255,-1.07213,7
61,359,2.09312,17.5751,6
61,331,2.09312,17.5751,6
61,107,3.28255,-1.07213,7
61,59,3.32821,-0.989019,7
61,279,3.28255,-1.07213,7
61,91,6.9455,4.65799,7
61,139,3.28255,-1.07213,7
61,291,12.975,16.0382,3
61,167,-6.90103,11.7833,1
61,307,3.28255,-1.07213,7
61,147,12.1787,14.9323,3
61,303,3.28255,-1.07213,7
61,407,-0.392485,-21.2814,5
61,275,-13.0313,-1.20638,2
61,95,3.28255,-1.07213,7
61,311,-13.0313,-1.20638,2
61,199,-6.90103,11.7833,1
61,375,-13.0313,-1.20638,2
61,263,-0.245051,-21.85,5
61,171,3.28255,-1.07213,7
61,243,12.6494,15.8784,3
61,271,3.28255,-1.07213,7
61,159,3.25411,-0.895045,7
61,391,3.20154,-0.465394,7
61,411,-6.90103,11.7833,1
61,251,-0.158127,-21.704,5
61,195,3.28255,-1.07213,7
61,27,5.78937,13.4007,6
61,111,3.28255,-1.07213,7
61,239,3.76148,-0.194551,7
61,7,12.2397,14.9723,3
61,175,12.0056,15.4045,3
61,363,3.28255,-1.07213,7
61,287,3.77004,-0.199052,7
61,315,28,0,3
61,399,-0.424353,-23.2557,5
61,203,3.28255,-1.07213,7
61,47,3.28255,-1.07213,7
61,267,12.0433,15.2118,3
61,427,3.28255,-1.07213,7
61,23,12.975,16.0381,3
61,235,3.28255,-1.07213,7
61,423,-0.165681,-21.0138,5
61,15,3.77501,-0.202503,7
61,55,12.975,16.0382,3
61,299,3.28255,-1.07213,7
61,351,3.28255,-1.07213,7
62,227,3.28255,-1.07213,7
62,175,11.7057,14.4145,3
62,283,12.975,16.0382,3
62,199,-6.90103,11.7833,1
62,75,12.975,16.0382,3
62,55,12.975,16.0382,3
62,79,12.975,16.0382,3
62,235,3.28255,-1.07213,7
62,143,12.975,16.0382,3
62,303,3.28255,-1.07213,7
62,167,-6.90103,11.7833,1
62,211,3.28255,-1.07213,7
62,163,3.28255,-1.07213,7
62,411,-6.90103,11.7833,1
62,103,3.28255,-1.07213,7
62,203,3.77468,-0.201614,7
62,415,3.28255,-1.07213,7
62,267,11.6834,14.2596,3
62,407,-0.284645,-21.295,5
62,115,-0.288766,-22.2612,5
62,87,12.4539,15.1184,3
62,187,3.28255,-1.07213,7
62,307,3.28255,-1.07213,7
62,383,2.09312,17.5751,6
62,387,-13.0313,-1.20638,2
62,247,3.28255,-1.07213,7
62,375,-13.0313,-1.20638,2
62,131,3.28255,-1.07213,7
62,299,3.28255,-1.07213,7
62,291,12.975,16.0382,3
62,7,11.6796,14.1571,3
62,251,-0.160947,-21.7035,5
62,367,-20.804,14.4977,4
62,347,12.975,16.0382,3
62,351,3.28255,-1.07213,7
62,239,3.28255,-1.07213,7
62,315,28,0,3
62,43,12.0608,14.9195,3
62,151,12.975,16.0382,3
62,339,-13.0313,-1.20638,2
62,171,3.28255,-1.07213,7
62,67,3.80128,-0.218415,7
62,419,12.975,16.0382,3
62,399,-0.424353,-23.2557,5
62,355,-0.0502641,-20.7096,5
62,127,3.28255,-1.07213,7
62,63,3.28255,-1.07213,7
62,155,3.28255,-1.07213,7
62,311,-13.0313,-1.20638,2
62,391,3.28255,-1.07213,7
62,71,6.91798,5.31383,7
62,159,3.79958,-0.217633,7
62,135,12.2829,14.9376,3
62,343,12.975,16.0382,3
62,423,-0.104625,-21.0245,5
62,207,3.28255,-1.07213,7
62,219,2.09312,17.5751,6
62,439,0.149785,-18.9887,5
62,243,12.2426,14.956,3
62,15,3.28255,-1.07213,7
62,327,-6.90103,11.7833,1
62,83,3.28255,-1.07213,7
62,139,3.28255,-1.07213,7
62,255,-6.90103,11.7833,1
62,279,3.28255,-1.07213,7
62,191,-13.0313,-1.20638,2
62,287,3.80128,-0.218415,7
62,231,12.975,16.0382,3
62,123,-0.323398,-22.6816,5
62,47,3.28255,-1.07213,7
62,119,-13.0313,-1.20638,2
62,379,12.975,16.0382,3
62,51,11.0707,12.6994,3
62,443,-0.424353,-23.2557,5
62,403,3.28255,-1.07213,7
62,183,3.28255,-1.07213,7
62,259,3.28255,-1.07213,7
62,431,3.28255,-1.07213,7
62,11,3.28255,-1.07213,7
62,271,3.28255,-1.07213,7
62,147,12.4699,15.1761,3
62,427,3.28255,-1.07213,7
62,275,-13.0313,-1.20638,2
62,359,2.09312,17.5751,6
62,23,12.975,16.0381,3
62,35,3.28255,-1.07213,7
62,435,-18.2755,13.7188,4
62,91,7.01605,7.4419,6
62,111,3.28255,-1.07213,7
62,19,3.28255,-1.07213,7
62,319,2.09312,17.5751,6
62,223,-0.0797932,-20.8795,5
62,3,12.975,16.0382,3
62,95,3.28255,-1.07213,7
62,31,3.28255,-1.07213,7
62,59,3.28255,-1.07213,7
62,295,12.975,16.0382,3
62,99,3.28255,-1.07213,7
62,195,3.28255,-1.07213,7
62,27,8.65177,13.9575,3
62,331,2.09312,17.5751,6
62,363,3.28255,-1.07213,7
62,39,12.5375,15.2706,3
62,107,3.77061,-0.19936,7
62,371,12.975,16.0382,3
62,395,12.975,16.0382,3
62,263,-0.221129,-21.8538,5
62,179,3.28255,-1.07213,7
62,335,28,0,3
62,323,12.975,16.0381,3
62,215,3.28255,-1.07213,7
63,423,-0.0869598,-21.0273,5
63,439,0.181327,-18.9937,5
63,371,12.975,16.0382,3
63,311,-13.0313,-1.20638,2
63,235,3.28255,-1.07213,7
63,283,12.975,16.0382,3
63,159,4.25579,0.672239,7
63,143,12.975,16.0382,3
63,331,2.09312,17.5751,6
63,363,3.28255,-1.07213,7
63,239,3.28255,-1.07213,7
63,127,3.28255,-1.07213,7
63,403,3.28255,-1.07213,7
63,335,28,0,3
63,123,-0.326564,-22.681,5
63,355,-0.326564,-22.681,5
63,427,3.28255,-1.07213,7
63,67,3.28255,-1.07213,7
63,47,3.28255,-1.07213,7
63,63,3.77219,-0.200225,7
63,443,-0.424353,-23.2557,5
63,291,12.975,16.0382,3
63,251,-0.153141,-21.7049,5
63,387,-13.0313,-1.20638,2
63,95,3.28255,-1.07213,7
63,347,12.975,16.0381,3
63,415,3.28255,-1.07213,7
63,219,2.09312,17.5751,6
63,367,-20.8051,14.496,4
63,207,3.77449,-0.201506,7
63,299,3.28255,-1.07213,7
63,167,-6.90103,11.7833,1
63,279,3.28255,-1.07213,7
63,191,-13.0313,-1.20638,2
63,175,11.3255,13.4806,3
63,307,3.28255,-1.07213,7
63,315,28,0,3
63,75,12.975,16.0382,3
63,215,3.28255,-1.07213,7
63,287,4.27656,0.661554,7
63,343,12.975,16.0382,3
63,55,12.975,16.0382,3
63,27,11.1905,14.6142,3
63,3,12.975,16.0382,3
63,103,3.28255,-1.07213,7
63,399,-0.424353,-23.2557,5
63,231,12.975,16.0382,3
63,183,3.28255,-1.07213,7
63,327,-6.90103,11.7833,1
63,119,-13.0313,-1.20638,2
63,31,3.28255,-1.07213,7
63,11,3.28255,-1.07213,7
63,419,12.975,16.0382,3
63,431,3.28255,-1.07213,7
63,139,3.28255,-1.07213,7
63,147,12.4766,15.1723,3
63,407,-0.216742,-21.3046,5
63,87,12.9468,15.9884,3
63,435,-18.3418,13.6074,4
63,395,12.975,16.0382,3
63,379,12.975,16.0382,3
63,179,3.28255,-1.07213,7
63,99,3.28255,-1.07213,7
63,43,12.0771,14.5102,3
63,411,-6.90103,11.7833,1
63,223,-0.0502335,-20.8692,5
63,115,-0.273198,-22.2637,5
63,203,3.28255,-1.07213,7
63,79,12.975,16.0382,3
63,91,6.72199,8.2516,6
63,295,12.975,16.0382,3
63,163,3.28255,-1.07213,7
63,187,3.28255,-1.07213,7
63,243,11.5446,14.3257,3
63,195,3.28255,-1.07213,7
63,263,-0.605915,-21.9938,5
63,83,3.28255,-1.07213,7
63,107,3.28255,-1.07213,7
63,303,3.28255,-1.07213,7
63,59,3.28255,-1.07213,7
63,23,12.482,15.1682,3
63,383,2.09312,17.5751,6
63,39,12.0455,14.4,3
63,267,12.3292,15.0333,3
63,255,-6.90103,11.7833,1
63,227,3.28255,-1.07213,7
63,155,3.28255,-1.07213,7
63,199,-6.90103,11.7833,1
63,111,3.28255,-1.07213,7
63,171,3.28255,-1.07213,7
63,375,-13.0313,-1.20638,2
63,19,3.47981,-0.469551,7
63,71,6.39269,4.46125,7
63,275,-13.0313,-1.20638,2
63,135,11.7211,14.8075,3
63,131,3.28255,-1.07213,7
63,319,2.09312,17.5751,6
63,271,3.28255,-1.07213,7
63,247,3.28255,-1.07213,7
63,51,10.5633,11.8378,3
63,211,3.28255,-1.07213,7
63,351,3.28255,-1.07213,7
63,15,3.21472,-0.451215,7
63,391,3.1002,-2.05504,7
63,339,-13.0313,-1.20638,2
63,323,12.4821,15.168,3
63,259,3.28255,-1.07213,7
63,35,3.28255,-1.07213,7
63,359,2.09312,17.5751,6
63,151,12.975,16.0382,3
63,7,12.482,15.1682,3
64,247,3.28255,-1.07213,7
64,227,3.28255,-1.07213,7
64,411,-6.90103,11.7833,1
64,83,3.28255,-1.07213,7
64,31,3.28255,-1.07213,7
64,7,12.9584,16.0104,3
64,395,12.975,16.0382,3
64,119,-13.0313,-1.20638,2
64,143,12.975,16.0382,3
64,27,12.1857,15.0931,3
64,3,12.4765,15.1714,3
64,159,3.28255,-1.07213,7
64,287,3.77749,-0.205023,7
64,151,12.975,16.0382,3
64,267,12.975,16.0382,3
64,331,2.09312,17.5751,6
64,367,-20.7133,14.736,4
64,303,3.28255,-1.07213,7
64,79,12.975,16.0382,3
64,39,12.975,16.0382,3
64,403,3.28255,-1.07213,7
64,383,2.09312,17.5751,6
64,251,-0.158238,-21.7041,5
64,239,3.28255,-1.07213,7
64,379,12.4821,15.1681,3
64,343,12.975,16.0382,3
64,191,-13.0313,-1.20638,2
64,279,3.28255,-1.07213,7
64,347,12.4821,15.168,3
64,387,-13.0313,-1.20638,2
64,323,12.4821,15.168,3
64,259,3.28255,-1.07213,7
64,59,3.28255,-1.07213,7
64,415,3.28255,-1.07213,7
64,327,-6.90103,11.7833,1
64,111,3.28255,-1.07213,7
64,335,28,0,3
64,171,3.28255,-1.07213,7
64,211,3.28255,-1.07213,7
64,135,12.0238,14.4449,3
64,207,3.28255,-1.07213,7
64,11,3.28255,-1.07213,7
64,243,12.2758,15.037,3
64,163,3.28255,-1.07213,7
64,307,3.28255,-1.07213,7
64,91,8.58067,10.6061,3
64,35,3.28255,-1.07213,7
64,371,12.975,16.0382,3
64,255,-6.90103,11.7833,1
64,271,3.28255,-1.07213,7
64,375,-13.0313,-1.20638,2
64,215,3.28255,-1.07213,7
64,147,12.975,16.0382,3
64,127,3.28255,-1.07213,7
64,427,3.28255,-1.07213,7
64,311,-13.0313,-1.20638,2
64,155,3.28255,-1.07213,7
64,55,12.975,16.0382,3
64,263,-0.423706,-22.0107,5
64,199,-6.90103,11.7833,1
64,131,3.28255,-1.07213,7
64,71,5.90292,3.5894,7
64,363,3.28255,-1.07213,7
64,319,2.09312,17.5751,6
64,51,11.0781,12.6958,3
64,203,3.28255,-1.07213,7
64,431,3.28255,-1.07213,7
64,391,3.28255,-1.07213,7
64,19,3.77526,-0.20194,7
64,283,12.975,16.0382,3
64,295,12.975,16.0382,3
64,75,12.975,16.0382,3
64,115,-0.265768,-22.2649,5
64,107,3.28255,-1.07213,7
64,195,3.28255,-1.07213,7
64,315,28,0,3
64,351,3.28255,-1.07213,7
64,423,-0.0996553,-21.0256,5
64,63,3.28255,-1.07213,7
64,175,12.3148,14.9475,3
64,99,3.28255,-1.07213,7
64,231,12.975,16.0382,3
64,399,-0.424353,-23.2557,5
64,359,2.09312,17.5751,6
64,407,-0.181054,-21.3097,5
64,339,-13.0313,-1.20638,2
64,183,3.28255,-1.07213,7
64,47,3.28255,-1.07213,7
64,443,-0.424353,-23.2557,5
64,299,3.28255,-1.07213,7
64,95,3.28255,-1.07213,7
64,419,12.975,16.0382,3
64,23,11.9893,14.298,3
64,439,0.219568,-19.0002,5
64,103,3.28255,-1.07213,7
64,139,3.28255,-1.07213,7
64,67,3.28255,-1.07213,7
64,187,3.28255,-1.07213,7
64,235,3.77248,-0.200388,7
64,219,2.09312,17.5751,6
64,15,3.28255,-1.07213,7
64,43,12.59,15.3688,3
64,167,-6.90103,11.7833,1
64,291,12.975,16.0382,3
64,435,-18.3968,13.5161,4
64,179,3.28255,-1.07213,7
64,355,-0.560217,-22.7817,5
64,223,-0.0516584,-20.8841,5
64,275,-13.0313,-1.20638,2
64,87,12.975,16.0382,3
64,123,-0.327678,-22.6809,5
65,439,-0.362498,-19.1763,5
65,67,3.28255,-1.07213,7
65,147,12.959,16.0101,3
65,243,12.472,15.174,3
65,99,3.28255,-1.07213,7
65,319,2.09312,17.5751,6
65,415,3.28255,-1.07213,7
65,63,3.28255,-1.07213,7
65,175,12.975,16.0382,3
65,35,3.28255,-1.07213,7
65,299,3.28255,-1.07213,7
65,143,12.975,16.0382,3
65,131,3.28255,-1.07213,7
65,335,28,0,3
65,251,-0.161016,-21.7036,5
65,47,3.28255,-1.07213,7
65,311,-13.0313,-1.20638,2
65,59,3.28255,-1.07213,7
65,331,2.09312,17.5751,6
65,123,-0.328069,-22.6808,5
65,167,-6.90103,11.7833,1
65,159,3.77583,-0.202265,7
65,391,3.28255,-1.07213,7
65,371,12.975,16.0382,3
65,195,3.28255,-1.07213,7
65,207,3.77543,-0.202038,7
65,215,3.28255,-1.07213,7
65,363,3.28255,-1.07213,7
65,187,3.28255,-1.07213,7
65,191,-13.0313,-1.20638,2
65,95,3.28255,-1.07213,7
65,139,3.28255,-1.07213,7
65,359,2.09312,17.5751,6
65,423,-0.0727554,-21.0302,5
65,31,3.28255,-1.07213,7
65,383,2.09312,17.5751,6
65,411,-6.90103,11.7833,1
65,315,28,0,3
65,79,12.975,16.0382,3
65,287,4.26922,0.665724,7
65,83,3.28255,-1.07213,7
65,223,-0.0603715,-20.8683,5
65,295,12.975,16.0382,3
65,183,3.28255,-1.07213,7
65,43,12.975,16.0382,3
65,151,12.975,16.0382,3
65,135,12.546,15.2981,3
65,399,-0.424353,-23.2557,5
65,51,12.5589,15.3049,3
65,443,-0.424353,-23.2557,5
65,255,-6.90103,11.7833,1
65,227,3.77543,-0.202038,7
65,11,3.28255,-1.07213,7
65,15,3.28255,-1.07213,7
65,171,3.77484,-0.201705,7
65,259,3.28255,-1.07213,7
65,103,3.77543,-0.202038,7
65,263,-0.327628,-22.0229,5
65,347,12.975,16.0381,3
65,323,12.975,16.0381,3
65,163,3.28255,-1.07213,7
65,203,3.28255,-1.07213,7
65,279,3.28255,-1.07213,7
65,71,5.41594,2.71596,7
65,395,12.975,16.0382,3
65,267,12.975,16.0382,3
65,419,12.975,16.0382,3
65,379,12.975,16.0382,3
65,39,12.975,16.0382,3
65,91,9.38679,11.2768,3
65,7,12.975,16.0382,3
65,19,3.57574,-0.520345,7
65,247,3.28255,-1.07213,7
65,431,3.28255,-1.07213,7
65,403,3.28255,-1.07213,7
65,87,12.4063,15.2269,3
65,435,-18.8333,13.1496,4
65,127,3.28255,-1.07213,7
65,155,3.28255,-1.07213,7
65,387,-13.0313,-1.20638,2
65,303,3.28255,-1.07213,7
65,307,3.28255,-1.07213,7
65,219,2.09312,17.5751,6
65,271,3.28255,-1.07213,7
65,75,12.975,16.0382,3
65,427,3.28255,-1.07213,7
65,23,12.4796,15.1695,3
65,111,3.28255,-1.07213,7
65,55,12.975,16.0382,3
65,275,-13.0313,-1.20638,2
65,283,12.975,16.0382,3
65,119,-13.0313,-1.20638,2
65,199,-6.90103,11.7833,1
65,179,3.28255,-1.07213,7
65,407,-0.151525,-21.3143,5
65,355,-0.398902,-22.8041,5
65,351,3.28255,-1.07213,7
65,3,13.0502,15.8218,3
65,231,12.975,16.0382,3
65,291,12.975,16.0382,3
65,327,-6.90103,11.7833,1
65,367,-20.6512,14.9088,4
65,343,12.975,16.0382,3
65,239,3.28255,-1.07213,7
65,27,12.8485,15.8569,3
65,115,-0.26222,-22.2655,5
65,211,3.77535,-0.201992,7
65,107,3.28255,-1.07213,7
65,339,-13.0313,-1.20638,2
65,375,-13.0313,-1.20638,2
65,235,4.265,0.669912,7
66,71,5.91018,3.58529,7
66,295,12.975,16.0382,3
66,291,12.975,16.0382,3
66,367,-20.7097,14.8092,4
66,359,2.09312,17.5751,6
66,323,12.975,16.0382,3
66,275,-13.0313,-1.20638,2
66,179,3.28255,-1.07213,7
66,231,12.975,16.0382,3
66,19,3.28255,-1.07213,7
66,239,3.28255,-1.07213,7
66,203,3.77541,-0.20203,7
66,347,12.975,16.0382,3
66,55,12.975,16.0382,3
66,11,3.28255,-1.07213,7
66,191,-13.0313,-1.20638,2
66,327,-6.90103,11.7833,1
66,271,3.28255,-1.07213,7
66,163,3.28255,-1.07213,7
66,431,3.28255,-1.07213,7
66,263,-0.633905,-22.1341,5
66,63,3.28255,-1.07213,7
66,103,3.28255,-1.07213,7
66,15,3.28255,-1.07213,7
66,267,12.4821,15.1681,3
66,243,12.975,16.0382,3
66,211,3.28255,-1.07213,7
66,371,12.975,16.0382,3
66,155,3.28255,-1.07213,7
66,79,12.975,16.0382,3
66,351,3.28255,-1.07213,7
66,35,3.28255,-1.07213,7
66,423,-0.066011,-21.0313,5
66,395,12.975,16.0382,3
66,215,3.28255,-1.07213,7
66,7,12.4821,15.1681,3
66,279,3.28255,-1.07213,7
66,307,3.28255,-1.07213,7
66,67,3.76344,-0.195616,7
66,51,12.0658,14.4349,3
66,299,3.28255,-1.07213,7
66,355,-0.364581,-22.8093,5
66,379,12.4235,15.7959,3
66,419,12.975,16.0382,3
66,227,3.77533,-0.201984,7
66,259,3.28255,-1.07213,7
66,87,12.2098,14.7058,3
66,99,3.28255,-1.07213,7
66,199,-6.90103,11.7833,1
66,83,3.28255,-1.07213,7
66,283,12.975,16.0382,3
66,407,-0.595573,-21.4677,5
66,207,3.77541,-0.20203,7
66,43,12.975,16.0382,3
66,147,12.9591,16.01,3
66,391,3.77499,-0.201789,7
66,247,3.28255,-1.07213,7
66,171,3.28255,-1.07213,7
66,107,3.77524,-0.201932,7
66,427,3.28255,-1.07213,7
66,303,3.28255,-1.07213,7
66,339,-13.0313,-1.20638,2
66,187,3.28255,-1.07213,7
66,383,2.09312,17.5751,6
66,31,3.28255,-1.07213,7
66,127,3.28255,-1.07213,7
66,159,4.51062,-0.0131403,7
66,363,3.28255,-1.07213,7
66,183,3.28255,-1.07213,7
66,115,-0.252998,-22.2671,5
66,167,-6.90103,11.7833,1
66,315,28,0,3
66,131,3.28255,-1.07213,7
66,135,12.975,16.0382,3
66,95,3.10055,-2.05512,7
66,439,-0.21629,-19.1947,5
66,251,-0.162634,-21.7033,5
66,435,-18.7345,13.7705,4
66,411,-6.90103,11.7833,1
66,219,2.09312,17.5751,6
66,123,-0.423805,-23.2523,5
66,235,3.93886,-0.224024,7
66,27,13.0193,15.2927,3
66,375,-13.0313,-1.20638,2
66,287,5.0616,0.75388,7
66,255,-6.90103,11.7833,1
66,387,-13.0313,-1.20638,2
66,335,28,0,3
66,331,2.09312,17.5751,6
66,3,12.975,16.0382,3
66,175,12.4821,15.1681,3
66,47,3.73636,-0.183628,7
66,443,-0.424353,-23.2557,5
66,223,-0.0174697,-20.8903,5
66,151,12.975,16.0382,3
66,399,-0.424353,-23.2557,5
66,59,3.28255,-1.07213,7
66,195,3.28255,-1.07213,7
66,91,10.119,11.9953,3
66,415,3.28255,-1.07213,7
66,319,2.09312,17.5751,6
66,23,11.7669,14.5491,3
66,311,-13.0313,-1.20638,2
66,343,12.975,16.0382,3
66,119,-13.0313,-1.20638,2
66,111,3.28255,-1.07213,7
66,75,12.975,16.0382,3
66,139,3.28255,-1.07213,7
66,403,3.28255,-1.07213,7
66,39,12.975,16.0382,3
66,143,12.975,16.0382,3
67,275,-13.0313,-1.20638,2
67,375,-13.0313,-1.20638,2
67,19,3.28255,-1.07213,7
67,315,28,0,3
67,343,12.975,16.0382,3
67,407,-0.414398,-21.4853,5
67,327,-6.90103,11.7833,1
67,379,12.9637,16.0182,3
67,227,3.28255,-1.07213,7
67,203,3.28255,-1.07213,7
67,347,12.975,16.0382,3
67,195,3.28255,-1.07213,7
67,319,2.09312,17.5751,6
67,75,12.975,16.0382,3
67,303,3.28255,-1.07213,7
67,307,3.28255,-1.07213,7
67,67,3.28255,-1.07213,7
67,279,3.28255,-1.07213,7
67,215,3.28255,-1.07213,7
67,39,12.975,16.0382,3
67,339,-13.0313,-1.20638,2
67,155,3.28255,-1.07213,7
67,255,-6.90103,11.7833,1
67,263,-0.430883,-22.1537,5
67,127,3.28255,-1.07213,7
67,27,12.3673,14.5022,3
67,291,12.975,16.0382,3
67,207,4.26519,0.669814,7
67,251,-0.163577,-21.7032,5
67,187,3.28255,-1.07213,7
67,367,-20.7535,14.7364,4
67,55,12.975,16.0382,3
67,183,3.28255,-1.07213,7
67,283,12.975,16.0382,3
67,11,3.28255,-1.07213,7
67,335,28,0,3
67,423,-0.0615713,-21.032,5
67,287,4.2487,0.0990966,7
67,271,3.28255,-1.07213,7
67,363,3.28255,-1.07213,7
67,131,3.28255,-1.07213,7
67,147,12.9629,16.0395,3
67,51,12.5592,15.3047,3
67,95,3.28255,-1.07213,7
67,267,12.975,16.0382,3
67,247,3.28255,-1.07213,7
67,211,3.28255,-1.07213,7
67,415,3.28255,-1.07213,7
67,71,6.40373,4.45501,7
67,15,3.28255,-1.07213,7
67,107,3.28255,-1.07213,7
67,63,3.28255,-1.07213,7
67,119,-13.0313,-1.20638,2
67,235,3.3202,-1.01614,7
67,355,-0.354423,-22.8109,5
67,439,-0.0924361,-19.2127,5
67,79,12.975,16.0382,3
67,359,2.09312,17.5751,6
67,3,13.0244,15.5155,3
67,231,12.975,16.0382,3
67,383,2.09312,17.5751,6
67,99,3.28255,-1.07213,7
67,435,-18.785,13.6871,4
67,199,-6.90103,11.7833,1
67,331,2.09312,17.5751,6
67,115,-0.424353,-23.2557,5
67,103,3.28255,-1.07213,7
67,87,12.975,16.0382,3
67,299,3.28255,-1.07213,7
67,219,2.09312,17.5751,6
67,179,3.28255,-1.07213,7
67,419,12.975,16.0382,3
67,7,12.9817,16.0306,3
67,175,12.975,16.0382,3
67,443,-0.424353,-23.2557,5
67,159,3.66273,-0.63608,7
67,295,12.975,16.0382,3
67,323,12.975,16.0382,3
67,371,12.975,16.0382,3
67,135,12.975,16.0382,3
67,151,12.975,16.0382,3
67,427,3.28255,-1.07213,7
67,223,-0.0416698,-20.8714,5
67,23,12.2706,15.3378,3
67,47,4.24453,0.677894,7
67,243,12.4799,15.1696,3
67,91,10.7935,12.7516,3
67,167,-6.90103,11.7833,1
67,31,3.28255,-1.07213,7
67,35,3.28255,-1.07213,7
67,399,-0.424353,-23.2557,5
67,43,12.975,16.0382,3
67,111,3.28255,-1.07213,7
67,395,12.975,16.0382,3
67,143,12.975,16.0382,3
67,171,3.75622,-0.194647,7
67,259,3.28255,-1.07213,7
67,123,-0.423745,-23.2524,5
67,391,3.28255,-1.07213,7
67,59,3.28255,-1.07213,7
67,191,-13.0313,-1.20638,2
67,163,3.28255,-1.07213,7
67,431,3.28255,-1.07213,7
67,311,-13.0313,-1.20638,2
67,403,3.28255,-1.07213,7
67,387,-13.0313,-1.20638,2
67,239,3.28255,-1.07213,7
67,351,3.28255,-1.07213,7
67,411,-6.90103,11.7833,1
67,83,3.28255,-1.07213,7
67,139,3.28255,-1.07213,7
68,195,3.28255,-1.07213,7
68,155,3.28255,-1.07213,7
68,295,12.975,16.0382,3
68,103,3.28255,-1.07213,7
68,231,12.975,16.0382,3
68,39,12.4821,15.1681,3
68,251,-0.164125,-21.7031,5
68,351,3.28255,-1.07213,7
68,59,3.28255,-1.07213,7
68,51,12.0695,14.4328,3
68,67,3.28255,-1.07213,7
68,151,12.975,16.0382,3
68,359,2.09312,17.5751,6
68,375,-13.0313,-1.20638,2
68,427,3.28255,-1.07213,7
68,435,-18.8264,13.6195,4
68,343,12.975,16.0382,3
68,383,2.09312,17.5751,6
68,119,-13.0313,-1.20638,2
68,247,3.28255,-1.07213,7
68,199,-6.90103,11.7833,1
68,335,28,0,3
68,207,4.7355,1.55202,7
68,319,2.09312,17.5751,6
68,171,4.25625,0.671422,7
68,3,12.3832,14.7269,3
68,139,3.28255,-1.07213,7
68,143,12.975,16.0382,3
68,79,12.975,16.0382,3
68,323,12.4821,15.1681,3
68,431,3.28255,-1.07213,7
68,363,3.28255,-1.07213,7
68,287,3.56048,-0.643981,7
68,387,-13.0313,-1.20638,2
68,311,-13.0313,-1.20638,2
68,263,-0.337154,-22.1657,5
68,159,4.0756,0.212233,7
68,243,12.975,16.0382,3
68,267,12.4821,15.1681,3
68,43,12.975,16.0382,3
68,419,12.975,16.0382,3
68,391,3.28255,-1.07213,7
68,347,12.3908,15.2603,3
68,99,3.28255,-1.07213,7
68,339,-13.0313,-1.20638,2
68,443,-0.424353,-23.2557,5
68,411,-6.90103,11.7833,1
68,91,12.4821,15.1681,3
68,399,-0.424353,-23.2557,5
68,327,-6.90103,11.7833,1
68,175,12.9734,16.0353,3
68,223,-0.0236861,-20.8892,5
68,27,12.2833,14.5461,3
68,19,3.47228,-0.86408,7
68,415,3.28255,-1.07213,7
68,127,3.28255,-1.07213,7
68,215,3.28255,-1.07213,7
68,259,3.28255,-1.07213,7
68,11,3.28255,-1.07213,7
68,131,3.28255,-1.07213,7
68,123,-0.424353,-23.2557,5
68,403,3.28255,-1.07213,7
68,31,3.28255,-1.07213,7
68,371,12.975,16.0382,3
68,379,12.4707,15.1482,3
68,83,3.28255,-1.07213,7
68,203,3.28255,-1.07213,7
68,191,-13.0313,-1.20638,2
68,163,3.28255,-1.07213,7
68,299,3.28255,-1.07213,7
68,307,3.28255,-1.07213,7
68,303,3.28255,-1.07213,7
68,187,3.28255,-1.07213,7
68,439,-0.011426,-19.2244,5
68,255,-6.90103,11.7833,1
68,235,3.80974,-0.144249,7
68,179,3.28255,-1.07213,7
68,71,5.5457,4.09738,7
68,367,-20.7862,14.6831,4
68,135,12.7032,15.4365,3
68,7,12.975,16.0382,3
68,395,12.975,16.0382,3
68,35,3.28255,-1.07213,7
68,283,12.975,16.0382,3
68,331,2.09312,17.5751,6
68,219,2.09312,17.5751,6
68,423,-0.383608,-23.0059,5
68,23,12.975,16.0382,3
68,211,3.32175,-0.953113,7
68,147,12.975,16.0382,3
68,15,3.28255,-1.07213,7
68,275,-13.0313,-1.20638,2
68,355,-0.351414,-22.8114,5
68,115,-0.424353,-23.2557,5
68,167,-6.90103,11.7833,1
68,239,3.28255,-1.07213,7
68,271,3.28255,-1.07213,7
68,183,3.28255,-1.07213,7
68,75,12.975,16.0382,3
68,63,3.77123,-0.1997,7
68,227,3.28255,-1.07213,7
68,87,12.975,16.0382,3
68,111,3.28255,-1.07213,7
68,315,28,0,3
68,107,3.75908,-0.322851,7
68,407,-0.304345,-21.499,5
68,279,3.28255,-1.07213,7
68,55,12.975,16.0382,3
68,291,12.975,16.0382,3
68,47,3.28255,-1.07213,7
68,95,3.1766,-0.656992,7
69,127,3.28255,-1.07213,7
69,219,2.09312,17.5751,6
69,235,3.3157,-1.01369,7
69,119,-13.0313,-1.20638,2
69,431,3.28255,-1.07213,7
69,331,2.09312,17.5751,6
69,151,12.975,16.0382,3
69,71,6.16705,4.8952,7
69,395,12.975,16.0382,3
69,443,-0.424353,-23.2557,5
69,215,3.28255,-1.07213,7
69,107,3.43332,0.264487,7
69,399,-0.424353,-23.2557,5
69,63,3.28255,-1.07213,7
69,335,28,0,3
69,319,2.09312,17.5751,6
69,427,3.28255,-1.07213,7
69,79,12.975,16.0382,3
69,159,4.55049,1.09263,7
69,19,3.28255,-1.07213,7
69,323,12.975,16.0382,3
69,299,3.28255,-1.07213,7
69,411,-6.90103,11.7833,1
69,83,3.28255,-1.07213,7
69,287,3.28255,-1.07213,7
69,95,3.28255,-1.07213,7
69,375,-13.0313,-1.20638,2
69,259,3.28255,-1.07213,7
69,147,12.975,16.0382,3
69,87,12.975,16.0382,3
69,403,3.28255,-1.07213,7
69,379,11.7561,14.5295,3
69,99,3.28255,-1.07213,7
69,111,3.28255,-1.07213,7
69,155,3.28255,-1.07213,7
69,11,3.28255,-1.07213,7
69,271,3.28255,-1.07213,7
69,135,12.4821,15.1681,3
69,315,28,0,3
69,131,3.28255,-1.07213,7
69,171,3.77137,-0.203182,7
69,223,-0.196178,-21.8594,5
69,211,3.28255,-1.07213,7
69,263,-0.424353,-23.2557,5
69,23,12.975,16.0382,3
69,303,3.28255,-1.07213,7
69,55,12.975,16.0382,3
69,419,12.975,16.0382,3
69,187,3.28255,-1.07213,7
69,27,12.975,16.0382,3
69,423,-0.382832,-23.0061,5
69,47,3.28255,-1.07213,7
69,391,3.28255,-1.07213,7
69,59,3.28255,-1.07213,7
69,115,-0.424353,-23.2557,5
69,295,12.975,16.0382,3
69,267,12.975,16.0382,3
69,91,12.7667,15.9798,3
69,143,12.975,16.0382,3
69,239,3.77551,-0.202082,7
69,35,3.28255,-1.07213,7
69,343,12.975,16.0382,3
69,139,3.28255,-1.07213,7
69,251,-0.164445,-21.703,5
69,387,-13.0313,-1.20638,2
69,175,12.975,16.0382,3
69,279,3.28255,-1.07213,7
69,51,11.5756,13.5633,3
69,31,3.28255,-1.07213,7
69,199,-6.90103,11.7833,1
69,167,-6.90103,11.7833,1
69,439,0.0499976,-19.2336,5
69,247,3.28255,-1.07213,7
69,359,2.09312,17.5751,6
69,227,3.28255,-1.07213,7
69,7,12.975,16.0382,3
69,207,5.23591,2.41787,7
69,67,3.28255,-1.07213,7
69,39,11.9893,14.298,3
69,103,3.28255,-1.07213,7
69,123,-0.424353,-23.2557,5
69,3,12.975,16.0382,3
69,283,12.975,16.0382,3
69,203,3.77542,-0.202035,7
69,43,12.975,16.0382,3
69,275,-13.0313,-1.20638,2
69,243,12.975,16.0382,3
69,183,3.28255,-1.07213,7
69,195,3.28255,-1.07213,7
69,179,3.28255,-1.07213,7
69,15,3.28255,-1.07213,7
69,383,2.09312,17.5751,6
69,351,3.28255,-1.07213,7
69,347,12.975,16.0382,3
69,75,12.975,16.0382,3
69,163,3.1728,-0.648304,7
69,407,-0.237643,-21.5084,5
69,415,3.28255,-1.07213,7
69,311,-13.0313,-1.20638,2
69,367,-20.803,14.6554,4
69,363,3.28255,-1.07213,7
69,231,12.975,16.0382,3
69,191,-13.0313,-1.20638,2
69,291,12.975,16.0382,3
69,307,3.28255,-1.07213,7
69,371,12.975,16.0382,3
69,255,-6.90103,11.7833,1
69,339,-13.0313,-1.20638,2
69,355,-0.350523,-22.8116,5
69,327,-6.90103,11.7833,1
69,435,-18.8603,13.5647,4
70,147,12.975,16.0382,3
70,63,3.28255,-1.07213,7
70,315,28,0,3
70,375,-13.0313,-1.20638,2
70,95,3.28255,-1.07213,7
70,87,12.975,16.0382,3
70,311,-13.0313,-1.20638,2
70,51,11.0822,12.6935,3
70,291,12.975,16.0382,3
70,195,3.28255,-1.07213,7
70,3,12.3803,15.7485,3
70,435,-18.8708,13.5471,4
70,163,3.28255,-1.07213,7
70,55,12.975,16.0382,3
70,231,12.975,16.0382,3
70,91,12.975,16.0382,3
70,335,28,0,3
70,351,3.28255,-1.07213,7
70,11,3.28255,-1.07213,7
70,215,3.47528,-0.187814,7
70,35,3.28255,-1.07213,7
70,235,3.41827,-0.781159,7
70,359,2.09312,17.5751,6
70,271,3.28255,-1.07213,7
70,15,3.77241,-0.200341,7
70,83,3.28255,-1.07213,7
70,267,12.975,16.0382,3
70,279,3.28255,-1.07213,7
70,247,3.28255,-1.07213,7
70,431,3.28255,-1.07213,7
70,403,3.28255,-1.07213,7
70,391,3.28255,-1.07213,7
70,79,12.975,16.0382,3
70,379,12.4561,15.2636,3
70,427,3.28255,-1.07213,7
70,179,3.28255,-1.07213,7
70,127,3.77892,-0.204048,7
70,367,-20.8229,14.6238,4
70,191,-13.0313,-1.20638,2
70,299,3.28255,-1.07213,7
70,19,3.28255,-1.07213,7
70,43,12.4721,15.1743,3
70,331,2.09312,17.5751,6
70,255,-6.90103,11.7833,1
70,207,5.72877,3.28796,7
70,251,-0.164631,-21.703,5
70,275,-13.0313,-1.20638,2
70,323,12.975,16.0382,3
70,31,3.28255,-1.07213,7
70,131,3.28255,-1.07213,7
70,347,12.975,16.0382,3
70,175,12.4822,15.168,3
70,443,-0.424353,-23.2557,5
70,439,0.0965665,-19.2407,5
70,227,3.28255,-1.07213,7
70,239,3.28255,-1.07213,7
70,283,12.975,16.0382,3
70,59,3.28255,-1.07213,7
70,219,2.09312,17.5751,6
70,203,3.28255,-1.07213,7
70,107,3.41827,-0.781159,7
70,327,-6.90103,11.7833,1
70,259,3.28255,-1.07213,7
70,211,3.28255,-1.07213,7
70,295,12.975,16.0382,3
70,119,-13.0313,-1.20638,2
70,187,3.78264,-0.20657,7
70,143,12.975,16.0382,3
70,75,12.975,16.0382,3
70,419,12.975,16.0382,3
70,407,-0.199453,-21.514,5
70,415,3.28255,-1.07213,7
70,411,-6.90103,11.7833,1
70,287,3.28255,-1.07213,7
70,155,3.28255,-1.07213,7
70,151,12.975,16.0382,3
70,39,12.975,16.0382,3
70,99,3.28255,-1.07213,7
70,307,3.28255,-1.07213,7
70,171,3.28255,-1.07213,7
70,263,-0.424353,-23.2557,5
70,47,3.28255,-1.07213,7
70,387,-13.0313,-1.20638,2
70,319,2.09312,17.5751,6
70,199,-6.90103,11.7833,1
70,183,3.28255,-1.07213,7
70,27,12.975,16.0382,3
70,343,12.975,16.0382,3
70,243,12.975,16.0382,3
70,363,3.28255,-1.07213,7
70,423,-0.382683,-23.0061,5
70,223,-0.355772,-22.8466,5
70,303,3.28255,-1.07213,7
70,167,-6.90103,11.7833,1
70,339,-13.0313,-1.20638,2
70,159,3.89713,0.386908,7
70,67,3.41827,-0.781159,7
70,7,12.4823,15.168,3
70,139,3.28255,-1.07213,7
70,115,-0.424353,-23.2557,5
70,135,12.4823,15.168,3
70,123,-0.424353,-23.2557,5
70,111,3.28255,-1.07213,7
70,383,2.09312,17.5751,6
70,371,12.975,16.0382,3
70,355,-0.362585,-22.81,5
70,395,12.975,16.0382,3
70,399,-0.424353,-23.2557,5
70,23,12.975,16.0382,3
70,103,3.28255,-1.07213,7
70,71,5.79492,3.95921,7
71,87,12.975,16.0382,3
71,23,12.975,16.0382,3
71,43,12.4795,15.1696,3
71,215,3.77543,-0.202038,7
71,291,12.975,16.0382,3
71,335,28,0,3
71,59,3.77357,-0.201001,7
71,383,2.09312,17.5751,6
71,147,12.975,16.0382,3
71,395,12.975,16.0382,3
71,307,3.28255,-1.07213,7
71,407,-0.171882,-21.5184,5
71,79,12.975,16.0382,3
71,295,12.975,16.0382,3
71,375,-13.0313,-1.20638,2
71,279,3.28255,-1.07213,7
71,227,3.28255,-1.07213,7
71,103,3.28255,-1.07213,7
71,443,-0.424353,-23.2557,5
71,75,12.975,16.0382,3
71,243,12.975,16.0382,3
71,303,3.28255,-1.07213,7
71,127,3.28255,-1.07213,7
71,435,-18.8965,13.506,4
71,403,3.28255,-1.07213,7
71,331,2.09312,17.5751,6
71,95,3.28255,-1.07213,7
71,39,12.975,16.0382,3
71,179,3.28255,-1.07213,7
71,355,-0.353874,-22.8114,5
71,263,-0.424353,-23.2557,5
71,267,12.5064,15.2393,3
71,219,2.09312,17.5751,6
71,323,12.975,16.0382,3
71,367,-20.8375,14.6006,4
71,423,-0.382654,-23.0061,5
71,27,12.975,16.0382,3
71,167,-6.90103,11.7833,1
71,199,-6.90103,11.7833,1
71,379,11.9729,14.3879,3
71,7,12.4898,15.1639,3
71,131,3.28255,-1.07213,7
71,143,12.975,16.0382,3
71,175,12.975,16.0382,3
71,299,3.28255,-1.07213,7
71,135,12.975,16.0382,3
71,363,3.28255,-1.07213,7
71,203,3.28255,-1.07213,7
71,211,3.28255,-1.07213,7
71,255,-6.90103,11.7833,1
71,183,3.28255,-1.07213,7
71,339,-13.0313,-1.20638,2
71,71,6.35303,4.79248,7
71,239,3.7766,-0.202983,7
71,207,5.24312,2.41379,7
71,11,3.28255,-1.07213,7
71,107,3.28255,-1.07213,7
71,347,12.975,16.0382,3
71,327,-6.90103,11.7833,1
71,67,3.28255,-1.07213,7
71,47,3.5036,-0.178869,7
71,399,-0.424353,-23.2557,5
71,19,3.28255,-1.07213,7
71,123,-0.424353,-23.2557,5
71,55,12.975,16.0382,3
71,151,12.975,16.0382,3
71,115,-0.424353,-23.2557,5
71,15,3.1176,-0.375054,7
71,187,3.28255,-1.07213,7
71,231,12.975,16.0382,3
71,259,3.28255,-1.07213,7
71,387,-13.0313,-1.20638,2
71,63,3.28255,-1.07213,7
71,31,3.28255,-1.07213,7
71,419,12.975,16.0382,3
71,315,28,0,3
71,287,3.28255,-1.07213,7
71,391,3.28255,-1.07213,7
71,351,3.28255,-1.07213,7
71,439,-0.453673,-19.4108,5
71,83,3.28255,-1.07213,7
71,111,3.28255,-1.07213,7
71,159,4.44812,1.22518,7
71,343,12.975,16.0382,3
71,195,3.28255,-1.07213,7
71,427,3.28255,-1.07213,7
71,283,12.975,16.0382,3
71,319,2.09312,17.5751,6
71,371,12.975,16.0382,3
71,191,-13.0313,-1.20638,2
71,171,3.28255,-1.07213,7
71,275,-13.0313,-1.20638,2
71,119,-13.0313,-1.20638,2
71,91,12.9251,15.9572,3
71,311,-13.0313,-1.20638,2
71,359,2.09312,17.5751,6
71,35,3.28255,-1.07213,7
71,431,3.28255,-1.07213,7
71,155,3.28255,-1.07213,7
71,51,10.2839,12.1619,3
71,415,3.28255,-1.07213,7
71,411,-6.90103,11.7833,1
71,163,3.47225,-0.184408,7
71,247,3.28255,-1.07213,7
71,223,-0.424353,-23.2557,5
71,139,3.28255,-1.07213,7
71,3,12.975,16.0382,3
71,99,3.28255,-1.07213,7
71,235,3.28255,-1.07213,7
71,251,-0.156954,-21.7044,5
71,271,3.28255,-1.07213,7
72,291,12.975,16.0382,3
72,107,3.28255,-1.07213,7
72,51,10.923,12.944,3
72,203,3.28255,-1.07213,7
72,143,12.975,16.0382,3
72,263,-0.424353,-23.2557,5
72,331,2.09312,17.5751,6
72,79,12.975,16.0382,3
72,231,12.975,16.0382,3
72,315,28,0,3
72,151,12.975,16.0382,3
72,223,-0.403109,-22.9478,5
72,255,-6.90103,11.7833,1
72,327,-6.90103,11.7833,1
72,283,12.975,16.0382,3
72,395,12.975,16.0382,3
72,71,5.92728,3.88517,7
72,339,-13.0313,-1.20638,2
72,67,3.28255,-1.07213,7
72,115,-0.424353,-23.2557,5
72,167,-6.90103,11.7833,1
72,103,3.77542,-0.20203,7
72,31,3.28255,-1.07213,7
72,127,3.28255,-1.07213,7
72,279,3.28255,-1.07213,7
72,75,12.975,16.0382,3
72,303,3.28255,-1.07213,7
72,379,12.4119,15.1622,3
72,183,3.28255,-1.07213,7
72,387,-13.0313,-1.20638,2
72,179,3.28255,-1.07213,7
72,163,3.7867,-0.209769,7
72,311,-13.0313,-1.20638,2
72,7,12.975,16.0382,3
72,15,3.28255,-1.07213,7
72,191,-13.0313,-1.20638,2
72,251,-0.150819,-21.7055,5
72,363,3.28255,-1.07213,7
72,155,3.28255,-1.07213,7
72,275,-13.0313,-1.20638,2
72,335,28,0,3
72,407,-0.146753,-21.5228,5
72,383,2.09312,17.5751,6
72,23,12.4373,15.1995,3
72,323,12.4792,15.1698,3
72,3,12.975,16.0382,3
72,131,3.28255,-1.07213,7
72,411,-6.90103,11.7833,1
72,19,3.28255,-1.07213,7
72,259,3.28255,-1.07213,7
72,391,3.28255,-1.07213,7
72,171,3.77543,-0.202039,7
72,47,3.29592,0.0633353,7
72,267,12.975,16.0382,3
72,147,12.975,16.0382,3
72,227,3.28255,-1.07213,7
72,83,3.28255,-1.07213,7
72,359,2.09312,17.5751,6
72,39,12.4792,15.1698,3
72,243,12.975,16.0382,3
72,235,3.28255,-1.07213,7
72,287,3.28255,-1.07213,7
72,199,-6.90103,11.7833,1
72,439,-0.289317,-19.4303,5
72,139,3.28255,-1.07213,7
72,431,3.28255,-1.07213,7
72,295,12.975,16.0382,3
72,87,12.4821,15.1681,3
72,299,3.28255,-1.07213,7
72,435,-18.8011,13.7776,4
72,187,3.28255,-1.07213,7
72,343,12.975,16.0382,3
72,63,3.28255,-1.07213,7
72,159,4.98866,2.06785,7
72,207,4.63544,1.63256,7
72,43,11.985,14.3007,3
72,271,3.28255,-1.07213,7
72,55,12.975,16.0382,3
72,119,-13.0313,-1.20638,2
72,239,4.2687,0.667554,7
72,99,3.28255,-1.07213,7
72,347,12.4373,15.1995,3
72,91,12.4332,15.0869,3
72,11,3.28255,-1.07213,7
72,123,-0.424353,-23.2557,5
72,247,3.28255,-1.07213,7
72,27,12.3241,15.5713,3
72,135,12.975,16.0382,3
72,419,12.975,16.0382,3
72,307,3.28255,-1.07213,7
72,95,3.28255,-1.07213,7
72,375,-13.0313,-1.20638,2
72,443,-0.424353,-23.2557,5
72,35,3.28255,-1.07213,7
72,351,3.28255,-1.07213,7
72,211,3.28255,-1.07213,7
72,195,3.28255,-1.07213,7
72,403,3.28255,-1.07213,7
72,59,3.28255,-1.07213,7
72,427,3.28255,-1.07213,7
72,399,-0.424353,-23.2557,5
72,415,3.28255,-1.07213,7
72,319,2.09312,17.5751,6
72,175,12.975,16.0382,3
72,215,3.72358,-0.283365,7
72,367,-20.8483,14.5836,4
72,219,2.09312,17.5751,6
72,423,-0.382648,-23.0061,5
72,355,-0.543728,-22.8976,5
72,111,3.28255,-1.07213,7
72,371,12.975,16.0382,3
73,435,-18.799,13.7816,4
73,39,11.9875,14.299,3
73,55,12.975,16.0382,3
73,155,3.28255,-1.07213,7
73,303,3.28255,-1.07213,7
73,371,12.975,16.0382,3
73,351,3.28255,-1.07213,7
73,195,3.28255,-1.07213,7
73,263,-0.424353,-23.2557,5
73,259,3.28255,-1.07213,7
73,115,-0.424353,-23.2557,5
73,159,3.68473,-0.570582,7
73,283,12.975,16.0382,3
73,307,3.28255,-1.07213,7
73,387,-13.0313,-1.20638,2
73,223,-0.424353,-23.2557,5
73,95,3.28255,-1.07213,7
73,143,12.975,16.0382,3
73,191,-13.0313,-1.20638,2
73,327,-6.90103,11.7833,1
73,31,3.28255,-1.07213,7
73,251,-0.148246,-21.7059,5
73,319,2.09312,17.5751,6
73,379,12.4381,15.1469,3
73,243,12.975,16.0382,3
73,267,12.4821,15.1681,3
73,103,3.77543,-0.202038,7
73,27,11.9547,14.6247,3
73,211,3.28255,-1.07213,7
73,347,11.696,14.868,3
73,107,3.28255,-1.07213,7
73,411,-6.90103,11.7833,1
73,367,-20.7975,14.6851,4
73,311,-13.0313,-1.20638,2
73,99,3.28255,-1.07213,7
73,7,12.975,16.0382,3
73,187,3.28255,-1.07213,7
73,127,3.28255,-1.07213,7
73,11,3.28255,-1.07213,7
73,419,12.975,16.0382,3
73,75,12.975,16.0382,3
73,163,3.35482,-1.00429,7
73,171,3.84096,0.705899,7
73,343,12.975,16.0382,3
73,43,11.4347,13.4652,3
73,403,3.28255,-1.07213,7
73,415,3.28255,-1.07213,7
73,91,12.9281,15.9555,3
73,407,-0.110695,-21.53,5
73,239,3.22864,-0.705724,7
73,355,-0.410706,-22.9118,5
73,423,-0.382647,-23.0061,5
73,47,3.33603,-0.96424,7
73,299,3.28255,-1.07213,7
73,139,3.28255,-1.07213,7
73,227,3.28255,-1.07213,7
73,63,3.28255,-1.07213,7
73,271,3.28255,-1.07213,7
73,87,12.4381,15.1469,3
73,179,3.28255,-1.07213,7
73,59,3.28255,-1.07213,7
73,119,-13.0313,-1.20638,2
73,291,12.975,16.0382,3
73,431,3.28255,-1.07213,7
73,135,12.975,16.0382,3
73,111,3.28255,-1.07213,7
73,51,10.4938,12.0373,3
73,391,3.28255,-1.07213,7
73,15,3.28255,-1.07213,7
73,235,3.76806,-0.198004,7
73,231,12.975,16.0382,3
73,203,3.77536,-0.201996,7
73,131,3.28255,-1.07213,7
73,375,-13.0313,-1.20638,2
73,443,-0.424353,-23.2557,5
73,67,3.28255,-1.07213,7
73,427,3.28255,-1.07213,7
73,363,3.28255,-1.07213,7
73,287,3.28255,-1.07213,7
73,23,11.7405,14.566,3
73,123,-0.424353,-23.2557,5
73,323,12.9619,16.0162,3
73,255,-6.90103,11.7833,1
73,79,12.975,16.0382,3
73,383,2.09312,17.5751,6
73,199,-6.90103,11.7833,1
73,207,4.38881,0.675914,7
73,315,28,0,3
73,395,12.975,16.0382,3
73,295,12.975,16.0382,3
73,151,12.975,16.0382,3
73,71,5.4781,2.99072,7
73,19,3.28255,-1.07213,7
73,359,2.09312,17.5751,6
73,247,3.28255,-1.07213,7
73,175,12.975,16.0382,3
73,279,3.28255,-1.07213,7
73,183,3.28255,-1.07213,7
73,331,2.09312,17.5751,6
73,83,3.28255,-1.07213,7
73,399,-0.424353,-23.2557,5
73,335,28,0,3
73,219,2.09312,17.5751,6
73,35,3.28255,-1.07213,7
73,147,12.975,16.0382,3
73,439,-0.744001,-19.5858,5
73,275,-13.0313,-1.20638,2
73,167,-6.90103,11.7833,1
73,339,-13.0313,-1.20638,2
73,215,3.28255,-1.07213,7
73,3,13.057,15.4592,3
74,75,12.975,16.0382,3
74,91,12.4254,15.092,3
74,179,3.28255,-1.07213,7
74,315,28,0,3
74,439,-0.508432,-19.6084,5
74,299,3.28255,-1.07213,7
74,431,3.28255,-1.07213,7
74,199,-6.90103,11.7833,1
74,419,12.975,16.0382,3
74,215,3.74538,-0.193104,7
74,67,3.77638,-0.20258,7
74,211,3.28255,-1.07213,7
74,231,12.975,16.0382,3
74,219,2.09312,17.5751,6
74,355,-0.378376,-22.9167,5
74,55,12.975,16.0382,3
74,323,12.975,16.0382,3
74,259,3.28255,-1.07213,7
74,11,3.28255,-1.07213,7
74,87,12.975,16.0382,3
74,235,4.2639,0.670418,7
74,287,3.74538,-0.193104,7
74,123,-0.424353,-23.2557,5
74,115,-0.424353,-23.2557,5
74,363,3.28255,-1.07213,7
74,243,12.975,16.0382,3
74,435,-19.2714,13.4038,4
74,95,3.28255,-1.07213,7
74,139,3.28255,-1.07213,7
74,279,3.28255,-1.07213,7
74,399,-0.424353,-23.2557,5
74,63,3.28255,-1.07213,7
74,415,3.28255,-1.07213,7
74,111,3.28255,-1.07213,7
74,39,12.4721,15.1735,3
74,343,12.975,16.0382,3
74,35,3.28255,-1.07213,7
74,359,2.09312,17.5751,6
74,275,-13.0313,-1.20638,2
74,227,3.28255,-1.07213,7
74,103,3.28255,-1.07213,7
74,407,-0.120382,-21.5284,5
74,167,-6.90103,11.7833,1
74,7,12.975,16.0382,3
74,15,3.28255,-1.07213,7
74,43,11.9747,14.3075,3
74,375,-13.0313,-1.20638,2
74,195,3.28255,-1.07213,7
74,367,-20.7209,14.9118,4
74,19,3.28255,-1.07213,7
74,175,12.975,16.0382,3
74,383,2.09312,17.5751,6
74,395,12.975,16.0382,3
74,271,3.28255,-1.07213,7
74,371,12.975,16.0382,3
74,119,-13.0313,-1.20638,2
74,3,12.4821,15.1681,3
74,263,-0.424353,-23.2557,5
74,79,12.975,16.0382,3
74,267,12.975,16.0382,3
74,131,3.28255,-1.07213,7
74,307,3.28255,-1.07213,7
74,247,3.28255,-1.07213,7
74,203,4.26663,0.669008,7
74,295,12.975,16.0382,3
74,83,3.28255,-1.07213,7
74,207,3.83074,-0.155744,7
74,147,12.975,16.0382,3
74,319,2.09312,17.5751,6
74,255,-6.90103,11.7833,1
74,443,-0.424353,-23.2557,5
74,347,11.3663,13.897,3
74,99,3.28255,-1.07213,7
74,159,4.13217,0.325624,7
74,387,-13.0313,-1.20638,2
74,311,-13.0313,-1.20638,2
74,31,3.28255,-1.07213,7
74,223,-0.424353,-23.2557,5
74,163,3.77638,-0.20258,7
74,47,3.28255,-1.07213,7
74,23,12.4338,15.543,3
74,423,-0.382647,-23.0061,5
74,155,3.28255,-1.07213,7
74,59,3.28255,-1.07213,7
74,351,3.28255,-1.07213,7
74,71,4.80468,3.4345,7
74,239,3.26767,-1.05098,7
74,27,12.975,16.0382,3
74,251,-0.424353,-23.2557,5
74,327,-6.90103,11.7833,1
74,335,28,0,3
74,331,2.09312,17.5751,6
74,127,3.28255,-1.07213,7
74,187,3.28255,-1.07213,7
74,303,3.28255,-1.07213,7
74,403,3.28255,-1.07213,7
74,171,3.6937,-0.299587,7
74,135,12.975,16.0382,3
74,183,3.28255,-1.07213,7
74,151,12.975,16.0382,3
74,411,-6.90103,11.7833,1
74,391,3.28255,-1.07213,7
74,143,12.975,16.0382,3
74,427,3.28255,-1.07213,7
74,191,-13.0313,-1.20638,2
74,107,3.28255,-1.07213,7
74,283,12.975,16.0382,3
74,379,12.975,16.0382,3
74,291,12.975,16.0382,3
74,339,-13.0313,-1.20638,2
74,51,10.0504,11.1392,3
75,331,2.09312,17.5751,6
75,299,3.28255,-1.07213,7
75,135,12.975,16.0382,3
75,63,3.7755,-0.202077,7
75,419,12.975,16.0382,3
75,59,3.28255,-1.07213,7
75,91,12.975,16.0382,3
75,11,3.28255,-1.07213,7
75,363,3.28255,-1.07213,7
75,211,3.28255,-1.07213,7
75,383,2.09312,17.5751,6
75,15,3.28255,-1.07213,7
75,251,-0.424353,-23.2557,5
75,187,3.28255,-1.07213,7
75,371,12.975,16.0382,3
75,231,12.975,16.0382,3
75,247,3.28255,-1.07213,7
75,3,12.975,16.0382,3
75,191,-13.0313,-1.20638,2
75,367,-20.8899,14.6979,4
75,379,12.482,15.1682,3
75,255,-6.90103,11.7833,1
75,171,3.28255,-1.07213,7
75,335,28,0,3
75,323,12.975,16.0382,3
75,39,12.4773,15.1705,3
75,303,3.28255,-1.07213,7
75,267,12.4821,15.1681,3
75,279,3.28255,-1.07213,7
75,263,-0.424353,-23.2557,5
75,275,-13.0313,-1.20638,2
75,55,12.975,16.0382,3
75,103,3.28255,-1.07213,7
75,415,3.28255,-1.07213,7
75,19,3.28255,-1.07213,7
75,403,3.28255,-1.07213,7
75,359,2.09312,17.5751,6
75,427,3.28255,-1.07213,7
75,327,-6.90103,11.7833,1
75,151,12.975,16.0382,3
75,339,-13.0313,-1.20638,2
75,7,12.975,16.0382,3
75,235,3.28255,-1.07213,7
75,199,-6.90103,11.7833,1
75,167,-6.90103,11.7833,1
75,215,4.50649,-0.0187726,7
75,243,12.975,16.0382,3
75,111,3.28255,-1.07213,7
75,375,-13.0313,-1.20638,2
75,79,12.975,16.0382,3
75,407,-0.126255,-21.5274,5
75,87,12.4822,15.1681,3
75,159,3.28255,-1.07213,7
75,395,12.975,16.0382,3
75,351,3.28255,-1.07213,7
75,219,2.09312,17.5751,6
75,259,3.28255,-1.07213,7
75,155,3.28255,-1.07213,7
75,179,3.28255,-1.07213,7
75,411,-6.90103,11.7833,1
75,423,-0.379709,-23.0066,5
75,435,-19.1535,13.7251,4
75,207,3.31659,-1.01364,7
75,23,12.975,16.0382,3
75,295,12.975,16.0382,3
75,183,3.28255,-1.07213,7
75,131,3.28255,-1.07213,7
75,83,3.28255,-1.07213,7
75,99,3.28255,-1.07213,7
75,223,-0.424353,-23.2557,5
75,143,12.975,16.0382,3
75,119,-13.0313,-1.20638,2
75,283,12.975,16.0382,3
75,163,4.26888,0.667735,7
75,431,3.28255,-1.07213,7
75,195,3.28255,-1.07213,7
75,75,12.975,16.0382,3
75,107,3.77564,-0.202158,7
75,95,3.28255,-1.07213,7
75,287,3.34344,-1.01056,7
75,343,12.975,16.0382,3
75,399,-0.424353,-23.2557,5
75,315,28,0,3
75,115,-0.424353,-23.2557,5
75,27,12.975,16.0382,3
75,387,-13.0313,-1.20638,2
75,51,9.58633,10.2528,3
75,307,3.28255,-1.07213,7
75,355,-0.520977,-22.9795,5
75,239,3.28255,-1.07213,7
75,71,5.50672,4.18937,7
75,147,12.975,16.0382,3
75,391,3.59362,-1.08734,7
75,175,12.4821,15.1681,3
75,139,3.28255,-1.07213,7
75,311,-13.0313,-1.20638,2
75,47,3.28255,-1.07213,7
75,35,3.28255,-1.07213,7
75,123,-0.424353,-23.2557,5
75,227,3.28255,-1.07213,7
75,439,-0.333187,-19.6283,5
75,67,3.28255,-1.07213,7
75,127,3.28255,-1.07213,7
75,43,12.4821,15.1681,3
75,271,3.28255,-1.07213,7
75,319,2.09312,17.5751,6
75,347,12.0424,14.6505,3
75,443,-0.424353,-23.2557,5
75,31,3.28255,-1.07213,7
75,291,12.975,16.0382,3
75,203,3.28255,-1.07213,7
76,335,28,0,3
76,427,3.28255,-1.07213,7
76,107,3.28255,-1.07213,7
76,87,11.9893,14.298,3
76,399,-0.424353,-23.2557,5
76,363,3.28255,-1.07213,7
76,119,-13.0313,-1.20638,2
76,235,3.77585,-0.202276,7
76,75,12.975,16.0382,3
76,91,12.4803,15.1693,3
76,55,12.975,16.0382,3
76,43,11.7685,14.5484,3
76,367,-20.841,14.8026,4
76,147,12.975,16.0382,3
76,231,12.975,16.0382,3
76,127,3.28255,-1.07213,7
76,111,3.28255,-1.07213,7
76,59,3.28255,-1.07213,7
76,19,3.28255,-1.07213,7
76,95,3.28255,-1.07213,7
76,63,4.25772,0.673863,7
76,331,2.09312,17.5751,6
76,227,3.77543,-0.202038,7
76,263,-0.424353,-23.2557,5
76,267,12.975,16.0382,3
76,307,3.28255,-1.07213,7
76,123,-0.424353,-23.2557,5
76,151,12.975,16.0382,3
76,7,12.975,16.0382,3
76,327,-6.90103,11.7833,1
76,343,12.975,16.0382,3
76,135,12.975,16.0382,3
76,159,3.28255,-1.07213,7
76,423,-0.379139,-23.0067,5
76,395,12.975,16.0382,3
76,259,3.28255,-1.07213,7
76,243,12.4822,15.1681,3
76,407,-0.0919565,-21.5346,5
76,83,3.28255,-1.07213,7
76,131,3.28255,-1.07213,7
76,379,11.9892,14.298,3
76,223,-0.424353,-23.2557,5
76,391,3.28255,-1.07213,7
76,279,3.28255,-1.07213,7
76,199,-6.90103,11.7833,1
76,347,12.975,16.0382,3
76,371,12.975,16.0382,3
76,351,3.28255,-1.07213,7
76,251,-0.424353,-23.2557,5
76,239,3.28255,-1.07213,7
76,15,3.28255,-1.07213,7
76,275,-13.0313,-1.20638,2
76,103,3.28255,-1.07213,7
76,167,-6.90103,11.7833,1
76,419,12.975,16.0382,3
76,291,12.975,16.0382,3
76,443,-0.424353,-23.2557,5
76,295,12.975,16.0382,3
76,283,12.975,16.0382,3
76,299,3.28255,-1.07213,7
76,51,9.11467,9.37068,3
76,115,-0.424353,-23.2557,5
76,215,4.82164,0.960356,7
76,191,-13.0313,-1.20638,2
76,207,3.28255,-1.07213,7
76,179,3.28255,-1.07213,7
76,319,2.09312,17.5751,6
76,403,3.28255,-1.07213,7
76,375,-13.0313,-1.20638,2
76,435,-19.5372,13.4029,4
76,411,-6.90103,11.7833,1
76,219,2.09312,17.5751,6
76,287,3.28255,-1.07213,7
76,39,11.9864,14.2994,3
76,439,-0.243465,-19.6369,5
76,155,3.28255,-1.07213,7
76,171,3.77543,-0.202036,7
76,23,12.4846,15.1667,3
76,315,28,0,3
76,255,-6.90103,11.7833,1
76,183,3.28255,-1.07213,7
76,323,12.975,16.0382,3
76,311,-13.0313,-1.20638,2
76,211,3.28255,-1.07213,7
76,187,3.77553,-0.2021,7
76,3,12.4821,15.1681,3
76,11,3.28255,-1.07213,7
76,195,3.28255,-1.07213,7
76,387,-13.0313,-1.20638,2
76,31,3.28255,-1.07213,7
76,355,-0.408822,-22.9925,5
76,247,3.28255,-1.07213,7
76,303,3.28255,-1.07213,7
76,79,12.975,16.0382,3
76,175,12.975,16.0382,3
76,35,3.28255,-1.07213,7
76,71,5.25482,3.19682,7
76,47,3.28255,-1.07213,7
76,431,3.28255,-1.07213,7
76,415,3.28255,-1.07213,7
76,383,2.09312,17.5751,6
76,27,12.975,16.0382,3
76,99,3.28255,-1.07213,7
76,139,3.28255,-1.07213,7
76,339,-13.0313,-1.20638,2
76,271,3.28255,-1.07213,7
76,163,4.76157,1.53794,7
76,67,3.28255,-1.07213,7
76,359,2.09312,17.5751,6
76,203,3.91358,-0.700847,7
76,143,12.975,16.0382,3
77,207,3.28255,-1.07213,7
77,299,3.28255,-1.07213,7
77,131,3.28255,-1.07213,7
77,95,3.28255,-1.07213,7
77,443,-0.424353,-23.2557,5
77,407,-0.109111,-21.5317,5
77,275,-13.0313,-1.20638,2
77,139,3.28255,-1.07213,7
77,351,3.28255,-1.07213,7
77,439,-0.136483,-19.6513,5
77,83,3.28255,-1.07213,7
77,47,3.75225,-0.19026,7
77,219,2.09312,17.5751,6
77,103,3.28255,-1.07213,7
77,251,-0.424353,-23.2557,5
77,239,3.28255,-1.07213,7
77,339,-13.0313,-1.20638,2
77,107,3.28255,-1.07213,7
77,335,28,0,3
77,379,12.4829,15.1676,3
77,331,2.09312,17.5751,6
77,211,3.28255,-1.07213,7
77,311,-13.0313,-1.20638,2
77,227,3.28255,-1.07213,7
77,23,12.975,16.0382,3
77,163,3.28255,-1.07213,7
77,431,3.28255,-1.07213,7
77,347,12.975,16.0382,3
77,179,3.28255,-1.07213,7
77,315,28,0,3
77,215,4.07001,0.236283,7
77,263,-0.424353,-23.2557,5
77,11,3.28255,-1.07213,7
77,303,3.28255,-1.07213,7
77,155,3.28255,-1.07213,7
77,383,2.09312,17.5751,6
77,423,-0.381976,-23.0063,5
77,67,3.76724,-0.197555,7
77,87,11.6026,13.5598,3
77,419,12.975,16.0382,3
77,15,3.28255,-1.07213,7
77,391,3.28255,-1.07213,7
77,323,12.975,16.0382,3
77,7,12.975,16.0382,3
77,39,11.5077,13.4215,3
77,283,12.975,16.0382,3
77,151,12.975,16.0382,3
77,99,3.28255,-1.07213,7
77,27,12.4759,15.1717,3
77,191,-13.0313,-1.20638,2
77,235,4.26856,0.667916,7
77,159,3.28255,-1.07213,7
77,363,3.28255,-1.07213,7
77,243,12.975,16.0382,3
77,255,-6.90103,11.7833,1
77,111,3.28255,-1.07213,7
77,359,2.09312,17.5751,6
77,295,12.975,16.0382,3
77,371,12.975,16.0382,3
77,267,12.975,16.0382,3
77,343,12.975,16.0382,3
77,435,-19.5124,13.4401,4
77,327,-6.90103,11.7833,1
77,287,3.28255,-1.07213,7
77,403,3.28255,-1.07213,7
77,411,-6.90103,11.7833,1
77,135,12.975,16.0382,3
77,119,-13.0313,-1.20638,2
77,247,3.28255,-1.07213,7
77,271,3.28255,-1.07213,7
77,171,3.28255,-1.07213,7
77,19,3.28255,-1.07213,7
77,35,3.28255,-1.07213,7
77,387,-13.0313,-1.20638,2
77,167,-6.90103,11.7833,1
77,319,2.09312,17.5751,6
77,123,-0.424353,-23.2557,5
77,203,3.28255,-1.07213,7
77,415,3.28255,-1.07213,7
77,143,12.975,16.0382,3
77,115,-0.424353,-23.2557,5
77,59,3.28255,-1.07213,7
77,75,12.975,16.0382,3
77,31,3.28255,-1.07213,7
77,291,12.975,16.0382,3
77,91,12.975,16.0382,3
77,79,12.975,16.0382,3
77,55,12.975,16.0382,3
77,427,3.28255,-1.07213,7
77,195,3.28255,-1.07213,7
77,259,3.28255,-1.07213,7
77,279,3.28255,-1.07213,7
77,3,11.8536,15.2033,3
77,367,-20.8477,14.7906,4
77,63,3.28255,-1.07213,7
77,187,3.28255,-1.07213,7
77,375,-13.0313,-1.20638,2
77,175,12.3615,15.2843,3
77,307,3.28255,-1.07213,7
77,51,9.95978,9.00272,3
77,395,12.975,16.0382,3
77,223,-0.424353,-23.2557,5
77,183,3.28255,-1.07213,7
77,199,-6.90103,11.7833,1
77,147,12.4821,15.1681,3
77,355,-0.395711,-22.994,5
77,231,12.975,16.0382,3
77,71,5.06795,2.20121,7
77,399,-0.424353,-23.2557,5
77,43,11.3685,13.6231,3
77,127,3.28255,-1.07213,7
78,187,3.28255,-1.07213,7
78,359,2.09312,17.5751,6
78,347,12.975,16.0382,3
78,271,3.28255,-1.07213,7
78,423,-0.382523,-23.0062,5
78,227,3.28255,-1.07213,7
78,259,3.28255,-1.07213,7
78,35,3.28255,-1.07213,7
78,191,-13.0313,-1.20638,2
78,207,3.28255,-1.07213,7
78,99,3.28255,-1.07213,7
78,295,12.975,16.0382,3
78,103,3.28255,-1.07213,7
78,435,-19.4927,13.47,4
78,363,3.28255,-1.07213,7
78,283,12.975,16.0382,3
78,47,3.28255,-1.07213,7
78,95,3.28255,-1.07213,7
78,355,-0.374392,-22.9984,5
78,123,-0.424353,-23.2557,5
78,399,-0.424353,-23.2557,5
78,139,3.28255,-1.07213,7
78,247,3.28255,-1.07213,7
78,63,3.28255,-1.07213,7
78,115,-0.424353,-23.2557,5
78,183,3.28255,-1.07213,7
78,231,12.975,16.0382,3
78,327,-6.90103,11.7833,1
78,407,-0.105736,-21.5323,5
78,243,12.4821,15.1681,3
78,11,3.28255,-1.07213,7
78,143,12.975,16.0382,3
78,379,11.952,14.3205,3
78,19,3.28255,-1.07213,7
78,443,-0.424353,-23.2557,5
78,287,3.28255,-1.07213,7
78,87,12.4742,15.1737,3
78,339,-13.0313,-1.20638,2
78,375,-13.0313,-1.20638,2
78,131,3.28255,-1.07213,7
78,315,28,0,3
78,175,12.0073,14.3483,3
78,387,-13.0313,-1.20638,2
78,395,12.975,16.0382,3
78,255,-6.90103,11.7833,1
78,367,-20.866,14.7593,4
78,299,3.28255,-1.07213,7
78,291,12.975,16.0382,3
78,427,3.28255,-1.07213,7
78,371,12.975,16.0382,3
78,391,3.28255,-1.07213,7
78,75,12.975,16.0382,3
78,343,12.975,16.0382,3
78,223,-0.424353,-23.2557,5
78,67,3.28255,-1.07213,7
78,159,3.28255,-1.07213,7
78,3,12.7436,15.7396,3
78,319,2.09312,17.5751,6
78,155,3.28255,-1.07213,7
78,275,-13.0313,-1.20638,2
78,303,3.28255,-1.07213,7
78,179,3.28255,-1.07213,7
78,351,3.28255,-1.07213,7
78,431,3.28255,-1.07213,7
78,415,3.28255,-1.07213,7
78,211,3.28255,-1.07213,7
78,15,3.28255,-1.07213,7
78,403,3.28255,-1.07213,7
78,199,-6.90103,11.7833,1
78,279,3.28255,-1.07213,7
78,203,3.28255,-1.07213,7
78,71,4.58094,1.32816,7
78,311,-13.0313,-1.20638,2
78,267,12.975,16.0382,3
78,23,12.975,16.0382,3
78,263,-0.424353,-23.2557,5
78,235,3.28255,-1.07213,7
78,171,3.28255,-1.07213,7
78,439,-0.0571611,-19.6626,5
78,419,12.975,16.0382,3
78,195,3.28255,-1.07213,7
78,335,28,0,3
78,151,12.975,16.0382,3
78,27,11.9968,14.294,3
78,39,11.9937,14.2955,3
78,167,-6.90103,11.7833,1
78,43,10.9294,12.722,3
78,51,8.96767,8.64787,3
78,251,-0.424353,-23.2557,5
78,219,2.09312,17.5751,6
78,383,2.09312,17.5751,6
78,239,3.66844,-0.282826,7
78,31,3.28255,-1.07213,7
78,111,3.28255,-1.07213,7
78,147,11.9968,14.294,3
78,323,12.4636,15.1796,3
78,119,-13.0313,-1.20638,2
78,135,12.4807,15.1689,3
78,307,3.28255,-1.07213,7
78,83,3.28255,-1.07213,7
78,7,12.4796,15.1706,3
78,91,12.4811,15.1689,3
78,107,3.28255,-1.07213,7
78,411,-6.90103,11.7833,1
78,163,3.77417,-0.201325,7
78,59,3.28255,-1.07213,7
78,331,2.09312,17.5751,6
78,79,12.975,16.0382,3
78,215,3.3106,-0.96803,7
78,55,12.975,16.0382,3
78,127,3.28255,-1.07213,7
79,271,3.28255,-1.07213,7
79,23,12.975,16.0382,3
79,263,-0.424353,-23.2557,5
79,419,12.975,16.0382,3
79,75,12.975,16.0382,3
79,83,3.28255,-1.07213,7
79,291,12.975,16.0382,3
79,7,11.9895,14.2989,3
79,31,3.28255,-1.07213,7
79,315,28,0,3
79,439,0.00163705,-19.6714,5
79,95,3.28255,-1.07213,7
79,231,12.975,16.0382,3
79,119,-13.0313,-1.20638,2
79,331,2.09312,17.5751,6
79,347,12.4755,15.1719,3
79,431,3.28255,-1.07213,7
79,307,3.28255,-1.07213,7
79,335,28,0,3
79,311,-13.0313,-1.20638,2
79,299,3.28255,-1.07213,7
79,327,-6.90103,11.7833,1
79,151,12.975,16.0382,3
79,167,-6.90103,11.7833,1
79,383,2.09312,17.5751,6
79,99,3.28255,-1.07213,7
79,127,3.28255,-1.07213,7
79,259,3.28255,-1.07213,7
79,319,2.09312,17.5751,6
79,67,3.77596,-0.20234,7
79,11,3.28255,-1.07213,7
79,195,3.28255,-1.07213,7
79,279,3.28255,-1.07213,7
79,55,12.975,16.0382,3
79,135,12.975,16.0382,3
79,303,3.28255,-1.07213,7
79,39,12.4835,15.1673,3
79,171,3.28255,-1.07213,7
79,427,3.28255,-1.07213,7
79,367,-20.8532,14.7833,4
79,403,3.28255,-1.07213,7
79,371,12.975,16.0382,3
79,435,-19.4769,13.4939,4
79,199,-6.90103,11.7833,1
79,343,12.975,16.0382,3
79,355,-0.379821,-22.9975,5
79,59,3.78109,-0.205329,7
79,223,-0.424353,-23.2557,5
79,391,3.28255,-1.07213,7
79,215,3.28255,-1.07213,7
79,87,12.975,16.0382,3
79,411,-6.90103,11.7833,1
79,47,3.21511,-0.451817,7
79,323,12.975,16.0382,3
79,147,11.5003,13.4259,3
79,191,-13.0313,-1.20638,2
79,251,-0.424353,-23.2557,5
79,107,3.77474,-0.201654,7
79,111,3.28255,-1.07213,7
79,131,3.28255,-1.07213,7
79,267,12.975,16.0382,3
79,187,3.28255,-1.07213,7
79,79,12.975,16.0382,3
79,3,12.4786,15.1712,3
79,163,3.28255,-1.07212,7
79,143,12.975,16.0382,3
79,243,12.975,16.0382,3
79,19,3.77563,-0.202151,7
79,71,5.088,2.19027,7
79,443,-0.424353,-23.2557,5
79,91,12.975,16.0382,3
79,375,-13.0313,-1.20638,2
79,255,-6.90103,11.7833,1
79,123,-0.424353,-23.2557,5
79,115,-0.424353,-23.2557,5
79,247,3.28255,-1.07213,7
79,211,3.28255,-1.07213,7
79,139,3.28255,-1.07213,7
79,103,3.28255,-1.07213,7
79,179,3.28255,-1.07213,7
79,63,3.28255,-1.07213,7
79,239,3.28255,-1.07213,7
79,423,-0.379684,-23.0067,5
79,227,3.28255,-1.07213,7
79,159,3.77508,-0.201843,7
79,295,12.975,16.0382,3
79,287,3.77488,-0.201725,7
79,283,12.975,16.0382,3
79,35,3.28255,-1.07213,7
79,175,12.4812,15.1697,3
79,395,12.975,16.0382,3
79,339,-13.0313,-1.20638,2
79,407,-0.117469,-21.5303,5
79,235,3.77543,-0.202038,7
79,207,3.77548,-0.202068,7
79,15,3.28255,-1.07213,7
79,379,11.9692,14.3108,3
79,399,-0.424353,-23.2557,5
79,43,11.5063,13.5408,3
79,27,11.281,14.4309,3
79,359,2.09312,17.5751,6
79,275,-13.0313,-1.20638,2
79,183,3.28255,-1.07213,7
79,203,3.28255,-1.07213,7
79,415,3.28255,-1.07213,7
79,155,3.28255,-1.07213,7
79,387,-13.0313,-1.20638,2
79,51,9.77547,8.33797,3
79,351,3.28255,-1.07213,7
79,363,3.28255,-1.07213,7
79,219,2.09312,17.5751,6
80,251,-0.424353,-23.2557,5
80,191,-13.0313,-1.20638,2
80,395,12.975,16.0382,3
80,295,12.975,16.0382,3
80,375,-13.0313,-1.20638,2
80,407,-0.124582,-21.5291,5
80,79,12.975,16.0382,3
80,83,3.28255,-1.07213,7
80,359,2.09312,17.5751,6
80,311,-13.0313,-1.20638,2
80,187,3.69408,-0.163349,7
80,419,12.975,16.0382,3
80,371,12.975,16.0382,3
80,87,12.4127,15.2113,3
80,387,-13.0313,-1.20638,2
80,35,3.28255,-1.07213,7
80,275,-13.0313,-1.20638,2
80,443,-0.424353,-23.2557,5
80,67,3.28255,-1.07213,7
80,331,2.09312,17.5751,6
80,11,3.28255,-1.07213,7
80,255,-6.90103,11.7833,1
80,259,3.28255,-1.07213,7
80,319,2.09312,17.5751,6
80,75,12.975,16.0382,3
80,99,3.77512,-0.201862,7
80,139,3.28255,-1.07213,7
80,379,12.6651,15.4378,3
80,343,12.975,16.0382,3
80,119,-13.0313,-1.20638,2
80,175,11.9905,14.2984,3
80,307,3.28255,-1.07213,7
80,271,3.28255,-1.07213,7
80,351,3.28255,-1.07213,7
80,315,28,0,3
80,323,12.4744,15.1726,3
80,3,11.9874,14.3002,3
80,19,3.28255,-1.07213,7
80,383,2.09312,17.5751,6
80,399,-0.424353,-23.2557,5
80,367,-20.8846,14.7323,4
80,223,-0.424353,-23.2557,5
80,279,3.28255,-1.07213,7
80,423,-0.379144,-23.0068,5
80,91,12.5063,15.2149,3
80,39,12.4828,15.1677,3
80,403,3.28255,-1.07213,7
80,111,3.28255,-1.07213,7
80,243,12.975,16.0382,3
80,107,3.28256,-1.07212,7
80,143,12.975,16.0382,3
80,31,3.28255,-1.07213,7
80,231,12.975,16.0382,3
80,155,3.28255,-1.07213,7
80,211,3.28255,-1.07213,7
80,303,3.28255,-1.07213,7
80,335,28,0,3
80,95,3.28255,-1.07213,7
80,339,-13.0313,-1.20638,2
80,115,-0.424353,-23.2557,5
80,59,3.28255,-1.07213,7
80,47,3.84524,0.351345,7
80,267,12.5656,15.3127,3
80,299,3.28255,-1.07213,7
80,103,3.28255,-1.07213,7
80,147,11.9867,14.2996,3
80,63,3.28255,-1.07213,7
80,347,11.7196,14.8552,3
80,415,3.28255,-1.07213,7
80,291,12.975,16.0382,3
80,431,3.28255,-1.07213,7
80,355,-0.380898,-22.9973,5
80,439,0.0581472,-19.6807,5
80,159,4.26748,0.668527,7
80,7,11.4995,13.4272,3
80,207,3.28255,-1.07213,7
80,247,3.28255,-1.07213,7
80,391,3.28255,-1.07213,7
80,135,12.4827,15.1677,3
80,71,5.59358,3.05315,7
80,203,3.28255,-1.07213,7
80,199,-6.90103,11.7833,1
80,163,3.77203,-0.200136,7
80,43,11.7506,14.9419,3
80,227,3.28255,-1.07213,7
80,215,3.28255,-1.07213,7
80,435,-19.3522,13.9307,4
80,131,3.28255,-1.07213,7
80,239,3.28255,-1.07213,7
80,179,3.28255,-1.07213,7
80,151,12.975,16.0382,3
80,427,3.28255,-1.07213,7
80,167,-6.90103,11.7833,1
80,23,12.4724,15.1749,3
80,55,12.975,16.0382,3
80,195,3.28255,-1.07213,7
80,327,-6.90103,11.7833,1
80,183,3.28255,-1.07213,7
80,171,3.28255,-1.07213,7
80,263,-0.424353,-23.2557,5
80,219,2.09312,17.5751,6
80,411,-6.90103,11.7833,1
80,363,3.28255,-1.07213,7
80,51,10.0161,9.34416,3
80,15,3.28255,-1.07213,7
80,27,12.2084,14.9125,3
80,235,3.28259,-1.07205,7
80,123,-0.424353,-23.2557,5
80,287,3.2787,-0.438848,7
80,127,3.28255,-1.07213,7
80,283,12.975,16.0382,3
81,55,12.975,16.0382,3
81,427,3.28255,-1.07213,7
81,291,12.975,16.0382,3
81,187,3.28255,-1.07213,7
81,115,-0.424353,-23.2557,5
81,159,3.74024,-0.176282,7
81,235,3.28255,-1.07213,7
81,379,12.975,16.0382,3
81,327,-6.90103,11.7833,1
81,371,12.975,16.0382,3
81,271,3.28255,-1.07213,7
81,203,3.28255,-1.07213,7
81,63,3.28255,-1.07213,7
81,99,3.77543,-0.202038,7
81,211,3.28255,-1.07213,7
81,303,3.28255,-1.07213,7
81,279,3.28255,-1.07213,7
81,435,-19.3861,13.8757,4
81,47,3.73591,-0.186019,7
81,311,-13.0313,-1.20638,2
81,7,11.991,14.2981,3
81,191,-13.0313,-1.20638,2
81,119,-13.0313,-1.20638,2
81,339,-13.0313,-1.20638,2
81,355,-0.381112,-22.9972,5
81,347,12.2038,14.6885,3
81,375,-13.0313,-1.20638,2
81,415,3.28255,-1.07213,7
81,3,11.4953,13.4296,3
81,79,12.975,16.0382,3
81,387,-13.0313,-1.20638,2
81,315,28,0,3
81,27,12.975,16.0382,3
81,87,12.975,16.0382,3
81,267,12.975,16.0382,3
81,39,12.975,16.0382,3
81,239,3.28255,-1.07213,7
81,395,12.975,16.0382,3
81,295,12.975,16.0382,3
81,423,-0.376344,-23.0073,5
81,331,2.09312,17.5751,6
81,75,12.975,16.0382,3
81,335,28,0,3
81,175,11.4987,13.4276,3
81,67,3.7752,-0.201906,7
81,147,12.4833,15.1674,3
81,307,3.28255,-1.07213,7
81,411,-6.90103,11.7833,1
81,243,12.975,16.0382,3
81,343,12.975,16.0382,3
81,143,12.975,16.0382,3
81,51,10.3132,10.3202,3
81,363,3.28255,-1.07213,7
81,443,-0.424353,-23.2557,5
81,91,12.975,16.0382,3
81,155,3.28255,-1.07213,7
81,319,2.09312,17.5751,6
81,431,3.28255,-1.07213,7
81,111,3.28255,-1.07213,7
81,227,3.28255,-1.07213,7
81,163,3.30467,-0.969502,7
81,151,12.975,16.0382,3
81,403,3.28255,-1.07213,7
81,183,3.28255,-1.07213,7
81,43,12.606,15.5381,3
81,259,3.28255,-1.07213,7
81,283,12.975,16.0382,3
81,179,3.28255,-1.07213,7
81,131,3.28255,-1.07213,7
81,11,3.28255,-1.07213,7
81,31,3.28255,-1.07213,7
81,383,2.09312,17.5751,6
81,391,3.28255,-1.07213,7
81,367,-20.8936,14.7172,4
81,139,3.28255,-1.07213,7
81,215,3.12083,-0.57954,7
81,359,2.09312,17.5751,6
81,15,3.49088,-0.165592,7
81,95,3.28255,-1.07213,7
81,219,2.09312,17.5751,6
81,107,3.28255,-1.07213,7
81,275,-13.0313,-1.20638,2
81,83,3.28255,-1.07213,7
81,103,3.28255,-1.07213,7
81,399,-0.424353,-23.2557,5
81,323,12.975,16.0382,3
81,71,6.09162,3.92033,7
81,127,3.28255,-1.07213,7
81,123,-0.424353,-23.2557,5
81,439,-0.198942,-21.6639,5
81,223,-0.424353,-23.2557,5
81,59,3.28255,-1.07213,7
81,171,3.28255,-1.07213,7
81,299,3.28255,-1.07213,7
81,231,12.975,16.0382,3
81,35,3.28255,-1.07213,7
81,199,-6.90103,11.7833,1
81,195,3.28255,-1.07213,7
81,419,12.975,16.0382,3
81,251,-0.424353,-23.2557,5
81,23,12.975,16.0382,3
81,287,3.28255,-1.07213,7
81,263,-0.424353,-23.2557,5
81,255,-6.90103,11.7833,1
81,407,-0.128892,-21.5283,5
81,247,3.28255,-1.07213,7
81,19,3.28255,-1.07213,7
81,135,11.725,14.8533,3
81,167,-6.90103,11.7833,1
81,207,3.76468,-0.196227,7
81,351,3.28255,-1.07213,7
82,19,3.28255,-1.07213,7
82,419,12.975,16.0382,3
82,239,3.28255,-1.07213,7
82,219,2.09312,17.5751,6
82,119,-13.0313,-1.20638,2
82,195,3.28255,-1.07213,7
82,203,3.77543,-0.202038,7
82,359,2.09312,17.5751,6
82,251,-0.424353,-23.2557,5
82,295,12.975,16.0382,3
82,247,3.28255,-1.07213,7
82,423,-0.424353,-23.2557,5
82,63,3.28255,-1.07213,7
82,303,3.28255,-1.07213,7
82,411,-6.90103,11.7833,1
82,271,3.28255,-1.07213,7
82,199,-6.90103,11.7833,1
82,259,3.28255,-1.07213,7
82,79,12.975,16.0382,3
82,267,12.4817,15.1683,3
82,111,3.28255,-1.07213,7
82,7,12.7429,15.7226,3
82,407,-0.131505,-21.5279,5
82,47,3.28255,-1.07213,7
82,399,-0.424353,-23.2557,5
82,55,12.975,16.0382,3
82,291,12.975,16.0382,3
82,287,3.15842,-0.631024,7
82,299,3.28255,-1.07213,7
82,439,-0.424353,-23.2557,5
82,223,-0.424353,-23.2557,5
82,311,-13.0313,-1.20638,2
82,279,3.28255,-1.07213,7
82,319,2.09312,17.5751,6
82,123,-0.424353,-23.2557,5
82,179,3.28255,-1.07213,7
82,375,-13.0313,-1.20638,2
82,87,12.4818,15.1683,3
82,27,12.975,16.0382,3
82,15,3.28255,-1.07213,7
82,415,3.28255,-1.07213,7
82,71,5.53132,3.09299,7
82,107,3.28255,-1.07213,7
82,243,12.975,16.0382,3
82,323,12.975,16.0382,3
82,327,-6.90103,11.7833,1
82,335,28,0,3
82,11,3.28255,-1.07213,7
82,275,-13.0313,-1.20638,2
82,395,12.975,16.0382,3
82,255,-6.90103,11.7833,1
82,343,12.975,16.0382,3
82,163,3.28255,-1.07213,7
82,339,-13.0313,-1.20638,2
82,51,9.73371,9.49834,3
82,427,3.28255,-1.07213,7
82,143,12.975,16.0382,3
82,227,3.28255,-1.07213,7
82,115,-0.424353,-23.2557,5
82,147,12.975,16.0382,3
82,67,3.76347,-0.195575,7
82,435,-19.4079,13.8401,4
82,191,-13.0313,-1.20638,2
82,391,3.77538,-0.202013,7
82,99,3.28255,-1.07213,7
82,127,3.28255,-1.07213,7
82,103,3.28255,-1.07213,7
82,31,3.28255,-1.07213,7
82,215,3.28255,-1.07213,7
82,371,12.975,16.0382,3
82,383,2.09312,17.5751,6
82,363,3.28255,-1.07213,7
82,75,12.975,16.0382,3
82,171,3.28255,-1.07213,7
82,351,3.28255,-1.07213,7
82,283,12.975,16.0382,3
82,139,3.28255,-1.07213,7
82,23,12.4075,15.2287,3
82,431,3.28255,-1.07213,7
82,403,3.28255,-1.07213,7
82,39,12.344,15.316,3
82,131,3.28255,-1.07213,7
82,315,28,0,3
82,59,3.28255,-1.07213,7
82,231,12.975,16.0382,3
82,355,-0.378134,-22.9978,5
82,43,12.5513,15.2998,3
82,443,-0.424353,-23.2557,5
82,183,3.28255,-1.07213,7
82,331,2.09312,17.5751,6
82,35,3.28255,-1.07213,7
82,235,3.28255,-1.07213,7
82,307,3.28255,-1.07213,7
82,367,-20.9142,14.6842,4
82,379,12.975,16.0382,3
82,207,4.26189,0.671424,7
82,175,11.5138,14.2074,3
82,347,12.7014,15.556,3
82,387,-13.0313,-1.20638,2
82,263,-0.424353,-23.2557,5
82,187,3.28255,-1.07213,7
82,211,3.28255,-1.07213,7
82,3,11.9883,14.2996,3
82,155,3.28255,-1.07213,7
82,83,3.28255,-1.07213,7
82,159,3.77538,-0.202013,7
82,91,12.975,16.0382,3
82,151,12.975,16.0382,3
82,95,3.77534,-0.201987,7
82,167,-6.90103,11.7833,1
82,135,12.5349,15.4954,3
83,343,12.975,16.0382,3
83,431,3.28255,-1.07213,7
83,111,3.28255,-1.07213,7
83,235,3.77054,-0.199552,7
83,323,12.975,16.0382,3
83,11,3.28255,-1.07213,7
83,391,3.28255,-1.07213,7
83,87,12.975,16.0382,3
83,115,-0.424353,-23.2557,5
83,251,-0.424353,-23.2557,5
83,83,3.28255,-1.07213,7
83,367,-20.9294,14.6602,4
83,335,28,0,3
83,339,-13.0313,-1.20638,2
83,215,3.28255,-1.07213,7
83,383,2.09312,17.5751,6
83,95,4.25625,0.674311,7
83,59,3.18239,-0.669129,7
83,167,-6.90103,11.7833,1
83,359,2.09312,17.5751,6
83,351,3.28255,-1.07213,7
83,331,2.09312,17.5751,6
83,363,3.28255,-1.07213,7
83,27,12.975,16.0382,3
83,183,3.28255,-1.07213,7
83,123,-0.424353,-23.2557,5
83,259,3.28255,-1.07213,7
83,171,3.76989,-0.198965,7
83,203,3.28255,-1.07213,7
83,275,-13.0313,-1.20638,2
83,303,3.28255,-1.07213,7
83,7,12.2115,14.8807,3
83,403,3.28255,-1.07213,7
83,155,3.28255,-1.07213,7
83,279,3.28255,-1.07213,7
83,67,3.28255,-1.07213,7
83,319,2.09312,17.5751,6
83,219,2.09312,17.5751,6
83,315,28,0,3
83,131,3.28255,-1.07213,7
83,415,3.28255,-1.07213,7
83,147,12.4343,15.2021,3
83,179,3.28255,-1.07213,7
83,191,-13.0313,-1.20638,2
83,311,-13.0313,-1.20638,2
83,31,3.28255,-1.07213,7
83,175,12.2204,14.9379,3
83,199,-6.90103,11.7833,1
83,103,3.47132,-0.18477,7
83,127,3.28255,-1.07213,7
83,395,12.975,16.0382,3
83,255,-6.90103,11.7833,1
83,327,-6.90103,11.7833,1
83,375,-13.0313,-1.20638,2
83,75,12.975,16.0382,3
83,263,-0.424353,-23.2557,5
83,291,12.975,16.0382,3
83,107,3.28255,-1.07213,7
83,247,3.28255,-1.07213,7
83,15,3.77065,-0.199392,7
83,55,12.975,16.0382,3
83,151,12.975,16.0382,3
83,435,-19.4309,13.8035,4
83,439,-0.424353,-23.2557,5
83,43,12.975,16.0382,3
83,407,-0.133088,-21.5276,5
83,39,12.975,16.0382,3
83,427,3.28255,-1.07213,7
83,139,3.28255,-1.07213,7
83,379,12.7082,15.5523,3
83,271,3.28255,-1.07213,7
83,71,5.05876,2.21168,7
83,411,-6.90103,11.7833,1
83,239,3.28255,-1.07213,7
83,211,3.28255,-1.07213,7
83,143,12.975,16.0382,3
83,347,12.975,16.0382,3
83,63,3.28255,-1.07213,7
83,443,-0.424353,-23.2557,5
83,135,12.975,16.0382,3
83,207,3.77054,-0.199552,7
83,287,3.78553,0.172767,7
83,91,12.975,16.0382,3
83,99,3.28255,-1.07213,7
83,35,3.28255,-1.07213,7
83,371,12.975,16.0382,3
83,267,12.975,16.0382,3
83,159,3.77054,-0.199552,7
83,47,3.28255,-1.07213,7
83,195,3.28255,-1.07213,7
83,119,-13.0313,-1.20638,2
83,387,-13.0313,-1.20638,2
83,243,12.975,16.0382,3
83,223,-0.424353,-23.2557,5
83,231,12.975,16.0382,3
83,187,3.45537,-0.827321,7
83,227,3.28255,-1.07213,7
83,51,10.1136,10.4304,3
83,423,-0.424353,-23.2557,5
83,307,3.28255,-1.07213,7
83,295,12.975,16.0382,3
83,163,3.28255,-1.07213,7
83,283,12.975,16.0382,3
83,3,12.4461,15.198,3
83,299,3.28255,-1.07213,7
83,355,-0.378109,-22.9978,5
83,19,3.28255,-1.07213,7
83,419,12.975,16.0382,3
83,79,12.975,16.0382,3
83,23,11.948,14.3393,3
83,399,-0.424353,-23.2557,5
84,239,3.28255,-1.07213,7
84,95,3.77309,-0.201233,7
84,403,3.28255,-1.07213,7
84,91,12.975,16.0382,3
84,411,-6.90103,11.7833,1
84,63,3.28255,-1.07213,7
84,367,-20.9404,14.6427,4
84,279,3.28255,-1.07213,7
84,439,-0.424353,-23.2557,5
84,83,3.28255,-1.07213,7
84,315,28,0,3
84,379,12.0627,15.4256,3
84,243,12.4817,15.1683,3
84,135,12.4483,15.1905,3
84,199,-6.90103,11.7833,1
84,175,12.975,16.0382,3
84,155,3.28255,-1.07213,7
84,347,12.975,16.0382,3
84,355,-0.424353,-23.2557,5
84,375,-13.0313,-1.20638,2
84,307,3.28255,-1.07213,7
84,387,-13.0313,-1.20638,2
84,339,-13.0313,-1.20638,2
84,227,3.28255,-1.07213,7
84,303,3.28255,-1.07213,7
84,195,3.28255,-1.07213,7
84,139,3.28255,-1.07213,7
84,51,9.56057,9.59437,3
84,3,12.975,16.0382,3
84,11,3.28255,-1.07213,7
84,59,3.28255,-1.07213,7
84,275,-13.0313,-1.20638,2
84,283,12.975,16.0382,3
84,35,3.28255,-1.07213,7
84,99,3.28255,-1.07213,7
84,399,-0.424353,-23.2557,5
84,251,-0.424353,-23.2557,5
84,295,12.975,16.0382,3
84,179,3.28255,-1.07213,7
84,259,3.28255,-1.07213,7
84,323,12.4816,15.1684,3
84,171,3.28255,-1.07213,7
84,127,3.28255,-1.07213,7
84,103,3.77543,-0.202038,7
84,167,-6.90103,11.7833,1
84,271,3.28255,-1.07213,7
84,67,3.28255,-1.07213,7
84,311,-13.0313,-1.20638,2
84,427,3.28255,-1.07213,7
84,351,3.28255,-1.07213,7
84,131,3.28255,-1.07213,7
84,287,3.42376,-0.763407,7
84,335,28,0,3
84,159,4.24491,0.68036,7
84,319,2.09312,17.5751,6
84,215,3.28255,-1.07213,7
84,143,12.975,16.0382,3
84,7,12.7788,15.7058,3
84,263,-0.424353,-23.2557,5
84,111,3.28255,-1.07213,7
84,183,3.28255,-1.07213,7
84,391,3.28255,-1.07213,7
84,299,3.28255,-1.07213,7
84,207,4.26472,0.66981,7
84,443,-0.424353,-23.2557,5
84,203,3.50037,-0.174598,7
84,27,12.975,16.0382,3
84,211,3.28255,-1.07213,7
84,235,3.28255,-1.07213,7
84,79,12.975,16.0382,3
84,147,11.9619,14.3202,3
84,119,-13.0313,-1.20638,2
84,255,-6.90103,11.7833,1
84,415,3.28255,-1.07213,7
84,47,3.28255,-1.07213,7
84,359,2.09312,17.5751,6
84,39,12.4821,15.1681,3
84,55,12.975,16.0382,3
84,231,12.975,16.0382,3
84,407,-0.123577,-21.5293,5
84,435,-19.4329,13.8001,4
84,419,12.975,16.0382,3
84,23,11.4714,13.4599,3
84,75,12.975,16.0382,3
84,267,12.4821,15.1681,3
84,19,3.28255,-1.07213,7
84,31,3.28255,-1.07213,7
84,163,3.28255,-1.07213,7
84,395,12.975,16.0382,3
84,191,-13.0313,-1.20638,2
84,291,12.975,16.0382,3
84,383,2.09312,17.5751,6
84,71,5.55777,3.07837,7
84,115,-0.424353,-23.2557,5
84,223,-0.424353,-23.2557,5
84,431,3.28255,-1.07213,7
84,151,12.975,16.0382,3
84,331,2.09312,17.5751,6
84,87,12.4821,15.1681,3
84,343,12.975,16.0382,3
84,423,-0.424353,-23.2557,5
84,43,12.975,16.0382,3
84,187,3.43794,-0.811633,7
84,363,3.28255,-1.07213,7
84,107,3.28255,-1.07213,7
84,371,12.975,16.0382,3
84,247,3.28255,-1.07213,7
84,219,2.09312,17.5751,6
84,327,-6.90103,11.7833,1
84,15,3.34879,-1.00693,7
84,123,-0.424353,-23.2557,5
85,235,3.28255,-1.07213,7
85,123,-0.424353,-23.2557,5
85,87,12.6041,15.3879,3
85,107,3.28255,-1.07213,7
85,103,3.28255,-1.07213,7
85,379,11.7385,14.4487,3
85,347,12.3143,15.5723,3
85,291,12.975,16.0382,3
85,15,3.28255,-1.07213,7
85,171,3.28255,-1.07213,7
85,395,12.975,16.0382,3
85,423,-0.424353,-23.2557,5
85,27,12.975,16.0382,3
85,411,-6.90103,11.7833,1
85,203,3.28255,-1.07213,7
85,35,3.28255,-1.07213,7
85,183,3.28255,-1.07213,7
85,335,28,0,3
85,195,3.28255,-1.07213,7
85,331,2.09312,17.5751,6
85,151,12.975,16.0382,3
85,271,3.28255,-1.07213,7
85,83,3.28255,-1.07213,7
85,95,3.6782,0.27072,7
85,387,-13.0313,-1.20638,2
85,299,3.28255,-1.07213,7
85,427,3.28255,-1.07213,7
85,431,3.28255,-1.07213,7
85,311,-13.0313,-1.20638,2
85,47,3.28255,-1.07213,7
85,439,-0.424353,-23.2557,5
85,219,2.09312,17.5751,6
85,91,12.975,16.0382,3
85,403,3.28255,-1.07213,7
85,359,2.09312,17.5751,6
85,155,3.28255,-1.07213,7
85,59,3.28255,-1.07213,7
85,407,-0.12829,-21.5285,5
85,279,3.28255,-1.07213,7
85,263,-0.424353,-23.2557,5
85,327,-6.90103,11.7833,1
85,131,3.28255,-1.07213,7
85,231,12.975,16.0382,3
85,3,12.975,16.0382,3
85,435,-19.4454,13.78,4
85,23,10.9882,12.5843,3
85,71,6.08929,3.92563,7
85,283,12.975,16.0382,3
85,419,12.975,16.0382,3
85,383,2.09312,17.5751,6
85,415,3.28255,-1.07213,7
85,79,12.975,16.0382,3
85,443,-0.424353,-23.2557,5
85,343,12.975,16.0382,3
85,399,-0.424353,-23.2557,5
85,99,3.28255,-1.07213,7
85,367,-20.9438,14.6373,4
85,371,12.975,16.0382,3
85,187,3.28255,-1.07213,7
85,303,3.28255,-1.07213,7
85,11,3.28255,-1.07213,7
85,167,-6.90103,11.7833,1
85,239,3.74198,-0.185846,7
85,55,12.975,16.0382,3
85,67,3.36196,-0.967597,7
85,307,3.28255,-1.07213,7
85,7,12.975,16.0382,3
85,255,-6.90103,11.7833,1
85,179,3.28255,-1.07213,7
85,287,3.92918,0.0996523,7
85,251,-0.424353,-23.2557,5
85,51,10.944,12.2557,3
85,295,12.975,16.0382,3
85,135,12.6041,15.3879,3
85,159,3.64316,-0.0560888,7
85,259,3.28255,-1.07213,7
85,31,3.28255,-1.07213,7
85,139,3.28255,-1.07213,7
85,339,-13.0313,-1.20638,2
85,199,-6.90103,11.7833,1
85,215,3.28255,-1.07213,7
85,227,3.28255,-1.07213,7
85,63,3.77131,-0.199747,7
85,267,11.7737,14.5367,3
85,355,-0.424353,-23.2557,5
85,207,3.77497,-0.202068,7
85,223,-0.424353,-23.2557,5
85,127,3.28255,-1.07213,7
85,163,3.28255,-1.07213,7
85,39,11.9889,14.2982,3
85,115,-0.424353,-23.2557,5
85,391,3.28255,-1.07213,7
85,143,12.975,16.0382,3
85,175,12.975,16.0382,3
85,323,12.975,16.0382,3
85,351,3.28255,-1.07213,7
85,319,2.09312,17.5751,6
85,111,3.28255,-1.07213,7
85,247,3.28255,-1.07213,7
85,119,-13.0313,-1.20638,2
85,375,-13.0313,-1.20638,2
85,43,12.4821,15.1681,3
85,19,3.28255,-1.07213,7
85,243,11.989,14.2981,3
85,75,12.975,16.0382,3
85,315,28,0,3
85,275,-13.0313,-1.20638,2
85,191,-13.0313,-1.20638,2
85,363,3.28255,-1.07213,7
85,147,11.1869,13.7477,3
85,211,3.28255,-1.07213,7
86,223,-0.424353,-23.2557,5
86,175,12.426,15.2096,3
86,199,-6.90103,11.7833,1
86,231,12.975,16.0382,3
86,411,-6.90103,11.7833,1
86,15,3.28255,-1.07213,7
86,251,-0.424353,-23.2557,5
86,79,12.975,16.0382,3
86,99,3.28255,-1.07213,7
86,359,2.09312,17.5751,6
86,379,12.3405,15.2419,3
86,123,-0.424353,-23.2557,5
86,263,-0.424353,-23.2557,5
86,91,12.4773,15.1709,3
86,367,-20.951,14.6261,4
86,71,5.62522,3.03999,7
86,247,3.28255,-1.07213,7
86,27,12.3307,15.3466,3
86,415,3.28255,-1.07213,7
86,55,12.975,16.0382,3
86,243,12.4927,15.1616,3
86,227,3.28255,-1.07213,7
86,127,3.28255,-1.07213,7
86,307,3.28255,-1.07213,7
86,259,3.28255,-1.07213,7
86,439,-0.424353,-23.2557,5
86,319,2.09312,17.5751,6
86,159,3.77118,0.832521,7
86,323,12.4816,15.1684,3
86,343,12.975,16.0382,3
86,283,12.975,16.0382,3
86,47,3.28255,-1.07213,7
86,147,10.8075,12.8108,3
86,403,3.28255,-1.07213,7
86,135,12.975,16.0382,3
86,275,-13.0313,-1.20638,2
86,311,-13.0313,-1.20638,2
86,75,12.975,16.0382,3
86,331,2.09312,17.5751,6
86,239,3.28255,-1.07213,7
86,375,-13.0313,-1.20638,2
86,51,11.3987,13.1471,3
86,391,3.28255,-1.07213,7
86,67,3.28255,-1.07213,7
86,327,-6.90103,11.7833,1
86,179,3.28255,-1.07213,7
86,143,12.975,16.0382,3
86,35,3.28255,-1.07213,7
86,423,-0.424353,-23.2557,5
86,255,-6.90103,11.7833,1
86,83,3.28255,-1.07213,7
86,115,-0.424353,-23.2557,5
86,339,-13.0313,-1.20638,2
86,187,3.28255,-1.07213,7
86,395,12.975,16.0382,3
86,435,-19.4398,13.7894,4
86,219,2.09312,17.5751,6
86,427,3.28255,-1.07213,7
86,155,3.28255,-1.07213,7
86,195,3.28255,-1.07213,7
86,203,3.28255,-1.07213,7
86,291,12.975,16.0382,3
86,87,12.975,16.0382,3
86,299,3.28255,-1.07213,7
86,43,11.8928,14.3637,3
86,371,12.975,16.0382,3
86,191,-13.0313,-1.20638,2
86,295,12.975,16.0382,3
86,355,-0.424353,-23.2557,5
86,363,3.28255,-1.07213,7
86,287,3.7281,-0.100052,7
86,267,12.4371,15.8005,3
86,63,3.28023,-0.489985,7
86,407,-0.424353,-23.2557,5
86,279,3.28255,-1.07213,7
86,271,3.28255,-1.07213,7
86,183,3.28255,-1.07213,7
86,351,3.28255,-1.07213,7
86,163,3.21527,-0.452059,7
86,443,-0.424353,-23.2557,5
86,95,3.28255,-1.07213,7
86,31,3.28255,-1.07213,7
86,171,3.28255,-1.07213,7
86,303,3.28255,-1.07213,7
86,23,10.5016,11.7106,3
86,19,3.28255,-1.07213,7
86,131,3.28255,-1.07213,7
86,347,11.9486,14.6233,3
86,103,3.28255,-1.07213,7
86,211,3.28255,-1.07213,7
86,315,28,0,3
86,151,12.975,16.0382,3
86,431,3.28255,-1.07213,7
86,11,3.28255,-1.07213,7
86,335,28,0,3
86,119,-13.0313,-1.20638,2
86,383,2.09312,17.5751,6
86,215,3.77451,-0.201542,7
86,3,12.4821,15.1681,3
86,387,-13.0313,-1.20638,2
86,207,4.25608,0.674489,7
86,59,3.47386,-0.186216,7
86,7,12.6053,15.3872,3
86,167,-6.90103,11.7833,1
86,419,12.975,16.0382,3
86,235,3.77543,-0.202038,7
86,111,3.28255,-1.07213,7
86,39,11.8169,14.3979,3
86,139,3.28255,-1.07213,7
86,399,-0.424353,-23.2557,5
86,107,3.28255,-1.07213,7
87,215,3.7749,-0.201747,7
87,123,-0.424353,-23.2557,5
87,139,3.28255,-1.07213,7
87,27,12.975,16.0382,3
87,59,3.28255,-1.07213,7
87,7,12.975,16.0382,3
87,143,12.975,16.0382,3
87,191,-13.0313,-1.20638,2
87,395,12.975,16.0382,3
87,419,12.975,16.0382,3
87,103,3.28255,-1.07213,7
87,35,3.28255,-1.07213,7
87,343,12.975,16.0382,3
87,439,-0.424353,-23.2557,5
87,367,-20.8607,14.8841,4
87,355,-0.424353,-23.2557,5
87,339,-13.0313,-1.20638,2
87,63,3.28255,-1.07213,7
87,211,3.28255,-1.07213,7
87,375,-13.0313,-1.20638,2
87,55,12.975,16.0382,3
87,403,3.28255,-1.07213,7
87,163,3.28255,-1.07213,7
87,307,3.28255,-1.07213,7
87,107,3.28255,-1.07213,7
87,399,-0.424353,-23.2557,5
87,95,3.72074,-0.178158,7
87,427,3.28255,-1.07213,7
87,111,3.28255,-1.07213,7
87,39,11.2035,14.585,3
87,199,-6.90103,11.7833,1
87,67,3.77091,-0.199532,7
87,387,-13.0313,-1.20638,2
87,15,3.28255,-1.07213,7
87,363,3.28255,-1.07213,7
87,195,3.28255,-1.07213,7
87,87,12.4823,15.1685,3
87,431,3.28255,-1.07213,7
87,255,-6.90103,11.7833,1
87,383,2.09312,17.5751,6
87,287,3.3131,-1.01175,7
87,227,3.28255,-1.07213,7
87,187,3.77513,-0.201877,7
87,235,4.26812,0.668164,7
87,371,12.975,16.0382,3
87,223,-0.424353,-23.2557,5
87,423,-0.424353,-23.2557,5
87,31,3.28255,-1.07213,7
87,299,3.28255,-1.07213,7
87,119,-13.0313,-1.20638,2
87,379,11.9032,14.3391,3
87,311,-13.0313,-1.20638,2
87,259,3.28255,-1.07213,7
87,175,12.975,16.0382,3
87,115,-0.424353,-23.2557,5
87,391,3.11773,-2.05846,7
87,351,3.28255,-1.07213,7
87,347,12.0071,14.5872,3
87,275,-13.0313,-1.20638,2
87,99,3.28255,-1.07213,7
87,247,3.28255,-1.07213,7
87,239,3.28255,-1.07213,7
87,159,3.15498,-0.574077,7
87,43,12.2383,14.7808,3
87,179,3.28255,-1.07213,7
87,263,-0.424353,-23.2557,5
87,291,12.975,16.0382,3
87,171,3.77457,-0.201552,7
87,295,12.975,16.0382,3
87,435,-19.4564,13.7632,4
87,335,28,0,3
87,415,3.28255,-1.07213,7
87,243,12.0315,14.4823,3
87,315,28,0,3
87,167,-6.90103,11.7833,1
87,71,5.33657,2.10026,7
87,151,12.975,16.0382,3
87,267,11.9363,15.0308,3
87,127,3.28255,-1.07213,7
87,23,10.0131,10.838,3
87,323,11.9813,14.3025,3
87,155,3.28255,-1.07213,7
87,147,10.3817,11.9037,3
87,19,3.28255,-1.07213,7
87,303,3.28255,-1.07213,7
87,75,12.975,16.0382,3
87,131,3.28255,-1.07213,7
87,203,3.28255,-1.07213,7
87,411,-6.90103,11.7833,1
87,207,4.75149,1.54316,7
87,231,12.975,16.0382,3
87,47,3.28255,-1.07213,7
87,327,-6.90103,11.7833,1
87,279,3.28255,-1.07213,7
87,83,3.28255,-1.07213,7
87,319,2.09312,17.5751,6
87,271,3.28255,-1.07213,7
87,135,12.975,16.0382,3
87,359,2.09312,17.5751,6
87,183,3.28255,-1.07213,7
87,51,10.8924,12.2845,3
87,443,-0.424353,-23.2557,5
87,283,12.975,16.0382,3
87,91,11.9837,14.3012,3
87,331,2.09312,17.5751,6
87,3,11.9886,14.2983,3
87,407,-0.424353,-23.2557,5
87,79,12.975,16.0382,3
87,219,2.09312,17.5751,6
87,251,-0.424353,-23.2557,5
87,11,3.28255,-1.07213,7
88,135,12.975,16.0382,3
88,75,12.975,16.0382,3
88,131,3.28255,-1.07213,7
88,39,11.3236,13.4763,3
88,143,12.975,16.0382,3
88,99,3.28255,-1.07213,7
88,87,12.4821,15.1681,3
88,195,3.28255,-1.07213,7
88,71,5.77246,3.00296,7
88,235,3.94093,-0.228804,7
88,263,-0.424353,-23.2557,5
88,127,3.75472,-0.191264,7
88,299,3.28255,-1.07213,7
88,51,11.3687,13.164,3
88,123,-0.424353,-23.2557,5
88,67,3.28255,-1.07213,7
88,295,12.975,16.0382,3
88,375,-13.0313,-1.20638,2
88,435,-19.3808,14.3538,4
88,63,3.28255,-1.07213,7
88,199,-6.90103,11.7833,1
88,387,-13.0313,-1.20638,2
88,347,12.5669,15.4162,3
88,159,3.1022,-0.701529,7
88,247,3.28255,-1.07213,7
88,307,3.28255,-1.07213,7
88,355,-0.424353,-23.2557,5
88,399,-0.424353,-23.2557,5
88,23,10.3584,11.7664,3
88,331,2.09312,17.5751,6
88,415,3.28255,-1.07213,7
88,55,12.975,16.0382,3
88,311,-13.0313,-1.20638,2
88,119,-13.0313,-1.20638,2
88,391,3.35667,-0.999681,7
88,419,12.975,16.0382,3
88,163,3.28255,-1.07213,7
88,19,3.28255,-1.07213,7
88,439,-0.424353,-23.2557,5
88,231,12.975,16.0382,3
88,147,11.9758,14.4451,3
88,175,12.3098,15.546,3
88,227,3.28255,-1.07213,7
88,91,12.975,16.0382,3
88,43,11.7431,13.9121,3
88,223,-0.424353,-23.2557,5
88,403,3.28255,-1.07213,7
88,79,12.975,16.0382,3
88,203,3.28255,-1.07213,7
88,151,12.975,16.0382,3
88,183,3.28255,-1.07213,7
88,443,-0.424353,-23.2557,5
88,115,-0.424353,-23.2557,5
88,15,3.28255,-1.07213,7
88,367,-20.9034,14.8132,4
88,283,12.975,16.0382,3
88,267,12.634,15.7517,3
88,83,3.28255,-1.07213,7
88,103,3.28255,-1.07213,7
88,327,-6.90103,11.7833,1
88,303,3.28255,-1.07213,7
88,335,28,0,3
88,383,2.09312,17.5751,6
88,359,2.09312,17.5751,6
88,27,12.4494,15.1877,3
88,211,3.28255,-1.07213,7
88,279,3.28255,-1.07213,7
88,31,3.28255,-1.07213,7
88,239,3.28255,-1.07213,7
88,339,-13.0313,-1.20638,2
88,11,3.28255,-1.07213,7
88,207,4.45786,0.615806,7
88,271,3.28255,-1.07213,7
88,427,3.28255,-1.07213,7
88,395,12.975,16.0382,3
88,7,12.4807,15.1689,3
88,171,3.28255,-1.07213,7
88,3,12.331,15.3454,3
88,111,3.28255,-1.07213,7
88,323,12.4818,15.1683,3
88,287,3.28255,-1.07213,7
88,139,3.28255,-1.07213,7
88,259,3.28255,-1.07213,7
88,187,3.28255,-1.07213,7
88,363,3.28255,-1.07213,7
88,407,-0.424353,-23.2557,5
88,255,-6.90103,11.7833,1
88,95,3.28255,-1.07213,7
88,47,3.28255,-1.07213,7
88,59,3.28255,-1.07213,7
88,107,3.28255,-1.07213,7
88,155,3.28255,-1.07213,7
88,291,12.975,16.0382,3
88,243,12.5584,15.3327,3
88,219,2.09312,17.5751,6
88,179,3.28255,-1.07213,7
88,167,-6.90103,11.7833,1
88,431,3.28255,-1.07213,7
88,35,3.28255,-1.07213,7
88,411,-6.90103,11.7833,1
88,319,2.09312,17.5751,6
88,275,-13.0313,-1.20638,2
88,191,-13.0313,-1.20638,2
88,371,12.975,16.0382,3
88,379,11.4379,13.4532,3
88,215,3.28255,-1.07213,7
88,315,28,0,3
88,423,-0.424353,-23.2557,5
88,343,12.975,16.0382,3
88,251,-0.424353,-23.2557,5
88,351,3.28255,-1.07213,7
89,79,12.975,16.0382,3
89,31,3.28255,-1.07213,7
89,19,3.28255,-1.07213,7
89,287,3.28255,-1.07213,7
89,223,-0.424353,-23.2557,5
89,271,3.28255,-1.07213,7
89,383,2.09312,17.5751,6
89,363,3.28255,-1.07213,7
89,71,5.22565,2.16407,7
89,27,12.7406,15.6445,3
89,211,3.28255,-1.07213,7
89,111,3.28255,-1.07213,7
89,359,2.09312,17.5751,6
89,215,3.28255,-1.07213,7
89,67,3.28255,-1.07213,7
89,227,3.28255,-1.07213,7
89,439,-0.424353,-23.2557,5
89,355,-0.424353,-23.2557,5
89,83,3.28255,-1.07213,7
89,55,12.975,16.0382,3
89,415,3.28255,-1.07213,7
89,155,3.28255,-1.07213,7
89,387,-13.0313,-1.20638,2
89,91,12.4821,15.1681,3
89,199,-6.90103,11.7833,1
89,259,3.28255,-1.07213,7
89,343,12.975,16.0382,3
89,207,4.05377,-0.224883,7
89,191,-13.0313,-1.20638,2
89,139,3.28255,-1.07213,7
89,303,3.28255,-1.07213,7
89,299,3.28255,-1.07213,7
89,371,12.975,16.0382,3
89,135,12.3098,15.546,3
89,339,-13.0313,-1.20638,2
89,235,3.33938,-0.455378,7
89,127,3.28255,-1.07213,7
89,331,2.09312,17.5751,6
89,151,12.975,16.0382,3
89,7,11.7486,14.7773,3
89,435,-21.231,15.0932,4
89,295,12.975,16.0382,3
89,395,12.975,16.0382,3
89,311,-13.0313,-1.20638,2
89,175,11.7487,14.7773,3
89,423,-0.424353,-23.2557,5
89,347,12.975,16.0382,3
89,195,3.28255,-1.07213,7
89,419,12.975,16.0382,3
89,411,-6.90103,11.7833,1
89,3,12.975,16.0382,3
89,335,28,0,3
89,63,3.28255,-1.07213,7
89,87,11.7673,14.5489,3
89,351,3.28255,-1.07213,7
89,431,3.28255,-1.07213,7
89,379,11.9626,14.3049,3
89,367,-20.9349,14.762,4
89,251,-0.424353,-23.2557,5
89,279,3.28255,-1.07213,7
89,107,3.28255,-1.07213,7
89,15,3.28255,-1.07213,7
89,399,-0.424353,-23.2557,5
89,247,3.28255,-1.07213,7
89,163,3.28255,-1.07213,7
89,315,28,0,3
89,39,11.9027,14.2951,3
89,179,3.28255,-1.07213,7
89,183,3.28255,-1.07213,7
89,239,3.28255,-1.07213,7
89,443,-0.424353,-23.2557,5
89,187,3.28255,-1.07213,7
89,131,3.28255,-1.07213,7
89,103,3.28255,-1.07213,7
89,51,11.8369,14.0475,3
89,407,-0.424353,-23.2557,5
89,75,12.975,16.0382,3
89,203,3.28255,-1.07213,7
89,159,3.28255,-1.07213,7
89,47,3.28255,-1.07213,7
89,243,11.7993,14.999,3
89,43,11.9647,14.3225,3
89,327,-6.90103,11.7833,1
89,167,-6.90103,11.7833,1
89,219,2.09312,17.5751,6
89,147,12.5197,15.2843,3
89,119,-13.0313,-1.20638,2
89,267,12.1976,14.8474,3
89,143,12.975,16.0382,3
89,263,-0.424353,-23.2557,5
89,275,-13.0313,-1.20638,2
89,23,9.89671,10.8785,3
89,319,2.09312,17.5751,6
89,323,11.9758,14.3059,3
89,123,-0.424353,-23.2557,5
89,231,12.975,16.0382,3
89,403,3.28255,-1.07213,7
89,35,3.28255,-1.07213,7
89,171,3.28255,-1.07213,7
89,11,3.28255,-1.07213,7
89,427,3.28255,-1.07213,7
89,95,3.28255,-1.07213,7
89,391,3.83418,-0.120841,7
89,375,-13.0313,-1.20638,2
89,307,3.28255,-1.07213,7
89,99,3.28255,-1.07213,7
89,255,-6.90103,11.7833,1
89,59,3.28255,-1.07213,7
89,291,12.975,16.0382,3
89,115,-0.424353,-23.2557,5
89,283,12.975,16.0382,3
90,115,-0.424353,-23.2557,5
90,95,3.77195,-0.200116,7
90,255,-6.90103,11.7833,1
90,323,11.4721,13.4423,3
90,227,3.28255,-1.07213,7
90,83,3.28255,-1.07213,7
90,275,-13.0313,-1.20638,2
90,223,-0.424353,-23.2557,5
90,211,3.28255,-1.07213,7
90,79,12.975,16.0382,3
90,291,12.975,16.0382,3
90,299,3.28255,-1.07213,7
90,331,2.09312,17.5751,6
90,363,3.28255,-1.07213,7
90,7,11.3371,14.429,3
90,351,3.28255,-1.07213,7
90,195,3.28255,-1.07213,7
90,287,3.28255,-1.07213,7
90,171,3.28255,-1.07213,7
90,127,3.28255,-1.07213,7
90,59,3.28255,-1.07213,7
90,419,12.975,16.0382,3
90,111,3.28255,-1.07213,7
90,271,3.28255,-1.07213,7
90,67,3.28255,-1.07213,7
90,47,3.28255,-1.07213,7
90,327,-6.90103,11.7833,1
90,311,-13.0313,-1.20638,2
90,303,3.28255,-1.07213,7
90,403,3.28255,-1.07213,7
90,315,28,0,3
90,107,3.28255,-1.07213,7
90,391,3.28255,-1.07213,7
90,175,12.0211,14.4189,3
90,431,3.28255,-1.07213,7
90,399,-0.424353,-23.2557,5
90,423,-0.424353,-23.2557,5
90,119,-13.0313,-1.20638,2
90,23,10.4577,11.7088,3
90,151,12.975,16.0382,3
90,63,3.28255,-1.07213,7
90,19,3.28255,-1.07213,7
90,319,2.09312,17.5751,6
90,179,3.28255,-1.07213,7
90,131,3.28255,-1.07213,7
90,167,-6.90103,11.7833,1
90,339,-13.0313,-1.20638,2
90,343,12.975,16.0382,3
90,235,3.28255,-1.07213,7
90,379,12.4677,15.168,3
90,407,-0.424353,-23.2557,5
90,359,2.09312,17.5751,6
90,279,3.28255,-1.07213,7
90,35,3.28255,-1.07213,7
90,27,12.7467,15.6411,3
90,139,3.28255,-1.07213,7
90,143,12.975,16.0382,3
90,283,12.975,16.0382,3
90,263,-0.424353,-23.2557,5
90,383,2.09312,17.5751,6
90,55,12.975,16.0382,3
90,427,3.28255,-1.07213,7
90,435,-21.274,15.0215,4
90,375,-13.0313,-1.20638,2
90,231,12.975,16.0382,3
90,91,11.9893,14.298,3
90,371,12.975,16.0382,3
90,219,2.09312,17.5751,6
90,247,3.28255,-1.07213,7
90,395,12.975,16.0382,3
90,11,3.28255,-1.07213,7
90,215,3.28255,-1.07213,7
90,411,-6.90103,11.7833,1
90,71,5.69446,3.04787,7
90,367,-20.958,14.725,4
90,251,-0.424353,-23.2557,5
90,87,11.367,13.6238,3
90,387,-13.0313,-1.20638,2
90,163,3.76803,-0.197989,7
90,239,3.28255,-1.07213,7
90,123,-0.424353,-23.2557,5
90,3,12.4819,15.1682,3
90,99,3.28255,-1.07213,7
90,259,3.28255,-1.07213,7
90,267,12.4687,15.1762,3
90,335,28,0,3
90,159,3.7738,-0.201123,7
90,347,12.4721,15.1842,3
90,15,3.28255,-1.07213,7
90,439,-0.424353,-23.2557,5
90,51,11.3466,13.1759,3
90,415,3.28255,-1.07213,7
90,187,3.28255,-1.07213,7
90,203,3.28255,-1.07213,7
90,199,-6.90103,11.7833,1
90,31,3.28255,-1.07213,7
90,207,3.35773,-0.967266,7
90,39,11.4312,13.4128,3
90,183,3.28255,-1.07213,7
90,443,-0.424353,-23.2557,5
90,243,12.975,16.0382,3
90,307,3.28255,-1.07213,7
90,355,-0.424353,-23.2557,5
90,295,12.975,16.0382,3
90,191,-13.0313,-1.20638,2
90,75,12.975,16.0382,3
90,155,3.28255,-1.07213,7
90,147,11.8713,15.2197,3
90,135,11.738,15.0509,3
90,103,3.28255,-1.07213,7
90,43,12.4792,15.1801,3
91,415,3.28255,-1.07213,7
91,339,-13.0313,-1.20638,2
91,31,3.28255,-1.07213,7
91,235,3.28255,-1.07213,7
91,47,3.28255,-1.07213,7
91,187,3.28255,-1.07213,7
91,51,10.8552,12.305,3
91,103,3.28255,-1.07213,7
91,191,-13.0313,-1.20638,2
91,303,3.28255,-1.07213,7
91,183,3.28255,-1.07213,7
91,135,11.8153,14.6558,3
91,443,-0.424353,-23.2557,5
91,419,12.975,16.0382,3
91,423,-0.424353,-23.2557,5
91,19,3.28255,-1.07213,7
91,251,-0.424353,-23.2557,5
91,387,-13.0313,-1.20638,2
91,91,12.3082,15.5728,3
91,355,-0.424353,-23.2557,5
91,79,12.975,16.0382,3
91,219,2.09312,17.5751,6
91,295,12.975,16.0382,3
91,227,3.28255,-1.07213,7
91,39,12.952,15.9987,3
91,331,2.09312,17.5751,6
91,283,12.975,16.0382,3
91,287,3.77329,-0.200836,7
91,123,-0.424353,-23.2557,5
91,139,3.28255,-1.07213,7
91,63,3.77488,-0.201727,7
91,171,3.77429,-0.201393,7
91,379,12.9714,16.0318,3
91,271,3.28255,-1.07213,7
91,323,11.9618,14.3145,3
91,175,12.3153,14.8779,3
91,427,3.28255,-1.07213,7
91,315,28,0,3
91,239,3.28255,-1.07213,7
91,131,3.28255,-1.07213,7
91,371,12.975,16.0382,3
91,391,3.28255,-1.07213,7
91,127,3.28255,-1.07213,7
91,87,12.6496,15.4829,3
91,335,28,0,3
91,231,12.975,16.0382,3
91,255,-6.90103,11.7833,1
91,55,12.975,16.0382,3
91,351,3.28255,-1.07213,7
91,67,3.28255,-1.07213,7
91,99,3.28255,-1.07213,7
91,211,3.28255,-1.07213,7
91,95,3.28255,-1.07213,7
91,311,-13.0313,-1.20638,2
91,155,3.28255,-1.07213,7
91,247,3.28255,-1.07213,7
91,23,10.9638,12.5713,3
91,347,12.975,16.0382,3
91,359,2.09312,17.5751,6
91,279,3.28255,-1.07213,7
91,163,3.28255,-1.07213,7
91,71,6.15681,3.93502,7
91,363,3.28255,-1.07213,7
91,319,2.09312,17.5751,6
91,203,3.77528,-0.201951,7
91,327,-6.90103,11.7833,1
91,59,3.28255,-1.07213,7
91,343,12.975,16.0382,3
91,143,12.975,16.0382,3
91,395,12.975,16.0382,3
91,107,3.28255,-1.07213,7
91,375,-13.0313,-1.20638,2
91,167,-6.90103,11.7833,1
91,11,3.28255,-1.07213,7
91,439,-0.424353,-23.2557,5
91,307,3.28255,-1.07213,7
91,35,3.28255,-1.07213,7
91,27,12.5359,15.2764,3
91,259,3.28255,-1.07213,7
91,367,-20.9748,14.6982,4
91,431,3.28255,-1.07213,7
91,115,-0.424353,-23.2557,5
91,83,3.28255,-1.07213,7
91,159,3.83852,0.707801,7
91,399,-0.424353,-23.2557,5
91,435,-21.3046,14.9718,4
91,291,12.975,16.0382,3
91,215,3.28255,-1.07213,7
91,267,11.9702,14.3094,3
91,407,-0.424353,-23.2557,5
91,243,12.975,16.0382,3
91,403,3.28255,-1.07213,7
91,119,-13.0313,-1.20638,2
91,147,11.521,14.3065,3
91,179,3.28255,-1.07213,7
91,223,-0.424353,-23.2557,5
91,299,3.28255,-1.07213,7
91,195,3.28255,-1.07213,7
91,75,12.975,16.0382,3
91,207,3.83381,-0.0878047,7
91,15,3.28255,-1.07213,7
91,7,12.458,15.4219,3
91,411,-6.90103,11.7833,1
91,151,12.975,16.0382,3
91,111,3.28255,-1.07213,7
91,263,-0.424353,-23.2557,5
91,275,-13.0313,-1.20638,2
91,199,-6.90103,11.7833,1
91,383,2.09312,17.5751,6
91,43,12.4831,15.1779,3
91,3,12.1529,14.6151,3
92,295,12.975,16.0382,3
92,171,4.50982,-0.0128844,7
92,55,12.975,16.0382,3
92,271,3.28255,-1.07213,7
92,163,3.28255,-1.07213,7
92,143,12.975,16.0382,3
92,395,12.975,16.0382,3
92,411,-6.90103,11.7833,1
92,15,3.28255,-1.07213,7
92,291,12.975,16.0382,3
92,311,-13.0313,-1.20638,2
92,247,3.28255,-1.07213,7
92,75,12.975,16.0382,3
92,51,11.3497,13.1742,3
92,131,3.28255,-1.07213,7
92,231,12.975,16.0382,3
92,235,3.28255,-1.07213,7
92,191,-13.0313,-1.20638,2
92,431,3.28255,-1.07213,7
92,435,-21.3261,14.9373,4
92,103,3.28255,-1.07213,7
92,59,3.28255,-1.07213,7
92,207,3.34545,-0.960458,7
92,183,3.28255,-1.07213,7
92,255,-6.90103,11.7833,1
92,91,12.0956,14.5826,3
92,223,-0.424353,-23.2557,5
92,399,-0.424353,-23.2557,5
92,211,3.28255,-1.07213,7
92,287,3.28255,-1.07213,7
92,3,11.6643,13.7426,3
92,415,3.28255,-1.07213,7
92,279,3.28255,-1.07213,7
92,127,3.28255,-1.07213,7
92,419,12.975,16.0382,3
92,403,3.28255,-1.07213,7
92,363,3.28255,-1.07213,7
92,215,3.28255,-1.07213,7
92,83,3.28255,-1.07213,7
92,23,10.4808,11.6956,3
92,307,3.28255,-1.07213,7
92,175,12.975,16.0382,3
92,327,-6.90103,11.7833,1
92,251,-0.424353,-23.2557,5
92,391,3.28255,-1.07213,7
92,379,12.4849,15.1768,3
92,371,12.975,16.0382,3
92,199,-6.90103,11.7833,1
92,299,3.28255,-1.07213,7
92,151,12.975,16.0382,3
92,283,12.975,16.0382,3
92,87,12.5141,15.2625,3
92,355,-0.424353,-23.2557,5
92,11,3.28255,-1.07213,7
92,347,12.4821,15.1681,3
92,315,28,0,3
92,339,-13.0313,-1.20638,2
92,167,-6.90103,11.7833,1
92,319,2.09312,17.5751,6
92,219,2.09312,17.5751,6
92,123,-0.424353,-23.2557,5
92,227,3.28255,-1.07213,7
92,351,3.28255,-1.07213,7
92,31,3.28255,-1.07213,7
92,443,-0.424353,-23.2557,5
92,259,3.28255,-1.07213,7
92,35,3.28255,-1.07213,7
92,427,3.28255,-1.07213,7
92,407,-0.424353,-23.2557,5
92,423,-0.424353,-23.2557,5
92,159,3.49867,-0.174719,7
92,439,-0.424353,-23.2557,5
92,115,-0.424353,-23.2557,5
92,155,3.28255,-1.07213,7
92,71,6.64182,4.80958,7
92,387,-13.0313,-1.20638,2
92,359,2.09312,17.5751,6
92,67,3.77542,-0.202031,7
92,263,-0.424353,-23.2557,5
92,267,12.3803,15.7476,3
92,343,12.975,16.0382,3
92,79,12.975,16.0382,3
92,107,3.28255,-1.07213,7
92,179,3.28255,-1.07213,7
92,239,3.28255,-1.07213,7
92,119,-13.0313,-1.20638,2
92,63,4.26641,0.66913,7
92,335,28,0,3
92,195,3.28255,-1.07213,7
92,39,12.4673,15.1242,3
92,367,-20.9733,14.7008,4
92,303,3.28255,-1.07213,7
92,331,2.09312,17.5751,6
92,383,2.09312,17.5751,6
92,203,3.35194,-1.0053,7
92,111,3.28255,-1.07213,7
92,95,3.28255,-1.07213,7
92,19,3.30148,-1.76218,7
92,323,12.975,16.0382,3
92,139,3.28255,-1.07213,7
92,275,-13.0313,-1.20638,2
92,43,11.9878,14.3092,3
92,187,3.28255,-1.07213,7
92,147,12.0456,14.5074,3
92,47,3.28255,-1.07213,7
92,135,12.5303,15.3776,3
92,375,-13.0313,-1.20638,2
92,27,12.54,15.2741,3
92,243,12.4794,15.1696,3
92,7,12.975,16.0382,3
92,99,3.28255,-1.07213,7
93,19,3.28255,-1.07213,7
93,131,3.28255,-1.07213,7
93,387,-13.0313,-1.20638,2
93,155,3.28255,-1.07213,7
93,223,-0.424353,-23.2557,5
93,39,11.754,14.4969,3
93,347,12.975,16.0382,3
93,203,3.28255,-1.07213,7
93,7,12.4799,15.1694,3
93,331,2.09312,17.5751,6
93,59,3.28255,-1.07213,7
93,355,-0.424353,-23.2557,5
93,395,12.975,16.0382,3
93,79,12.975,16.0382,3
93,247,3.28255,-1.07213,7
93,219,2.09312,17.5751,6
93,23,11.9769,14.2959,3
93,119,-13.0313,-1.20638,2
93,231,12.975,16.0382,3
93,427,3.28255,-1.07213,7
93,167,-6.90103,11.7833,1
93,267,12.0309,14.7868,3
93,399,-0.424353,-23.2557,5
93,95,3.28255,-1.07213,7
93,315,28,0,3
93,103,3.28255,-1.07213,7
93,275,-13.0313,-1.20638,2
93,439,-0.424353,-23.2557,5
93,63,3.81717,-0.218573,7
93,127,3.28255,-1.07213,7
93,43,12.4812,15.1686,3
93,27,12.0097,14.4265,3
93,179,3.28255,-1.07213,7
93,319,2.09312,17.5751,6
93,423,-0.424353,-23.2557,5
93,363,3.28255,-1.07213,7
93,375,-13.0313,-1.20638,2
93,211,3.28255,-1.07213,7
93,419,12.975,16.0382,3
93,303,3.28255,-1.07213,7
93,67,3.28255,-1.07213,7
93,139,3.28255,-1.07213,7
93,435,-21.3412,14.9133,4
93,243,12.975,16.0382,3
93,151,12.975,16.0382,3
93,403,3.28255,-1.07213,7
93,51,10.8709,12.2963,3
93,163,3.28255,-1.07213,7
93,195,3.28255,-1.07213,7
93,443,-0.424353,-23.2557,5
93,175,12.4699,15.1754,3
93,407,-0.424353,-23.2557,5
93,263,-0.424353,-23.2557,5
93,299,3.28255,-1.07213,7
93,143,12.975,16.0382,3
93,187,3.28255,-1.07213,7
93,343,12.975,16.0382,3
93,255,-6.90103,11.7833,1
93,191,-13.0313,-1.20638,2
93,171,3.6624,-0.636216,7
93,359,2.09312,17.5751,6
93,71,6.17303,3.92679,7
93,415,3.28255,-1.07213,7
93,335,28,0,3
93,55,12.975,16.0382,3
93,11,3.28255,-1.07213,7
93,91,12.6231,15.4325,3
93,75,12.975,16.0382,3
93,15,3.28255,-1.07213,7
93,327,-6.90103,11.7833,1
93,339,-13.0313,-1.20638,2
93,99,3.28255,-1.07213,7
93,215,3.28255,-1.07213,7
93,367,-20.986,14.6807,4
93,31,3.28255,-1.07213,7
93,295,12.975,16.0382,3
93,283,12.975,16.0382,3
93,83,3.28255,-1.07213,7
93,123,-0.424353,-23.2557,5
93,291,12.975,16.0382,3
93,207,3.28255,-1.07213,7
93,307,3.28255,-1.07213,7
93,287,3.32904,-0.180298,7
93,111,3.28255,-1.07213,7
93,431,3.28255,-1.07213,7
93,351,3.28255,-1.07213,7
93,239,3.28255,-1.07213,7
93,159,2.91516,0.57187,7
93,3,12.975,16.0382,3
93,107,3.28255,-1.07213,7
93,47,3.28255,-1.07213,7
93,379,12.975,16.0382,3
93,227,3.28255,-1.07213,7
93,35,3.28255,-1.07213,7
93,391,3.28255,-1.07213,7
93,135,12.975,16.0382,3
93,411,-6.90103,11.7833,1
93,259,3.28255,-1.07213,7
93,87,12.975,16.0382,3
93,235,3.28255,-1.07213,7
93,251,-0.424353,-23.2557,5
93,147,12.5342,15.2775,3
93,183,3.28255,-1.07213,7
93,199,-6.90103,11.7833,1
93,279,3.28255,-1.07213,7
93,323,12.4856,15.1663,3
93,371,12.975,16.0382,3
93,115,-0.424353,-23.2557,5
93,271,3.28255,-1.07213,7
93,383,2.09312,17.5751,6
93,311,-13.0313,-1.20638,2
94,111,3.28255,-1.07213,7
94,399,-0.424353,-23.2557,5
94,191,-13.0313,-1.20638,2
94,335,28,0,3
94,215,3.28255,-1.07213,7
94,83,3.28255,-1.07213,7
94,103,3.28255,-1.07213,7
94,355,-0.424353,-23.2557,5
94,139,3.28255,-1.07213,7
94,359,2.09312,17.5751,6
94,203,3.28255,-1.07213,7
94,275,-13.0313,-1.20638,2
94,375,-13.0313,-1.20638,2
94,219,2.09312,17.5751,6
94,71,6.6531,4.80414,7
94,255,-6.90103,11.7833,1
94,367,-21.3087,14.4222,4
94,11,3.28255,-1.07213,7
94,303,3.28255,-1.07213,7
94,91,12.975,16.0382,3
94,3,12.5271,15.255,3
94,207,3.77538,-0.202011,7
94,199,-6.90103,11.7833,1
94,271,3.28255,-1.07213,7
94,155,3.28255,-1.07213,7
94,27,12.2113,14.8727,3
94,211,3.28255,-1.07213,7
94,431,3.28255,-1.07213,7
94,387,-13.0313,-1.20638,2
94,419,12.975,16.0382,3
94,243,12.975,16.0382,3
94,79,12.975,16.0382,3
94,43,12.4817,15.1683,3
94,135,12.4805,15.169,3
94,171,3.28255,-1.07213,7
94,35,3.28255,-1.07213,7
94,439,-0.424353,-23.2557,5
94,383,2.09312,17.5751,6
94,75,12.975,16.0382,3
94,295,12.975,16.0382,3
94,251,-0.424353,-23.2557,5
94,31,3.28255,-1.07213,7
94,267,12.4785,15.1702,3
94,287,3.97378,0.612308,7
94,127,3.28255,-1.07213,7
94,151,12.975,16.0382,3
94,331,2.09312,17.5751,6
94,407,-0.424353,-23.2557,5
94,63,3.28255,-1.07213,7
94,395,12.975,16.0382,3
94,179,3.28255,-1.07213,7
94,187,3.28255,-1.07213,7
94,7,12.1832,14.8878,3
94,423,-0.424353,-23.2557,5
94,427,3.28255,-1.07213,7
94,391,3.21606,-0.449457,7
94,167,-6.90103,11.7833,1
94,259,3.28255,-1.07213,7
94,159,3.35301,1.40215,7
94,415,3.28255,-1.07213,7
94,235,3.28255,-1.07213,7
94,99,3.28255,-1.07213,7
94,315,28,0,3
94,343,12.975,16.0382,3
94,443,-0.424353,-23.2557,5
94,19,3.28255,-1.07213,7
94,247,3.28255,-1.07213,7
94,67,3.28255,-1.07213,7
94,323,11.9585,14.3174,3
94,351,3.28255,-1.07213,7
94,143,12.975,16.0382,3
94,403,3.28255,-1.07213,7
94,223,-0.424353,-23.2557,5
94,231,12.975,16.0382,3
94,115,-0.424353,-23.2557,5
94,299,3.28255,-1.07213,7
94,123,-0.424353,-23.2557,5
94,239,3.28255,-1.07213,7
94,39,11.3113,13.5952,3
94,175,12.5388,15.2748,3
94,47,3.28255,-1.07213,7
94,363,3.28255,-1.07213,7
94,327,-6.90103,11.7833,1
94,319,2.09312,17.5751,6
94,227,3.55508,-0.936959,7
94,147,12.2113,14.8727,3
94,435,-21.3519,14.8966,4
94,183,3.28255,-1.07213,7
94,411,-6.90103,11.7833,1
94,95,3.28255,-1.07213,7
94,379,12.975,16.0382,3
94,87,12.975,16.0382,3
94,283,12.975,16.0382,3
94,311,-13.0313,-1.20638,2
94,119,-13.0313,-1.20638,2
94,371,12.975,16.0382,3
94,195,3.28255,-1.07213,7
94,59,3.28255,-1.07213,7
94,347,12.975,16.0382,3
94,131,3.28255,-1.07213,7
94,107,3.53747,-0.274347,7
94,15,3.28255,-1.07213,7
94,291,12.975,16.0382,3
94,163,3.21606,-0.449457,7
94,339,-13.0313,-1.20638,2
94,51,10.3689,11.4314,3
94,23,12.4778,15.1615,3
94,307,3.28255,-1.07213,7
94,55,12.975,16.0382,3
94,279,3.28255,-1.07213,7
94,263,-0.424353,-23.2557,5
95,91,12.7502,15.7115,3
95,39,10.8817,12.6884,3
95,315,28,0,3
95,63,3.28255,-1.07213,7
95,3,12.975,16.0382,3
95,227,3.76603,-0.19762,7
95,99,3.28255,-1.07213,7
95,435,-21.3593,14.885,4
95,415,3.28255,-1.07213,7
95,275,-13.0313,-1.20638,2
95,47,3.28255,-1.07213,7
95,119,-13.0313,-1.20638,2
95,191,-13.0313,-1.20638,2
95,83,3.28255,-1.07213,7
95,295,12.975,16.0382,3
95,251,-0.424353,-23.2557,5
95,139,3.28255,-1.07213,7
95,319,2.09312,17.5751,6
95,235,3.43718,-1.24017,7
95,307,3.28255,-1.07213,7
95,239,3.28255,-1.07213,7
95,427,3.28255,-1.07213,7
95,279,3.28255,-1.07213,7
95,403,3.28255,-1.07213,7
95,103,3.28255,-1.07213,7
95,79,12.975,16.0382,3
95,327,-6.90103,11.7833,1
95,7,11.7598,13.98,3
95,419,12.975,16.0382,3
95,43,11.5928,14.6809,3
95,271,3.28255,-1.07213,7
95,387,-13.0313,-1.20638,2
95,287,4.53767,1.44354,7
95,323,12.4457,15.1921,3
95,291,12.975,16.0382,3
95,359,2.09312,17.5751,6
95,187,3.28255,-1.07213,7
95,219,2.09312,17.5751,6
95,123,-0.424353,-23.2557,5
95,111,3.28255,-1.07213,7
95,199,-6.90103,11.7833,1
95,207,3.28255,-1.07213,7
95,87,12.975,16.0382,3
95,375,-13.0313,-1.20638,2
95,311,-13.0313,-1.20638,2
95,395,12.975,16.0382,3
95,151,12.975,16.0382,3
95,107,3.28255,-1.07213,7
95,407,-0.424353,-23.2557,5
95,115,-0.424353,-23.2557,5
95,335,28,0,3
95,27,12.0215,15.3166,3
95,179,3.28255,-1.07213,7
95,127,3.72118,-0.178444,7
95,331,2.09312,17.5751,6
95,175,12.0455,14.405,3
95,211,3.28255,-1.07213,7
95,259,3.28255,-1.07213,7
95,147,12.2451,14.8528,3
95,143,12.975,16.0382,3
95,131,3.28255,-1.07213,7
95,431,3.28255,-1.07213,7
95,203,3.28255,-1.07213,7
95,159,3.62506,0.26147,7
95,303,3.28255,-1.07213,7
95,439,-0.424353,-23.2557,5
95,243,12.975,16.0382,3
95,339,-13.0313,-1.20638,2
95,231,12.975,16.0382,3
95,223,-0.424353,-23.2557,5
95,135,11.9556,14.319,3
95,267,12.975,16.0382,3
95,443,-0.424353,-23.2557,5
95,411,-6.90103,11.7833,1
95,51,9.5508,10.9196,3
95,215,3.28255,-1.07213,7
95,183,3.28255,-1.07213,7
95,55,12.975,16.0382,3
95,75,12.975,16.0382,3
95,19,3.28255,-1.07213,7
95,343,12.975,16.0382,3
95,11,3.28255,-1.07213,7
95,15,3.28255,-1.07213,7
95,363,3.28255,-1.07213,7
95,195,3.28255,-1.07213,7
95,383,2.09312,17.5751,6
95,283,12.975,16.0382,3
95,391,3.8573,0.345952,7
95,67,3.77543,-0.202038,7
95,423,-0.424353,-23.2557,5
95,263,-0.424353,-23.2557,5
95,255,-6.90103,11.7833,1
95,163,3.28255,-1.07213,7
95,399,-0.424353,-23.2557,5
95,347,12.975,16.0382,3
95,171,3.2143,-0.447095,7
95,23,11.9844,14.2916,3
95,379,12.4831,15.1675,3
95,155,3.28255,-1.07213,7
95,351,3.28255,-1.07213,7
95,31,3.28255,-1.07213,7
95,167,-6.90103,11.7833,1
95,71,8.11868,7.42175,3
95,247,3.28255,-1.07213,7
95,355,-0.424353,-23.2557,5
95,59,3.28255,-1.07213,7
95,299,3.28255,-1.07213,7
95,371,12.975,16.0382,3
95,95,3.28255,-1.07213,7
95,35,3.28255,-1.07213,7
95,367,-21.2555,14.4985,4
96,327,-6.90103,11.7833,1
96,223,-0.424353,-23.2557,5
96,7,12.2667,14.842,3
96,75,12.975,16.0382,3
96,147,12.7799,15.6976,3
96,335,28,0,3
96,115,-0.424353,-23.2557,5
96,111,3.28255,-1.07213,7
96,323,12.4656,15.1806,3
96,371,12.975,16.0382,3
96,175,12.975,16.0382,3
96,367,-21.1887,14.6082,4
96,319,2.09312,17.5751,6
96,343,12.975,16.0382,3
96,247,3.28255,-1.07213,7
96,11,3.28255,-1.07213,7
96,427,3.28255,-1.07213,7
96,219,2.09312,17.5751,6
96,215,3.28255,-1.07213,7
96,23,11.4919,13.4213,3
96,27,12.2149,15.182,3
96,99,3.28255,-1.07213,7
96,39,11.4532,13.5116,3
96,123,-0.424353,-23.2557,5
96,235,3.28255,-1.07213,7
96,407,-0.424353,-23.2557,5
96,195,3.28255,-1.07213,7
96,31,3.28255,-1.07213,7
96,159,3.41069,-0.74271,7
96,267,12.6932,15.5547,3
96,263,-0.424353,-23.2557,5
96,291,12.975,16.0382,3
96,143,12.975,16.0382,3
96,279,3.28255,-1.07213,7
96,207,3.78246,-0.206156,7
96,35,3.28255,-1.07213,7
96,359,2.09312,17.5751,6
96,411,-6.90103,11.7833,1
96,271,3.28255,-1.07213,7
96,55,12.975,16.0382,3
96,423,-0.424353,-23.2557,5
96,91,12.3146,14.8794,3
96,363,3.28255,-1.07213,7
96,283,12.975,16.0382,3
96,151,12.975,16.0382,3
96,211,3.28255,-1.07213,7
96,399,-0.424353,-23.2557,5
96,339,-13.0313,-1.20638,2
96,119,-13.0313,-1.20638,2
96,287,3.28255,-1.07213,7
96,139,3.28255,-1.07213,7
96,3,12.4516,15.1874,3
96,79,12.975,16.0382,3
96,375,-13.0313,-1.20638,2
96,395,12.975,16.0382,3
96,71,9.59147,10.0354,3
96,303,3.28255,-1.07213,7
96,171,3.28255,-1.07213,7
96,439,-0.424353,-23.2557,5
96,355,-0.424353,-23.2557,5
96,387,-13.0313,-1.20638,2
96,63,3.28255,-1.07213,7
96,51,10.1762,11.7112,3
96,155,3.28255,-1.07213,7
96,231,12.975,16.0382,3
96,275,-13.0313,-1.20638,2
96,403,3.28255,-1.07213,7
96,299,3.28255,-1.07213,7
96,43,11.4004,13.6717,3
96,315,28,0,3
96,87,12.4817,15.1685,3
96,103,3.28255,-1.07213,7
96,391,4.39518,1.19235,7
96,255,-6.90103,11.7833,1
96,251,-0.424353,-23.2557,5
96,107,3.28255,-1.07213,7
96,311,-13.0313,-1.20638,2
96,259,3.28255,-1.07213,7
96,135,12.975,16.0382,3
96,187,3.28255,-1.07213,7
96,163,3.28255,-1.07213,7
96,19,3.28255,-1.07213,7
96,239,3.28255,-1.07213,7
96,83,3.28255,-1.07213,7
96,47,3.28255,-1.07213,7
96,331,2.09312,17.5751,6
96,203,3.28255,-1.07213,7
96,295,12.975,16.0382,3
96,347,12.975,16.0382,3
96,179,3.28255,-1.07213,7
96,191,-13.0313,-1.20638,2
96,167,-6.90103,11.7833,1
96,351,3.28255,-1.07213,7
96,415,3.28255,-1.07213,7
96,131,3.28255,-1.07213,7
96,307,3.28255,-1.07213,7
96,67,4.26251,0.671316,7
96,127,3.28255,-1.07213,7
96,443,-0.424353,-23.2557,5
96,419,12.975,16.0382,3
96,15,3.28255,-1.07213,7
96,243,12.6942,15.5541,3
96,383,2.09312,17.5751,6
96,59,3.28255,-1.07213,7
96,435,-21.3405,14.9172,4
96,379,11.9898,14.2977,3
96,95,3.28255,-1.07213,7
96,183,3.28255,-1.07213,7
96,199,-6.90103,11.7833,1
96,431,3.28255,-1.07213,7
96,227,3.37481,-0.800118,7
97,279,3.28255,-1.07213,7
97,99,3.28255,-1.07213,7
97,95,3.28255,-1.07213,7
97,427,3.28255,-1.07213,7
97,275,-13.0313,-1.20638,2
97,215,3.28255,-1.07213,7
97,147,12.975,16.0382,3
97,79,12.975,16.0382,3
97,195,3.28255,-1.07213,7
97,327,-6.90103,11.7833,1
97,75,12.975,16.0382,3
97,435,-21.3517,14.8996,4
97,263,-0.424353,-23.2557,5
97,71,11.063,12.6496,3
97,355,-0.424353,-23.2557,5
97,51,9.76831,10.7936,3
97,119,-13.0313,-1.20638,2
97,187,3.28255,-1.07213,7
97,403,3.28255,-1.07213,7
97,303,3.28255,-1.07213,7
97,379,11.4959,13.4281,3
97,15,3.91271,-0.700778,7
97,307,3.28255,-1.07213,7
97,83,3.28255,-1.07213,7
97,439,-0.424353,-23.2557,5
97,143,12.975,16.0382,3
97,443,-0.424353,-23.2557,5
97,199,-6.90103,11.7833,1
97,407,-0.424353,-23.2557,5
97,151,12.975,16.0382,3
97,27,11.802,14.2641,3
97,319,2.09312,17.5751,6
97,11,3.28255,-1.07213,7
97,399,-0.424353,-23.2557,5
97,223,-0.424353,-23.2557,5
97,111,3.28255,-1.07213,7
97,19,3.28255,-1.07213,7
97,391,3.28255,-1.07213,7
97,35,3.28255,-1.07213,7
97,323,11.7623,14.5529,3
97,359,2.09312,17.5751,6
97,299,3.28255,-1.07213,7
97,67,3.28255,-1.07213,7
97,131,3.28255,-1.07213,7
97,347,12.975,16.0382,3
97,415,3.28255,-1.07213,7
97,411,-6.90103,11.7833,1
97,55,12.975,16.0382,3
97,371,12.975,16.0382,3
97,431,3.28255,-1.07213,7
97,351,3.28255,-1.07213,7
97,383,2.09312,17.5751,6
97,343,12.975,16.0382,3
97,315,28,0,3
97,255,-6.90103,11.7833,1
97,203,3.28255,-1.07213,7
97,219,2.09312,17.5751,6
97,283,12.975,16.0382,3
97,339,-13.0313,-1.20638,2
97,259,3.28255,-1.07213,7
97,183,3.28255,-1.07213,7
97,247,3.28255,-1.07213,7
97,103,3.28255,-1.07213,7
97,115,-0.424353,-23.2557,5
97,295,12.975,16.0382,3
97,155,3.28255,-1.07213,7
97,243,12.2036,14.6827,3
97,367,-21.1718,14.6337,4
97,239,3.28255,-1.07213,7
97,331,2.09312,17.5751,6
97,363,3.28255,-1.07213,7
97,159,3.28255,-1.07213,7
97,291,12.975,16.0382,3
97,23,10.7125,12.8676,3
97,387,-13.0313,-1.20638,2
97,235,3.78301,-0.206493,7
97,91,11.9832,14.5057,3
97,175,12.975,16.0382,3
97,127,3.28255,-1.07213,7
97,191,-13.0313,-1.20638,2
97,63,3.28255,-1.07213,7
97,139,3.28255,-1.07213,7
97,311,-13.0313,-1.20638,2
97,227,3.28255,-1.07213,7
97,31,3.28255,-1.07213,7
97,211,3.28255,-1.07213,7
97,87,12.5232,15.2557,3
97,271,3.28255,-1.07213,7
97,423,-0.424353,-23.2557,5
97,47,3.51239,-0.583623,7
97,43,12.5232,15.2557,3
97,7,12.4435,15.1934,3
97,171,3.50701,-0.181862,7
97,335,28,0,3
97,59,3.28255,-1.07213,7
97,167,-6.90103,11.7833,1
97,123,-0.424353,-23.2557,5
97,39,10.9807,12.6299,3
97,107,3.28255,-1.07213,7
97,163,3.7753,-0.201964,7
97,251,-0.424353,-23.2557,5
97,231,12.975,16.0382,3
97,287,3.28255,-1.07213,7
97,3,12.0284,14.3867,3
97,395,12.975,16.0382,3
97,207,3.447,0.370324,7
97,419,12.975,16.0382,3
97,375,-13.0313,-1.20638,2
97,179,3.28255,-1.07213,7
97,135,12.975,16.0382,3
97,267,12.975,16.0382,3
98,59,3.28255,-1.07213,7
98,199,-6.90103,11.7833,1
98,215,3.28255,-1.07213,7
98,427,3.28255,-1.07213,7
98,175,12.8832,15.8063,3
98,179,3.28255,-1.07213,7
98,135,12.4816,15.1684,3
98,99,3.28255,-1.07213,7
98,319,2.09312,17.5751,6
98,375,-13.0313,-1.20638,2
98,155,3.28255,-1.07213,7
98,79,12.975,16.0382,3
98,239,3.7735,-0.200985,7
98,299,3.28255,-1.07213,7
98,195,3.28255,-1.07213,7
98,251,-0.424353,-23.2557,5
98,11,3.28255,-1.07213,7
98,411,-6.90103,11.7833,1
98,115,-0.424353,-23.2557,5
98,55,12.975,16.0382,3
98,75,12.975,16.0382,3
98,51,10.3248,11.6269,3
98,27,12.3869,15.0786,3
98,227,3.28255,-1.07213,7
98,231,12.975,16.0382,3
98,219,2.09312,17.5751,6
98,31,3.28255,-1.07213,7
98,171,3.62153,-0.250815,7
98,67,3.77206,-0.200137,7
98,399,-0.424353,-23.2557,5
98,323,11.8668,14.4876,3
98,127,3.28255,-1.07213,7
98,351,3.28255,-1.07213,7
98,271,3.28255,-1.07213,7
98,71,11.5357,13.5307,3
98,143,12.975,16.0382,3
98,283,12.975,16.0382,3
98,303,3.28255,-1.07213,7
98,339,-13.0313,-1.20638,2
98,123,-0.424353,-23.2557,5
98,63,3.7689,-0.198401,7
98,87,12.033,14.384,3
98,343,12.975,16.0382,3
98,327,-6.90103,11.7833,1
98,331,2.09312,17.5751,6
98,267,12.6985,15.5517,3
98,315,28,0,3
98,371,12.975,16.0382,3
98,291,12.975,16.0382,3
98,423,-0.424353,-23.2557,5
98,355,-0.424353,-23.2557,5
98,35,3.28255,-1.07213,7
98,403,3.28255,-1.07213,7
98,111,3.28255,-1.07213,7
98,247,3.28255,-1.07213,7
98,95,3.28255,-1.07213,7
98,203,3.77287,-0.200605,7
98,19,3.28255,-1.07213,7
98,383,2.09312,17.5751,6
98,275,-13.0313,-1.20638,2
98,435,-21.3595,14.8873,4
98,287,3.78016,-0.204804,7
98,83,3.28255,-1.07213,7
98,107,3.28255,-1.07213,7
98,187,3.28255,-1.07213,7
98,307,3.28255,-1.07213,7
98,207,3.4373,-0.689913,7
98,3,12.4581,15.3492,3
98,119,-13.0313,-1.20638,2
98,279,3.28255,-1.07213,7
98,367,-21.136,14.6933,4
98,263,-0.424353,-23.2557,5
98,151,12.975,16.0382,3
98,431,3.28255,-1.07213,7
98,223,-0.424353,-23.2557,5
98,387,-13.0313,-1.20638,2
98,183,3.28255,-1.07213,7
98,335,28,0,3
98,439,-0.424353,-23.2557,5
98,395,12.975,16.0382,3
98,311,-13.0313,-1.20638,2
98,191,-13.0313,-1.20638,2
98,23,11.501,13.5833,3
98,379,10.9986,12.5606,3
98,159,3.28255,-1.07213,7
98,443,-0.424353,-23.2557,5
98,243,12.6985,15.5517,3
98,163,3.28262,-1.07201,7
98,235,3.28255,-1.07213,7
98,91,11.9355,14.7853,3
98,415,3.28255,-1.07213,7
98,43,12.975,16.0382,3
98,167,-6.90103,11.7833,1
98,147,12.975,16.0382,3
98,419,12.975,16.0382,3
98,211,3.28255,-1.07213,7
98,39,12.4751,15.2294,3
98,7,12.975,16.0382,3
98,391,3.28255,-1.07213,7
98,255,-6.90103,11.7833,1
98,15,3.28255,-1.07213,7
98,139,3.28255,-1.07213,7
98,131,3.28255,-1.07213,7
98,103,3.28255,-1.07213,7
98,259,3.28255,-1.07213,7
98,347,12.2546,15.583,3
98,47,3.28255,-1.07213,7
98,295,12.975,16.0382,3
98,359,2.09312,17.5751,6
98,407,-0.424353,-23.2557,5
98,363,3.28255,-1.07213,7
99,167,-6.90103,11.7833,1
99,351,3.28255,-1.07213,7
99,319,2.09312,17.5751,6
99,15,3.7743,-0.201399,7
99,107,3.77143,-0.199789,7
99,315,28,0,3
99,363,3.28255,-1.07213,7
99,91,11.9322,14.6381,3
99,183,3.28255,-1.07213,7
99,231,12.975,16.0382,3
99,391,3.28255,-1.07213,7
99,191,-13.0313,-1.20638,2
99,283,12.975,16.0382,3
99,275,-13.0313,-1.20638,2
99,67,3.28255,-1.07213,7
99,3,12.0583,14.4321,3
99,139,3.28255,-1.07213,7
99,163,3.77887,-0.203851,7
99,343,12.975,16.0382,3
99,47,3.28255,-1.07213,7
99,23,10.8608,13.9292,3
99,235,3.28255,-1.07213,7
99,395,12.975,16.0382,3
99,135,12.975,16.0382,3
99,151,12.975,16.0382,3
99,443,-0.424353,-23.2557,5
99,307,3.28255,-1.07213,7
99,439,-0.424353,-23.2557,5
99,143,12.975,16.0382,3
99,251,-0.424353,-23.2557,5
99,359,2.09312,17.5751,6
99,331,2.09312,17.5751,6
99,375,-13.0313,-1.20638,2
99,75,12.975,16.0382,3
99,243,12.4807,15.1689,3
99,383,2.09312,17.5751,6
99,335,28,0,3
99,263,-0.424353,-23.2557,5
99,175,12.975,16.0382,3
99,127,3.28255,-1.07213,7
99,7,12.5001,15.1587,3
99,435,-21.365,14.8787,4
99,279,3.28255,-1.07213,7
99,39,12.975,16.0382,3
99,147,12.975,16.0382,3
99,255,-6.90103,11.7833,1
99,199,-6.90103,11.7833,1
99,371,12.975,16.0382,3
99,271,3.28255,-1.07213,7
99,323,11.1043,14.2129,3
99,159,3.77765,-0.203378,7
99,131,3.28255,-1.07213,7
99,215,3.77778,-0.203388,7
99,63,3.28255,-1.07213,7
99,303,3.28255,-1.07213,7
99,171,3.28255,-1.07213,7
99,287,3.28255,-1.07213,7
99,27,11.7092,14.4169,3
99,31,3.28255,-1.07213,7
99,347,12.045,14.5862,3
99,295,12.975,16.0382,3
99,115,-0.424353,-23.2557,5
99,195,3.28255,-1.07213,7
99,95,3.28255,-1.07213,7
99,427,3.28255,-1.07213,7
99,203,3.28255,-1.07213,7
99,379,11.4867,13.4333,3
99,259,3.28255,-1.07213,7
99,419,12.975,16.0382,3
99,219,2.09312,17.5751,6
99,407,-0.424353,-23.2557,5
99,211,3.28255,-1.07213,7
99,411,-6.90103,11.7833,1
99,227,3.90887,-0.700502,7
99,399,-0.424353,-23.2557,5
99,179,3.28255,-1.07213,7
99,387,-13.0313,-1.20638,2
99,291,12.975,16.0382,3
99,79,12.975,16.0382,3
99,119,-13.0313,-1.20638,2
99,83,3.28255,-1.07213,7
99,431,3.28255,-1.07213,7
99,223,-0.424353,-23.2557,5
99,187,3.76303,-0.195171,7
99,51,9.87824,10.7311,3
99,43,12.975,16.0382,3
99,87,11.5649,13.5623,3
99,55,12.975,16.0382,3
99,423,-0.424353,-23.2557,5
99,367,-21.1348,14.6952,4
99,11,3.28255,-1.07213,7
99,59,3.28255,-1.07213,7
99,299,3.28255,-1.07213,7
99,403,3.28255,-1.07213,7
99,339,-13.0313,-1.20638,2
99,311,-13.0313,-1.20638,2
99,103,3.28255,-1.07213,7
99,267,12.2059,14.6814,3
99,247,3.28255,-1.07213,7
99,327,-6.90103,11.7833,1
99,123,-0.424353,-23.2557,5
99,19,3.28255,-1.07213,7
99,155,3.28255,-1.07213,7
99,239,3.28255,-1.07213,7
99,99,3.28255,-1.07213,7
99,35,3.28255,-1.07213,7
99,111,3.28255,-1.07213,7
99,355,-0.424353,-23.2557,5
99,415,3.28255,-1.07213,7
99,207,3.47643,-0.343082,7
99,71,11.8216,14.6396,3
