tick,agent_id,x,y,color
0,232,12,11,3
0,80,12,8,3
0,64,16,1,3
0,276,10,6,3
0,56,9,7,3
0,16,12,8,3
0,380,-1,0,7
0,372,8,-4,7
0,104,10,10,3
0,208,-7,6,1
0,348,8,-6,7
0,360,7,-13,5
0,404,13,-11,7
0,288,12,8,3
0,344,16,0,0
0,164,7,5,7
0,148,-7,16,1
0,308,5,-7,7
0,180,0,8,1
0,156,11,7,3
0,296,13,11,3
0,416,-2,-3,7
0,268,8,0,7
0,356,7,-4,7
0,384,3,14,6
0,328,8,15,3
0,172,-13,-19,5
0,32,14,-13,0
0,264,-8,5,1
0,440,-20,-8,2
0,336,-1,-8,7
0,4,15,-11,0
0,320,11,-4,7
0,132,12,6,3
0,176,2,25,6
0,272,8,7,3
0,72,12,9,3
0,240,16,-12,0
0,76,2,-8,7
0,20,13,5,3
0,40,16,3,3
0,312,17,-15,5
0,284,6,-17,5
0,60,12,7,3
0,184,-3,-14,5
0,400,-18,17,4
0,420,4,7,7
0,280,11,20,3
0,28,-2,17,6
0,84,13,9,3
0,36,-3,17,6
0,376,16,-12,0
0,436,17,-13,5
0,112,23,36,0
0,44,12,8,3
0,0,12,6,3
0,432,-11,2,2
0,228,0,14,6
0,252,-46,4,0
0,204,8,-4,7
0,212,8,0,7
0,408,11,19,3
0,68,13,9,3
0,248,12,8,3
0,108,13,10,3
0,96,12,11,3
0,364,-4,-17,5
0,396,12,4,3
0,200,5,0,7
0,368,3,5,7
0,24,5,-2,7
0,340,-7,17,1
0,128,-18,10,4
0,292,12,8,3
0,260,15,-11,0
0,152,11,-3,7
0,116,7,0,7
0,256,1,10,6
0,244,10,9,3
0,140,10,4,7
0,412,13,-4,7
0,124,12,9,3
0,216,15,-11,0
0,428,11,-11,7
0,392,-5,-17,5
0,388,29,1,3
0,88,8,7,3
0,220,12,9,3
0,120,17,-13,5
0,224,-4,-5,7
0,236,12,8,3
0,100,-14,2,2
0,352,-23,5,4
0,12,17,-13,5
0,196,14,4,3
0,136,-3,17,6
0,188,-6,1,2
0,160,-4,-14,5
0,92,-4,-14,5
0,300,12,6,3
0,144,12,9,3
0,8,-27,-8,2
0,48,13,11,3
0,444,-18,18,4
0,168,-18,0,2
0,52,12,9,3
0,424,-9,-9,2
0,324,9,-1,7
0,304,12,5,3
0,332,-23,-8,2
0,316,-5,-17,5
0,192,11,2,7
1,164,7,5,7
1,108,13,10,3
1,68,13,9,3
1,232,12,11,3
1,188,-6,1,2
1,192,11,2,7
1,216,15,-11,0
1,112,23,36,0
1,156,11,7,3
1,360,7,-13,5
1,208,-7,6,1
1,0,11.2246,7.22338,3
1,404,13,-11,7
1,436,15.881,-12.5881,5
1,264,-8,5,1
1,12,17,-13,5
1,324,8.99536,-0.926058,7
1,136,-3,17,6
1,100,-14,2,2
1,392,-3.93113,-17.0535,5
1,84,13,9,3
1,92,-4,-14,5
1,16,12,8,3
1,212,8,0,7
1,4,14.0623,-9.39943,7
1,372,8,-4,7
1,180,0,8,1
1,144,11.8686,9.02994,3
1,28,-2,17,6
1,104,10,10,3
1,292,12,8,3
1,320,11,-4,7
1,364,-3.02203,-17.1125,5
1,44,12,8,3
1,132,12,6,3
1,176,2,25,6
1,444,-18,18,4
1,428,11,-11,7
1,328,8.86073,14.3767,3
1,408,11,19,3
1,52,12,9,3
1,416,-2,-3,7
1,36,-1.17404,16.7346,6
1,280,11,20,3
1,72,12.1204,8.99272,3
1,244,10.3467,8.93781,3
1,284,5.02229,-16.8199,5
1,120,17,-13,5
1,56,9,7,3
1,260,15,-11,0
1,228,-0.135422,14.1043,6
1,424,-9,-9,2
1,248,12,8,3
1,48,13,11,3
1,160,-4,-14,5
1,308,5,-7,7
1,128,-18,10,4
1,336,-1,-8,7
1,420,4,7,7
1,80,12.1729,9.99046,3
1,196,14,4,3
1,272,8,7,3
1,32,14,-13,0
1,296,13,11,3
1,312,17,-15,5
1,388,28.2708,1.6843,3
1,240,16,-12,0
1,204,8,-4,7
1,344,16,0,0
1,200,4.73621,0.21208,7
1,356,7,-4,7
1,252,-46,4,0
1,20,12.2228,6.51403,3
1,140,10,4,7
1,384,3,14,6
1,340,-6.50298,15.216,1
1,168,-16.1952,-0.72763,2
1,288,12,8,3
1,440,-20,-8,2
1,376,16,-12,0
1,380,0.726662,0.139569,7
1,348,8,-6,7
1,224,-4,-5,7
1,256,1,10,6
1,64,15.1508,2.71264,3
1,304,12,5,3
1,184,-3,-14,5
1,148,-7,16,1
1,40,16,3,3
1,8,-27,-8,2
1,60,12,7,3
1,152,11,-3,7
1,400,-18,17,4
1,76,2,-8,7
1,268,8,0,7
1,368,3.74941,4.55812,7
1,220,12,9,3
1,300,12,6,3
1,352,-23,5,4
1,172,-11.5136,-18.5648,5
1,96,12.2293,10.9927,3
1,432,-10.705,1.17433,2
1,332,-23,-8,2
1,236,12,8,3
1,24,4.38691,-2.26421,7
1,396,12.1006,5.99613,3
1,316,-3.93113,-17.0535,5
1,412,13,-4,7
1,88,7.18711,6.9762,6
1,124,12,9,3
1,116,6.58105,0.452793,7
1,276,10,6,3
2,204,7.87637,-4.15044,7
2,136,-3,17,6
2,236,12,8,3
2,372,8,-4,7
2,392,-2.84431,-17.2779,5
2,144,12.0901,9.02672,3
2,156,11,7,3
2,4,13.1292,-7.83901,7
2,304,12,5,3
2,88,8.64127,8.07093,3
2,428,11,-11,7
2,0,11.2439,8.29301,3
2,128,-18,10,4
2,124,12,9,3
2,68,13,9,3
2,56,9,7,3
2,292,12,8,3
2,384,3,14,6
2,408,11,19,3
2,252,-46,4,0
2,84,13,9,3
2,300,12,6,3
2,432,-10.699,0.168775,2
2,152,11,-3,7
2,76,2,-8,7
2,336,-1,-8,7
2,324,7.03287,-0.752749,7
2,444,-18,18,4
2,256,2.00871,10.911,6
2,224,-2.15094,-4.44909,7
2,72,12.3857,9.00588,3
2,40,16,3,3
2,184,-3,-14,5
2,280,11,20,3
2,208,-7,6,1
2,348,8,-6,7
2,416,-2,-3,7
2,328,9.9795,13.986,3
2,436,15.881,-12.5881,5
2,332,-23,-8,2
2,148,-7,16,1
2,52,12,9,3
2,64,14.9325,2.7047,3
2,28,-2,17,6
2,260,15,-11,0
2,268,8,0,7
2,404,13,-11,7
2,288,12,8,3
2,104,10,10,3
2,228,0.694683,14.1391,6
2,44,12,8,3
2,92,-4,-14,5
2,340,-6.04965,13.7667,1
2,172,-9.90462,-18.3332,5
2,420,4,7,7
2,140,10,4,7
2,16,12,8,3
2,120,17,-13,5
2,112,23,36,0
2,212,8,0,7
2,364,-2.33354,-17.1463,5
2,284,3.8202,-16.8898,5
2,296,13,11,3
2,116,5.37761,0.703851,7
2,32,12.226,-13.8322,5
2,20,12.298,8.50991,3
2,424,-9,-9,2
2,216,15,-11,0
2,380,2.42242,-0.819151,7
2,264,-8,5,1
2,48,13,11,3
2,232,12,11,3
2,180,0,8,1
2,376,15.0348,-10.3952,7
2,240,15.0162,-10.3982,7
2,344,16,0,0
2,356,7,-4,7
2,320,11,-4,7
2,368,4.01955,2.69009,7
2,24,3.96644,-2.37747,7
2,272,8,7,3
2,192,11,2,7
2,440,-20,-8,2
2,220,12,9,3
2,200,3.39896,-0.747358,7
2,196,14,4,3
2,388,27.5416,2.3686,3
2,160,-4,-14,5
2,60,12,7,3
2,244,11.4955,9.53775,3
2,352,-23,5,4
2,316,-3.01256,-17.1265,5
2,8,-27,-8,2
2,168,-14.4125,-0.615896,2
2,36,0.916598,16.1638,6
2,400,-18,17,4
2,132,12,6,3
2,276,10,6,3
2,96,11.5812,12.1182,3
2,188,-6,1,2
2,100,-14,2,2
2,80,11.6125,9.11941,3
2,312,17,-15,5
2,108,13,10,3
2,12,17,-13,5
2,248,12,8,3
2,360,7,-13,5
2,308,5,-7,7
2,412,13,-4,7
2,164,7,5,7
2,176,2,25,6
2,396,11.8347,6.06448,3
3,404,12.1763,-9.32396,7
3,372,8,-4,7
3,36,2.13516,15.6091,6
3,316,-2.46907,-18.2048,5
3,164,7,5,7
3,204,6.37126,-4.07019,7
3,84,13,9,3
3,408,11,19,3
3,224,-1.08844,-3.04859,7
3,276,10,6,3
3,240,13.2715,-9.56651,7
3,80,10.6209,9.5065,3
3,216,15,-11,0
3,76,2,-8,7
3,48,13,11,3
3,424,-9,-9,2
3,16,12,8,3
3,312,17,-15,5
3,300,12,6,3
3,228,1.6141,14.4847,6
3,252,-46,4,0
3,332,-23,-8,2
3,344,16,0,0
3,284,3.5988,-16.7871,5
3,192,11,2,7
3,60,12,7,3
3,260,15,-11,0
3,104,10,10,3
3,120,17,-13,5
3,416,-2,-3,7
3,196,14,4,3
3,180,0,8,1
3,208,-7,6,1
3,368,3.78651,0.727795,7
3,136,-3,17,6
3,132,12,6,3
3,88,9.28826,8.00652,3
3,440,-20,-8,2
3,152,11,-3,7
3,356,7,-4,7
3,40,16,3,3
3,32,11.2964,-13.4857,5
3,24,3.28255,-1.07213,7
3,148,-7,16,1
3,96,11.4734,13.7169,3
3,112,23,36,0
3,172,-8.42493,-18.1052,5
3,28,-2,17,6
3,184,-3,-14,5
3,420,4,7,7
3,436,15.881,-12.5881,5
3,292,12,8,3
3,124,12,9,3
3,364,-1.69745,-17.2218,5
3,176,2,25,6
3,188,-6,1,2
3,400,-18,17,4
3,348,8,-6,7
3,144,11.3726,9.72888,3
3,0,9.95217,8.78906,3
3,328,10.7755,13.7176,3
3,232,12,11,3
3,212,8,0,7
3,264,-8,5,1
3,340,-5.80729,12.8232,1
3,4,11.4699,-6.72269,7
3,324,6.60755,-0.172288,7
3,268,8,0,7
3,68,13,9,3
3,432,-11.6064,-0.982913,2
3,388,25.9995,3.6336,3
3,116,4.24763,0.610887,7
3,380,3.28255,-1.07213,7
3,308,5,-7,7
3,168,-13.0313,-1.20638,2
3,396,11.2088,6.45759,3
3,140,10,4,7
3,428,11,-11,7
3,376,13.731,-8.93074,7
3,72,11.9404,9.19067,3
3,244,11.1194,9.74474,3
3,412,13,-4,7
3,200,3.28255,-1.07213,7
3,296,13,11,3
3,236,12,8,3
3,92,-4,-14,5
3,288,12,8,3
3,320,11,-4,7
3,20,12.3675,8.50673,3
3,64,13.8654,3.60933,3
3,108,13,10,3
3,220,12,9,3
3,336,-1,-8,7
3,392,-1.92709,-17.4983,5
3,100,-14,2,2
3,156,11,7,3
3,272,8,7,3
3,56,9,7,3
3,280,11,20,3
3,444,-18,18,4
3,384,3,14,6
3,52,12,9,3
3,248,12,8,3
3,304,12,5,3
3,160,-4,-14,5
3,352,-23,5,4
3,12,17,-13,5
3,44,12,8,3
3,128,-18,10,4
3,360,7,-13,5
3,256,1.87224,10.925,6
3,8,-27,-8,2
4,12,15.9786,-12.5631,5
4,16,12,8,3
4,432,-13.0313,-1.20638,2
4,160,-4,-14,5
4,244,11.1728,9.73105,3
4,260,15,-11,0
4,0,10.5375,8.7735,3
4,232,12,11,3
4,164,5.98186,3.27906,7
4,296,13,11,3
4,252,-45.1115,3.54118,4
4,148,-7,16,1
4,136,-3,17,6
4,356,7,-4,7
4,416,-2,-3,7
4,188,-4.24942,1.30334,7
4,336,-1,-8,7
4,44,12,8,3
4,152,11,-3,7
4,60,12,7,3
4,276,10,6,3
4,72,11.9168,9.78873,3
4,228,1.37807,14.5737,6
4,176,2,25,6
4,128,-18,10,4
4,100,-14,2,2
4,352,-23,5,4
4,216,15,-11,0
4,304,12,5,3
4,236,12,8,3
4,48,13,11,3
4,144,11.9168,9.78873,3
4,220,12,9,3
4,404,10.5237,-8.289,7
4,112,23,36,0
4,224,0.771669,-2.34655,7
4,436,15.881,-12.5881,5
4,40,16,3,3
4,68,13,9,3
4,28,-2,17,6
4,124,12,9,3
4,384,3,14,6
4,332,-21.2825,-7.73811,2
4,156,11,7,3
4,348,8,-6,7
4,192,11,2,7
4,96,12.4067,13.9413,3
4,380,3.28255,-1.07213,7
4,368,3.55475,0.735505,7
4,132,12,6,3
4,392,-1.3056,-17.6024,5
4,312,17,-15,5
4,36,2.54739,14.7252,6
4,24,3.28255,-1.07213,7
4,20,12.6925,8.4889,3
4,400,-18,17,4
4,168,-13.0313,-1.20638,2
4,328,11.6838,13.6894,3
4,300,12,6,3
4,108,13,10,3
4,4,10.5171,-5.22824,7
4,264,-8,5,1
4,364,-1.00686,-17.4105,5
4,288,12,8,3
4,408,11,19,3
4,316,-1.74057,-18.29,5
4,420,4,7,7
4,212,8,0,7
4,204,5.57212,-4.23702,7
4,292,12,8,3
4,308,5,-7,7
4,396,10.661,6.81592,3
4,340,-6.23886,11.868,1
4,320,11,-4,7
4,52,12,9,3
4,208,-7,6,1
4,56,9,7,3
4,64,13.655,3.62003,3
4,272,8,7,3
4,440,-20,-8,2
4,196,14,4,3
4,172,-7.06856,-17.9149,5
4,428,11,-11,7
4,268,8,0,7
4,256,2.01347,10.9333,6
4,248,12,8,3
4,372,6.69778,-2.65992,7
4,376,12.4514,-7.47034,7
4,80,10.5375,8.7735,3
4,324,4.677,-0.694754,7
4,8,-27,-8,2
4,120,17,-13,5
4,412,13,-4,7
4,180,0,8,1
4,280,11,20,3
4,76,2,-8,7
4,284,2.23649,-17.3843,5
4,140,10,4,7
4,388,24.3031,4.3763,3
4,116,4.08514,-0.6048,7
4,92,-4,-14,5
4,444,-18,18,4
4,200,3.28255,-1.07213,7
4,88,9.16785,8.07469,3
4,104,10,10,3
4,344,16,0,0
4,84,13.0077,9.96475,3
4,184,-3,-14,5
4,360,7,-13,5
4,424,-9,-9,2
4,240,11.9917,-8.07413,7
4,32,10.5912,-13.1618,5
5,380,3.28255,-1.07213,7
5,32,10.1234,-12.2779,5
5,420,4,7,7
5,180,-1.13892,9.36339,1
5,392,-0.488234,-18.0093,5
5,104,10,10,3
5,196,14,4,3
5,248,12,8,3
5,176,2,25,6
5,436,15.881,-12.5881,5
5,280,11,20,3
5,20,11.8024,7.80552,3
5,372,4.85298,-2.05567,7
5,224,2.43067,-1.33849,7
5,360,7,-13,5
5,400,-18,17,4
5,288,12,8,3
5,208,-7,6,1
5,388,23.6063,5.09359,3
5,272,8,7,3
5,204,5.37942,-2.78947,7
5,440,-20,-8,2
5,144,11.4325,10.0786,3
5,152,11,-3,7
5,172,-5.47559,-18.1659,5
5,292,12,8,3
5,328,12.0411,13.6222,3
5,412,13,-4,7
5,4,9.69172,-3.83651,7
5,256,2.46437,11.0702,6
5,308,5,-7,7
5,316,-1.18506,-18.3624,5
5,92,-4,-14,5
5,252,-45.1115,3.54118,4
5,444,-18,18,4
5,108,13,10,3
5,432,-13.0313,-1.20638,2
5,404,9.76572,-6.63764,7
5,284,2.2925,-17.4125,5
5,68,13,9,3
5,300,12,6,3
5,332,-21.3543,-6.75554,2
5,356,7,-4,7
5,56,9,7,3
5,8,-27,-8,2
5,52,11.1731,9.18787,3
5,164,5.82045,1.68635,7
5,384,3,14,6
5,336,-1,-8,7
5,192,11,2,7
5,416,-2,-3,7
5,368,3.83018,0.594639,7
5,128,-18,10,4
5,244,10.5934,10.7723,3
5,124,12,9,3
5,296,13,11,3
5,40,14.8743,4.24291,3
5,268,8,0,7
5,232,12,11,3
5,76,2,-8,7
5,424,-9,-9,2
5,0,10.5706,9.86496,3
5,408,11,19,3
5,236,12,8,3
5,240,11.1643,-6.5065,7
5,220,12,9,3
5,212,8,0,7
5,260,15,-11,0
5,184,-3,-14,5
5,88,9.63667,8.8301,3
5,312,17,-15,5
5,28,-0.854657,16.3954,6
5,344,16,0,0
5,352,-23,5,4
5,428,11,-11,7
5,120,17,-13,5
5,72,11.9871,9.78017,3
5,200,3.28255,-1.07213,7
5,348,8,-6,7
5,148,-7,16,1
5,160,-4,-14,5
5,64,12.6816,4.57531,3
5,216,15,-11,0
5,188,-2.94069,0.163827,7
5,116,3.28255,-1.07213,7
5,100,-13.4216,0.0854658,2
5,396,10.8757,8.77462,3
5,168,-13.0313,-1.20638,2
5,16,12,8,3
5,304,12,5,3
5,80,10.2959,8.90461,3
5,112,22.6612,35.0591,8
5,12,15.9786,-12.5631,5
5,276,10,6,3
5,24,3.28255,-1.07213,7
5,228,1.67239,14.5761,6
5,376,11.1154,-6.06275,7
5,36,2.47353,13.9586,6
5,60,12,7,3
5,132,12,6,3
5,140,10,4,7
5,320,11,-4,7
5,264,-8,5,1
5,156,11,7,3
5,136,-3,17,6
5,340,-6.26342,11.723,1
5,44,12,8,3
5,48,13,11,3
5,324,4.43311,-0.410911,7
5,84,13.1465,9.70893,3
5,96,11.9958,14.4308,3
5,364,-0.539936,-17.5156,5
6,292,12,8,3
6,308,5,-7,7
6,224,3.28255,-1.07213,7
6,384,3,14,6
6,148,-7,16,1
6,340,-6.26756,11.796,1
6,268,8,0,7
6,172,-5.56901,-18.2777,5
6,32,9.58589,-10.4482,7
6,20,11.46,9.03397,3
6,300,12,6,3
6,392,-0.288153,-18.0348,5
6,264,-8,5,1
6,236,12,8,3
6,112,22.6612,35.0591,8
6,240,9.69287,-6.55877,7
6,424,-9,-9,2
6,256,3.2381,12.2305,6
6,108,13,10,3
6,192,11,2,7
6,200,3.28255,-1.07213,7
6,124,12,9,3
6,40,14.0766,5.96173,3
6,408,11,19,3
6,260,15,-11,0
6,16,12,8,3
6,216,15,-11,0
6,184,-3,-14,5
6,12,15.9786,-12.5631,5
6,316,-1.76284,-18.821,5
6,364,-0.278412,-17.5574,5
6,416,-2,-3,7
6,72,11.6138,9.94975,3
6,88,10.2552,9.57769,3
6,232,12,11,3
6,120,17,-13,5
6,76,2,-8,7
6,312,17,-15,5
6,296,13,11,3
6,412,13,-4,7
6,116,3.28255,-1.07213,7
6,36,3.53606,13.5665,6
6,84,12.2705,11.2762,3
6,168,-13.0313,-1.20638,2
6,8,-27,-8,2
6,28,0.833378,16.5831,6
6,80,10.3666,8.74033,3
6,208,-6.67127,6.06973,1
6,164,4.74084,0.104819,7
6,60,12.272,7.01605,3
6,368,3.95428,0.532222,7
6,228,1.85421,14.5782,6
6,188,-1.55845,0.713726,7
6,220,12,9,3
6,324,3.44428,-0.605604,7
6,64,12.5342,4.59199,3
6,252,-45.1115,3.54118,4
6,204,3.83213,-1.52224,7
6,372,4.62632,-1.26632,7
6,128,-18,10,4
6,144,11.3767,10.0954,3
6,320,10.0884,-2.76091,7
6,284,2.21447,-17.3813,5
6,420,4,7,7
6,248,12,8,3
6,280,11,20,3
6,380,3.28255,-1.07213,7
6,400,-18,17,4
6,272,8,7,3
6,432,-13.0313,-1.20638,2
6,356,7,-4,7
6,104,10,10,3
6,52,11.0306,8.50355,3
6,96,12.3478,14.367,3
6,136,-3,17,6
6,388,22.0198,6.24712,3
6,176,2,25,6
6,352,-23,5,4
6,332,-19.7677,-6.70663,2
6,376,10.2004,-4.60794,7
6,288,12,8,3
6,348,8,-6,7
6,436,15.881,-12.5881,5
6,444,-18,18,4
6,212,8,0,7
6,328,11.9427,13.6717,3
6,100,-12.8536,-0.234209,2
6,68,13,9,3
6,396,10.5839,8.93052,3
6,180,-1.45953,8.99715,1
6,0,11.2102,9.12826,3
6,344,16,0,0
6,336,-1,-8,7
6,428,11,-11,7
6,304,12,5,3
6,48,13.0949,11.0068,3
6,156,11,7,3
6,4,9.75242,-3.59697,7
6,160,-4,-14,5
6,24,3.28255,-1.07213,7
6,92,-4,-14,5
6,132,11.8802,6.02053,3
6,440,-20,-8,2
6,140,10,4,7
6,276,10,6,3
6,360,7,-13,5
6,244,10.6348,10.7551,3
6,196,14,4,3
6,56,9,7,3
6,44,12,8,3
6,152,11,-3,7
6,404,8.41898,-5.18816,7
7,36,4.33002,13.6853,6
7,444,-18,18,4
7,28,0.943656,16.4831,6
7,120,17,-13,5
7,296,13,11,3
7,72,12.1987,11.8483,3
7,436,15.881,-12.5881,5
7,256,3.22057,12.227,6
7,136,-3,17,6
7,280,11,20,3
7,88,10.7367,8.57752,3
7,264,-8,5,1
7,184,-3,-14,5
7,220,12,9,3
7,364,0.0377115,-17.6367,5
7,380,3.28255,-1.07213,7
7,252,-45.1115,3.54118,4
7,160,-4,-14,5
7,148,-7,16,1
7,396,11.7472,9.68392,3
7,204,3.28255,-1.07213,7
7,244,10.5482,10.8005,3
7,140,10,4,7
7,384,3.4207,14.3241,6
7,76,2.08683,-8.01107,7
7,276,10,6,3
7,80,11.2805,9.47182,3
7,412,13,-4,7
7,332,-18.2207,-5.43904,2
7,124,12,9,3
7,420,4,7,7
7,60,11.8064,9.76684,3
7,16,12,8,3
7,132,12.0967,6.99532,3
7,312,17,-15,5
7,192,9.08986,1.50746,7
7,164,3.37282,-0.844191,7
7,408,11.3959,17.4106,3
7,288,12,8,3
7,128,-18,10,4
7,392,-0.0173294,-18.0948,5
7,24,3.28255,-1.07213,7
7,320,8.71001,-1.7197,7
7,168,-13.0313,-1.20638,2
7,100,-12.57,-0.716826,2
7,284,0.944713,-18.3851,5
7,112,22.6612,35.0591,8
7,92,-4,-14,5
7,108,13,10,3
7,356,5.87855,-4.1198,7
7,292,12,8,3
7,44,12,8,3
7,268,8,0,7
7,96,12.4908,14.3374,3
7,344,16,0,0
7,216,15,-11,0
7,116,3.28255,-1.07213,7
7,8,-24.385,-6.62842,2
7,56,9,7,3
7,416,-2,-3,7
7,432,-13.0313,-1.20638,2
7,440,-20,-8,2
7,316,-1.6522,-18.7971,5
7,368,4.21241,0.271925,7
7,180,-3.01541,8.92793,1
7,376,9.30993,-4.15283,7
7,324,3.57759,-0.760721,7
7,240,8.2037,-5.22501,7
7,260,15,-11,0
7,340,-6.51281,11.5337,1
7,40,13.0943,7.20986,3
7,400,-18,17,4
7,104,10,10,3
7,348,8,-6,7
7,0,11.6714,10.0114,3
7,4,9.00623,-2.39769,7
7,208,-5.8845,7.09689,1
7,172,-4.16138,-18.4576,5
7,200,3.28255,-1.07213,7
7,248,12,8,3
7,12,15.9786,-12.5631,5
7,232,12,11,3
7,68,13,9,3
7,352,-23,5,4
7,176,2,25,6
7,404,7.16961,-3.71909,7
7,52,11.9917,10.7495,3
7,144,11.8654,12.0342,3
7,336,-1,-8,7
7,20,10.5027,8.43755,3
7,304,12,5,3
7,328,12.2761,13.6335,3
7,84,12.1605,11.3174,3
7,236,12,8,3
7,152,11,-3,7
7,32,8.48462,-8.77885,7
7,188,0.254459,-0.100831,7
7,360,7,-13,5
7,308,5,-7,7
7,64,12.3901,6.56868,3
7,156,11,7,3
7,212,8,0,7
7,424,-8.57675,-7.94288,2
7,224,3.28255,-1.07213,7
7,300,11.3552,6.40044,3
7,48,12.7007,11.1986,3
7,272,8,7,3
7,428,11,-11,7
7,228,2.60947,15.5277,6
7,372,4.4388,-0.848604,7
7,388,20.4598,6.67508,3
7,196,14,4,3
8,364,0.355777,-17.7379,5
8,272,8,7,3
8,200,3.28255,-1.07213,7
8,196,14,4,3
8,328,12.3329,13.6202,3
8,356,6.07236,-3.84425,7
8,124,12,9,3
8,48,12.603,11.1747,3
8,240,6.51657,-4.32943,7
8,92,-4,-14,5
8,20,10.0907,7.59595,3
8,108,13,10,3
8,144,11.9823,12.0127,3
8,36,4.94921,13.4361,6
8,116,3.28255,-1.07213,7
8,236,12,8,3
8,180,-3.24907,8.72393,1
8,172,-3.29704,-18.3847,5
8,416,-2,-3,7
8,40,12.3986,8.83797,3
8,404,5.42331,-2.91609,7
8,152,11,-3,7
8,260,13.4741,-9.70712,7
8,112,22.6612,35.0591,8
8,16,12,8,3
8,12,15.9786,-12.5631,5
8,292,12,8,3
8,332,-16.5187,-4.54815,2
8,212,8,0,7
8,88,10.5903,9.23521,3
8,384,3.78678,14.699,6
8,248,12,8,3
8,400,-18,17,4
8,208,-5.2846,8.06578,1
8,376,8.57293,-2.85577,7
8,224,3.28255,-1.07213,7
8,160,-4,-14,5
8,28,2.05619,17.292,6
8,276,10,6,3
8,156,11,7,3
8,204,3.28255,-1.07213,7
8,136,-3,17,6
8,288,12,8,3
8,388,19.0115,8.00526,3
8,4,8.21178,-1.36032,7
8,280,11,20,3
8,232,12,11,3
8,168,-13.0313,-1.20638,2
8,52,11.5611,9.83421,3
8,432,-13.0313,-1.20638,2
8,80,10.2853,9.33663,3
8,220,12,9,3
8,444,-18,18,4
8,268,8,0,7
8,304,12,5,3
8,64,12.0784,6.65062,3
8,0,10.6617,10.2631,3
8,60,11.2476,8.98743,3
8,32,8.77567,-8.43519,7
8,352,-23,5,4
8,440,-20,-8,2
8,72,11.65,11.1439,3
8,340,-6.56529,11.4799,1
8,228,2.94174,15.7817,6
8,104,10,10,3
8,360,7,-13,5
8,252,-45.1115,3.54118,4
8,68,12.3541,9.03498,3
8,56,9,7,3
8,412,13,-4,7
8,76,2.42646,-6.04012,7
8,396,12.0471,9.68556,3
8,324,3.28255,-1.07213,7
8,316,-0.805092,-19.1372,5
8,344,16,0,0
8,216,13.4455,-9.74271,7
8,408,11.555,16.495,3
8,100,-13.0313,-1.20638,2
8,372,4.20244,-0.563208,7
8,140,10,4,7
8,84,12.0467,10.3966,3
8,392,0.688522,-18.7389,5
8,184,-3,-14,5
8,192,8.95204,1.71659,7
8,176,2,25,6
8,8,-21.7929,-5.31532,2
8,24,3.28255,-1.07213,7
8,44,12,8,3
8,348,8,-6,7
8,336,0.0316302,-6.28688,7
8,420,4,7,7
8,308,5,-7,7
8,256,2.39031,12.5881,6
8,148,-7,16,1
8,368,3.96436,-0.811961,7
8,96,12.3384,14.4125,3
8,188,1.81574,-0.0204772,7
8,164,3.29946,-0.841512,7
8,284,1.0878,-18.4425,5
8,436,15.881,-12.5881,5
8,244,10.9844,10.7402,3
8,264,-8,5,1
8,128,-18,10,4
8,424,-10.009,-6.76648,2
8,380,3.28255,-1.07213,7
8,300,11.4753,8.3792,3
8,296,13,11,3
8,320,6.73521,-1.41971,7
8,132,11.0824,7.7938,3
8,312,17,-15,5
8,428,11,-11,7
8,120,15.8755,-12.5898,5
9,16,11.7969,8.05219,3
9,272,8,7,3
9,80,9.61088,8.56933,3
9,96,12.0258,15.0075,3
9,164,3.28255,-1.07213,7
9,352,-23,5,4
9,288,12,8,3
9,104,10,10,3
9,304,10.5088,3.69496,7
9,28,2.18662,17.3608,6
9,156,11,7,3
9,12,15.9786,-12.5631,5
9,308,5,-7,7
9,100,-13.0313,-1.20638,2
9,144,11.7728,12.104,3
9,440,-20,-8,2
9,152,11,-3,7
9,436,15.881,-12.5881,5
9,120,15.8755,-12.5898,5
9,68,13.183,10.1287,3
9,244,10.8975,10.7794,3
9,372,3.28255,-1.07213,7
9,392,0.386173,-18.7312,5
9,348,8,-6,7
9,296,13,11,3
9,192,7.09121,1.09094,7
9,368,3.43985,-0.727611,7
9,284,1.5913,-18.9791,5
9,432,-13.0313,-1.20638,2
9,360,7,-13,5
9,188,3.28255,-1.07213,7
9,204,3.28255,-1.07213,7
9,384,2.80351,14.97,6
9,264,-8,5,1
9,336,1.08969,-4.58967,7
9,124,12,9,3
9,200,3.28255,-1.07213,7
9,240,6.71819,-3.67483,7
9,268,8,0,7
9,128,-18,10,4
9,108,13,10,3
9,320,6.19866,-0.66645,7
9,252,-45.1115,3.54118,4
9,376,7.73574,-1.72285,7
9,148,-7,16,1
9,140,10,4,7
9,196,14,4,3
9,340,-6.63861,11.7993,1
9,92,-4,-14,5
9,364,0.419437,-17.7498,5
9,248,12,8,3
9,224,3.28255,-1.07213,7
9,388,17.6272,8.36065,3
9,396,11.6502,9.86842,3
9,40,12.1916,10.6751,3
9,0,10.1844,9.3998,3
9,176,2,25,6
9,60,10.6947,9.60129,3
9,220,12,9,3
9,316,-1.1809,-19.2933,5
9,48,12.0293,12.0214,3
9,116,3.28255,-1.07213,7
9,216,11.8972,-8.47776,7
9,32,7.53056,-6.87214,7
9,180,-3.4284,8.57097,1
9,56,10.1988,8.45772,3
9,292,12,8,3
9,380,3.28255,-1.07213,7
9,36,5.48679,12.6548,6
9,300,10.7892,9.38793,3
9,112,22.6612,35.0591,8
9,72,12.1916,10.6751,3
9,8,-19.2164,-4.11716,2
9,24,3.28255,-1.07213,7
9,208,-6.1581,8.29705,1
9,404,5.31278,-3.01557,7
9,324,3.28255,-1.07213,7
9,408,11.6695,16.0337,3
9,20,8.92026,7.92755,3
9,212,8,0,7
9,260,11.7857,-8.71008,7
9,312,17,-15,5
9,76,2.98576,-4.15866,7
9,356,6.1287,-3.77969,7
9,444,-18,18,4
9,160,-4,-14,5
9,276,10,6,3
9,420,4,7,7
9,52,11.9609,11.7927,3
9,256,2.58558,12.6275,6
9,280,11,20,3
9,228,2.1674,16.091,6
9,400,-18,17,4
9,332,-14.914,-3.59045,2
9,428,11,-11,7
9,44,12,8,3
9,4,7.38147,-2.106,7
9,416,-2,-3,7
9,184,-3,-14,5
9,84,11.6774,11.0889,3
9,168,-13.0313,-1.20638,2
9,64,11.466,7.00763,3
9,232,12,11,3
9,172,-2.5469,-18.366,5
9,88,10.7803,10.2631,3
9,136,-3,17,6
9,424,-9.86408,-5.31858,2
9,412,11.0563,-3.5641,7
9,344,16,0,0
9,132,12.1204,8.99272,3
9,236,12,8,3
9,328,12.5064,13.6023,3
10,84,11.6329,11.3839,3
10,324,3.28255,-1.07213,7
10,308,5,-7,7
10,232,12,11,3
10,248,12,8,3
10,104,10,10,3
10,8,-16.6603,-2.98706,2
10,376,6.73966,-1.81134,7
10,396,11.3155,10.0331,3
10,304,9.93549,2.29553,7
10,348,8,-6,7
10,120,15.8755,-12.5898,5
10,284,1.6709,-19.0231,5
10,320,4.21773,-0.942032,7
10,216,10.5457,-7.0278,7
10,176,2,25,6
10,436,15.881,-12.5881,5
10,264,-8,5,1
10,404,4.5904,-2.32407,7
10,16,11.4285,8.20617,3
10,144,11.9278,12.0759,3
10,268,8,0,7
10,196,14,4,3
10,60,11.2377,10.4813,3
10,184,-3,-14,5
10,116,3.28255,-1.07213,7
10,76,2.99637,-3.09265,7
10,24,3.28255,-1.07213,7
10,128,-18,10,4
10,164,3.28255,-1.07213,7
10,252,-45.1115,3.54118,4
10,48,12.9203,11.3697,3
10,280,11,20,3
10,80,9.94943,9.54035,3
10,20,7.40627,7.1235,6
10,172,-1.94693,-20.2471,5
10,64,10.9769,7.27999,3
10,356,4.95216,-2.26624,7
10,364,0.613389,-17.8076,5
10,332,-13.5647,-2.25469,2
10,420,4,7,7
10,360,7,-13,5
10,228,2.45443,16.2185,6
10,336,2.3998,-3.73533,7
10,88,11.468,11.2241,3
10,328,12.2912,13.6935,3
10,224,3.28255,-1.07213,7
10,204,3.28255,-1.07213,7
10,56,9.9836,8.57658,3
10,212,8,0,7
10,200,3.28255,-1.07213,7
10,208,-5.7267,8.60694,1
10,132,11.6168,10.2264,3
10,256,2.73301,12.6581,6
10,244,11.3967,10.7603,3
10,140,10,4,7
10,220,12,9,3
10,40,11.5388,11.8375,3
10,272,8,7,3
10,92,-2.77051,-14.8554,5
10,432,-13.0313,-1.20638,2
10,108,13,10,3
10,192,6.20368,0.601587,7
10,344,16,0,0
10,288,12,8,3
10,36,5.80264,11.8129,6
10,28,2.12091,17.3547,6
10,72,11.6742,9.86769,3
10,296,13,11,3
10,316,-1.67783,-19.6754,5
10,4,7.38147,-2.106,7
10,152,11,-3,7
10,392,0.980892,-19.3055,5
10,12,15.9786,-12.5631,5
10,372,3.28255,-1.07213,7
10,136,-3,17,6
10,340,-6.71895,11.6794,1
10,276,10,6,3
10,380,3.28255,-1.07213,7
10,424,-9.58882,-4.52582,2
10,68,12.2213,12.7162,3
10,312,17,-15,5
10,440,-20,-8,2
10,260,10.2978,-7.37359,7
10,156,11,7,3
10,188,3.28255,-1.07213,7
10,168,-13.0313,-1.20638,2
10,236,12,8,3
10,388,16.2042,9.18441,3
10,148,-7,16,1
10,44,12,8,3
10,384,3.14997,15.2285,6
10,0,10.3577,9.68511,3
10,292,12,8,3
10,96,12.2275,14.9051,3
10,400,-18,17,4
10,368,3.47426,-0.74898,7
10,428,11,-11,7
10,52,11.8955,10.7977,3
10,124,12,9,3
10,32,6.37663,-4.42343,7
10,112,22.6612,35.0591,8
10,408,11.6902,15.9086,3
10,412,9.15176,-2.95358,7
10,444,-18,18,4
10,416,-2,-3,7
10,180,-3.70025,9.88869,1
10,240,5.75365,-3.87729,7
10,300,10.2911,10.6197,3
10,352,-23,5,4
10,100,-13.0313,-1.20638,2
10,160,-4,-14,5
11,140,10,4,7
11,164,3.28255,-1.07213,7
11,320,3.93879,-0.653931,7
11,376,6.39204,-1.05798,7
11,416,-2,-3,7
11,208,-5.29134,9.43035,1
11,332,-13.0313,-1.20638,2
11,184,-3,-14,5
11,220,12,9,3
11,112,22.6612,35.0591,8
11,96,12.5835,14.8553,3
11,256,2.63065,12.6522,6
11,92,-1.67629,-14.0929,5
11,188,3.28255,-1.07213,7
11,64,10.4961,7.59239,3
11,124,11.33,10.0386,3
11,216,10.5457,-7.0278,7
11,120,15.8755,-12.5898,5
11,160,-4,-14,5
11,368,3.28255,-1.07213,7
11,276,10,6,3
11,88,11.2086,10.3582,3
11,152,11,-3,7
11,196,14,4,3
11,108,13,10,3
11,240,5.54814,-2.5543,7
11,280,11,20,3
11,236,12,8,3
11,156,11,7,3
11,388,15.3518,10.9936,3
11,260,9.03228,-7.43526,7
11,364,1.23465,-18.4302,5
11,348,8,-6,7
11,244,10.8976,11.2343,3
11,268,8,0,7
11,20,6.05518,4.44497,7
11,384,3.45086,15.5439,6
11,172,-0.853189,-20.8378,5
11,200,3.28255,-1.07213,7
11,296,13,11,3
11,72,10.5826,9.4478,3
11,12,15.9786,-12.5631,5
11,404,3.28255,-1.07213,7
11,288,12,8,3
11,440,-20,-8,2
11,324,3.28255,-1.07213,7
11,228,2.77245,16.5671,6
11,8,-14.1842,-1.6519,2
11,444,-18,18,4
11,304,8.41932,1.10221,7
11,292,12,8,3
11,340,-6.90986,11.747,1
11,144,11.4904,13.3436,3
11,396,11.4954,10.006,3
11,36,5.00795,12.0017,6
11,192,6.18571,1.77629,7
11,116,3.28255,-1.07213,7
11,272,8,7,3
11,100,-13.0313,-1.20638,2
11,432,-13.0313,-1.20638,2
11,136,-3,17,6
11,4,6.69205,-1.13651,7
11,148,-7,16,1
11,248,12,8,3
11,428,11,-11,7
11,360,7,-13,5
11,56,9.77691,10.1819,3
11,84,11.3548,10.4861,3
11,284,1.39599,-18.9507,5
11,68,11.9804,11.8652,3
11,336,2.88041,-1.84776,7
11,0,11.2399,10.6782,3
11,436,15.881,-12.5881,5
11,316,-1.16325,-19.704,5
11,32,5.46095,-2.80901,7
11,24,3.28255,-1.07213,7
11,180,-3.62065,10.3617,1
11,168,-13.0313,-1.20638,2
11,52,12.5694,10.9279,3
11,60,12.043,10.6431,3
11,344,16,0,0
11,420,3.80927,5.0092,7
11,176,2,25,6
11,264,-8,5,1
11,224,3.28255,-1.07213,7
11,408,12.2514,15.5219,3
11,132,11.5989,11.2522,3
11,356,3.81403,-1.14369,7
11,372,3.28255,-1.07213,7
11,16,10.9669,8.47696,3
11,104,10,10,3
11,312,15.417,-14.7601,5
11,128,-18,10,4
11,328,12.1229,13.7756,3
11,232,12,11,3
11,380,3.28255,-1.07213,7
11,392,1.31505,-19.5604,5
11,76,2.98321,-3.0906,7
11,252,-45.1115,3.54118,4
11,204,3.28255,-1.07213,7
11,412,7.39188,-2.09785,7
11,44,12,8,3
11,28,2.17437,17.3786,6
11,80,10.3799,10.4423,3
11,308,5,-7,7
11,352,-23,5,4
11,48,11.8234,11.137,3
11,300,10.2744,10.6282,3
11,212,8,0,7
11,400,-18,17,4
11,424,-9.40128,-3.84854,2
11,40,11.2606,13.2789,3
12,216,9.87888,-7.33742,7
12,292,12,8,3
12,148,-6.25844,14.7261,1
12,408,12.4771,15.3912,3
12,176,2,25,6
12,92,-0.757989,-13.3131,5
12,144,11.9719,13.2925,3
12,268,7.42525,0.566923,7
12,404,3.28255,-1.07213,7
12,364,1.22185,-18.426,5
12,236,12,8,3
12,168,-13.0313,-1.20638,2
12,368,3.28255,-1.07213,7
12,432,-13.0313,-1.20638,2
12,156,11,7,3
12,32,4.67906,-2.18559,7
12,16,10.991,10.3727,3
12,276,10,6,3
12,52,11.4435,11.3551,3
12,120,15.8755,-12.5898,5
12,96,12.4811,14.9072,3
12,280,11,20,3
12,320,3.76224,-0.529143,7
12,104,10,10,3
12,180,-3.72286,10.1984,1
12,344,16,0,0
12,188,3.28255,-1.07213,7
12,140,10,4,7
12,68,12.0985,12.8806,3
12,164,3.28255,-1.07213,7
12,384,3.69362,16.1946,6
12,332,-13.0313,-1.20638,2
12,252,-45.1115,3.54118,4
12,24,3.28255,-1.07213,7
12,36,4.98252,11.1891,6
12,40,11.3884,13.2185,3
12,192,5.25218,1.19565,7
12,356,3.33457,-1.20542,7
12,80,9.48491,10.7728,3
12,300,10.2849,10.6231,3
12,124,10.411,9.53546,3
12,284,1.33061,-18.9268,5
12,260,7.90927,-7.46863,7
12,336,3.28255,-1.07213,7
12,440,-18.4282,-6.80081,2
12,376,7.02721,-1.83035,7
12,264,-8,5,1
12,56,9.82273,10.1588,3
12,428,11,-11,7
12,316,-0.847328,-19.7166,5
12,44,12,8,3
12,128,-18,10,4
12,304,6.62342,-0.202447,7
12,348,8,-6,7
12,436,15.881,-12.5881,5
12,4,4.89669,-0.751333,7
12,240,3.91359,-1.83768,7
12,380,3.28255,-1.07213,7
12,396,10.8745,10.9055,3
12,328,12.0116,13.8328,3
12,72,9.86033,8.70729,3
12,444,-18,18,4
12,360,7.35566,-13.8776,5
12,288,12,8,3
12,312,14.3936,-14.2919,5
12,64,10.3558,7.64813,3
12,60,10.7853,11.8725,3
12,412,6.76149,-1.14704,7
12,160,-3.21157,-14.0893,5
12,132,10.7394,10.806,3
12,12,15.9786,-12.5631,5
12,248,12,8,3
12,340,-6.90103,11.7833,1
12,324,3.28255,-1.07213,7
12,0,10.9801,10.1421,3
12,208,-6.24076,11.112,1
12,224,3.28255,-1.07213,7
12,352,-23,5,4
12,228,2.59827,16.5039,6
12,372,3.28255,-1.07213,7
12,232,12,11,3
12,308,5,-7,7
12,256,2.56502,12.6481,6
12,28,2.18882,17.3861,6
12,116,3.28255,-1.07213,7
12,136,-3,17,6
12,400,-18,17,4
12,212,8,0,7
12,220,12,9,3
12,392,0.536779,-19.6717,5
12,244,11.4104,11.2069,3
12,388,14.0872,11.9984,3
12,76,3.76059,-1.61454,7
12,112,22.6612,35.0591,8
12,88,10.955,12.3064,3
12,296,13,11,3
12,20,5.33049,1.79208,7
12,424,-9.44949,-2.90278,2
12,84,11.141,9.65896,3
12,184,-3,-14,5
12,100,-13.0313,-1.20638,2
12,152,11,-3,7
12,48,10.5481,11.6709,3
12,416,-2,-3,7
12,204,3.28255,-1.07213,7
12,272,8,7,3
12,196,14,4,3
12,8,-13.0313,-1.20638,2
12,420,4.44428,4.57779,7
12,200,3.28255,-1.07213,7
12,172,-0.532333,-22.8063,5
12,108,13,10,3
13,108,13,10,3
13,48,11.442,11.3398,3
13,208,-6.1692,11.4904,1
13,292,12,8,3
13,180,-3.83805,10.0363,1
13,60,10.3616,10.9818,3
13,340,-6.90103,11.7833,1
13,332,-13.0313,-1.20638,2
13,96,12.4318,14.9332,3
13,44,12,8,3
13,16,11.4173,10.62,3
13,436,15.881,-12.5881,5
13,156,11,7,3
13,172,-0.510816,-22.8024,5
13,168,-13.0313,-1.20638,2
13,344,15.594,1.95793,3
13,20,4.3133,0.0946835,7
13,112,22.6612,35.0591,8
13,176,2,25,6
13,352,-22.2125,6.37764,4
13,408,12.4832,15.3866,3
13,124,10.2484,8.64638,3
13,432,-13.0313,-1.20638,2
13,236,12,8,3
13,64,10.0339,7.83767,3
13,184,-3,-14,5
13,328,10.9417,13.5591,3
13,300,11.5512,11.9086,3
13,100,-13.0313,-1.20638,2
13,80,10.6201,10.0544,3
13,128,-18,10,4
13,372,3.28255,-1.07213,7
13,232,12,11,3
13,416,-2,-3,7
13,76,3.9676,-0.515637,7
13,144,11.6055,13.6577,3
13,8,-12.4641,-0.852371,2
13,40,11.4052,13.2093,3
13,228,2.42315,16.4684,6
13,320,3.48029,-1.09915,7
13,220,12,9,3
13,280,11,20,3
13,72,9.96184,7.81449,3
13,308,5,-7,7
13,348,8,-6,7
13,384,3.6898,16.1902,6
13,4,3.84458,-0.515326,7
13,336,3.28255,-1.07213,7
13,296,13,11,3
13,132,10.0517,11.3367,3
13,192,4.49369,0.495437,7
13,240,3.36577,-1.06208,7
13,364,1.06842,-18.3918,5
13,0,11.1277,10.7974,3
13,424,-9.3921,-2.51241,2
13,164,3.28255,-1.07213,7
13,248,12,8,3
13,264,-8,5,1
13,428,11,-11,7
13,104,10.0364,9.98321,3
13,84,11.1277,10.7974,3
13,312,12.6113,-15.1805,5
13,24,3.28255,-1.07213,7
13,284,1.27288,-18.9063,5
13,204,3.28255,-1.07213,7
13,88,12.2087,13.1745,3
13,380,3.28255,-1.07213,7
13,212,8,0,7
13,256,2.52914,12.6456,6
13,392,0.497888,-19.6625,5
13,396,11.3189,10.8676,3
13,52,12.0628,12.3415,3
13,420,4.8082,4.38883,7
13,200,3.28255,-1.07213,7
13,224,3.28255,-1.07213,7
13,360,6.29448,-13.8158,5
13,32,3.49612,-1.14911,7
13,140,10,4,7
13,276,10,6,3
13,136,-3,17,6
13,56,10.0374,11.6063,3
13,260,6.8617,-7.42788,7
13,120,15.8755,-12.5898,5
13,324,3.28255,-1.07213,7
13,92,-0.993735,-12.6739,5
13,12,15.9786,-12.5631,5
13,388,13.0629,13.1036,3
13,160,-2.12847,-13.2985,5
13,216,9.15381,-6.64874,7
13,400,-18,17,4
13,376,6.31032,-0.920813,7
13,412,4.76195,-1.10399,7
13,288,11.9276,9.95573,3
13,196,14,4,3
13,356,3.28255,-1.07213,7
13,152,11,-3,7
13,28,2.23442,17.4355,6
13,444,-18,18,4
13,272,8,7,3
13,404,3.28255,-1.07213,7
13,440,-16.8622,-6.27319,2
13,188,3.28255,-1.07213,7
13,244,11.4804,11.188,3
13,316,-0.568002,-19.7446,5
13,116,3.28255,-1.07213,7
13,268,6.41356,0.999258,7
13,252,-45.1115,3.54118,4
13,304,6.66041,-2.1093,7
13,36,5.16828,11.4693,6
13,368,3.28255,-1.07213,7
13,148,-6.75512,12.8013,1
13,68,12.1885,13.7732,3
14,16,11.1789,10.7382,3
14,108,13,10,3
14,148,-6.51677,12.111,1
14,68,11.8647,13.6744,3
14,4,3.28255,-1.07213,7
14,136,-3,17,6
14,92,-0.278112,-11.8282,5
14,80,11.0931,10.9165,3
14,72,10.2178,8.78263,3
14,220,12,9,3
14,432,-13.0313,-1.20638,2
14,332,-12.1748,-0.690444,2
14,408,12.6346,15.3285,3
14,364,1.20457,-18.4495,5
14,212,8,0,7
14,216,7.84391,-5.15651,7
14,88,12.0949,14.1423,3
14,176,2,25,6
14,24,3.28255,-1.07213,7
14,328,9.88163,13.4634,3
14,240,3.30644,-1.03057,7
14,44,12,8,3
14,248,12,8,3
14,236,11.6606,8.12235,3
14,84,12.0596,12.4589,3
14,76,4.08907,-0.870233,7
14,204,3.28255,-1.07213,7
14,424,-9.59729,-1.73758,2
14,256,3.23481,13.7387,6
14,172,-0.652711,-22.9191,5
14,396,10.7783,11.7858,3
14,120,15.8755,-12.5898,5
14,156,11,7,3
14,280,11,20,3
14,360,5.56653,-13.6832,5
14,272,8,7,3
14,288,11.551,10.1362,3
14,232,12,11,3
14,168,-12.4192,-0.865836,2
14,376,5.31157,-0.970728,7
14,308,5,-7,7
14,208,-6.21533,11.4134,1
14,96,12.5511,14.8972,3
14,444,-18,18,4
14,188,3.28255,-1.07213,7
14,152,11,-3,7
14,416,-2,-3,7
14,60,11.6657,11.9365,3
14,324,3.28255,-1.07213,7
14,184,-3,-14,5
14,316,-0.711493,-18.9037,5
14,196,14,4,3
14,384,3.41042,16.0227,6
14,112,22.6612,35.0591,8
14,132,10.8609,12.0217,3
14,284,1.07437,-18.8605,5
14,244,11.0037,11.6357,3
14,336,3.28255,-1.07213,7
14,352,-21.4658,7.10607,4
14,304,6.65645,-2.11044,7
14,140,10,4,7
14,260,6.95363,-7.36725,7
14,28,2.25342,17.4639,6
14,412,4.17258,-0.610167,7
14,40,11.3982,13.2133,3
14,296,13,11,3
14,20,3.78267,-0.929609,7
14,268,6.14876,1.2303,7
14,276,10,6,3
14,344,14.0143,0.969045,7
14,292,12,8,3
14,116,3.28255,-1.07213,7
14,48,11.9307,12.2837,3
14,420,5.27594,4.01142,7
14,0,10.1121,10.9625,3
14,124,9.94057,7.82262,3
14,200,3.28255,-1.07213,7
14,192,4.78279,-0.00512416,7
14,180,-3.8999,9.94661,1
14,64,10.2692,9.74356,3
14,300,11.9811,13.8209,3
14,340,-6.90103,11.7833,1
14,400,-18,17,4
14,428,11,-11,7
14,440,-15.3785,-5.44274,2
14,12,15.9786,-12.5631,5
14,104,9.96292,10.024,3
14,356,3.28255,-1.07213,7
14,312,12.6113,-15.1805,5
14,320,3.35314,-0.997354,7
14,52,11.4154,11.562,3
14,404,3.28255,-1.07213,7
14,228,2.66652,16.6911,6
14,144,11.6105,13.6549,3
14,372,3.28255,-1.07213,7
14,264,-8,5,1
14,392,0.562688,-19.6828,5
14,348,8,-6,7
14,128,-18,10,4
14,56,10.107,11.5656,3
14,32,3.75345,-0.188545,7
14,368,3.28255,-1.07213,7
14,8,-11.5246,-0.709602,2
14,252,-45.1115,3.54118,4
14,380,3.28255,-1.07213,7
14,224,3.28255,-1.07213,7
14,100,-13.0313,-1.20638,2
14,436,15.881,-12.5881,5
14,160,-1.11173,-12.539,5
14,388,12.6176,13.2762,3
14,164,3.28255,-1.07213,7
14,36,5.72126,10.7476,6
15,172,-0.372596,-23.0298,5
15,352,-20.7988,7.84944,4
15,196,14,4,3
15,440,-14.3223,-5.15837,2
15,32,3.28311,-1.07109,7
15,64,10.6636,11.6269,3
15,96,12.2906,15.3576,3
15,188,3.28255,-1.07213,7
15,152,11,-3,7
15,76,3.30322,-1.00607,7
15,336,3.28255,-1.07213,7
15,268,4.51304,0.147562,7
15,344,12.0398,0.661542,7
15,112,22.6612,35.0591,8
15,36,4.35485,10.183,6
15,72,9.70649,7.95652,3
15,264,-8,5,1
15,316,-0.443741,-18.939,5
15,204,3.28255,-1.07213,7
15,308,5,-7,7
15,24,3.28255,-1.07213,7
15,160,-0.170666,-11.786,5
15,184,-3,-14,5
15,20,4.09017,0.0384812,7
15,432,-13.0313,-1.20638,2
15,16,11.0566,10.7925,3
15,300,11.9127,13.8576,3
15,148,-6.48093,11.9023,1
15,80,10.6751,10.0122,3
15,56,10.6729,12.2467,3
15,332,-13.0313,-1.20638,2
15,388,12.3155,13.408,3
15,60,11.8963,10.9963,3
15,120,15.8755,-12.5898,5
15,28,2.20858,17.4302,6
15,52,11.0401,11.5878,3
15,140,10,4,7
15,44,12,8,3
15,224,3.28255,-1.07213,7
15,192,5.03718,1.0161,7
15,220,11.5312,9.24179,3
15,208,-6.27932,11.3338,1
15,284,1.10444,-18.8716,5
15,240,3.30987,-1.03298,7
15,324,3.28255,-1.07213,7
15,356,3.28255,-1.07213,7
15,320,3.32812,-0.984749,7
15,400,-18,17,4
15,408,12.6243,15.3338,3
15,92,0.903123,-9.08195,7
15,256,3.74642,14.6207,6
15,100,-13.0313,-1.20638,2
15,340,-6.90103,11.7833,1
15,84,11,12.1048,3
15,272,7.30173,6.93224,6
15,176,2,25,6
15,48,11.0121,11.7408,3
15,292,11.9589,9.96483,3
15,180,-3.83436,10.4932,1
15,132,11.6915,11.9289,3
15,108,13,10,3
15,136,-1.11236,16.8229,6
15,8,-10.5149,-0.750657,2
15,280,11,20,3
15,412,3.60334,-0.48982,7
15,244,11.0518,11.6163,3
15,0,10.6738,11.7549,3
15,348,8,-6,7
15,364,1.15182,-18.4338,5
15,372,3.28255,-1.07213,7
15,416,-2,-3,7
15,312,12.6113,-15.1805,5
15,216,7.71179,-3.91221,7
15,380,3.28255,-1.07213,7
15,232,11.3008,11.6794,3
15,116,3.28255,-1.07213,7
15,236,10.9644,9.2744,3
15,144,11.6134,13.6532,3
15,396,11.3388,11.7415,3
15,68,12.3368,13.8732,3
15,156,11,7,3
15,428,11,-11,7
15,276,10,6,3
15,368,3.28255,-1.07213,7
15,384,3.13769,15.9043,6
15,360,5.35076,-13.5868,5
15,200,3.28255,-1.07213,7
15,404,3.28255,-1.07213,7
15,124,10.4499,8.63851,3
15,424,-10.3941,-0.879795,2
15,40,12.1451,14.9894,3
15,328,10.9427,13.9091,3
15,392,0.704904,-19.7409,5
15,104,9.58212,10.4416,3
15,164,3.28255,-1.07213,7
15,376,4.79492,-0.441756,7
15,248,12,8,3
15,212,7.53156,-0.890338,7
15,88,11.6625,13.2544,3
15,168,-11.5024,-0.860722,2
15,228,2.44306,16.6361,6
15,288,10.9437,11.1775,3
15,420,4.60493,2.1299,7
15,12,15.9786,-12.5631,5
15,128,-18,10,4
15,304,7.09491,-2.13965,7
15,260,6.64842,-5.60744,7
15,444,-18,18,4
15,4,3.28255,-1.07213,7
15,252,-45.1115,3.54118,4
15,296,13,11,3
15,436,15.881,-12.5881,5
16,120,15.8755,-12.5898,5
16,20,3.28255,-1.07213,7
16,408,12.5886,15.355,3
16,276,9.93324,6.02288,3
16,92,1.90755,-6.26671,7
16,420,3.69758,0.3953,7
16,368,3.28255,-1.07213,7
16,392,0.590282,-19.7152,5
16,280,11,20,3
16,320,3.3419,-0.995634,7
16,52,11.1989,11.5398,3
16,360,4.85386,-13.4672,5
16,68,12.291,13.8929,3
16,344,10.4434,-0.250289,7
16,96,12.0745,14.9148,3
16,240,3.3085,-1.0321,7
16,136,0.699807,16.8758,6
16,16,11.7301,12.6755,3
16,260,5.8003,-3.8794,7
16,296,12.1898,11.9006,3
16,212,5.53648,-0.901584,7
16,144,12.7514,14.7291,3
16,156,11,7,3
16,184,-3,-14,5
16,428,11,-11,7
16,72,9.07142,8.86783,3
16,380,3.28255,-1.07213,7
16,128,-18,10,4
16,308,4.88476,-5.10352,7
16,160,0.986692,-9.02931,7
16,180,-5.69026,11.2324,1
16,372,3.28255,-1.07213,7
16,168,-11.7422,-0.368625,2
16,412,3.28255,-1.07213,7
16,116,3.28255,-1.07213,7
16,196,14,4,3
16,176,2,25,6
16,0,11.8339,13.4265,3
16,256,4.00435,14.8894,6
16,56,11.7742,13.9101,3
16,332,-12.5336,-1.32824,2
16,48,11.2433,11.8503,3
16,396,10.86,12.572,3
16,60,11.3397,10.1946,3
16,424,-10.5078,-0.600689,2
16,32,3.28255,-1.07213,7
16,264,-8,5,1
16,444,-18.2413,17.1658,4
16,268,4.52037,0.140004,7
16,204,3.28255,-1.07213,7
16,4,3.28255,-1.07213,7
16,384,2.83407,15.8287,6
16,208,-6.55117,11.2172,1
16,328,11.3233,13.7418,3
16,404,3.28255,-1.07213,7
16,252,-45.1115,3.54118,4
16,232,11.7301,12.6755,3
16,304,5.22825,-2.14992,7
16,400,-18.1781,16.4043,4
16,12,15.9786,-12.5631,5
16,108,13,10,3
16,36,4.7479,9.62829,6
16,172,-0.383765,-23.0278,5
16,416,-2,-3,7
16,316,-0.0484283,-19.0602,5
16,272,6.41459,5.13983,7
16,152,11,-3,7
16,248,12,8,3
16,64,10.2606,12.3778,3
16,112,22.6612,35.0591,8
16,352,-20.2495,8.42349,4
16,140,10,4,7
16,336,3.28255,-1.07213,7
16,356,3.28255,-1.07213,7
16,100,-13.0313,-1.20638,2
16,188,3.28255,-1.07213,7
16,148,-6.48093,11.8039,1
16,312,11.6482,-14.7663,5
16,440,-13.2634,-3.93586,2
16,228,2.67312,16.977,6
16,224,3.28255,-1.07213,7
16,28,2.2272,17.4508,6
16,364,0.99331,-18.4012,5
16,340,-6.90103,11.7833,1
16,192,4.30614,0.298588,7
16,432,-13.0313,-1.20638,2
16,44,12,8,3
16,80,9.70098,9.75072,3
16,220,11.2493,10.2329,3
16,216,6.03196,-2.82684,7
16,388,11.8396,14.1749,3
16,436,15.881,-12.5881,5
16,88,11.3233,13.7418,3
16,300,11.9987,13.8243,3
16,324,3.28255,-1.07213,7
16,84,11.9105,11.7994,3
16,40,12.0316,15.5376,3
16,244,11.1968,11.571,3
16,236,10.3746,10.2363,3
16,288,11.0662,11.1386,3
16,348,8,-6,7
16,124,9.52985,8.06577,3
16,76,3.28255,-1.07213,7
16,104,9.61552,10.4225,3
16,164,3.28255,-1.07213,7
16,8,-10.8106,-0.144449,2
16,24,3.57851,-1.61169,7
16,132,11.9105,11.7994,3
16,376,4.31193,-0.145309,7
16,284,1.08472,-18.865,5
16,292,11.8243,11.846,3
16,200,3.28255,-1.07213,7
17,136,1.39773,16.672,6
17,132,11.5667,12.5001,3
17,224,3.28255,-1.07213,7
17,68,12.0925,14.484,3
17,72,10.1199,9.62492,3
17,0,11.4581,12.7585,3
17,76,3.27884,-1.02169,7
17,188,3.28255,-1.07213,7
17,248,12,8,3
17,440,-12.5613,-2.80225,2
17,152,11,-3,7
17,408,12.8642,15.3491,3
17,300,11.9407,13.8542,3
17,264,-8,5,1
17,116,3.28255,-1.07213,7
17,4,3.28255,-1.07213,7
17,200,3.28255,-1.07213,7
17,336,3.28255,-1.07213,7
17,84,11.4848,12.7954,3
17,12,15.9786,-12.5631,5
17,16,11.6814,12.8315,3
17,368,3.28255,-1.07213,7
17,268,3.43673,-0.352254,7
17,172,-0.360202,-23.035,5
17,444,-18.2794,16.7795,4
17,36,5.04996,10.1733,6
17,432,-13.0313,-1.20638,2
17,244,11.023,11.6707,3
17,380,3.28255,-1.07213,7
17,280,11.6036,17.3465,3
17,284,0.938162,-18.8317,5
17,184,-3,-14,5
17,316,-0.350707,-18.2849,5
17,100,-13.0313,-1.20638,2
17,404,3.28255,-1.07213,7
17,92,2.9744,-4.73749,7
17,384,2.63702,15.7897,6
17,56,11.7731,13.9108,3
17,140,10.385,5.95923,3
17,192,3.58053,0.222575,7
17,312,10.7788,-14.3904,5
17,156,11,7,3
17,80,10.0217,10.862,3
17,240,3.28255,-1.07213,7
17,412,3.28255,-1.07213,7
17,392,0.503124,-19.6966,5
17,96,11.8758,14.4524,3
17,212,5.4966,-0.735826,7
17,360,3.77771,-15.1428,5
17,52,11.4735,12.9192,3
17,288,10.9206,11.2154,3
17,24,2.89615,-1.79189,7
17,108,11.905,11.4422,3
17,20,3.28255,-1.07213,7
17,220,10.6753,11.1517,3
17,124,10.0845,10.59,3
17,168,-11.1389,0.278996,2
17,416,-2,-3,7
17,60,10.2573,9.88331,3
17,252,-45.1115,3.54118,4
17,428,11,-11,7
17,28,2.21052,17.437,6
17,276,10.421,7.95886,3
17,44,12,8,3
17,344,9.52242,0.50368,7
17,388,11.929,14.1315,3
17,176,2,25,6
17,340,-6.90103,11.7833,1
17,436,15.881,-12.5881,5
17,308,5.01754,-3.57102,7
17,104,9.64229,10.4072,3
17,420,3.09171,-0.620998,7
17,400,-18.2919,15.9906,4
17,320,3.28255,-1.07213,7
17,364,0.891964,-18.3794,5
17,348,8,-6,7
17,352,-19.7346,9.35138,4
17,196,14,4,3
17,396,10.7346,13.823,3
17,296,11.7361,12.2035,3
17,324,3.28255,-1.07213,7
17,228,2.62707,17.4849,6
17,8,-11.3867,0.871306,2
17,232,11.5562,12.8002,3
17,144,12.5596,14.8179,3
17,260,4.95312,-3.95276,7
17,236,9.90721,11.1415,3
17,372,3.28255,-1.07213,7
17,204,3.28255,-1.07213,7
17,48,11.5562,12.8002,3
17,332,-12.6286,-1.09721,2
17,304,4.92788,-2.4003,7
17,216,5.189,-2.28886,7
17,112,22.6612,35.0591,8
17,272,5.49801,3.3624,7
17,356,3.28255,-1.07213,7
17,164,3.28255,-1.07213,7
17,148,-6.48268,11.8214,1
17,208,-6.49691,11.2625,1
17,376,4.14512,-0.0330968,7
17,160,2.08632,-6.2564,7
17,328,11.7533,14.7376,3
17,128,-16.7753,10.7046,4
17,40,12.4392,15.3487,3
17,64,10.0259,12.6826,3
17,180,-5.68445,11.5594,1
17,32,3.37753,-0.836531,7
17,256,3.60196,14.7725,6
17,120,15.8755,-12.5898,5
17,292,11.5562,12.8002,3
17,88,11.4735,12.9192,3
17,424,-10.4991,-0.822258,2
18,316,-0.0877098,-18.3391,5
18,216,3.50309,-1.21289,7
18,360,3.56755,-15.068,5
18,400,-18.5326,15.4806,4
18,252,-45.1115,3.54118,4
18,220,10.6065,11.1887,3
18,208,-6.47813,11.2786,1
18,184,-3,-14,5
18,320,3.28255,-1.07213,7
18,28,2.11681,17.4265,6
18,104,9.661,10.3965,3
18,280,12.2267,15.7659,3
18,228,2.19931,17.3718,6
18,188,3.28255,-1.07213,7
18,12,15.9786,-12.5631,5
18,152,11,-3,7
18,212,4.5039,-1.44395,7
18,196,14,4,3
18,376,3.28255,-1.07213,7
18,284,0.80319,-18.8043,5
18,420,3.00999,-0.685162,7
18,140,10.8247,7.9089,3
18,224,3.28255,-1.07213,7
18,312,9.88319,-14.067,5
18,168,-10.4857,0.469431,2
18,352,-19.3586,9.79935,4
18,176,2,25,6
18,108,11.7087,12.5324,3
18,412,3.28255,-1.07213,7
18,172,-0.380796,-23.0312,5
18,356,3.28255,-1.07213,7
18,64,11.3673,14.1652,3
18,300,12.7724,15.6676,3
18,340,-6.90103,11.7833,1
18,236,11.1872,11.9268,3
18,248,12,8,3
18,132,10.7466,12.9317,3
18,408,12.6537,15.5256,3
18,200,3.28255,-1.07213,7
18,156,11,7,3
18,296,11.6538,12.2362,3
18,336,3.28255,-1.07213,7
18,240,3.28255,-1.07213,7
18,428,11,-11,7
18,40,12.5533,15.2933,3
18,392,-0.209371,-21.4957,5
18,32,3.28255,-1.07213,7
18,368,3.28255,-1.07213,7
18,276,10.138,8.1158,3
18,72,9.746,8.70228,3
18,52,12.0342,13.7014,3
18,88,11.0919,13.1206,3
18,440,-12.2687,-1.98106,2
18,384,2.5094,15.7689,6
18,16,11.4756,12.9655,3
18,292,11.4703,12.8459,3
18,380,3.28255,-1.07213,7
18,160,3.05062,-3.45907,7
18,348,6.50533,-4.69512,7
18,164,3.28255,-1.07213,7
18,328,11.1477,14.0327,3
18,192,4.25819,0.977631,7
18,8,-10.5413,0.786073,2
18,256,3.01029,14.7636,6
18,44,12,8,3
18,372,3.28255,-1.07213,7
18,180,-5.67882,11.6518,1
18,124,9.75737,9.66305,3
18,20,3.28255,-1.07213,7
18,80,10.5132,11.7644,3
18,264,-7.8571,3.79747,2
18,136,2.14566,17.2983,6
18,364,0.20021,-20.2307,5
18,112,22.6612,35.0591,8
18,24,3.28255,-1.07213,7
18,404,3.28255,-1.07213,7
18,128,-15.6664,11.5224,4
18,84,11.1872,11.9268,3
18,332,-11.7933,-0.546351,2
18,0,11.6935,12.1653,3
18,48,11.6935,12.1653,3
18,204,3.28255,-1.07213,7
18,396,10.9432,13.6843,3
18,68,12.4298,15.2579,3
18,244,10.6466,12.0617,3
18,260,3.72217,-2.83163,7
18,288,11.2486,11.1581,3
18,436,15.881,-12.5881,5
18,36,4.20602,11.0748,6
18,76,3.28255,-1.07213,7
18,92,3.32826,-1.8582,7
18,4,3.28255,-1.07213,7
18,100,-13.0313,-1.20638,2
18,444,-18.5089,16.1624,4
18,416,-0.410442,-1.97622,7
18,308,4.60536,-2.05435,7
18,60,10.2117,10.8845,3
18,116,3.28255,-1.07213,7
18,148,-6.68175,11.6204,1
18,432,-13.0313,-1.20638,2
18,144,12.4592,14.8692,3
18,388,12.0989,14.0734,3
18,96,11.6627,13.4888,3
18,424,-10.5977,-0.578432,2
18,120,15.8755,-12.5898,5
18,272,5.55297,3.33184,7
18,324,3.28255,-1.07213,7
18,304,3.6497,-1.03328,7
18,56,11.9685,13.8445,3
18,268,3.28255,-1.07213,7
18,344,7.5833,0.0139754,7
18,232,12.0342,13.7014,3
19,104,10.6409,12.1391,3
19,76,3.96323,-0.560223,7
19,320,3.28255,-1.07213,7
19,84,11.0453,12.0873,3
19,64,11.5698,14.0544,3
19,80,11.2089,12.2534,3
19,292,11.761,12.7846,3
19,16,11.4251,12.993,3
19,432,-13.0313,-1.20638,2
19,192,4.74566,1.84937,7
19,368,3.28255,-1.07213,7
19,128,-14.5861,12.1272,4
19,304,3.28255,-1.07213,7
19,204,3.28255,-1.07213,7
19,344,6.96346,0.563677,7
19,8,-10.3095,1.80059,2
19,328,10.026,14.2516,3
19,280,12.3067,14.7552,3
19,140,10.4812,8.09718,3
19,240,3.28255,-1.07213,7
19,52,11.8585,13.0604,3
19,228,2.25535,17.463,6
19,4,3.28255,-1.07213,7
19,380,3.28255,-1.07213,7
19,260,3.44219,-1.22912,7
19,132,11.2089,12.2534,3
19,220,11.5913,12.9179,3
19,348,5.69172,-4.81632,7
19,144,12.5588,14.8403,3
19,268,3.28255,-1.07213,7
19,324,3.28255,-1.07213,7
19,172,-0.393952,-23.0296,5
19,208,-5.47907,11.5006,1
19,360,3.42423,-15.014,5
19,252,-45.1115,3.54118,4
19,248,12,8,3
19,24,3.58438,-1.78647,7
19,136,2.23572,17.3683,6
19,340,-6.90103,11.7833,1
19,60,9.76032,9.99527,3
19,100,-13.0313,-1.20638,2
19,364,0.167419,-20.2249,5
19,420,3.28255,-1.07213,7
19,108,10.8457,12.0558,3
19,352,-18.9845,10.5689,4
19,224,3.28255,-1.07213,7
19,244,10.6795,12.0436,3
19,124,9.41629,8.72005,3
19,256,3.38365,15.1013,6
19,92,3.68928,-0.851301,7
19,308,4.0222,-1.10311,7
19,188,3.28255,-1.07213,7
19,236,11.0648,11.9956,3
19,56,11.8304,13.9353,3
19,372,3.28255,-1.07213,7
19,112,22.6612,35.0591,8
19,392,-0.179178,-21.5004,5
19,48,11.7423,13.3274,3
19,160,3.8939,-2.27136,7
19,32,3.77025,-0.200644,7
19,196,13.0947,4.5536,3
19,40,12.4505,15.3891,3
19,96,11.6162,13.0051,3
19,88,10.7688,12.1679,3
19,412,3.28255,-1.07213,7
19,276,10.8717,9.97445,3
19,356,3.28255,-1.07213,7
19,400,-18.5266,15.5304,4
19,36,3.79707,10.0593,6
19,72,9.95941,9.74881,3
19,168,-10.1973,-0.297106,2
19,184,-2.35496,-14.0802,5
19,156,9.87678,6.73623,3
19,396,10.8268,14.5781,3
19,152,11,-3,7
19,312,9.13673,-14.7325,5
19,28,2.1166,17.4265,6
19,404,3.28255,-1.07213,7
19,12,15.9786,-12.5631,5
19,68,12.1062,14.4794,3
19,428,10.9706,-10.0004,7
19,436,15.881,-12.5881,5
19,164,3.28255,-1.07213,7
19,200,3.28255,-1.07213,7
19,376,3.28255,-1.07213,7
19,408,12.8161,15.4926,3
19,440,-12.2246,-1.49044,2
19,388,11.8059,14.8592,3
19,44,12,8,3
19,176,2,25,6
19,336,3.28255,-1.07213,7
19,180,-5.68012,11.7441,1
19,424,-10.9612,-0.176933,2
19,416,0.295316,-1.03342,7
19,284,0.698193,-18.7839,5
19,300,12.7684,15.6699,3
19,332,-10.8895,-0.338468,2
19,296,12.0557,12.2226,3
19,0,10.7671,11.8546,3
19,288,11.8585,13.0604,3
19,264,-7.68809,3.53245,2
19,20,3.28255,-1.07213,7
19,120,15.8755,-12.5898,5
19,212,3.28255,-1.07213,7
19,444,-18.6757,15.7126,4
19,116,3.28255,-1.07213,7
19,316,0.0146614,-18.3536,5
19,148,-6.90103,11.7833,1
19,272,5.61603,3.29513,7
19,384,2.3927,15.7567,6
19,216,3.29546,-1.05876,7
19,232,11.4608,12.8746,3
20,148,-6.90103,11.7833,1
20,108,11.1225,13.2421,3
20,396,11.3216,14.3187,3
20,128,-11.5884,12.0112,1
20,72,10.2265,10.7666,3
20,144,12.6712,15.7062,3
20,204,3.28255,-1.07213,7
20,264,-8.02633,2.11121,2
20,372,3.28255,-1.07213,7
20,8,-9.35904,0.629781,2
20,96,11.9002,13.9635,3
20,360,3.24723,-14.9548,5
20,292,12.4077,14.6728,3
20,164,3.28255,-1.07213,7
20,156,9.68225,8.23674,3
20,244,10.3146,12.8013,3
20,60,8.8514,10.144,3
20,332,-9.87317,-0.599356,2
20,28,2.10438,17.4257,6
20,364,0.143912,-20.2208,5
20,280,12.1352,14.8838,3
20,256,3.68872,15.486,6
20,16,11.1249,13.3133,3
20,428,10.9706,-10.0004,7
20,420,3.28255,-1.07213,7
20,348,5.27276,-3.13526,7
20,240,3.28255,-1.07213,7
20,416,2.29505,-1.05008,7
20,236,10.9863,12.0391,3
20,304,3.46197,-0.893752,7
20,260,3.28255,-1.07213,7
20,12,15.9786,-12.5631,5
20,24,3.28255,-1.07213,7
20,268,3.28255,-1.07213,7
20,352,-18.7614,10.8541,4
20,224,3.28255,-1.07213,7
20,320,3.28255,-1.07213,7
20,104,10.6646,12.1256,3
20,172,-0.388037,-23.0305,5
20,296,11.8064,12.3414,3
20,380,3.28255,-1.07213,7
20,440,-12.4861,-1.69758,2
20,120,15.8755,-12.5898,5
20,300,12.7673,15.6705,3
20,432,-13.0313,-1.20638,2
20,336,3.28255,-1.07213,7
20,436,15.881,-12.5881,5
20,80,11.2181,12.0582,3
20,392,-0.102931,-21.5176,5
20,328,11.3216,14.3187,3
20,312,8.482,-14.4376,5
20,412,3.28255,-1.07213,7
20,136,2.12529,17.3582,6
20,200,3.28255,-1.07213,7
20,284,0.740972,-18.7961,5
20,400,-19.1683,14.8813,4
20,288,11.7319,13.1255,3
20,0,10.7345,11.1847,3
20,424,-10.9754,-0.150171,2
20,276,10.3254,10.811,3
20,408,12.7565,15.5201,3
20,324,3.28255,-1.07213,7
20,248,12,8,3
20,112,22.6612,35.0591,8
20,36,4.2882,10.5634,6
20,308,3.61145,-0.803854,7
20,100,-13.0313,-1.20638,2
20,252,-45.1115,3.54118,4
20,376,3.28255,-1.07213,7
20,184,-1.80716,-14.1513,5
20,180,-6.12356,11.3365,1
20,132,10.3343,11.7515,3
20,56,11.8715,13.9151,3
20,444,-18.861,15.3058,4
20,176,2.53566,23.2137,6
20,368,3.28255,-1.07213,7
20,40,12.6712,15.7062,3
20,188,3.28255,-1.07213,7
20,64,11.6411,14.0116,3
20,116,3.28255,-1.07213,7
20,52,11.1194,12.3639,3
20,168,-10.3194,-0.563735,2
20,344,6.08185,-0.597897,7
20,388,11.9604,14.7584,3
20,152,11,-3,7
20,316,-0.561631,-18.5573,5
20,220,12.4277,14.7333,3
20,272,4.66541,1.53556,7
20,48,10.8371,13.2188,3
20,384,2.32138,15.7503,6
20,140,10.8661,10.0392,3
20,216,3.29028,-1.05626,7
20,196,12.2105,6.04896,3
20,192,4.01185,1.51935,7
20,84,11.1733,14.1179,3
20,160,3.28255,-1.07213,7
20,88,10.3333,11.6429,3
20,208,-4.72961,11.1801,1
20,124,9.63686,9.71316,3
20,340,-6.90103,11.7833,1
20,404,3.28255,-1.07213,7
20,92,3.81812,0.0515024,7
20,32,3.28255,-1.07213,7
20,212,3.28255,-1.07213,7
20,20,3.28255,-1.07213,7
20,356,3.28255,-1.07213,7
20,228,2.09312,17.5751,6
20,68,12.6122,15.3432,3
20,232,11.8506,13.827,3
20,76,3.81812,0.0515024,7
20,44,12,8,3
20,4,3.28255,-1.07213,7
21,36,4.7521,10.7285,6
21,272,3.65119,1.0836,7
21,96,11.1249,13.3885,3
21,48,10.1637,12.8342,3
21,236,11.0097,12.028,3
21,208,-4.06686,10.8942,1
21,220,12.3617,14.7682,3
21,228,2.09312,17.5751,6
21,120,15.8755,-12.5898,5
21,88,11.4854,12.5567,3
21,144,12.7323,15.6691,3
21,4,3.28255,-1.07213,7
21,368,3.28255,-1.07213,7
21,112,22.6612,35.0591,8
21,16,11.1891,13.2751,3
21,40,12.7329,15.6689,3
21,260,3.28255,-1.07213,7
21,316,-0.347614,-18.5841,5
21,416,3.28255,-1.07213,7
21,336,3.28255,-1.07213,7
21,344,5.50232,-0.0669283,7
21,0,9.94019,12.2849,3
21,176,2.46491,21.2193,6
21,132,10.3306,10.9774,3
21,304,3.28255,-1.07213,7
21,52,10.2025,12.2937,3
21,60,10.1709,10.9892,3
21,72,9.63534,9.95712,3
21,292,12.3896,14.6808,3
21,276,9.89552,11.5194,3
21,192,4.62117,2.33003,7
21,420,3.28255,-1.07213,7
21,388,11.9996,14.7306,3
21,432,-13.0313,-1.20638,2
21,424,-10.9209,-0.479405,2
21,308,3.25735,-0.970163,7
21,284,0.663686,-18.7805,5
21,256,3.21084,15.3776,6
21,104,10.681,12.1162,3
21,268,3.28255,-1.07213,7
21,444,-18.9465,15.085,4
21,392,0.29721,-21.911,5
21,408,12.8597,15.5034,3
21,140,10.3306,10.9774,3
21,300,12.767,15.6707,3
21,356,3.28255,-1.07213,7
21,216,3.28255,-1.07213,7
21,200,3.28255,-1.07213,7
21,188,3.28255,-1.07213,7
21,312,7.57879,-14.2157,5
21,248,12,8,3
21,352,-18.6052,11.0437,4
21,44,12,8,3
21,376,3.28255,-1.07213,7
21,340,-6.90103,11.7833,1
21,160,3.18969,-0.5716,7
21,204,3.28255,-1.07213,7
21,156,9.77626,9.53503,3
21,288,11.4142,14.1739,3
21,76,4.31731,0.918155,7
21,100,-13.0313,-1.20638,2
21,56,11.6898,14.9215,3
21,168,-9.44287,-0.304731,2
21,324,3.28255,-1.07213,7
21,400,-19.2887,14.6553,4
21,404,3.28255,-1.07213,7
21,224,3.28255,-1.07213,7
21,116,3.28255,-1.07213,7
21,184,-1.34338,-14.2142,5
21,212,3.28255,-1.07213,7
21,240,3.28255,-1.07213,7
21,196,11.2386,7.32877,3
21,360,3.0973,-14.9051,5
21,24,3.21778,-2.06468,7
21,80,10.6503,11.2305,3
21,244,10.1865,13.8315,3
21,124,9.06484,9.13754,3
21,372,3.28255,-1.07213,7
21,436,15.881,-12.5881,5
21,364,0.127064,-20.2179,5
21,348,3.81765,-2.07274,7
21,280,11.8575,14.8471,3
21,328,11.0276,13.3381,3
21,20,3.28255,-1.07213,7
21,172,-0.382399,-23.0316,5
21,180,-6.09274,11.5778,1
21,332,-9.1464,0.164472,2
21,440,-12.6116,-1.20818,2
21,28,2.03264,17.5259,6
21,384,2.30446,15.7485,6
21,68,12.3369,15.6271,3
21,428,9.41358,-8.87028,7
21,412,3.28255,-1.07213,7
21,396,11.5171,14.1976,3
21,8,-8.49171,1.12705,2
21,252,-45.1115,3.54118,4
21,148,-6.90103,11.7833,1
21,12,15.9786,-12.5631,5
21,84,12.4389,15.6146,3
21,380,3.28255,-1.07213,7
21,32,3.76983,-0.200969,7
21,264,-7.85647,1.4978,2
21,320,3.28255,-1.07213,7
21,136,2.13753,17.3608,6
21,296,11.5117,12.5308,3
21,232,11.2171,13.0566,3
21,164,3.28255,-1.07213,7
21,128,-8.86703,11.4513,1
21,108,10.3121,12.9886,3
21,64,11.8179,13.9355,3
21,92,3.37192,-0.970863,7
21,152,11,-3,7
22,164,3.28255,-1.07213,7
22,64,12.2787,13.8979,3
22,396,11.6215,14.1327,3
22,228,2.09312,17.5751,6
22,68,12.615,15.3653,3
22,124,8.6314,9.77555,3
22,160,3.28255,-1.07213,7
22,384,1.82397,15.9714,6
22,12,15.9786,-12.5631,5
22,288,11.2791,14.3419,3
22,48,10.5836,12.8929,3
22,148,-6.90103,11.7833,1
22,172,-0.487481,-23.0752,5
22,112,22.6612,35.0591,8
22,232,10.3945,12.509,3
22,60,9.28091,11.0631,3
22,20,3.28255,-1.07213,7
22,312,7.04039,-13.9981,5
22,184,-0.867533,-14.3085,5
22,56,11.8828,14.7891,3
22,364,0.11499,-20.2158,5
22,240,3.28255,-1.07213,7
22,268,3.28255,-1.07213,7
22,236,10.9378,12.0687,3
22,316,-0.49639,-17.6894,5
22,400,-19.3872,14.4779,4
22,188,3.28255,-1.07213,7
22,244,11.0663,13.6464,3
22,380,3.28255,-1.07213,7
22,372,3.28255,-1.07213,7
22,424,-10.9023,-0.759334,2
22,92,3.28255,-1.07213,7
22,256,3.40892,15.5464,6
22,252,-45.1115,3.54118,4
22,144,12.7364,15.6665,3
22,376,3.28255,-1.07213,7
22,332,-9.23694,-0.120841,2
22,216,3.28255,-1.07213,7
22,320,3.28255,-1.07213,7
22,192,4.46387,1.32498,7
22,4,3.28255,-1.07213,7
22,200,3.28255,-1.07213,7
22,180,-6.28815,11.3653,1
22,356,3.28255,-1.07213,7
22,32,3.28255,-1.07213,7
22,120,15.8755,-12.5898,5
22,84,12.7364,15.6665,3
22,36,4.37022,11.7783,6
22,300,12.7657,15.6714,3
22,152,11,-3,7
22,404,3.28255,-1.07213,7
22,176,2.84081,19.5915,6
22,368,3.28255,-1.07213,7
22,304,3.28255,-1.07213,7
22,88,11.096,13.4047,3
22,388,12.0321,14.7085,3
22,44,12,8,3
22,308,3.31459,-0.996607,7
22,168,-9.24307,0.718128,2
22,336,3.28255,-1.07213,7
22,340,-6.90103,11.7833,1
22,296,11.2158,12.7735,3
22,8,-7.97852,1.97226,2
22,416,3.28255,-1.07213,7
22,40,12.7784,15.6474,3
22,116,3.28255,-1.07213,7
22,220,12.2252,14.8738,3
22,276,10.0305,11.4468,3
22,248,12,8,3
22,204,3.28255,-1.07213,7
22,52,10.3225,12.2222,3
22,272,3.88564,0.980538,7
22,328,10.6571,12.6081,3
22,72,9.07372,10.6683,3
22,196,9.9219,7.76219,3
22,24,3.28255,-1.07213,7
22,96,11.084,12.4247,3
22,348,3.28255,-1.07213,7
22,344,5.08225,0.261321,7
22,212,3.55569,-0.30993,7
22,108,9.98906,12.0155,3
22,432,-13.0313,-1.20638,2
22,80,11.3835,11.7884,3
22,436,15.881,-12.5881,5
22,156,9.68099,10.8646,3
22,444,-18.9344,15.3806,4
22,16,11.222,13.2553,3
22,440,-12.6117,-1.20438,2
22,428,7.96975,-7.54559,7
22,412,3.28255,-1.07213,7
22,420,3.28255,-1.07213,7
22,132,10.8664,11.8133,3
22,352,-18.4309,11.2876,4
22,140,10.2428,11.0313,3
22,392,0.0939616,-21.8591,5
22,324,3.28255,-1.07213,7
22,280,11.5797,13.8822,3
22,292,12.3046,14.7298,3
22,260,3.28255,-1.07213,7
22,28,2.09312,17.5751,6
22,264,-7.45017,0.279915,2
22,360,2.99134,-14.8687,5
22,136,2.1121,17.3589,6
22,224,3.28255,-1.07213,7
22,76,4.82353,0.625778,7
22,128,-6.92816,11.6884,1
22,100,-13.0313,-1.20638,2
22,104,10.6952,12.1081,3
22,208,-3.36759,10.6176,1
22,0,9.2804,11.6544,3
22,408,12.7618,15.553,3
22,284,0.161205,-19.8427,5
23,156,8.93926,10.2809,3
23,88,11.1037,13.3993,3
23,348,3.28255,-1.07213,7
23,344,4.77182,0.465768,7
23,328,11.3293,13.3767,3
23,192,4.14975,0.388611,7
23,208,-2.38503,11.1004,1
23,204,3.28255,-1.07213,7
23,20,3.28255,-1.07213,7
23,308,3.32084,-0.999953,7
23,404,3.28255,-1.07213,7
23,136,2.10781,17.3586,6
23,8,-7.03871,1.7615,2
23,164,3.28255,-1.07213,7
23,104,10.7047,12.1027,3
23,16,11.2592,13.2336,3
23,172,-0.480439,-23.0731,5
23,256,3.6674,15.9832,6
23,372,3.28255,-1.07213,7
23,224,3.28255,-1.07213,7
23,100,-13.0313,-1.20638,2
23,68,12.813,15.3624,3
23,340,-6.90103,11.7833,1
23,64,12.0263,14.0719,3
23,444,-18.9319,15.3941,4
23,364,0.36213,-20.3191,5
23,292,12.3286,14.7185,3
23,408,12.7302,15.5703,3
23,176,3.05258,18.5147,6
23,96,11.4629,13.3523,3
23,128,-6.23947,10.9647,1
23,28,2.09312,17.5751,6
23,272,3.73705,-0.590217,7
23,116,3.28255,-1.07213,7
23,320,3.28255,-1.07213,7
23,276,11.2396,13.0172,3
23,196,8.8202,7.51834,3
23,264,-7.22884,-0.249556,2
23,304,3.28255,-1.07213,7
23,432,-13.0313,-1.20638,2
23,108,10.9014,12.4385,3
23,300,12.7558,15.6775,3
23,76,3.44479,-0.592982,7
23,124,8.29127,8.82062,3
23,332,-8.4008,0.0711439,2
23,284,-0.0804512,-18.9227,5
23,112,22.6612,35.0591,8
23,184,-0.566201,-14.3499,5
23,240,3.28255,-1.07213,7
23,180,-6.36639,11.2893,1
23,132,11.756,13.6046,3
23,268,3.28255,-1.07213,7
23,140,9.92238,11.3714,3
23,160,3.74047,-0.183489,7
23,392,0.241916,-21.9518,5
23,248,11.4964,8.25896,3
23,396,11.7231,14.0759,3
23,212,3.28255,-1.07213,7
23,244,11.7024,13.5529,3
23,120,15.8755,-12.5898,5
23,352,-18.6946,11.1088,4
23,60,10.059,12.3031,3
23,232,9.76841,11.7296,3
23,24,3.28255,-1.07213,7
23,380,3.28255,-1.07213,7
23,280,12.0212,14.1043,3
23,384,2.43924,16.605,6
23,148,-6.21713,11.4443,1
23,324,3.28255,-1.07213,7
23,436,15.881,-12.5881,5
23,360,2.50602,-16.7771,5
23,288,11.6098,14.1823,3
23,312,6.18599,-13.8559,5
23,200,3.28255,-1.07213,7
23,144,12.7664,15.651,3
23,368,3.28255,-1.07213,7
23,84,12.2503,14.7925,3
23,4,3.28255,-1.07213,7
23,40,12.79,15.6421,3
23,52,10.8165,11.8408,3
23,252,-45.1115,3.54118,4
23,356,3.28255,-1.07213,7
23,32,3.38353,-0.655008,7
23,428,7.46248,-5.80786,7
23,316,-0.319824,-17.7085,5
23,236,10.8997,12.0898,3
23,56,12.0982,14.6839,3
23,412,3.28255,-1.07213,7
23,424,-10.9915,-0.558383,2
23,440,-12.7867,-1.02337,2
23,188,3.28255,-1.07213,7
23,388,12.0909,14.6733,3
23,416,3.28255,-1.07213,7
23,36,4.71718,11.8555,6
23,376,3.28255,-1.07213,7
23,220,12.2408,14.8643,3
23,336,3.28255,-1.07213,7
23,420,3.28255,-1.07213,7
23,48,10.205,11.9552,3
23,228,2.09312,17.5751,6
23,152,9.53122,-3.48419,7
23,260,3.28255,-1.07213,7
23,92,3.28255,-1.07213,7
23,216,3.28255,-1.07213,7
23,0,10.8341,12.3403,3
23,44,12,8,3
23,400,-19.4407,14.377,4
23,296,11.1979,12.7835,3
23,12,15.9786,-12.5631,5
23,72,8.7445,9.70616,3
23,168,-8.82571,1.57529,2
23,80,11.7669,12.1059,3
24,104,11.365,12.975,3
24,384,2.66578,17.0824,6
24,44,12,8,3
24,132,11.2355,12.7497,3
24,200,3.28255,-1.07213,7
24,432,-13.0313,-1.20638,2
24,208,-2.89311,10.6814,1
24,360,2.18521,-16.7073,5
24,300,12.7346,15.9836,3
24,120,15.8755,-12.5898,5
24,36,4.4467,10.8203,6
24,260,3.28255,-1.07213,7
24,4,3.28255,-1.07213,7
24,148,-5.21502,11.6166,1
24,164,3.28255,-1.07213,7
24,212,3.28255,-1.07213,7
24,140,10.0251,11.3153,3
24,256,3.80751,16.2233,6
24,96,11.8811,14.2804,3
24,60,10.8421,12.9798,3
24,100,-13.0313,-1.20638,2
24,56,12.1837,14.6407,3
24,68,12.5883,15.385,3
24,424,-11.0756,-1.04779,2
24,188,3.28255,-1.07213,7
24,112,22.6612,35.0591,8
24,328,11.4279,13.3275,3
24,244,11.6707,13.5704,3
24,280,11.2651,13.5126,3
24,388,11.9586,15.4023,3
24,372,3.28255,-1.07213,7
24,336,3.28255,-1.07213,7
24,308,3.32164,-1.00038,7
24,420,3.28255,-1.07213,7
24,144,12.9763,15.674,3
24,444,-19.0077,15.1837,4
24,276,11.2022,13.0404,3
24,332,-7.53906,0.207898,2
24,40,12.7686,15.6539,3
24,392,0.0528684,-21.9051,5
24,228,2.09312,17.5751,6
24,352,-18.5328,11.3253,4
24,340,-6.90103,11.7833,1
24,0,11.2721,12.9049,3
24,316,-0.150454,-16.746,5
24,368,3.28255,-1.07213,7
24,116,3.19359,-0.894581,7
24,224,3.28255,-1.07213,7
24,412,3.28255,-1.07213,7
24,416,3.28255,-1.07213,7
24,76,3.69768,-0.344334,7
24,376,3.28255,-1.07213,7
24,408,12.6963,15.5925,3
24,312,5.44016,-13.7322,5
24,400,-19.3979,14.847,4
24,236,10.5735,12.4505,3
24,404,3.28255,-1.07213,7
24,32,3.28255,-1.07213,7
24,176,3.02153,17.8529,6
24,364,0.314815,-20.3085,5
24,284,0.220668,-19.0191,5
24,172,-0.407702,-23.0828,5
24,268,3.28255,-1.07213,7
24,16,11.286,13.2181,3
24,88,10.3231,13.047,3
24,72,8.38045,8.7646,3
24,288,11.6946,14.1313,3
24,64,11.7668,14.3436,3
24,344,4.47975,-0.637343,7
24,192,4.61736,1.27263,7
24,248,11.6813,10.2345,3
24,168,-8.34247,2.349,2
24,320,3.28255,-1.07213,7
24,80,10.7648,11.875,3
24,324,3.28255,-1.07213,7
24,108,10.1219,11.8711,3
24,8,-6.60881,1.892,2
24,180,-6.29627,11.5113,1
24,136,2.10834,17.3586,6
24,252,-45.1115,3.54118,4
24,184,-0.283599,-14.3954,5
24,48,9.50062,11.3204,3
24,28,2.09312,17.5751,6
24,156,9.41349,11.2533,3
24,220,12.2993,14.834,3
24,380,3.28255,-1.07213,7
24,92,3.813,-0.224741,7
24,152,7.84721,-2.50159,7
24,272,3.28255,-1.07213,7
24,216,3.28255,-1.07213,7
24,196,8.30233,8.36376,3
24,232,10.9249,12.7631,3
24,428,6.23129,-4.24062,7
24,24,3.8098,-0.22364,7
24,356,3.28255,-1.07213,7
24,12,15.9786,-12.5631,5
24,204,3.28255,-1.07213,7
24,84,11.7404,13.9327,3
24,348,3.28255,-1.07213,7
24,52,11.1797,12.7765,3
24,292,12.4678,14.6778,3
24,124,7.03853,7.88011,6
24,20,3.62977,-0.274756,7
24,436,15.881,-12.5881,5
24,304,3.28255,-1.07213,7
24,440,-12.7637,-1.07268,2
24,396,11.5873,15.012,3
24,296,10.8415,13.3703,3
24,264,-6.42195,0.173373,2
24,240,3.28255,-1.07213,7
24,160,4.21592,0.695713,7
24,128,-5.24439,11.4477,1
25,192,4.24925,0.368726,7
25,164,3.28255,-1.07213,7
25,240,3.28255,-1.07213,7
25,124,5.89424,5.10715,7
25,152,7.00804,-1.42074,7
25,292,12.3752,14.7261,3
25,224,3.28255,-1.07213,7
25,96,10.9554,13.8237,3
25,168,-7.4454,1.64636,2
25,200,3.28255,-1.07213,7
25,100,-13.0313,-1.20638,2
25,60,10.8422,12.7304,3
25,220,12.2263,14.8862,3
25,184,-0.646581,-14.4735,5
25,56,11.9481,15.1314,3
25,412,3.28255,-1.07213,7
25,408,12.7128,15.5831,3
25,332,-7.61466,-0.0270813,2
25,360,1.72598,-16.6691,5
25,52,10.6721,11.9148,3
25,8,-7.48833,0.821993,2
25,44,10.6,8.30757,3
25,116,2.47574,-0.626443,7
25,384,2.73093,17.3044,6
25,280,11.4912,14.7482,3
25,36,4.83922,11.0626,6
25,208,-2.76112,10.258,1
25,356,3.28255,-1.07213,7
25,344,4.11353,-0.366412,7
25,444,-19.1353,14.9163,4
25,228,2.09312,17.5751,6
25,428,5.34167,-4.33004,7
25,0,10.7477,12.0529,3
25,416,3.28255,-1.07213,7
25,132,11.211,12.7633,3
25,348,3.28255,-1.07213,7
25,72,8.70298,7.81597,3
25,68,12.7809,15.6327,3
25,64,11.834,14.3031,3
25,420,3.28255,-1.07213,7
25,256,3.26984,16.0224,6
25,432,-13.0313,-1.20638,2
25,440,-12.9246,-1.27193,2
25,312,4.84716,-13.616,5
25,204,3.28255,-1.07213,7
25,396,12.2633,14.8765,3
25,88,11.2428,13.1365,3
25,232,11.5393,13.5338,3
25,120,15.8755,-12.5898,5
25,260,3.28255,-1.07213,7
25,4,3.28255,-1.07213,7
25,268,3.28255,-1.07213,7
25,24,3.70177,0.0282315,7
25,108,11.8302,13.8602,3
25,76,3.28255,-1.07213,7
25,172,-0.395346,-23.085,5
25,392,-0.0541933,-21.8824,5
25,364,0.268671,-20.2988,5
25,352,-18.3066,11.9679,4
25,136,2.09312,17.5751,6
25,304,3.28255,-1.07213,7
25,328,10.9376,12.4559,3
25,308,3.26257,-1.03352,7
25,316,-0.431227,-15.7676,5
25,140,10.8669,13.0941,3
25,300,12.8741,15.899,3
25,288,11.447,14.6576,3
25,380,3.28255,-1.07213,7
25,104,11.3229,12.9992,3
25,180,-6.29734,11.7223,1
25,236,10.4907,13.7153,3
25,16,11.1215,14.3312,3
25,12,15.9786,-12.5631,5
25,156,8.78835,10.5654,3
25,368,3.28255,-1.07213,7
25,340,-6.90103,11.7833,1
25,196,6.92953,7.49996,6
25,84,11.1769,13.1787,3
25,28,2.09312,17.5751,6
25,404,3.28255,-1.07213,7
25,320,3.28255,-1.07213,7
25,284,0.234985,-19.0214,5
25,144,12.8323,15.766,3
25,112,22.6612,35.0591,8
25,32,3.78105,-0.205264,7
25,252,-45.1115,3.54118,4
25,160,3.70177,0.0282315,7
25,48,11.4014,13.0849,3
25,248,11.3601,10.3931,3
25,276,11.0542,13.1612,3
25,128,-4.24483,11.6086,1
25,376,3.28255,-1.07213,7
25,176,2.25512,17.4535,6
25,272,3.28255,-1.07213,7
25,188,3.28255,-1.07213,7
25,20,3.28255,-1.07213,7
25,372,3.28255,-1.07213,7
25,216,3.28255,-1.07213,7
25,400,-19.4795,14.6832,4
25,424,-11.0742,-1.1025,2
25,212,3.28255,-1.07213,7
25,336,3.28255,-1.07213,7
25,296,12.1404,14.8816,3
25,40,12.7681,15.6541,3
25,92,3.70177,0.0282315,7
25,244,12.5627,15.3536,3
25,80,11.2322,12.9277,3
25,436,15.881,-12.5881,5
25,324,3.28255,-1.07213,7
25,264,-3.66765,0.371725,7
25,148,-4.66874,11.1137,1
25,388,12.2141,15.2279,3
26,140,10.9522,13.0424,3
26,100,-13.0313,-1.20638,2
26,132,10.4391,13.0471,3
26,164,3.28255,-1.07213,7
26,300,12.8811,15.8944,3
26,40,12.7624,15.6574,3
26,128,-3.57117,12.2102,1
26,72,7.87714,7.07126,3
26,80,10.773,12.0407,3
26,188,3.28255,-1.07213,7
26,232,10.6392,13.1827,3
26,204,3.28255,-1.07213,7
26,320,3.28255,-1.07213,7
26,376,3.28255,-1.07213,7
26,108,11.3555,12.981,3
26,268,3.28255,-1.07213,7
26,16,11.0613,14.4095,3
26,4,3.28255,-1.07213,7
26,392,-0.0297076,-21.8899,5
26,120,15.8755,-12.5898,5
26,236,11.6228,15.2011,3
26,368,3.28255,-1.07213,7
26,372,3.28255,-1.07213,7
26,276,11.1135,13.1261,3
26,84,11.6094,13.9928,3
26,220,12.0692,15.0756,3
26,12,15.9786,-12.5631,5
26,292,12.7713,15.7247,3
26,192,4.6608,1.28321,7
26,88,11.7298,14.2506,3
26,136,2.09312,17.5751,6
26,60,10.6116,11.7566,3
26,0,10.9985,13.1653,3
26,20,3.28255,-1.07213,7
26,332,-6.84169,0.676017,2
26,124,5.84628,3.75819,7
26,360,1.61467,-16.6417,5
26,152,6.30919,-0.613497,7
26,380,3.28255,-1.07213,7
26,252,-45.1115,3.54118,4
26,296,12.2189,14.837,3
26,384,2.73776,17.3224,6
26,272,3.28255,-1.07213,7
26,64,11.7385,14.3843,3
26,180,-6.38845,11.5584,1
26,92,4.04419,0.355888,7
26,436,15.881,-12.5881,5
26,288,11.6456,14.5219,3
26,316,-0.214361,-15.7977,5
26,56,11.9261,15.6884,3
26,304,3.28255,-1.07213,7
26,388,12.3262,15.1564,3
26,200,3.28255,-1.07213,7
26,324,3.28255,-1.07213,7
26,280,11.1907,13.9435,3
26,8,-7.06636,1.81376,2
26,168,-6.57068,2.13144,2
26,144,12.8222,15.7718,3
26,400,-19.5728,14.5163,4
26,36,4.41142,10.0243,6
26,176,2.11997,17.4368,6
26,404,3.28255,-1.07213,7
26,148,-3.68014,11.4659,1
26,428,4.91907,-2.6741,7
26,184,-0.426386,-14.498,5
26,312,4.617,-13.5306,5
26,76,3.47727,-0.190103,7
26,424,-11.2421,-0.750764,2
26,412,3.28255,-1.07213,7
26,52,11.1577,12.7888,3
26,336,3.28255,-1.07213,7
26,160,3.34103,0.637885,7
26,172,-0.395745,-23.0849,5
26,352,-19.1016,13.4947,4
26,196,5.89308,4.69617,7
26,68,12.975,16.0382,3
26,48,11.8788,14.0132,3
26,116,3.28255,-1.07213,7
26,340,-6.90103,11.7833,1
26,256,2.87262,15.9269,6
26,224,3.28255,-1.07213,7
26,420,3.28255,-1.07213,7
26,260,3.28255,-1.07213,7
26,308,3.28255,-1.07213,7
26,96,11.2982,13.5216,3
26,156,8.1986,9.84974,3
26,32,3.28255,-1.07213,7
26,344,3.48624,-0.385689,7
26,28,2.09312,17.5751,6
26,216,3.28255,-1.07213,7
26,444,-19.1159,15.2483,4
26,364,0.212001,-20.2884,5
26,408,12.7449,15.5681,3
26,244,12.4373,15.5099,3
26,396,12.2817,14.8659,3
26,264,-1.04158,0.435564,7
26,416,3.28255,-1.07213,7
26,440,-12.9236,-1.21157,2
26,212,3.28255,-1.07213,7
26,228,2.09312,17.5751,6
26,112,22.6612,35.0591,8
26,356,3.28255,-1.07213,7
26,44,9.49018,8.77403,3
26,104,11.721,13.8001,3
26,208,-2.9856,8.97796,1
26,328,11.2388,13.7143,3
26,432,-13.0313,-1.20638,2
26,284,0.245954,-19.0232,5
26,248,11.7665,10.3906,3
26,24,4.19232,0.900588,7
26,348,3.28255,-1.07213,7
26,240,3.28255,-1.07213,7
27,372,3.28255,-1.07213,7
27,428,3.51442,-1.26365,7
27,276,11.4496,13.5256,3
27,80,11.9492,13.5989,3
27,400,-19.6637,14.3654,4
27,316,-0.169065,-14.8211,5
27,88,12.3318,15.0534,3
27,60,11.2441,12.5856,3
27,188,3.28255,-1.07213,7
27,212,3.28255,-1.07213,7
27,352,-19.0051,13.7406,4
27,244,12.5394,15.4441,3
27,28,2.09312,17.5751,6
27,8,-4.15017,1.16854,7
27,184,-0.168109,-14.5398,5
27,444,-19.2272,14.9999,4
27,396,12.2917,14.8601,3
27,164,3.28255,-1.07213,7
27,424,-11.2282,-0.900398,2
27,192,4.10256,1.86186,7
27,272,3.28255,-1.07213,7
27,116,3.20702,-0.861397,7
27,16,12.5939,15.6918,3
27,124,5.2729,2.95036,7
27,120,15.8755,-12.5898,5
27,84,10.8846,14.273,3
27,132,10.1724,12.0523,3
27,112,22.6612,35.0591,8
27,156,8.7917,10.6634,3
27,152,4.33176,-0.913143,7
27,288,11.8471,14.4138,3
27,240,3.28255,-1.07213,7
27,264,1.02177,-0.800233,7
27,440,-12.9241,-1.20098,2
27,328,11.7087,15.2514,3
27,284,0.24181,-19.0226,5
27,224,3.28255,-1.07213,7
27,92,3.46382,-0.566281,7
27,228,2.09312,17.5751,6
27,220,12.1921,14.9966,3
27,296,12.0593,15.0203,3
27,236,11.8899,15.0018,3
27,100,-13.0313,-1.20638,2
27,176,2.1117,17.4357,6
27,200,3.28255,-1.07213,7
27,32,3.74568,-0.186835,7
27,68,12.7527,15.6503,3
27,196,4.91558,3.80569,7
27,172,-0.424353,-23.2557,5
27,24,4.73442,1.7435,7
27,408,12.6524,15.8178,3
27,368,3.28255,-1.07213,7
27,340,-6.90103,11.7833,1
27,364,0.172915,-20.2813,5
27,376,3.28255,-1.07213,7
27,308,3.28255,-1.07213,7
27,320,3.28255,-1.07213,7
27,336,3.28255,-1.07213,7
27,72,8.32058,7.96949,3
27,412,3.28255,-1.07213,7
27,76,3.09674,-0.389222,7
27,300,12.9344,15.8821,3
27,20,3.28255,-1.07213,7
27,96,11.4469,13.6311,3
27,0,11.8999,13.568,3
27,248,11.8514,12.3265,3
27,356,3.28255,-1.07213,7
27,40,12.7887,15.6454,3
27,304,3.28255,-1.07213,7
27,144,12.8214,15.7723,3
27,140,10.6686,13.4839,3
27,48,11.3666,13.1541,3
27,380,3.28255,-1.07213,7
27,204,3.28255,-1.07213,7
27,136,2.09312,17.5751,6
27,52,11.8234,13.4726,3
27,360,1.4862,-16.6137,5
27,208,-3.06489,7.83328,1
27,104,11.4546,14.1242,3
27,348,3.28255,-1.07213,7
27,432,-13.0313,-1.20638,2
27,416,3.28255,-1.07213,7
27,332,-3.98011,0.724785,7
27,216,3.28255,-1.07213,7
27,436,15.881,-12.5881,5
27,44,9.82149,9.73021,3
27,36,4.79455,10.5818,6
27,392,-0.108787,-21.8751,5
27,168,-3.73079,1.2082,7
27,4,3.28255,-1.07213,7
27,292,12.975,16.0382,3
27,404,3.28255,-1.07213,7
27,268,3.28255,-1.07213,7
27,128,-4.08638,11.4495,1
27,420,3.28255,-1.07213,7
27,388,12.3795,15.124,3
27,108,11.9492,13.5989,3
27,384,2.10271,17.4755,6
27,148,-3.43167,10.244,1
27,260,3.28255,-1.07213,7
27,232,11.5524,13.8792,3
27,180,-6.5126,11.8678,1
27,252,-45.1115,3.54118,4
27,56,12.3494,15.4297,3
27,160,4.11565,1.35945,7
27,64,11.7992,14.3453,3
27,280,11.913,14.6863,3
27,256,2.67102,15.8807,6
27,12,15.9786,-12.5631,5
27,312,4.16492,-13.437,5
27,344,3.48897,-0.386516,7
27,324,3.28255,-1.07213,7
28,440,-12.9242,-1.20006,2
28,56,12.7582,15.7485,3
28,412,3.28255,-1.07213,7
28,16,12.6585,15.6441,3
28,188,3.28255,-1.07213,7
28,204,3.28255,-1.07213,7
28,280,11.294,13.9567,3
28,236,11.7737,15.2402,3
28,184,0.146595,-14.6129,5
28,60,11.5703,13.5141,3
28,380,3.28255,-1.07213,7
28,0,11.3342,12.7377,3
28,420,3.28255,-1.07213,7
28,100,-13.0313,-1.20638,2
28,384,2.13876,17.5508,6
28,176,2.16603,17.5256,6
28,396,12.1825,15.5807,3
28,344,3.28255,-1.07213,7
28,156,9.47303,11.3907,3
28,132,9.37008,11.7121,3
28,232,10.8963,13.131,3
28,428,3.28255,-1.07213,7
28,308,3.28255,-1.07213,7
28,288,11.8068,14.445,3
28,312,3.53308,-13.3992,5
28,388,12.2726,15.2326,3
28,304,3.28255,-1.07213,7
28,92,3.28255,-1.07213,7
28,8,-2.02267,-0.214356,7
28,404,3.28255,-1.07213,7
28,128,-3.62001,10.9608,1
28,196,4.77195,2.76969,7
28,248,11.6555,12.4234,3
28,348,3.28255,-1.07213,7
28,316,0.021464,-14.8498,5
28,88,11.9837,14.3844,3
28,180,-6.50962,11.8488,1
28,36,5.16006,10.7177,6
28,276,11.2253,14.4555,3
28,160,3.90683,0.345747,7
28,436,15.881,-12.5881,5
28,332,-1.54487,1.50838,7
28,328,12.6928,15.6877,3
28,252,-45.1115,3.54118,4
28,68,12.376,15.6452,3
28,336,3.28255,-1.07213,7
28,164,3.28255,-1.07213,7
28,272,3.28255,-1.07213,7
28,240,3.28255,-1.07213,7
28,356,3.28255,-1.07213,7
28,192,4.65739,2.70336,7
28,104,11.5618,14.0575,3
28,432,-13.0313,-1.20638,2
28,108,11.519,13.5921,3
28,284,0.16446,-18.0231,5
28,424,-11.6678,-1.52073,2
28,140,10.838,13.3742,3
28,216,3.28255,-1.07213,7
28,408,12.7582,15.7485,3
28,296,12.173,14.9479,3
28,268,3.28255,-1.07213,7
28,256,1.90257,16.7564,6
28,44,9.23356,8.91525,3
28,52,12.0181,14.6016,3
28,76,3.28255,-1.07213,7
28,360,1.34463,-16.5869,5
28,228,2.09312,17.5751,6
28,372,3.28255,-1.07213,7
28,368,3.28255,-1.07213,7
28,292,12.975,16.0382,3
28,20,3.65631,-0.275854,7
28,12,15.8755,-12.5898,5
28,444,-19.1993,15.1893,4
28,352,-18.9138,14.1273,4
28,144,12.8212,15.7724,3
28,416,3.28255,-1.07213,7
28,400,-19.713,14.2805,4
28,40,12.77,15.6556,3
28,148,-2.93087,10.0058,1
28,392,-0.151339,-21.8677,5
28,208,-2.11466,9.12949,1
28,364,0.144831,-20.2764,5
28,200,3.28255,-1.07213,7
28,116,3.28255,-1.07213,7
28,340,-6.90103,11.7833,1
28,224,3.28255,-1.07213,7
28,220,12.4857,15.2488,3
28,120,15.8755,-12.5898,5
28,172,-0.424353,-23.2557,5
28,320,3.28255,-1.07213,7
28,84,11.8581,14.7167,3
28,4,3.28255,-1.07213,7
28,80,11.8504,14.5317,3
28,152,3.96326,-0.594523,7
28,124,4.88076,2.02412,7
28,32,3.26461,-0.468331,7
28,24,5.23346,2.61013,7
28,260,3.28255,-1.07213,7
28,28,2.09312,17.5751,6
28,48,11.5165,13.7381,3
28,112,22.6612,35.0591,8
28,212,3.34305,-1.06297,7
28,96,11.544,13.4326,3
28,168,-1.56012,0.678411,7
28,136,2.09312,17.5751,6
28,264,2.68566,-0.03932,7
28,244,12.6214,15.4033,3
28,300,12.8982,15.9038,3
28,72,6.82546,5.37033,7
28,376,3.28255,-1.07213,7
28,324,3.28255,-1.07213,7
28,64,12.8786,15.8906,3
29,8,0.0166914,0.859783,7
29,332,1.13278,0.163753,7
29,280,11.3473,15.101,3
29,128,-2.92172,10.7938,1
29,248,11.2745,13.5663,3
29,184,0.31335,-14.6416,5
29,148,-2.44507,9.81347,1
29,220,12.5025,15.2391,3
29,48,11.0462,12.8548,3
29,284,0.387282,-17.0459,5
29,116,3.1902,-0.81415,7
29,196,4.5145,1.78508,7
29,260,3.28255,-1.07213,7
29,440,-12.9466,-1.16072,2
29,416,3.28255,-1.07213,7
29,144,12.8155,15.7759,3
29,88,12.0556,14.9577,3
29,212,3.28255,-1.07213,7
29,76,3.28255,-1.07213,7
29,172,-0.424353,-23.2557,5
29,352,-18.9851,14.0056,4
29,124,5.2475,2.94592,7
29,312,3.43292,-13.3661,5
29,176,2.09312,17.5751,6
29,28,2.09312,17.5751,6
29,164,3.28255,-1.07213,7
29,100,-13.0313,-1.20638,2
29,320,3.28255,-1.07213,7
29,256,1.90319,16.7563,6
29,24,4.48361,2.0863,7
29,240,3.28255,-1.07213,7
29,408,12.7856,15.7322,3
29,64,12.8807,15.8893,3
29,52,12.975,16.0382,3
29,308,3.28255,-1.07213,7
29,152,3.79055,-0.476124,7
29,72,5.63254,4.53595,7
29,36,5.36958,11.1075,6
29,328,12.0346,15.4488,3
29,112,22.6612,35.0591,8
29,204,3.28255,-1.07213,7
29,292,12.975,16.0382,3
29,104,11.6366,14.0126,3
29,60,12.0177,14.4077,3
29,32,3.51283,0.402571,7
29,300,12.8643,15.948,3
29,436,15.881,-12.5881,5
29,108,12.0167,14.4592,3
29,140,12.0556,14.9577,3
29,216,3.28255,-1.07213,7
29,4,3.28255,-1.07213,7
29,92,3.28255,-1.07213,7
29,156,9.10916,10.45,3
29,288,12.8155,15.7759,3
29,12,15.8755,-12.5898,5
29,388,12.3562,15.1785,3
29,40,12.738,15.6776,3
29,392,-0.138547,-21.8704,5
29,384,2.14169,17.5618,6
29,188,3.28255,-1.07213,7
29,168,-0.260724,1.74446,7
29,180,-6.67386,11.645,1
29,356,3.28255,-1.07213,7
29,372,3.28255,-1.07213,7
29,336,3.28255,-1.07213,7
29,228,2.09312,17.5751,6
29,412,3.28255,-1.07213,7
29,56,12.6961,15.8853,3
29,380,3.28255,-1.07213,7
29,132,9.20518,10.6781,3
29,244,12.6161,15.4063,3
29,296,12.738,15.6776,3
29,360,1.2287,-16.5654,5
29,368,3.28255,-1.07213,7
29,80,11.5217,13.604,3
29,120,15.8755,-12.5898,5
29,136,2.09312,17.5751,6
29,160,3.50251,-0.568584,7
29,404,3.28255,-1.07213,7
29,344,3.28255,-1.07213,7
29,232,11.1939,13.9827,3
29,420,3.28255,-1.07213,7
29,400,-19.7599,14.2028,4
29,424,-11.7106,-1.22041,2
29,324,3.28255,-1.07213,7
29,272,3.28255,-1.07213,7
29,444,-19.3409,14.9096,4
29,224,3.28255,-1.07213,7
29,0,11.7221,13.6648,3
29,396,12.3975,15.4261,3
29,208,-1.7511,10.6609,1
29,16,12.7059,15.6157,3
29,96,12.975,16.0382,3
29,44,9.66182,9.82145,3
29,236,12.0145,15.0649,3
29,192,4.62719,1.75904,7
29,316,0.127469,-13.8846,5
29,428,3.28255,-1.07213,7
29,20,3.28255,-1.07213,7
29,376,3.28255,-1.07213,7
29,264,3.28255,-1.07213,7
29,304,3.28255,-1.07213,7
29,68,12.8146,15.628,3
29,252,-45.1115,3.54118,4
29,84,12.4214,15.3736,3
29,276,12.7086,15.7972,3
29,432,-13.0313,-1.20638,2
29,268,3.28255,-1.07213,7
29,348,3.28255,-1.07213,7
29,200,3.28255,-1.07213,7
29,364,0.124964,-20.2729,5
29,340,-6.90103,11.7833,1
30,432,-13.0313,-1.20638,2
30,192,5.14218,2.61762,7
30,196,4.16141,0.84592,7
30,264,3.28255,-1.07213,7
30,44,9.05373,10.5065,3
30,136,2.09312,17.5751,6
30,152,3.71437,-0.429712,7
30,176,2.09312,17.5751,6
30,348,3.28255,-1.07213,7
30,376,3.28255,-1.07213,7
30,344,3.28255,-1.07213,7
30,268,3.28255,-1.07213,7
30,0,10.9645,14.1505,3
30,56,12.7886,15.8163,3
30,416,3.28255,-1.07213,7
30,204,3.28255,-1.07213,7
30,228,2.09312,17.5751,6
30,436,15.881,-12.5881,5
30,352,-19.0433,13.9081,4
30,232,11.9903,14.7223,3
30,412,3.28255,-1.07213,7
30,120,15.8755,-12.5898,5
30,64,12.8704,15.897,3
30,188,3.28255,-1.07213,7
30,320,3.28255,-1.07213,7
30,212,3.70681,-0.303935,7
30,440,-12.9455,-1.20234,2
30,12,15.8755,-12.5898,5
30,148,-2.00818,9.59255,1
30,184,0.462598,-14.6686,5
30,76,3.65302,-0.159555,7
30,328,11.6626,14.494,3
30,220,12.5181,15.2305,3
30,424,-11.8508,-0.90709,2
30,384,2.09499,17.5578,6
30,428,3.28255,-1.07213,7
30,108,11.5405,13.5796,3
30,404,3.28255,-1.07213,7
30,240,3.28255,-1.07213,7
30,32,3.28255,-1.07213,7
30,4,3.28255,-1.07213,7
30,252,-45.1115,3.54118,4
30,340,-6.90103,11.7833,1
30,112,22.6612,35.0591,8
30,388,12.4069,15.1483,3
30,116,3.28255,-1.07213,7
30,380,3.28255,-1.07213,7
30,260,3.28255,-1.07213,7
30,8,-0.305881,1.77027,7
30,420,3.28255,-1.07213,7
30,256,2.22624,17.4295,6
30,336,3.28255,-1.07213,7
30,248,11.3408,13.5268,3
30,40,12.7373,15.6781,3
30,24,5.10435,2.88676,7
30,208,-1.67111,10.223,1
30,180,-6.68165,11.7809,1
30,400,-19.7971,14.1423,4
30,168,2.09387,-0.114032,7
30,272,3.28255,-1.07213,7
30,316,0.216596,-13.8948,5
30,280,10.9645,14.1505,3
30,296,12.678,15.7438,3
30,20,3.77074,-0.199431,7
30,288,12.8219,15.7722,3
30,308,3.28255,-1.07213,7
30,156,8.6781,9.54294,3
30,276,12.7814,15.7523,3
30,368,3.28255,-1.07213,7
30,284,0.650854,-16.0778,5
30,324,3.28255,-1.07213,7
30,68,12.7199,15.7632,3
30,36,6.41001,12.8703,6
30,364,-0.0529563,-20.2668,5
30,160,3.98443,0.307155,7
30,132,10.3362,12.3272,3
30,332,2.47023,-0.548564,7
30,392,-0.174822,-21.8646,5
30,300,12.9049,15.9242,3
30,444,-19.3653,14.8451,4
30,72,4.16256,3.0042,7
30,104,11.7535,13.954,3
30,312,2.28842,-14.865,5
30,356,3.28255,-1.07213,7
30,244,12.4764,15.6484,3
30,124,4.84603,3.58968,7
30,28,2.09312,17.5751,6
30,48,12.4915,15.4544,3
30,164,3.28255,-1.07213,7
30,396,12.4947,15.3649,3
30,88,11.6378,14.042,3
30,128,-3.14209,10.438,1
30,92,3.76555,-0.196526,7
30,140,12.1571,14.894,3
30,200,3.28255,-1.07213,7
30,144,12.975,16.0382,3
30,52,12.9405,15.9901,3
30,216,3.28255,-1.07213,7
30,80,12.6482,15.4372,3
30,84,11.7848,14.6866,3
30,304,3.28255,-1.07213,7
30,100,-13.0313,-1.20638,2
30,372,3.28255,-1.07213,7
30,360,1.15052,-16.5503,5
30,172,-0.424353,-23.2557,5
30,16,12.9281,15.6158,3
30,236,12.1513,14.9757,3
30,60,12.5199,15.2724,3
30,408,12.975,16.0382,3
30,96,12.7118,15.6699,3
30,292,12.975,16.0382,3
30,224,3.28255,-1.07213,7
31,208,0.481111,11.863,6
31,356,3.28255,-1.07213,7
31,352,-19.0736,13.8556,4
31,328,12.3011,15.264,3
31,112,22.6612,35.0591,8
31,148,0.172734,11.1877,6
31,380,3.28255,-1.07213,7
31,176,2.09312,17.5751,6
31,392,-0.172784,-21.865,5
31,292,12.975,16.0382,3
31,200,3.28255,-1.07213,7
31,84,12.05,15.1868,3
31,192,4.48801,1.76843,7
31,132,10.435,12.2686,3
31,180,-6.90103,11.7833,1
31,236,12.1999,14.9434,3
31,252,-45.1115,3.54118,4
31,280,11.7429,14.3747,3
31,16,12.975,16.0382,3
31,160,3.39842,-0.42922,7
31,340,-6.90103,11.7833,1
31,44,8.7288,9.54384,3
31,40,12.7384,15.6773,3
31,32,3.78544,-0.207982,7
31,324,3.28255,-1.07213,7
31,120,15.8755,-12.5898,5
31,248,11.385,13.5006,3
31,432,-13.0313,-1.20638,2
31,60,12.9626,15.9852,3
31,52,12.3004,15.2847,3
31,396,12.4098,15.4589,3
31,348,3.28255,-1.07213,7
31,240,3.28255,-1.07213,7
31,288,12.7543,15.8837,3
31,8,1.64913,1.05636,7
31,104,11.5826,14.1105,3
31,376,3.28255,-1.07213,7
31,188,3.28255,-1.07213,7
31,344,3.28255,-1.07213,7
31,108,11.7438,13.9196,3
31,308,3.28255,-1.07213,7
31,220,12.3862,15.372,3
31,440,-12.9469,-1.19334,2
31,0,10.4437,13.4877,3
31,80,12.945,15.9911,3
31,272,3.28255,-1.07213,7
31,312,1.71473,-14.8884,5
31,124,4.02085,0.716269,7
31,64,12.84,15.9427,3
31,444,-19.4761,14.6403,4
31,204,3.28255,-1.07213,7
31,172,-0.424353,-23.2557,5
31,336,3.28255,-1.07213,7
31,384,2.09477,17.5578,6
31,284,0.672471,-16.0814,5
31,408,12.975,16.0382,3
31,428,3.28255,-1.07213,7
31,400,-19.7328,14.6804,4
31,316,0.537482,-12.9354,5
31,368,3.28255,-1.07213,7
31,304,3.28255,-1.07213,7
31,212,3.28255,-1.07213,7
31,360,0.709816,-16.5743,5
31,140,12.0011,15.1082,3
31,232,11.4925,13.8579,3
31,4,3.28255,-1.07213,7
31,412,3.28255,-1.07213,7
31,164,3.28255,-1.07213,7
31,152,3.28255,-1.07213,7
31,116,3.12985,-0.235483,7
31,88,12.1444,15.1555,3
31,268,3.28255,-1.07213,7
31,196,3.28255,-1.07213,7
31,144,12.975,16.0382,3
31,168,3.27476,-0.813606,7
31,68,12.9708,15.9994,3
31,20,3.28255,-1.07213,7
31,296,12.6877,15.7348,3
31,260,3.28255,-1.07213,7
31,332,3.28255,-1.07213,7
31,216,3.28255,-1.07213,7
31,72,3.66863,0.0651484,7
31,28,2.09312,17.5751,6
31,224,3.28255,-1.07213,7
31,244,12.975,16.0382,3
31,264,3.28255,-1.07213,7
31,372,3.28255,-1.07213,7
31,416,3.28255,-1.07213,7
31,12,15.8755,-12.5898,5
31,436,15.881,-12.5881,5
31,420,3.28255,-1.07213,7
31,96,12.2393,14.7881,3
31,156,9.07409,10.4376,3
31,48,12.0443,14.5573,3
31,136,2.09312,17.5751,6
31,92,3.27476,-0.813606,7
31,228,2.09312,17.5751,6
31,128,-2.94381,9.27704,1
31,404,3.28255,-1.07213,7
31,76,3.28255,-1.07213,7
31,100,-13.0313,-1.20638,2
31,184,0.552467,-14.683,5
31,424,-11.8431,-0.946291,2
31,36,6.43473,12.8948,6
31,276,12.7995,15.7418,3
31,56,12.7952,15.8111,3
31,364,-0.00847202,-20.274,5
31,24,4.69024,1.9765,7
31,320,3.28255,-1.07213,7
31,388,12.7995,15.7418,3
31,300,12.9083,15.9223,3
31,256,2.25316,17.5183,6
32,136,2.09312,17.5751,6
32,252,-45.1115,3.54118,4
32,112,22.6612,35.0591,8
32,344,3.28255,-1.07213,7
32,204,3.28255,-1.07213,7
32,68,12.7736,15.7024,3
32,164,3.28255,-1.07213,7
32,180,-6.90103,11.7833,1
32,264,3.28255,-1.07213,7
32,312,1.24477,-14.9073,5
32,340,-6.90103,11.7833,1
32,96,12.7382,15.6535,3
32,208,1.10466,10.9106,6
32,84,11.4029,14.7531,3
32,0,11.3554,14.042,3
32,40,12.7246,15.6874,3
32,432,-13.0313,-1.20638,2
32,360,0.706648,-16.5737,5
32,20,3.71825,-0.174688,7
32,232,10.6944,13.4356,3
32,388,12.7689,15.7659,3
32,188,3.28255,-1.07213,7
32,348,3.28255,-1.07213,7
32,72,3.76486,-0.198115,7
32,48,11.2624,14.3055,3
32,248,12.1682,14.9212,3
32,404,3.28255,-1.07213,7
32,56,12.7884,16.0129,3
32,240,3.28255,-1.07213,7
32,168,2.62638,-0.163035,7
32,332,3.28255,-1.07213,7
32,328,11.6123,14.6924,3
32,124,3.28255,-1.07213,7
32,28,2.09312,17.5751,6
32,324,3.28255,-1.07213,7
32,292,12.975,16.0382,3
32,428,3.28255,-1.07213,7
32,200,3.28255,-1.07213,7
32,128,-2.48573,9.40044,1
32,224,3.28255,-1.07213,7
32,356,3.28255,-1.07213,7
32,196,3.28255,-1.07213,7
32,172,-0.424353,-23.2557,5
32,156,9.74074,11.2042,3
32,104,12.2032,15.1177,3
32,268,3.28255,-1.07213,7
32,316,0.800663,-13.0041,5
32,76,3.28255,-1.07213,7
32,24,3.41716,-0.737296,7
32,400,-19.7984,14.5591,4
32,352,-19.4696,13.5131,4
32,308,3.28255,-1.07213,7
32,192,4.17978,0.81051,7
32,416,3.28255,-1.07213,7
32,176,2.09312,17.5751,6
32,320,3.28255,-1.07213,7
32,412,3.28255,-1.07213,7
32,152,3.28255,-1.07213,7
32,396,12.5111,15.3947,3
32,228,2.09312,17.5751,6
32,32,3.2939,-1.05649,7
32,236,12.975,16.0382,3
32,256,2.10851,17.4996,6
32,132,10.0212,11.353,3
32,368,3.28255,-1.07213,7
32,284,0.690222,-16.0843,5
32,64,12.8928,15.9109,3
32,380,3.28255,-1.07213,7
32,272,3.28255,-1.07213,7
32,212,3.27774,-1.06496,7
32,372,3.28255,-1.07213,7
32,148,-2.40277,10.8116,1
32,184,1.32287,-15.523,5
32,300,12.909,15.9219,3
32,304,3.28255,-1.07213,7
32,4,3.28255,-1.07213,7
32,116,3.28255,-1.07213,7
32,80,12.5998,15.4039,3
32,364,0.0244793,-20.2795,5
32,220,12.9577,16.0182,3
32,44,9.07582,8.59706,3
32,260,3.28255,-1.07213,7
32,424,-11.8366,-1.06892,2
32,144,12.975,16.0382,3
32,276,12.8039,15.7393,3
32,384,2.10033,17.5722,6
32,88,11.7135,14.2458,3
32,244,12.975,16.0382,3
32,376,3.28255,-1.07213,7
32,16,12.975,16.0382,3
32,100,-13.0313,-1.20638,2
32,108,11.3444,13.0051,3
32,436,15.881,-12.5881,5
32,92,3.28255,-1.07213,7
32,160,3.95586,0.408638,7
32,444,-19.5648,14.4822,4
32,216,3.28255,-1.07213,7
32,336,3.28255,-1.07213,7
32,8,3.23607,0.988959,7
32,36,5.55673,11.7867,6
32,12,15.8755,-12.5898,5
32,288,12.8216,15.8367,3
32,280,12.975,16.0382,3
32,440,-12.9584,-1.17067,2
32,60,12.975,16.0382,3
32,420,3.28255,-1.07213,7
32,120,15.8755,-12.5898,5
32,408,12.975,16.0382,3
32,392,-0.156735,-21.8682,5
32,52,12.7736,15.7024,3
32,140,11.9428,15.1862,3
32,296,12.7342,15.7032,3
33,280,12.975,16.0382,3
33,284,0.927591,-15.1124,5
33,124,3.28255,-1.07213,7
33,16,12.975,16.0382,3
33,32,3.28255,-1.07213,7
33,436,15.881,-12.5881,5
33,88,11.3065,13.3276,3
33,180,-6.90103,11.7833,1
33,320,3.28255,-1.07213,7
33,412,3.28255,-1.07213,7
33,344,3.28255,-1.07213,7
33,224,3.28255,-1.07213,7
33,52,12.0755,15.0877,3
33,288,12.7783,15.9093,3
33,400,-19.8667,14.4417,4
33,92,3.28255,-1.07213,7
33,424,-11.8346,-1.13098,2
33,112,22.6612,35.0591,8
33,216,3.28255,-1.07213,7
33,176,2.09312,17.5751,6
33,416,3.28255,-1.07213,7
33,164,3.28255,-1.07213,7
33,396,12.4592,15.8527,3
33,28,2.09312,17.5751,6
33,380,3.28255,-1.07213,7
33,368,3.28255,-1.07213,7
33,24,3.35304,-0.938459,7
33,376,3.28255,-1.07213,7
33,44,8.16384,8.98171,3
33,212,3.27864,-0.278915,7
33,108,12.5697,15.4116,3
33,100,-13.0313,-1.20638,2
33,360,0.520502,-16.565,5
33,408,12.975,16.0382,3
33,220,12.9621,16.0157,3
33,132,10.3384,12.4217,3
33,120,15.8755,-12.5898,5
33,356,3.28255,-1.07213,7
33,420,3.28255,-1.07213,7
33,232,10.2244,13.0518,3
33,300,12.9066,15.9233,3
33,68,12.9553,16.0083,3
33,172,-0.424353,-23.2557,5
33,116,2.70792,-0.372816,7
33,244,12.975,16.0382,3
33,200,3.28255,-1.07213,7
33,304,3.28255,-1.07213,7
33,12,15.8755,-12.5898,5
33,440,-12.9653,-1.16077,2
33,264,3.28255,-1.07213,7
33,40,12.975,16.0382,3
33,240,3.28255,-1.07213,7
33,308,3.28255,-1.07213,7
33,444,-19.6529,14.3366,4
33,148,-0.0995318,12.2869,6
33,324,3.28255,-1.07213,7
33,352,-19.4592,13.529,4
33,332,3.7632,-0.195496,7
33,336,3.28255,-1.07213,7
33,160,3.56412,-0.513196,7
33,64,12.8926,15.911,3
33,144,12.975,16.0382,3
33,316,1.04369,-12.0595,5
33,252,-45.1115,3.54118,4
33,48,11.4402,14.1876,3
33,248,12.227,14.8858,3
33,60,12.3091,15.5729,3
33,76,3.28255,-1.07213,7
33,140,12.1274,15.0595,3
33,56,12.8124,15.9639,3
33,296,12.7685,15.6841,3
33,156,8.89556,11.1937,3
33,372,3.28255,-1.07213,7
33,208,1.38034,9.92569,6
33,348,3.28255,-1.07213,7
33,72,3.28255,-1.07213,7
33,152,3.28255,-1.07213,7
33,272,3.28255,-1.07213,7
33,128,-1.53242,10.2456,1
33,184,1.24641,-15.5096,5
33,192,4.47191,1.73152,7
33,8,3.7383,0.0130657,7
33,364,0.0380712,-20.2817,5
33,96,12.2272,14.7945,3
33,104,12.9621,16.0157,3
33,268,3.28255,-1.07213,7
33,392,-0.157656,-21.868,5
33,312,1.00004,-14.896,5
33,20,3.28255,-1.07213,7
33,328,12.3098,15.4345,3
33,292,12.975,16.0382,3
33,256,2.06355,17.534,6
33,432,-13.0313,-1.20638,2
33,168,3.28255,-1.07213,7
33,0,12.0617,14.7685,3
33,188,3.28255,-1.07213,7
33,384,2.09347,17.5716,6
33,260,3.28255,-1.07213,7
33,204,3.28255,-1.07213,7
33,428,3.28255,-1.07213,7
33,236,12.975,16.0382,3
33,80,11.8634,14.7226,3
33,404,3.28255,-1.07213,7
33,36,4.88226,10.7348,6
33,228,2.09312,17.5751,6
33,4,3.28255,-1.07213,7
33,388,12.7747,15.7617,3
33,276,12.7854,15.7518,3
33,136,2.09312,17.5751,6
33,196,3.28255,-1.07213,7
33,340,-6.90103,11.7833,1
33,84,10.6043,14.3041,3
34,192,4.27135,2.72005,7
34,40,12.975,16.0382,3
34,312,0.995515,-14.8953,5
34,296,12.7997,15.8066,3
34,8,3.44822,-0.638658,7
34,168,2.90445,-0.772961,7
34,276,12.7221,15.8456,3
34,16,12.975,16.0382,3
34,400,-19.8773,14.4211,4
34,300,12.9089,15.922,3
34,208,3.02961,11.767,6
34,28,2.09312,17.5751,6
34,256,2.09312,17.5751,6
34,316,0.667969,-12.0942,5
34,240,3.28255,-1.07213,7
34,268,3.28255,-1.07213,7
34,140,12.2255,14.9972,3
34,344,3.28255,-1.07213,7
34,444,-19.7081,14.2441,4
34,96,12.3197,15.5222,3
34,128,-0.0172628,10.5698,6
34,88,10.5243,13.0678,3
34,340,-6.90103,11.7833,1
34,272,3.28255,-1.07213,7
34,404,3.28255,-1.07213,7
34,188,3.28255,-1.07213,7
34,112,22.6612,35.0591,8
34,100,-13.0313,-1.20638,2
34,44,6.28783,9.1374,6
34,232,10.2039,11.9969,3
34,148,0.44302,12.2724,6
34,80,12.565,15.4591,3
34,72,3.57071,-0.516649,7
34,200,3.28255,-1.07213,7
34,220,12.9622,16.0156,3
34,236,12.975,16.0382,3
34,196,3.28255,-1.07213,7
34,152,3.28255,-1.07213,7
34,216,3.28255,-1.07213,7
34,56,12.8833,15.9155,3
34,264,3.28255,-1.07213,7
34,324,3.28255,-1.07213,7
34,440,-12.9615,-1.19783,2
34,388,12.7997,15.7472,3
34,228,2.09312,17.5751,6
34,320,3.28255,-1.07213,7
34,204,3.28255,-1.07213,7
34,244,12.975,16.0382,3
34,120,15.8755,-12.5898,5
34,212,3.28255,-1.07213,7
34,304,3.28255,-1.07213,7
34,180,-6.90103,11.7833,1
34,224,3.28255,-1.07213,7
34,252,-45.1115,3.54118,4
34,328,12.975,16.0382,3
34,416,3.28255,-1.07213,7
34,356,3.28255,-1.07213,7
34,92,3.28255,-1.07213,7
34,36,4.37261,9.70906,6
34,352,-19.4509,13.5417,4
34,104,12.9626,16.0155,3
34,384,2.09335,17.5716,6
34,376,3.28255,-1.07213,7
34,380,3.28255,-1.07213,7
34,4,3.28255,-1.07213,7
34,52,12.7997,15.8066,3
34,84,11.4804,15.3953,3
34,280,12.4331,15.1981,3
34,292,12.975,16.0382,3
34,392,-0.165745,-21.8665,5
34,368,3.28255,-1.07213,7
34,432,-13.0313,-1.20638,2
34,372,3.28255,-1.07213,7
34,156,8.63485,10.1906,3
34,424,-11.8339,-1.16322,2
34,172,-0.424353,-23.2557,5
34,336,3.28255,-1.07213,7
34,332,3.41855,-0.909866,7
34,428,3.28255,-1.07213,7
34,132,11.8655,14.9446,3
34,24,3.76415,-0.196539,7
34,364,0.0477477,-20.2833,5
34,108,12.975,16.0382,3
34,64,12.8887,15.9137,3
34,164,3.28255,-1.07213,7
34,76,3.28255,-1.07213,7
34,348,3.28255,-1.07213,7
34,396,12.4587,15.9987,3
34,0,11.6332,13.8616,3
34,144,12.975,16.0382,3
34,48,12.975,16.0382,3
34,124,3.55875,-0.510574,7
34,288,12.8546,15.862,3
34,360,0.497181,-16.5621,5
34,308,3.28255,-1.07213,7
34,20,3.28255,-1.07213,7
34,248,12.2245,14.8875,3
34,32,3.28255,-1.07213,7
34,12,15.8755,-12.5898,5
34,160,4.04852,0.361541,7
34,60,11.9352,14.6274,3
34,176,2.09312,17.5751,6
34,184,1.18314,-15.4986,5
34,408,12.975,16.0382,3
34,436,15.881,-12.5881,5
34,284,1.82512,-14.9878,5
34,260,3.28255,-1.07213,7
34,412,3.28255,-1.07213,7
34,116,3.19854,0.450904,7
34,68,12.975,16.0382,3
34,136,2.09312,17.5751,6
34,420,3.28255,-1.07213,7
35,240,3.28255,-1.07213,7
35,24,3.28255,-1.07213,7
35,160,2.89529,0.855314,7
35,52,12.975,16.0382,3
35,64,12.8988,15.9079,3
35,256,2.09312,17.5751,6
35,132,12.6634,15.6017,3
35,120,15.8755,-12.5898,5
35,252,-45.1115,3.54118,4
35,100,-13.0313,-1.20638,2
35,296,12.975,16.0382,3
35,376,3.28255,-1.07213,7
35,116,3.28255,-1.07213,7
35,140,12.2815,14.9636,3
35,212,3.46672,-0.159826,7
35,124,3.31963,0.079325,7
35,408,12.975,16.0382,3
35,168,3.72618,-0.442011,7
35,276,12.8052,15.7937,3
35,360,0.532527,-16.5678,5
35,0,11.2417,12.9414,3
35,152,3.28255,-1.07213,7
35,280,12.9407,16.0034,3
35,432,-13.0313,-1.20638,2
35,192,4.01174,1.75404,7
35,392,-0.554461,-21.9901,5
35,148,1.65416,12.4156,6
35,220,12.9625,16.0155,3
35,372,3.28255,-1.07213,7
35,336,3.28255,-1.07213,7
35,136,2.09312,17.5751,6
35,92,3.75137,-0.189864,7
35,68,12.9698,16.0299,3
35,180,-6.90103,11.7833,1
35,84,11.2058,14.3557,3
35,128,0.702497,11.5375,6
35,20,3.62946,-0.16343,7
35,172,-0.424353,-23.2557,5
35,44,6.28328,9.78857,6
35,228,2.09312,17.5751,6
35,368,3.28255,-1.07213,7
35,60,12.975,16.0382,3
35,268,3.28255,-1.07213,7
35,236,12.975,16.0382,3
35,40,12.975,16.0382,3
35,108,12.4649,15.179,3
35,328,12.975,16.0382,3
35,184,1.13974,-15.4909,5
35,188,3.28255,-1.07213,7
35,80,11.7036,15.0276,3
35,232,9.59779,11.2399,3
35,292,12.975,16.0382,3
35,144,12.975,16.0382,3
35,156,8.45906,9.17736,3
35,76,3.71714,-0.171864,7
35,204,3.28255,-1.07213,7
35,244,12.975,16.0382,3
35,416,3.28255,-1.07213,7
35,396,12.7474,15.8034,3
35,400,-20.253,14.0838,4
35,272,3.28255,-1.07213,7
35,420,3.28255,-1.07213,7
35,348,3.28255,-1.07213,7
35,340,-6.90103,11.7833,1
35,12,15.8755,-12.5898,5
35,304,3.28255,-1.07213,7
35,300,12.886,16.0109,3
35,320,3.28255,-1.07213,7
35,200,3.28255,-1.07213,7
35,352,-19.4443,13.5519,4
35,440,-12.9612,-1.20147,2
35,196,3.28255,-1.07213,7
35,308,3.28255,-1.07213,7
35,356,3.28255,-1.07213,7
35,324,3.28255,-1.07213,7
35,36,3.96509,8.69768,6
35,216,3.28255,-1.07213,7
35,344,3.28255,-1.07213,7
35,428,3.28255,-1.07213,7
35,176,2.09312,17.5751,6
35,56,12.8679,15.9313,3
35,384,2.09411,17.5748,6
35,4,3.28255,-1.07213,7
35,260,3.28255,-1.07213,7
35,316,1.4871,-9.21974,7
35,224,3.28255,-1.07213,7
35,48,12.1572,15.5117,3
35,248,12.2411,14.8772,3
35,96,12.975,16.0382,3
35,424,-11.8347,-1.14936,2
35,164,3.28255,-1.07213,7
35,112,22.6612,35.0591,8
35,32,3.28255,-1.07213,7
35,28,2.09312,17.5751,6
35,72,3.28358,-1.07006,7
35,288,12.975,16.0382,3
35,8,3.28255,-1.07213,7
35,436,15.881,-12.5881,5
35,88,11.4703,13.5891,3
35,312,1.04701,-14.9057,5
35,444,-20.1301,13.8966,4
35,364,0.0580274,-20.285,5
35,264,3.28255,-1.07213,7
35,284,1.80042,-13.9711,5
35,16,12.975,16.0382,3
35,104,12.9622,16.0156,3
35,412,3.28255,-1.07213,7
35,388,12.7305,15.9042,3
35,404,3.28255,-1.07213,7
35,332,3.28255,-1.07213,7
35,208,2.86527,10.7642,6
35,380,3.28255,-1.07213,7
36,348,3.28255,-1.07213,7
36,332,3.28255,-1.07213,7
36,136,2.09312,17.5751,6
36,156,9.0128,10.0106,3
36,220,12.9656,16.0393,3
36,312,1.04737,-14.9058,5
36,292,12.975,16.0382,3
36,140,12.6742,14.9367,3
36,248,12.975,16.0382,3
36,68,12.975,16.0382,3
36,144,12.975,16.0382,3
36,228,2.09312,17.5751,6
36,252,-45.1115,3.54118,4
36,216,3.28255,-1.07213,7
36,12,15.8755,-12.5898,5
36,160,3.28255,-1.07213,7
36,40,12.975,16.0382,3
36,428,3.28255,-1.07213,7
36,96,12.4628,15.18,3
36,280,12.4242,15.147,3
36,372,3.28255,-1.07213,7
36,436,15.881,-12.5881,5
36,244,12.975,16.0382,3
36,392,-0.388383,-22.0089,5
36,32,3.28255,-1.07213,7
36,264,3.28255,-1.07213,7
36,60,12.4026,15.7367,3
36,64,12.8959,15.9097,3
36,152,3.28255,-1.07213,7
36,256,2.09312,17.5751,6
36,304,3.28255,-1.07213,7
36,324,3.28255,-1.07213,7
36,316,2.2812,-6.33992,7
36,268,3.28255,-1.07213,7
36,412,3.28255,-1.07213,7
36,196,3.28255,-1.07213,7
36,28,2.09312,17.5751,6
36,104,12.9605,16.0168,3
36,360,0.561356,-16.5724,5
36,192,4.47946,2.59784,7
36,20,3.33248,-0.968085,7
36,404,3.28255,-1.07213,7
36,8,3.28255,-1.07213,7
36,36,4.4794,9.01106,6
36,172,-0.424353,-23.2557,5
36,124,3.34019,-0.945682,7
36,240,3.28255,-1.07213,7
36,300,12.9375,15.9799,3
36,236,12.975,16.0382,3
36,76,3.28255,-1.07213,7
36,212,3.61491,-0.0310739,7
36,420,3.28255,-1.07213,7
36,440,-12.9954,-1.23818,2
36,340,-6.90103,11.7833,1
36,88,11.0043,12.7037,3
36,128,2.53112,13.0732,6
36,400,-20.2051,14.1694,4
36,56,12.8986,15.9133,3
36,416,3.28255,-1.07213,7
36,384,2.09312,17.5751,6
36,320,3.28255,-1.07213,7
36,336,3.28255,-1.07213,7
36,388,12.8268,15.8404,3
36,284,1.84436,-12.9647,5
36,4,3.28255,-1.07213,7
36,344,3.28255,-1.07213,7
36,296,12.975,16.0382,3
36,0,11.57,13.8554,3
36,308,3.28255,-1.07213,7
36,380,3.28255,-1.07213,7
36,260,3.28255,-1.07213,7
36,52,12.546,15.6308,3
36,164,3.28255,-1.07213,7
36,396,12.8018,15.7706,3
36,424,-11.8354,-1.13757,2
36,408,12.975,16.0382,3
36,364,0.0375515,-20.2821,5
36,368,3.28255,-1.07213,7
36,272,3.28255,-1.07213,7
36,204,3.28255,-1.07213,7
36,444,-20.0828,13.9762,4
36,84,11.9055,14.6101,3
36,232,10.0829,13.3575,3
36,208,3.3839,10.068,6
36,200,3.28255,-1.07213,7
36,44,5.45032,8.78068,6
36,180,-6.90103,11.7833,1
36,80,12.5906,15.6173,3
36,116,3.68244,-0.318546,7
36,112,22.6612,35.0591,8
36,356,3.28255,-1.07213,7
36,24,3.75938,-0.193403,7
36,224,3.28255,-1.07213,7
36,432,-13.0313,-1.20638,2
36,176,2.09312,17.5751,6
36,92,3.33248,-0.968085,7
36,188,3.28255,-1.07213,7
36,16,12.975,16.0382,3
36,288,12.975,16.0382,3
36,48,11.8227,14.5412,3
36,352,-21.0945,13.884,4
36,148,2.01527,11.4504,6
36,108,12.5622,15.3835,3
36,276,12.975,16.0382,3
36,100,-13.0313,-1.20638,2
36,168,3.28255,-1.07213,7
36,184,0.740785,-17.4507,5
36,328,12.4691,15.1758,3
36,120,15.8755,-12.5898,5
36,132,12.9656,16.0393,3
36,72,3.42613,-0.213053,7
36,376,3.28255,-1.07213,7
37,104,12.955,16.0291,3
37,288,12.975,16.0382,3
37,192,4.04641,1.67099,7
37,296,12.975,16.0382,3
37,244,12.975,16.0382,3
37,380,3.28255,-1.07213,7
37,172,-0.424353,-23.2557,5
37,52,12.975,16.0382,3
37,300,12.9396,15.9786,3
37,220,12.975,16.0382,3
37,184,0.723104,-17.4473,5
37,32,3.46629,-0.177948,7
37,308,3.28255,-1.07213,7
37,100,-13.0313,-1.20638,2
37,84,11.26,13.8891,3
37,56,12.9016,15.9115,3
37,28,2.09312,17.5751,6
37,196,3.28255,-1.07213,7
37,368,3.28255,-1.07213,7
37,320,3.28255,-1.07213,7
37,292,12.975,16.0382,3
37,152,3.28255,-1.07213,7
37,428,3.28255,-1.07213,7
37,360,0.58487,-16.5763,5
37,60,12.0442,14.7822,3
37,248,12.975,16.0382,3
37,352,-20.9815,14.0445,4
37,176,2.09312,17.5751,6
37,432,-13.0313,-1.20638,2
37,36,4.818,9.5419,6
37,388,12.8451,15.8292,3
37,280,11.9187,14.2842,3
37,232,10.2769,12.7071,3
37,400,-20.2122,14.1584,4
37,412,3.28255,-1.07213,7
37,80,12.1473,14.7181,3
37,108,12.0893,14.5022,3
37,76,3.70573,-0.17351,7
37,0,11.4397,13.8947,3
37,332,3.28255,-1.07213,7
37,72,3.28255,-1.07213,7
37,264,3.14281,-2.06192,7
37,408,12.975,16.0382,3
37,376,3.28255,-1.07213,7
37,328,11.7624,14.5473,3
37,160,3.28255,-1.07213,7
37,240,3.28255,-1.07213,7
37,396,12.8129,15.7641,3
37,116,3.28255,-1.07213,7
37,236,12.975,16.0382,3
37,444,-20.0781,13.9835,4
37,44,4.915,5.83282,7
37,128,3.25442,13.2739,6
37,168,3.28255,-1.07213,7
37,340,-6.90103,11.7833,1
37,348,3.28255,-1.07213,7
37,96,12.975,16.0382,3
37,344,3.28255,-1.07213,7
37,132,12.4506,15.1824,3
37,24,3.28255,-1.07213,7
37,188,3.28255,-1.07213,7
37,68,12.9702,16.0297,3
37,156,8.62441,9.08186,3
37,392,-0.308777,-22.0196,5
37,164,3.28255,-1.07213,7
37,256,2.09312,17.5751,6
37,404,3.28255,-1.07213,7
37,120,15.8755,-12.5898,5
37,372,3.28255,-1.07213,7
37,364,0.0473584,-20.2837,5
37,436,15.881,-12.5881,5
37,224,3.28255,-1.07213,7
37,216,3.28255,-1.07213,7
37,252,-45.1115,3.54118,4
37,124,3.28255,-1.07213,7
37,304,3.28255,-1.07213,7
37,88,10.5285,11.8239,3
37,200,3.28255,-1.07213,7
37,180,-6.90103,11.7833,1
37,268,3.28255,-1.07213,7
37,112,22.6612,35.0591,8
37,16,12.975,16.0382,3
37,144,12.975,16.0382,3
37,8,3.51432,-0.184941,7
37,316,2.41967,-5.35342,7
37,40,12.975,16.0382,3
37,416,3.28255,-1.07213,7
37,136,2.09312,17.5751,6
37,440,-12.9952,-1.20714,2
37,48,11.4076,13.6252,3
37,140,12.5482,14.9992,3
37,336,3.28255,-1.07213,7
37,92,3.82175,-0.0960272,7
37,4,3.28255,-1.07213,7
37,228,2.09312,17.5751,6
37,272,3.28255,-1.07213,7
37,204,3.28255,-1.07213,7
37,260,3.28255,-1.07213,7
37,384,2.09312,17.5751,6
37,312,0.747007,-16.8821,5
37,284,1.75731,-12.9503,5
37,212,3.32903,-0.985575,7
37,20,3.69353,-0.0672717,7
37,356,3.28255,-1.07213,7
37,324,3.28255,-1.07213,7
37,64,12.9001,15.9073,3
37,276,12.975,16.0382,3
37,208,3.23237,9.06252,6
37,148,3.6015,13.0219,6
37,420,3.28255,-1.07213,7
37,12,15.8755,-12.5898,5
37,424,-11.9607,-0.875409,2
38,44,4.2687,2.9053,7
38,180,-6.90103,11.7833,1
38,412,3.28255,-1.07213,7
38,116,3.28255,-1.07213,7
38,384,2.09312,17.5751,6
38,400,-20.2027,14.1739,4
38,264,3.36929,-0.990291,7
38,32,3.28255,-1.07213,7
38,132,12.9734,16.0349,3
38,220,12.975,16.0382,3
38,68,12.975,16.0382,3
38,432,-13.0313,-1.20638,2
38,0,11.0191,12.9822,3
38,328,11.363,13.6215,3
38,140,12.486,15.0322,3
38,388,12.8522,15.8252,3
38,76,3.28255,-1.07213,7
38,376,3.28255,-1.07213,7
38,204,3.28255,-1.07213,7
38,52,12.481,15.1687,3
38,428,3.28255,-1.07213,7
38,368,3.28255,-1.07213,7
38,256,2.09312,17.5751,6
38,100,-13.0313,-1.20638,2
38,8,3.57401,-0.704104,7
38,396,12.975,16.0382,3
38,112,22.6612,35.0591,8
38,80,11.6351,13.8607,3
38,212,3.28255,-1.07213,7
38,4,3.28255,-1.07213,7
38,236,12.975,16.0382,3
38,312,0.727592,-16.8788,5
38,88,10.6519,13.2653,3
38,232,11.1828,13.1578,3
38,352,-20.8994,14.1655,4
38,188,3.28255,-1.07213,7
38,364,0.0543403,-20.2848,5
38,420,3.28255,-1.07213,7
38,16,12.975,16.0382,3
38,168,3.28255,-1.07213,7
38,296,12.975,16.0382,3
38,336,3.28255,-1.07213,7
38,280,12.3896,15.1599,3
38,36,4.29401,11.223,6
38,240,3.28255,-1.07213,7
38,404,3.28255,-1.07213,7
38,200,3.28255,-1.07213,7
38,108,12.1439,14.6771,3
38,272,3.28255,-1.07213,7
38,192,4.32666,2.54191,7
38,64,12.9006,15.907,3
38,260,3.28255,-1.07213,7
38,440,-13.0053,-1.19074,2
38,444,-20.0744,13.9892,4
38,344,3.28255,-1.07213,7
38,224,3.28255,-1.07213,7
38,408,12.975,16.0382,3
38,136,2.09312,17.5751,6
38,24,3.77207,-0.200162,7
38,164,3.28255,-1.07213,7
38,148,4.75709,13.3319,6
38,340,-6.90103,11.7833,1
38,156,9.20557,9.90107,3
38,96,12.7873,15.1697,3
38,268,3.28255,-1.07213,7
38,144,12.975,16.0382,3
38,360,0.689393,-17.4415,5
38,392,-0.258804,-22.0276,5
38,176,2.09312,17.5751,6
38,372,3.28255,-1.07213,7
38,416,3.28255,-1.07213,7
38,40,12.975,16.0382,3
38,348,3.28255,-1.07213,7
38,308,3.28255,-1.07213,7
38,28,2.09312,17.5751,6
38,216,3.28255,-1.07213,7
38,84,10.5522,13.5795,3
38,228,2.09312,17.5751,6
38,160,3.28255,-1.07213,7
38,72,3.28255,-1.07213,7
38,316,2.71381,-4.3976,7
38,184,0.689393,-17.4415,5
38,12,15.8755,-12.5898,5
38,424,-11.9491,-1.03955,2
38,172,-0.424353,-23.2557,5
38,104,12.9653,16.0227,3
38,252,-45.1115,3.54118,4
38,292,12.975,16.0382,3
38,152,3.28255,-1.07213,7
38,60,12.6776,15.563,3
38,356,3.28255,-1.07213,7
38,380,3.28255,-1.07213,7
38,288,12.975,16.0382,3
38,304,3.28255,-1.07213,7
38,120,15.8755,-12.5898,5
38,284,1.26452,-12.9931,5
38,320,3.28255,-1.07213,7
38,248,12.975,16.0382,3
38,124,3.28255,-1.07213,7
38,300,12.9408,15.9779,3
38,128,3.89329,13.5576,6
38,196,3.28255,-1.07213,7
38,436,15.881,-12.5881,5
38,244,12.975,16.0382,3
38,56,12.9123,16.0394,3
38,20,3.27993,-1.06825,7
38,92,3.30254,-1.0081,7
38,332,3.77615,-0.20245,7
38,48,12.975,16.0382,3
38,276,12.975,16.0382,3
38,324,3.28255,-1.07213,7
38,208,3.45137,6.11007,7
39,272,3.28255,-1.07213,7
39,108,12.6537,15.235,3
39,64,12.9783,15.9121,3
39,36,4.46265,13.1815,6
39,384,2.09312,17.5751,6
39,324,3.28255,-1.07213,7
39,40,12.975,16.0382,3
39,152,3.28255,-1.07213,7
39,156,8.36857,10.0483,3
39,128,4.29088,14.5429,6
39,268,3.28255,-1.07213,7
39,256,2.09312,17.5751,6
39,164,3.28255,-1.07213,7
39,168,2.83987,-0.399512,7
39,412,3.28255,-1.07213,7
39,228,2.09312,17.5751,6
39,172,-0.424353,-23.2557,5
39,52,12.5496,15.3848,3
39,328,10.9313,12.7176,3
39,376,3.28255,-1.07213,7
39,316,3.27161,-1.51403,7
39,404,3.28255,-1.07213,7
39,96,12.1963,14.3514,3
39,16,12.975,16.0382,3
39,444,-20.0715,13.9935,4
39,428,3.28255,-1.07213,7
39,344,3.28255,-1.07213,7
39,192,3.30758,2.26907,7
39,332,3.33584,-1.01722,7
39,420,3.28255,-1.07213,7
39,240,3.28255,-1.07213,7
39,76,3.28401,-1.06955,7
39,32,3.33919,-0.971902,7
39,8,3.28255,-1.07213,7
39,232,10.7114,12.2756,3
39,292,12.975,16.0382,3
39,216,3.28255,-1.07213,7
39,364,0.0721341,-20.288,5
39,132,12.975,16.0382,3
39,408,12.975,16.0382,3
39,140,12.455,15.0492,3
39,396,12.975,16.0382,3
39,144,12.975,16.0382,3
39,248,12.975,16.0382,3
39,28,2.09312,17.5751,6
39,24,4.23143,0.687528,7
39,288,12.975,16.0382,3
39,184,0.681639,-17.44,5
39,436,15.881,-12.5881,5
39,100,-13.0313,-1.20638,2
39,236,12.975,16.0382,3
39,340,-6.90103,11.7833,1
39,304,3.28255,-1.07213,7
39,84,11.4314,14.1743,3
39,20,3.28255,-1.07213,7
39,440,-13.0043,-1.20435,2
39,348,3.28255,-1.07213,7
39,392,-0.24054,-22.0305,5
39,388,12.8153,15.86,3
39,116,3.28255,-1.07213,7
39,308,3.28255,-1.07213,7
39,252,-45.1115,3.54118,4
39,224,3.28255,-1.07213,7
39,284,1.26865,-12.9938,5
39,260,3.28255,-1.07213,7
39,300,12.975,16.0382,3
39,432,-13.0313,-1.20638,2
39,204,3.28255,-1.07213,7
39,352,-20.7609,14.5669,4
39,212,3.28255,-1.07213,7
39,80,11.1672,12.9762,3
39,368,3.28255,-1.07213,7
39,244,12.975,16.0382,3
39,56,12.9583,16.0118,3
39,360,0.309357,-19.405,5
39,296,12.975,16.0382,3
39,0,11.5921,13.805,3
39,196,3.28255,-1.07213,7
39,264,3.84467,-0.110194,7
39,88,11.202,14.3739,3
39,180,-6.90103,11.7833,1
39,68,12.975,16.0382,3
39,356,3.28255,-1.07213,7
39,416,3.28255,-1.07213,7
39,320,3.28255,-1.07213,7
39,48,12.3894,15.2513,3
39,160,3.28255,-1.07213,7
39,280,11.9191,14.2768,3
39,208,3.86999,3.30126,7
39,136,2.09312,17.5751,6
39,104,12.966,16.0223,3
39,4,3.28255,-1.07213,7
39,200,3.28255,-1.07213,7
39,72,3.77226,-0.200272,7
39,44,4.6971,2.3546,7
39,92,3.77499,-0.12792,7
39,124,3.28255,-1.07213,7
39,120,15.8755,-12.5898,5
39,148,4.98661,13.4256,6
39,112,22.6612,35.0591,8
39,372,3.28255,-1.07213,7
39,276,12.975,16.0382,3
39,60,11.9625,15.187,3
39,188,3.28255,-1.07213,7
39,400,-20.2104,14.1618,4
39,380,3.28255,-1.07213,7
39,424,-11.946,-1.12054,2
39,12,15.8755,-12.5898,5
39,312,0.673861,-16.8711,5
39,220,12.975,16.0382,3
39,176,2.09312,17.5751,6
39,336,3.28255,-1.07213,7
40,264,3.98451,0.823589,7
40,160,3.28255,-1.07213,7
40,152,3.28255,-1.07213,7
40,144,12.975,16.0382,3
40,412,3.28255,-1.07213,7
40,224,3.28255,-1.07213,7
40,120,15.8755,-12.5898,5
40,116,3.28255,-1.07213,7
40,296,12.975,16.0382,3
40,384,2.09312,17.5751,6
40,172,-0.424353,-23.2557,5
40,84,12.1206,14.583,3
40,200,3.28255,-1.07213,7
40,376,3.28255,-1.07213,7
40,424,-12.052,-0.892848,2
40,196,3.28255,-1.07213,7
40,292,12.975,16.0382,3
40,192,3.38914,1.25608,7
40,164,3.28255,-1.07213,7
40,272,3.28255,-1.07213,7
40,204,3.28255,-1.07213,7
40,436,15.881,-12.5881,5
40,368,3.28255,-1.07213,7
40,208,3.47491,0.32745,7
40,284,1.2721,-12.9944,5
40,268,3.28255,-1.07213,7
40,176,2.09312,17.5751,6
40,252,-45.1115,3.54118,4
40,380,3.28255,-1.07213,7
40,124,3.47962,-1.04618,7
40,280,12.4654,15.1132,3
40,408,12.975,16.0382,3
40,80,10.9182,13.3674,3
40,28,2.09312,17.5751,6
40,360,-0.0650765,-21.3697,5
40,132,12.4922,15.1633,3
40,76,3.28255,-1.07213,7
40,0,12.1354,14.6457,3
40,416,3.28255,-1.07213,7
40,24,4.43543,1.62111,7
40,276,12.975,16.0382,3
40,240,3.28255,-1.07213,7
40,92,3.31091,-1.01444,7
40,236,12.975,16.0382,3
40,128,3.97025,14.8035,6
40,312,0.31625,-16.8941,5
40,260,3.28255,-1.07213,7
40,4,3.28255,-1.07213,7
40,100,-13.0313,-1.20638,2
40,112,22.6612,35.0591,8
40,420,3.28255,-1.07213,7
40,372,3.28255,-1.07213,7
40,8,3.28255,-1.07213,7
40,220,12.975,16.0382,3
40,68,12.975,16.0382,3
40,352,-20.7722,14.5489,4
40,212,3.28255,-1.07213,7
40,364,0.0830006,-20.2899,5
40,308,3.28255,-1.07213,7
40,388,12.8446,15.8413,3
40,340,-6.90103,11.7833,1
40,228,2.09312,17.5751,6
40,188,3.28255,-1.07213,7
40,320,3.28255,-1.07213,7
40,216,3.28255,-1.07213,7
40,356,3.28255,-1.07213,7
40,256,2.09312,17.5751,6
40,244,12.975,16.0382,3
40,324,3.28255,-1.07213,7
40,156,9.09425,10.7805,3
40,184,0.656056,-17.4356,5
40,60,12.8068,15.7899,3
40,316,3.48555,-0.565028,7
40,328,11.6679,13.346,3
40,140,12.966,16.0223,3
40,332,3.56581,-0.102356,7
40,428,3.28255,-1.07213,7
40,40,12.975,16.0382,3
40,300,12.975,16.0382,3
40,56,12.975,16.0382,3
40,72,4.07779,-0.561816,7
40,96,12.596,15.2657,3
40,12,15.8755,-12.5898,5
40,348,3.28255,-1.07213,7
40,288,12.975,16.0382,3
40,248,12.975,16.0382,3
40,400,-20.2163,14.1526,4
40,32,3.78555,-0.133663,7
40,44,3.98224,0.868299,7
40,104,12.966,16.0223,3
40,36,3.99426,12.1307,6
40,180,-6.90103,11.7833,1
40,148,6.17427,14.0702,6
40,404,3.28255,-1.07213,7
40,20,3.28255,-1.07213,7
40,88,11.9201,14.4007,3
40,52,12.0746,14.5044,3
40,108,12.1181,14.3884,3
40,136,2.09312,17.5751,6
40,64,12.9263,15.9398,3
40,48,11.8569,14.4129,3
40,392,-0.230915,-22.0321,5
40,168,3.28255,-1.07213,7
40,444,-20.0542,14.0217,4
40,440,-13.0043,-1.20461,2
40,336,3.28255,-1.07213,7
40,232,12.2533,14.8484,3
40,432,-13.0313,-1.20638,2
40,304,3.28255,-1.07213,7
40,344,3.28255,-1.07213,7
40,396,12.975,16.0382,3
40,16,12.975,16.0382,3
41,116,3.05551,-0.847032,7
41,108,12.975,16.0382,3
41,180,-6.90103,11.7833,1
41,376,3.28255,-1.07213,7
41,228,2.09312,17.5751,6
41,52,11.2842,14.0611,3
41,336,3.28255,-1.07213,7
41,16,12.975,16.0382,3
41,8,3.28255,-1.07213,7
41,32,4.28535,0.732556,7
41,236,12.975,16.0382,3
41,4,3.28255,-1.07213,7
41,264,3.28255,-1.07213,7
41,152,3.28255,-1.07213,7
41,96,12.5087,14.3697,3
41,28,2.09312,17.5751,6
41,288,12.975,16.0382,3
41,132,12.9747,16.0377,3
41,436,15.881,-12.5881,5
41,232,11.766,13.9751,3
41,60,12.3225,14.9149,3
41,212,3.28255,-1.07213,7
41,24,4.24513,0.633291,7
41,12,15.8755,-12.5898,5
41,200,3.28255,-1.07213,7
41,352,-20.7954,14.514,4
41,312,0.39169,-16.9067,5
41,36,3.69165,11.1032,6
41,144,12.975,16.0382,3
41,196,3.28255,-1.07213,7
41,72,3.28255,-1.07213,7
41,56,12.975,16.0382,3
41,0,12.653,15.5014,3
41,124,3.28255,-1.07213,7
41,348,3.28255,-1.07213,7
41,424,-12.0406,-1.0553,2
41,304,3.28255,-1.07213,7
41,188,3.28255,-1.07213,7
41,292,12.975,16.0382,3
41,100,-13.0313,-1.20638,2
41,280,12.975,16.0382,3
41,244,12.975,16.0382,3
41,260,3.28255,-1.07213,7
41,284,1.26184,-12.9928,5
41,432,-13.0313,-1.20638,2
41,428,3.28255,-1.07213,7
41,340,-6.90103,11.7833,1
41,160,3.28255,-1.07213,7
41,84,11.9124,14.3798,3
41,356,3.28255,-1.07213,7
41,320,3.28255,-1.07213,7
41,256,2.09312,17.5751,6
41,308,3.28255,-1.07213,7
41,168,3.28255,-1.07213,7
41,136,2.09312,17.5751,6
41,372,3.28255,-1.07213,7
41,328,11.1228,12.5052,3
41,272,3.28255,-1.07213,7
41,416,3.28255,-1.07213,7
41,64,12.9197,15.9436,3
41,112,22.6612,35.0591,8
41,148,6.1913,13.8303,6
41,360,-0.0811326,-21.3669,5
41,380,3.28255,-1.07213,7
41,104,12.9667,16.0385,3
41,40,12.975,16.0382,3
41,172,-0.424353,-23.2557,5
41,48,11.6172,14.1463,3
41,220,12.975,16.0382,3
41,224,3.28255,-1.07213,7
41,68,12.975,16.0382,3
41,368,3.28255,-1.07213,7
41,392,-0.203869,-22.0374,5
41,296,12.975,16.0382,3
41,300,12.975,16.0382,3
41,192,3.35994,0.255663,7
41,76,3.7629,-0.195359,7
41,128,4.29863,14.5618,6
41,332,3.7737,0.784986,7
41,400,-20.2189,14.1485,4
41,252,-45.1115,3.54118,4
41,276,12.975,16.0382,3
41,388,12.8563,15.8346,3
41,268,3.28255,-1.07213,7
41,444,-20.0407,14.0435,4
41,408,12.975,16.0382,3
41,440,-13.0043,-1.2062,2
41,216,3.28255,-1.07213,7
41,44,3.28255,-1.07213,7
41,412,3.28255,-1.07213,7
41,364,0.0797049,-20.2893,5
41,204,3.28255,-1.07213,7
41,184,1.29379,-18.0813,5
41,140,12.964,16.0365,3
41,20,3.28255,-1.07213,7
41,88,11.4516,13.5163,3
41,240,3.28255,-1.07213,7
41,92,3.28255,-1.07213,7
41,176,2.09312,17.5751,6
41,80,11.6172,14.1046,3
41,248,12.975,16.0382,3
41,164,3.28255,-1.07213,7
41,324,3.28255,-1.07213,7
41,120,15.8755,-12.5898,5
41,420,3.28255,-1.07213,7
41,156,9.80107,11.5205,3
41,208,3.45681,-0.828164,7
41,396,12.975,16.0382,3
41,316,4.01489,0.284403,7
41,384,2.09312,17.5751,6
41,404,3.28255,-1.07213,7
41,344,3.28255,-1.07213,7
42,192,3.38819,-0.68799,7
42,380,3.28255,-1.07213,7
42,216,3.28255,-1.07213,7
42,424,-12.2959,-0.769425,2
42,312,0.44035,-16.9146,5
42,264,3.28255,-1.07213,7
42,100,-13.0313,-1.20638,2
42,160,3.28255,-1.07213,7
42,328,10.559,11.6776,3
42,296,12.975,16.0382,3
42,436,15.881,-12.5881,5
42,228,2.09312,17.5751,6
42,136,2.09312,17.5751,6
42,224,3.28255,-1.07213,7
42,60,12.7406,15.7035,3
42,376,3.28255,-1.07213,7
42,360,-0.0811427,-21.3669,5
42,408,12.975,16.0382,3
42,184,1.14213,-18.0483,5
42,280,12.975,16.0382,3
42,316,3.55387,-0.602263,7
42,48,11.156,13.3935,3
42,120,15.8755,-12.5898,5
42,420,3.28255,-1.07213,7
42,232,12.2264,14.8738,3
42,68,12.975,16.0382,3
42,4,3.28255,-1.07213,7
42,396,12.975,16.0382,3
42,372,3.28255,-1.07213,7
42,352,-20.7991,14.5083,4
42,80,12.2562,14.8815,3
42,244,12.975,16.0382,3
42,428,3.28255,-1.07213,7
42,140,12.9716,16.0322,3
42,132,12.975,16.0382,3
42,196,3.28255,-1.07213,7
42,148,6.31542,14.7023,6
42,96,12.683,15.3812,3
42,12,15.8755,-12.5898,5
42,236,12.975,16.0382,3
42,320,3.28255,-1.07213,7
42,260,3.28255,-1.07213,7
42,240,3.28255,-1.07213,7
42,204,3.28255,-1.07213,7
42,276,12.975,16.0382,3
42,104,12.9731,16.0348,3
42,124,3.28255,-1.07213,7
42,248,12.975,16.0382,3
42,164,3.28255,-1.07213,7
42,36,3.56552,10.0864,6
42,268,3.28255,-1.07213,7
42,292,12.975,16.0382,3
42,340,-6.90103,11.7833,1
42,332,4.01917,0.282061,7
42,284,1.17794,-13.989,5
42,336,3.28255,-1.07213,7
42,16,12.975,16.0382,3
42,356,3.28255,-1.07213,7
42,176,2.09312,17.5751,6
42,44,3.7705,-0.199845,7
42,348,3.28255,-1.07213,7
42,256,2.09312,17.5751,6
42,172,-0.424353,-23.2557,5
42,56,12.975,16.0382,3
42,168,3.28255,-1.07213,7
42,32,3.28255,-1.07213,7
42,72,3.76294,-0.195311,7
42,200,3.28255,-1.07213,7
42,88,11.6222,13.7164,3
42,324,3.28255,-1.07213,7
42,180,-6.90103,11.7833,1
42,344,3.28255,-1.07213,7
42,20,3.28255,-1.07213,7
42,92,3.31214,-1.01919,7
42,116,3.28255,-1.07213,7
42,24,3.75303,-0.237246,7
42,368,3.28255,-1.07213,7
42,0,12.975,16.0382,3
42,412,3.28255,-1.07213,7
42,300,12.975,16.0382,3
42,8,3.28255,-1.07213,7
42,128,5.44986,15.1983,6
42,28,2.09312,17.5751,6
42,364,0.100505,-20.2933,5
42,440,-13.0043,-1.20578,2
42,392,0.126699,-22.3778,5
42,112,22.6612,35.0591,8
42,308,3.28255,-1.07213,7
42,40,12.975,16.0382,3
42,432,-13.0313,-1.20638,2
42,388,12.8584,15.8334,3
42,400,-20.2089,14.1648,4
42,384,2.09312,17.5751,6
42,444,-20.0326,14.0568,4
42,52,12.097,14.6952,3
42,152,3.28255,-1.07213,7
42,220,12.975,16.0382,3
42,76,3.39769,-0.159437,7
42,304,3.28255,-1.07213,7
42,188,3.28255,-1.07213,7
42,156,9.46002,10.5672,3
42,64,12.9014,16.0168,3
42,404,3.28255,-1.07213,7
42,288,12.975,16.0382,3
42,84,12.4854,15.5259,3
42,416,3.28255,-1.07213,7
42,272,3.28255,-1.07213,7
42,252,-45.1115,3.54118,4
42,208,3.93485,0.0502343,7
42,212,3.28255,-1.07213,7
42,108,12.5922,15.1318,3
42,144,12.975,16.0382,3
43,340,-6.90103,11.7833,1
43,164,3.28255,-1.07213,7
43,108,12.646,15.4013,3
43,408,12.975,16.0382,3
43,212,3.28255,-1.07213,7
43,76,3.9817,0.668158,7
43,72,3.28255,-1.07213,7
43,348,3.28255,-1.07213,7
43,200,3.28255,-1.07213,7
43,224,3.28255,-1.07213,7
43,252,-45.1115,3.54118,4
43,272,3.28255,-1.07213,7
43,36,4.07094,10.6415,6
43,308,3.28255,-1.07213,7
43,64,12.975,16.0382,3
43,264,3.28255,-1.07213,7
43,344,3.28255,-1.07213,7
43,56,12.975,16.0382,3
43,60,12.482,15.1681,3
43,352,-20.8018,14.5041,4
43,276,12.975,16.0382,3
43,120,15.8755,-12.5898,5
43,188,3.28255,-1.07213,7
43,196,3.28255,-1.07213,7
43,16,12.975,16.0382,3
43,136,2.09312,17.5751,6
43,180,-6.90103,11.7833,1
43,104,12.9731,16.0348,3
43,300,12.975,16.0382,3
43,116,3.77418,-0.201332,7
43,236,12.975,16.0382,3
43,172,-0.424353,-23.2557,5
43,440,-13.0049,-1.20222,2
43,232,11.746,13.9964,3
43,304,3.28255,-1.07213,7
43,312,0.298833,-18.9008,5
43,152,3.28255,-1.07213,7
43,132,12.4424,15.1919,3
43,24,3.28255,-1.07213,7
43,100,-13.0313,-1.20638,2
43,436,15.881,-12.5881,5
43,128,8.43826,15.3415,3
43,336,3.28255,-1.07213,7
43,96,12.975,16.0382,3
43,324,3.28255,-1.07213,7
43,92,3.80283,-0.147862,7
43,392,0.270303,-22.5584,5
43,80,11.6879,14.0657,3
43,404,3.28255,-1.07213,7
43,268,3.28255,-1.07213,7
43,220,12.975,16.0382,3
43,48,11.7814,14.183,3
43,176,2.09312,17.5751,6
43,260,3.28255,-1.07213,7
43,112,22.6612,35.0591,8
43,428,3.28255,-1.07213,7
43,400,-20.2094,14.164,4
43,52,11.3273,14.4147,3
43,8,3.28255,-1.07213,7
43,148,5.85514,14.6363,6
43,332,4.41899,0.925257,7
43,144,12.975,16.0382,3
43,20,3.28255,-1.07213,7
43,360,-0.0911868,-21.3652,5
43,364,0.0921512,-20.2918,5
43,320,3.28255,-1.07213,7
43,192,3.0032,-0.159177,7
43,316,3.92904,0.0535497,7
43,84,12.975,16.0382,3
43,32,3.28255,-1.07213,7
43,384,2.09312,17.5751,6
43,204,3.28255,-1.07213,7
43,376,3.28255,-1.07213,7
43,40,12.975,16.0382,3
43,160,3.77787,-0.203645,7
43,228,2.09312,17.5751,6
43,44,3.28255,-1.07213,7
43,356,3.28255,-1.07213,7
43,388,12.975,16.0382,3
43,292,12.975,16.0382,3
43,156,9.04559,9.6527,3
43,284,1.35635,-13.0052,5
43,124,3.28255,-1.07213,7
43,208,4.42432,0.922273,7
43,424,-12.3012,-0.760796,2
43,432,-13.0313,-1.20638,2
43,244,12.975,16.0382,3
43,12,15.8755,-12.5898,5
43,296,12.975,16.0382,3
43,288,12.975,16.0382,3
43,372,3.28255,-1.07213,7
43,88,11.1368,13.3824,3
43,396,12.975,16.0382,3
43,420,3.28255,-1.07213,7
43,380,3.28255,-1.07213,7
43,248,12.975,16.0382,3
43,280,12.9616,16.0144,3
43,256,2.09312,17.5751,6
43,4,3.28255,-1.07213,7
43,240,3.28255,-1.07213,7
43,140,12.975,16.0382,3
43,412,3.28255,-1.07213,7
43,68,12.975,16.0382,3
43,368,3.28255,-1.07213,7
43,216,3.28255,-1.07213,7
43,28,2.09312,17.5751,6
43,184,1.02094,-18.0227,5
43,328,11.0357,12.5568,3
43,416,3.28255,-1.07213,7
43,0,12.4448,15.1926,3
43,168,3.28255,-1.07213,7
43,444,-19.9552,14.628,4
44,40,12.975,16.0382,3
44,168,3.28255,-1.07213,7
44,36,2.9054,10.8402,6
44,412,3.28255,-1.07213,7
44,76,4.55215,1.49551,7
44,276,12.975,16.0382,3
44,164,3.28255,-1.07213,7
44,272,3.28255,-1.07213,7
44,56,12.975,16.0382,3
44,416,3.28255,-1.07213,7
44,300,12.975,16.0382,3
44,184,0.246902,-18.2465,5
44,16,12.975,16.0382,3
44,136,2.09312,17.5751,6
44,112,22.6612,35.0591,8
44,204,3.28255,-1.07213,7
44,280,12.462,15.1482,3
44,124,3.28255,-1.07213,7
44,256,2.09312,17.5751,6
44,224,3.28255,-1.07213,7
44,288,12.975,16.0382,3
44,92,3.28255,-1.07213,7
44,0,11.7442,14.5997,3
44,176,2.09312,17.5751,6
44,380,3.28255,-1.07213,7
44,328,10.3554,12.9917,3
44,212,3.17215,-0.639579,7
44,360,-0.0871276,-21.3659,5
44,264,3.28255,-1.07213,7
44,132,11.8925,14.3676,3
44,208,3.84898,0.120338,7
44,104,12.975,16.0382,3
44,312,0.314177,-18.9036,5
44,248,12.975,16.0382,3
44,28,2.09312,17.5751,6
44,296,12.975,16.0382,3
44,348,3.28255,-1.07213,7
44,252,-45.1115,3.54118,4
44,408,12.975,16.0382,3
44,396,12.975,16.0382,3
44,156,9.38805,10.5716,3
44,188,3.28255,-1.07213,7
44,100,-13.0313,-1.20638,2
44,236,12.975,16.0382,3
44,364,0.0984995,-20.293,5
44,332,3.9251,0.0557269,7
44,392,-0.0145696,-22.4622,5
44,12,15.8755,-12.5898,5
44,24,3.28255,-1.07213,7
44,268,3.28255,-1.07213,7
44,292,12.975,16.0382,3
44,232,12.2632,14.8208,3
44,244,12.975,16.0382,3
44,372,3.28255,-1.07213,7
44,148,8.82094,15.0015,3
44,68,12.975,16.0382,3
44,404,3.28255,-1.07213,7
44,424,-12.2604,-0.967567,2
44,284,2.0202,-10.097,7
44,172,-0.424353,-23.2557,5
44,436,15.8755,-12.5898,5
44,48,12.8143,14.8027,3
44,308,3.28255,-1.07213,7
44,120,15.8755,-12.5898,5
44,316,3.30552,-0.810508,7
44,324,3.28255,-1.07213,7
44,144,12.975,16.0382,3
44,88,10.7166,12.4701,3
44,44,3.28255,-1.07213,7
44,52,10.9997,13.4417,3
44,216,3.28255,-1.07213,7
44,344,3.28255,-1.07213,7
44,260,3.28255,-1.07213,7
44,356,3.28255,-1.07213,7
44,152,3.28255,-1.07213,7
44,400,-20.1238,14.6889,4
44,32,3.73192,-0.17882,7
44,140,12.975,16.0382,3
44,128,8.76863,13.8786,3
44,228,2.09312,17.5751,6
44,196,3.28255,-1.07213,7
44,116,3.28255,-1.07213,7
44,220,12.975,16.0382,3
44,160,3.28255,-1.07213,7
44,444,-19.9864,14.5677,4
44,388,12.975,16.0382,3
44,60,11.9891,14.2981,3
44,384,2.09312,17.5751,6
44,8,3.28255,-1.07213,7
44,440,-13.0245,-1.19273,2
44,432,-13.0313,-1.20638,2
44,96,12.975,16.0382,3
44,192,3.4171,0.760278,7
44,340,-6.90103,11.7833,1
44,320,3.28255,-1.07213,7
44,240,3.28255,-1.07213,7
44,64,12.975,16.0382,3
44,4,3.28255,-1.07213,7
44,336,3.28255,-1.07213,7
44,428,3.28255,-1.07213,7
44,420,3.28255,-1.07213,7
44,180,-6.90103,11.7833,1
44,376,3.28255,-1.07213,7
44,368,3.28255,-1.07213,7
44,20,3.77334,-0.204796,7
44,72,3.28255,-1.07213,7
44,352,-20.7899,14.5235,4
44,80,12.1633,15.0981,3
44,108,12.975,16.0382,3
44,304,3.28255,-1.07213,7
44,84,12.3506,15.7497,3
44,200,3.28255,-1.07213,7
45,24,3.16806,-0.647714,7
45,212,3.28255,-1.07213,7
45,76,4.11802,0.594377,7
45,4,3.28255,-1.07213,7
45,88,10.2438,11.5885,3
45,416,3.28255,-1.07213,7
45,80,11.7143,14.2001,3
45,64,12.975,16.0382,3
45,156,8.94261,9.67321,3
45,296,12.975,16.0382,3
45,344,3.28255,-1.07213,7
45,332,3.42297,-0.810334,7
45,200,3.28255,-1.07213,7
45,12,15.8755,-12.5898,5
45,404,3.28255,-1.07213,7
45,276,12.975,16.0382,3
45,136,2.09312,17.5751,6
45,248,12.975,16.0382,3
45,72,3.28255,-1.07213,7
45,244,12.975,16.0382,3
45,444,-20.003,14.5352,4
45,224,3.28255,-1.07213,7
45,232,11.7661,14.1687,3
45,20,3.31125,-1.01872,7
45,96,12.4795,15.1696,3
45,196,3.28255,-1.07213,7
45,148,11.5921,15.4407,3
45,208,4.35742,0.981941,7
45,376,3.28255,-1.07213,7
45,256,2.09312,17.5751,6
45,400,-20.1883,14.5784,4
45,288,12.975,16.0382,3
45,348,3.28255,-1.07213,7
45,8,3.28255,-1.07213,7
45,216,3.28255,-1.07213,7
45,36,2.90877,9.83836,6
45,412,3.28255,-1.07213,7
45,424,-12.5455,-0.754278,2
45,140,12.975,16.0382,3
45,372,3.28255,-1.07213,7
45,420,3.28255,-1.07213,7
45,60,11.221,13.7442,3
45,28,2.09312,17.5751,6
45,192,3.45244,-0.209351,7
45,40,12.975,16.0382,3
45,116,3.28255,-1.07213,7
45,0,11.3851,13.6532,3
45,260,3.28255,-1.07213,7
45,68,12.975,16.0382,3
45,328,10.3095,11.9618,3
45,364,0.103176,-20.2938,5
45,176,2.09312,17.5751,6
45,236,12.975,16.0382,3
45,252,-45.1115,3.54118,4
45,48,12.975,16.0382,3
45,180,-6.90103,11.7833,1
45,272,3.28255,-1.07213,7
45,388,12.975,16.0382,3
45,124,3.28255,-1.07213,7
45,440,-13.0235,-1.2057,2
45,144,12.975,16.0382,3
45,268,3.28255,-1.07213,7
45,312,0.271992,-18.8978,5
45,356,3.28255,-1.07213,7
45,316,3.28255,-1.07213,7
45,280,12.9609,16.0147,3
45,396,12.975,16.0382,3
45,120,15.8755,-12.5898,5
45,228,2.09312,17.5751,6
45,132,11.4211,13.485,3
45,324,3.28255,-1.07213,7
45,300,12.975,16.0382,3
45,52,11.7724,14.1082,3
45,352,-20.7951,14.5154,4
45,284,2.12151,-9.10054,7
45,392,-0.155142,-22.4275,5
45,436,15.8755,-12.5898,5
45,100,-13.0313,-1.20638,2
45,428,3.28255,-1.07213,7
45,44,3.28255,-1.07213,7
45,432,-13.0313,-1.20638,2
45,104,12.975,16.0382,3
45,336,3.28255,-1.07213,7
45,304,3.28255,-1.07213,7
45,408,12.975,16.0382,3
45,32,3.28255,-1.07213,7
45,340,-6.90103,11.7833,1
45,240,3.28255,-1.07213,7
45,184,0.281311,-18.252,5
45,380,3.28255,-1.07213,7
45,308,3.28255,-1.07213,7
45,368,3.28255,-1.07213,7
45,384,2.09312,17.5751,6
45,164,3.28255,-1.07213,7
45,16,12.975,16.0382,3
45,84,11.9285,14.8289,3
45,188,3.28255,-1.07213,7
45,320,3.28255,-1.07213,7
45,108,12.975,16.0382,3
45,292,12.975,16.0382,3
45,204,3.28255,-1.07213,7
45,160,3.28255,-1.07213,7
45,128,11.474,14.6051,3
45,168,3.28255,-1.07213,7
45,360,-0.0852495,-21.3662,5
45,92,3.28255,-1.07213,7
45,172,-0.424353,-23.2557,5
45,152,3.28255,-1.07213,7
45,264,3.28255,-1.07213,7
45,220,12.975,16.0382,3
45,56,12.975,16.0382,3
45,112,22.6612,35.0591,8
46,248,12.975,16.0382,3
46,240,3.28255,-1.07213,7
46,372,3.28255,-1.07213,7
46,296,12.975,16.0382,3
46,68,12.975,16.0382,3
46,320,3.28255,-1.07213,7
46,264,3.76065,-0.194143,7
46,444,-20.0588,14.4412,4
46,344,3.28255,-1.07213,7
46,200,3.28255,-1.07213,7
46,316,3.28255,-1.07213,7
46,308,3.28255,-1.07213,7
46,396,12.975,16.0382,3
46,72,3.28255,-1.07213,7
46,232,12.0766,15.0593,3
46,416,3.28255,-1.07213,7
46,88,9.79198,10.6951,3
46,32,3.28255,-1.07213,7
46,352,-21.0823,15.0265,4
46,160,3.28255,-1.07213,7
46,64,12.975,16.0382,3
46,400,-20.2384,14.4947,4
46,340,-6.90103,11.7833,1
46,28,2.09312,17.5751,6
46,284,2.43302,-6.12468,7
46,220,12.975,16.0382,3
46,252,-45.1115,3.54118,4
46,332,3.28255,-1.07213,7
46,292,12.975,16.0382,3
46,404,3.28255,-1.07213,7
46,180,-6.90103,11.7833,1
46,224,3.28255,-1.07213,7
46,212,3.28255,-1.07213,7
46,136,2.09312,17.5751,6
46,276,12.975,16.0382,3
46,140,12.975,16.0382,3
46,24,3.28255,-1.07213,7
46,96,12.975,16.0382,3
46,76,3.59398,-0.210999,7
46,424,-12.5059,-1.05359,2
46,16,12.975,16.0382,3
46,428,3.28255,-1.07213,7
46,216,3.28255,-1.07213,7
46,84,12.6447,15.5474,3
46,288,12.975,16.0382,3
46,236,12.975,16.0382,3
46,172,-0.424353,-23.2557,5
46,304,3.28255,-1.07213,7
46,124,3.28255,-1.07213,7
46,152,3.28255,-1.07213,7
46,128,12.975,16.0382,3
46,436,15.8755,-12.5898,5
46,100,-13.0313,-1.20638,2
46,144,12.975,16.0382,3
46,168,3.28255,-1.07213,7
46,80,10.9976,13.6219,3
46,4,3.28255,-1.07213,7
46,52,11.3003,13.2262,3
46,8,3.28255,-1.07213,7
46,208,3.91158,0.0860163,7
46,104,12.975,16.0382,3
46,376,3.28255,-1.07213,7
46,176,2.09312,17.5751,6
46,440,-13.0251,-1.20287,2
46,184,0.308383,-18.2563,5
46,300,12.975,16.0382,3
46,120,15.8755,-12.5898,5
46,40,12.975,16.0382,3
46,384,2.09312,17.5751,6
46,132,10.8051,12.8269,3
46,228,2.09312,17.5751,6
46,324,3.28255,-1.07213,7
46,356,3.28255,-1.07213,7
46,188,3.28255,-1.07213,7
46,408,12.975,16.0382,3
46,336,3.28255,-1.07213,7
46,392,-0.233027,-22.413,5
46,56,12.975,16.0382,3
46,164,3.28255,-1.07213,7
46,364,0.116737,-20.2964,5
46,244,12.975,16.0382,3
46,260,3.28255,-1.07213,7
46,204,3.28255,-1.07213,7
46,360,0.334898,-21.7743,5
46,36,3.6059,10.2431,6
46,0,11.9833,14.4597,3
46,256,2.09312,17.5751,6
46,432,-13.0313,-1.20638,2
46,44,3.28255,-1.07213,7
46,272,3.28255,-1.07213,7
46,20,3.28255,-1.07213,7
46,196,3.28255,-1.07213,7
46,312,0.27912,-18.8989,5
46,412,3.28255,-1.07213,7
46,268,3.28255,-1.07213,7
46,380,3.28255,-1.07213,7
46,116,3.28255,-1.07213,7
46,368,3.28255,-1.07213,7
46,328,10.6318,10.959,3
46,156,8.48731,8.78231,3
46,348,3.28255,-1.07213,7
46,48,12.975,16.0382,3
46,92,3.28255,-1.07213,7
46,12,15.8755,-12.5898,5
46,112,22.6612,35.0591,8
46,108,12.4801,15.1692,3
46,388,12.975,16.0382,3
46,192,3.28834,-1.06095,7
46,280,12.4037,15.1918,3
46,420,3.28255,-1.07213,7
46,148,12.2799,15.0247,3
46,60,10.8051,12.8269,3
47,244,12.975,16.0382,3
47,216,3.28255,-1.07213,7
47,116,3.28255,-1.07213,7
47,320,3.28255,-1.07213,7
47,308,3.28255,-1.07213,7
47,12,15.8755,-12.5898,5
47,240,3.28255,-1.07213,7
47,136,2.09312,17.5751,6
47,236,12.975,16.0382,3
47,352,-21.4091,14.7341,4
47,16,12.975,16.0382,3
47,312,0.28461,-18.8998,5
47,420,3.28255,-1.07213,7
47,316,3.28255,-1.07213,7
47,280,12.9615,16.0144,3
47,260,3.28255,-1.07213,7
47,424,-12.5278,-1.00333,2
47,232,12.8568,15.8469,3
47,228,2.09312,17.5751,6
47,164,3.28255,-1.07213,7
47,212,3.28255,-1.07213,7
47,264,3.28537,-1.06783,7
47,208,3.28255,-1.07213,7
47,436,15.8755,-12.5898,5
47,324,3.28255,-1.07213,7
47,24,3.28255,-1.07213,7
47,72,3.79024,-0.211136,7
47,288,12.975,16.0382,3
47,328,10.0357,10.147,3
47,428,3.28255,-1.07213,7
47,380,3.28255,-1.07213,7
47,224,3.28255,-1.07213,7
47,132,11.8423,13.1715,3
47,200,3.28255,-1.07213,7
47,248,12.975,16.0382,3
47,432,-13.0313,-1.20638,2
47,176,2.09312,17.5751,6
47,440,-13.025,-1.20629,2
47,104,12.975,16.0382,3
47,220,12.975,16.0382,3
47,40,12.975,16.0382,3
47,92,3.28255,-1.07213,7
47,60,11.4153,13.6268,3
47,292,12.975,16.0382,3
47,284,3.28491,-3.31567,7
47,192,3.28255,-1.07213,7
47,344,3.28255,-1.07213,7
47,96,12.975,16.0382,3
47,444,-20.0867,14.3929,4
47,256,2.09312,17.5751,6
47,124,3.28255,-1.07213,7
47,368,3.28255,-1.07213,7
47,184,0.344736,-18.2626,5
47,356,3.28255,-1.07213,7
47,296,12.975,16.0382,3
47,300,12.975,16.0382,3
47,412,3.28255,-1.07213,7
47,76,3.28255,-1.07213,7
47,392,-0.260402,-22.4081,5
47,360,0.133222,-21.7239,5
47,128,12.4744,15.1725,3
47,272,3.28255,-1.07213,7
47,196,3.28255,-1.07213,7
47,376,3.28255,-1.07213,7
47,88,10.0654,12.3593,3
47,364,0.116043,-20.2963,5
47,148,12.8596,15.8413,3
47,172,-0.424353,-23.2557,5
47,416,3.28255,-1.07213,7
47,332,3.28255,-1.07213,7
47,52,11.8269,14.0768,3
47,408,12.975,16.0382,3
47,152,3.28255,-1.07213,7
47,252,-45.1115,3.54118,4
47,20,3.28255,-1.07213,7
47,28,2.09312,17.5751,6
47,340,-6.90103,11.7833,1
47,336,3.28255,-1.07213,7
47,36,4.89334,12.1074,6
47,400,-20.2771,14.4312,4
47,156,7.02511,7.94696,6
47,84,12.1765,14.6635,3
47,372,3.28255,-1.07213,7
47,204,3.28255,-1.07213,7
47,32,3.75621,-0.191963,7
47,304,3.28255,-1.07213,7
47,160,3.28255,-1.07213,7
47,120,15.8755,-12.5898,5
47,388,12.975,16.0382,3
47,64,12.975,16.0382,3
47,4,3.28255,-1.07213,7
47,188,3.28255,-1.07213,7
47,108,12.7714,15.1707,3
47,384,2.09312,17.5751,6
47,276,12.975,16.0382,3
47,348,3.28255,-1.07213,7
47,404,3.28255,-1.07213,7
47,8,3.28255,-1.07213,7
47,0,11.2569,13.9018,3
47,396,12.975,16.0382,3
47,144,12.975,16.0382,3
47,112,22.6612,35.0591,8
47,140,12.975,16.0382,3
47,56,12.975,16.0382,3
47,44,3.28255,-1.07213,7
47,48,12.4714,15.1743,3
47,268,3.28255,-1.07213,7
47,100,-13.0313,-1.20638,2
47,168,3.28255,-1.07213,7
47,80,10.6394,12.672,3
47,68,12.975,16.0382,3
47,180,-6.90103,11.7833,1
48,8,3.38614,-0.163429,7
48,208,3.28255,-1.07213,7
48,184,0.373423,-18.2676,5
48,416,3.28255,-1.07213,7
48,324,3.28255,-1.07213,7
48,176,2.09312,17.5751,6
48,336,3.28255,-1.07213,7
48,204,3.28255,-1.07213,7
48,168,3.28255,-1.07213,7
48,120,15.8755,-12.5898,5
48,380,3.28255,-1.07213,7
48,84,11.6545,13.8107,3
48,20,3.28255,-1.07213,7
48,384,2.09312,17.5751,6
48,376,3.28255,-1.07213,7
48,128,12.5575,15.3756,3
48,228,2.09312,17.5751,6
48,24,3.28255,-1.07213,7
48,236,12.975,16.0382,3
48,268,3.28255,-1.07213,7
48,172,-0.424353,-23.2557,5
48,320,3.28255,-1.07213,7
48,256,2.09312,17.5751,6
48,396,12.975,16.0382,3
48,200,3.28255,-1.07213,7
48,428,3.28255,-1.07213,7
48,56,12.975,16.0382,3
48,252,-45.1115,3.54118,4
48,316,3.78614,-0.208421,7
48,48,12.3001,15.4574,3
48,412,3.28255,-1.07213,7
48,140,12.975,16.0382,3
48,240,3.28255,-1.07213,7
48,108,12.1859,14.3497,3
48,264,3.28255,-1.07213,7
48,308,3.28255,-1.07213,7
48,288,12.975,16.0382,3
48,348,3.28255,-1.07213,7
48,356,3.28255,-1.07213,7
48,32,4.2539,0.675434,7
48,72,3.28255,-1.07213,7
48,36,5.2391,12.4317,6
48,64,12.975,16.0382,3
48,0,11.9523,14.6416,3
48,420,3.28255,-1.07213,7
48,196,3.28255,-1.07213,7
48,96,12.975,16.0382,3
48,440,-13.025,-1.20601,2
48,248,12.975,16.0382,3
48,364,0.103199,-20.2941,5
48,360,0.0134145,-21.698,5
48,404,3.28255,-1.07213,7
48,16,12.975,16.0382,3
48,212,3.28255,-1.07213,7
48,116,3.47231,-0.149745,7
48,292,12.975,16.0382,3
48,284,3.28255,-1.07213,7
48,164,3.28255,-1.07213,7
48,80,10.2342,11.7513,3
48,156,6.7385,8.73212,6
48,104,12.975,16.0382,3
48,332,3.28255,-1.07213,7
48,272,3.28255,-1.07213,7
48,148,12.3726,14.9679,3
48,136,2.09312,17.5751,6
48,300,12.975,16.0382,3
48,280,12.4603,15.1491,3
48,188,3.28255,-1.07213,7
48,372,3.28255,-1.07213,7
48,328,9.46713,9.31994,3
48,392,-0.272513,-22.406,5
48,152,3.28255,-1.07213,7
48,408,12.975,16.0382,3
48,432,-13.0313,-1.20638,2
48,76,3.40779,-0.203709,7
48,52,11.5199,14.4538,3
48,388,12.975,16.0382,3
48,160,3.28255,-1.07213,7
48,132,11.7318,13.2289,3
48,192,3.28255,-1.07213,7
48,400,-20.2,14.6595,4
48,352,-21.3283,15.2643,4
48,424,-12.5192,-1.1387,2
48,216,3.28255,-1.07213,7
48,232,12.3082,15.0174,3
48,368,3.28255,-1.07213,7
48,344,3.28255,-1.07213,7
48,68,12.975,16.0382,3
48,304,3.28255,-1.07213,7
48,124,3.28255,-1.07213,7
48,40,12.975,16.0382,3
48,60,10.9666,12.7313,3
48,44,3.28255,-1.07213,7
48,312,0.288838,-18.9005,5
48,92,3.28255,-1.07213,7
48,12,15.8755,-12.5898,5
48,4,3.28255,-1.07213,7
48,224,3.28255,-1.07213,7
48,444,-20.1239,14.332,4
48,244,12.975,16.0382,3
48,296,12.975,16.0382,3
48,144,12.975,16.0382,3
48,340,-6.90103,11.7833,1
48,88,10.7182,13.1275,3
48,276,12.975,16.0382,3
48,112,22.6612,35.0591,8
48,180,-6.90103,11.7833,1
48,260,3.28255,-1.07213,7
48,436,15.8755,-12.5898,5
48,100,-13.0313,-1.20638,2
48,28,2.09312,17.5751,6
48,220,12.975,16.0382,3
49,364,0.614993,-20.7774,5
49,412,3.28255,-1.07213,7
49,260,3.28255,-1.07213,7
49,336,3.28255,-1.07213,7
49,76,3.28255,-1.07213,7
49,372,3.28255,-1.07213,7
49,408,12.975,16.0382,3
49,124,3.31641,-0.896467,7
49,52,11.1921,13.489,3
49,248,12.975,16.0382,3
49,404,3.28255,-1.07213,7
49,440,-13.025,-1.20633,2
49,8,3.28255,-1.07213,7
49,68,12.975,16.0382,3
49,324,3.28255,-1.07213,7
49,92,3.28255,-1.07213,7
49,436,15.8755,-12.5898,5
49,184,0.380834,-18.2689,5
49,432,-13.0313,-1.20638,2
49,104,12.975,16.0382,3
49,152,3.28255,-1.07213,7
49,12,15.8755,-12.5898,5
49,388,12.975,16.0382,3
49,208,3.39389,-1.05125,7
49,168,3.28255,-1.07213,7
49,204,3.28255,-1.07213,7
49,88,11.3831,13.8903,3
49,240,3.28255,-1.07213,7
49,56,12.975,16.0382,3
49,320,3.28255,-1.07213,7
49,224,3.28255,-1.07213,7
49,284,3.50853,-1.77386,7
49,164,3.28255,-1.07213,7
49,360,-0.0505003,-21.685,5
49,420,3.28255,-1.07213,7
49,160,3.31641,-0.896467,7
49,212,3.77493,-0.201754,7
49,376,3.28255,-1.07213,7
49,228,2.09312,17.5751,6
49,24,3.76957,-0.198811,7
49,296,12.975,16.0382,3
49,140,12.975,16.0382,3
49,236,12.975,16.0382,3
49,48,12.8551,15.8546,3
49,84,11.5421,15.2122,3
49,20,3.28255,-1.07213,7
49,424,-12.518,-1.18198,2
49,136,2.09312,17.5751,6
49,252,-45.1115,3.54118,4
49,232,12.8204,15.7674,3
49,312,0.318912,-18.9062,5
49,196,3.28255,-1.07213,7
49,416,3.28255,-1.07213,7
49,272,3.28255,-1.07213,7
49,44,3.28255,-1.07213,7
49,444,-20.1528,14.2853,4
49,244,12.975,16.0382,3
49,288,12.975,16.0382,3
49,132,12.0847,14.1728,3
49,4,3.28255,-1.07213,7
49,392,-0.277866,-22.4051,5
49,316,3.28255,-1.07213,7
49,144,12.975,16.0382,3
49,384,2.09312,17.5751,6
49,72,3.28255,-1.07213,7
49,32,3.79546,-0.209061,7
49,348,3.28255,-1.07213,7
49,328,8.90731,8.48848,3
49,292,12.975,16.0382,3
49,344,3.28255,-1.07213,7
49,340,-6.90103,11.7833,1
49,264,3.28255,-1.07213,7
49,396,12.975,16.0382,3
49,100,-13.0313,-1.20638,2
49,308,3.28255,-1.07213,7
49,200,3.28255,-1.07213,7
49,60,10.5437,11.8242,3
49,220,12.975,16.0382,3
49,156,6.54844,9.44809,6
49,148,12.3712,14.9687,3
49,276,12.975,16.0382,3
49,128,12.0812,14.5288,3
49,332,3.72777,-0.180498,7
49,380,3.28255,-1.07213,7
49,96,12.975,16.0382,3
49,368,3.28255,-1.07213,7
49,40,12.975,16.0382,3
49,64,12.975,16.0382,3
49,176,2.09312,17.5751,6
49,188,3.28255,-1.07213,7
49,28,2.09312,17.5751,6
49,180,-6.90103,11.7833,1
49,120,15.8755,-12.5898,5
49,256,2.09312,17.5751,6
49,216,3.28255,-1.07213,7
49,0,12.6727,15.6049,3
49,268,3.28255,-1.07213,7
49,36,5.44775,12.7135,6
49,116,3.28255,-1.07213,7
49,192,3.45936,-0.208506,7
49,304,3.28255,-1.07213,7
49,112,22.6612,35.0591,8
49,80,10.4262,13.2828,3
49,280,11.9708,14.2771,3
49,400,-20.2576,14.562,4
49,352,-21.3736,15.1829,4
49,108,12.4892,15.5068,3
49,300,12.975,16.0382,3
49,16,12.975,16.0382,3
49,172,-0.424353,-23.2557,5
49,356,3.28255,-1.07213,7
49,428,3.28255,-1.07213,7
50,216,3.28255,-1.07213,7
50,404,3.28255,-1.07213,7
50,80,11.0098,14.1425,3
50,304,3.28255,-1.07213,7
50,412,3.28255,-1.07213,7
50,56,12.975,16.0382,3
50,228,2.09312,17.5751,6
50,424,-12.5183,-1.17753,2
50,144,12.975,16.0382,3
50,32,4.01662,0.738774,7
50,384,2.09312,17.5751,6
50,444,-20.0667,14.5427,4
50,36,6.60041,13.8407,6
50,260,3.28255,-1.07213,7
50,112,22.6612,35.0591,8
50,124,3.35747,-0.917551,7
50,272,3.28255,-1.07213,7
50,184,0.386665,-18.2698,5
50,288,12.975,16.0382,3
50,176,2.09312,17.5751,6
50,396,12.975,16.0382,3
50,400,-20.1918,14.7657,4
50,240,3.28255,-1.07213,7
50,320,3.28255,-1.07213,7
50,292,12.975,16.0382,3
50,252,-45.1115,3.54118,4
50,48,12.975,16.0382,3
50,188,3.28255,-1.07213,7
50,20,3.28255,-1.07213,7
50,8,3.28255,-1.07213,7
50,436,15.8755,-12.5898,5
50,68,12.975,16.0382,3
50,84,11.3159,14.1691,3
50,152,3.28255,-1.07213,7
50,248,12.975,16.0382,3
50,60,11.5307,13.3911,3
50,276,12.975,16.0382,3
50,88,12.0327,14.6633,3
50,244,12.975,16.0382,3
50,256,2.09312,17.5751,6
50,100,-13.0313,-1.20638,2
50,212,3.28255,-1.07213,7
50,160,3.28255,-1.07213,7
50,224,3.28255,-1.07213,7
50,64,12.975,16.0382,3
50,368,3.28255,-1.07213,7
50,148,11.7226,14.2413,3
50,372,3.28255,-1.07213,7
50,172,-0.424353,-23.2557,5
50,328,9.35579,9.38355,3
50,204,3.28255,-1.07213,7
50,104,12.975,16.0382,3
50,96,12.975,16.0382,3
50,4,3.28255,-1.07213,7
50,376,3.28255,-1.07213,7
50,296,12.975,16.0382,3
50,360,-0.0853176,-21.6782,5
50,388,12.975,16.0382,3
50,120,15.8755,-12.5898,5
50,380,3.28255,-1.07213,7
50,264,3.28255,-1.07213,7
50,332,3.28255,-1.07213,7
50,132,11.5463,13.3282,3
50,108,12.0563,14.6013,3
50,164,3.28255,-1.07213,7
50,52,11.063,12.5072,3
50,232,12.975,16.0382,3
50,136,2.09312,17.5751,6
50,208,3.75037,-0.192898,7
50,268,3.28255,-1.07213,7
50,408,12.975,16.0382,3
50,16,12.975,16.0382,3
50,236,12.975,16.0382,3
50,312,0.315234,-18.9055,5
50,364,0.428724,-20.7337,5
50,420,3.28255,-1.07213,7
50,200,3.28255,-1.07213,7
50,324,3.28255,-1.07213,7
50,392,-0.280232,-22.4047,5
50,220,12.975,16.0382,3
50,28,2.09312,17.5751,6
50,76,3.28255,-1.07213,7
50,192,3.28255,-1.07213,7
50,300,12.975,16.0382,3
50,356,3.28255,-1.07213,7
50,196,3.28255,-1.07213,7
50,44,3.28255,-1.07213,7
50,352,-21.407,15.1247,4
50,180,-6.90103,11.7833,1
50,168,3.28255,-1.07213,7
50,92,3.28255,-1.07213,7
50,24,3.28255,-1.07213,7
50,116,3.28255,-1.07213,7
50,308,3.28255,-1.07213,7
50,156,6.44866,10.0828,6
50,416,3.28255,-1.07213,7
50,12,15.8755,-12.5898,5
50,72,3.28255,-1.07213,7
50,280,11.8745,13.6983,3
50,428,3.28255,-1.07213,7
50,140,12.975,16.0382,3
50,316,3.28255,-1.07213,7
50,0,12.1995,14.7235,3
50,348,3.28255,-1.07213,7
50,344,3.28255,-1.07213,7
50,340,-6.90103,11.7833,1
50,40,12.975,16.0382,3
50,128,11.6041,13.6499,3
50,284,3.28255,-1.07213,7
50,440,-13.025,-1.20601,2
50,336,3.28255,-1.07213,7
50,432,-13.0313,-1.20638,2
51,228,2.09312,17.5751,6
51,204,3.28255,-1.07213,7
51,420,3.28255,-1.07213,7
51,340,-6.90103,11.7833,1
51,240,3.28255,-1.07213,7
51,16,12.975,16.0382,3
51,324,3.28255,-1.07213,7
51,48,12.4552,15.1854,3
51,56,12.975,16.0382,3
51,40,12.975,16.0382,3
51,364,0.305557,-20.7067,5
51,348,3.28255,-1.07213,7
51,60,11.0254,12.5279,3
51,264,3.77571,-0.202197,7
51,68,12.975,16.0382,3
51,124,3.5632,-0.98716,7
51,344,3.28255,-1.07213,7
51,32,4.13092,0.599348,7
51,4,3.28255,-1.07213,7
51,268,3.28255,-1.07213,7
51,424,-12.609,-1.01691,2
51,64,12.975,16.0382,3
51,304,3.28255,-1.07213,7
51,120,15.8755,-12.5898,5
51,28,2.09312,17.5751,6
51,184,0.391253,-18.2706,5
51,236,12.975,16.0382,3
51,140,12.975,16.0382,3
51,196,3.28255,-1.07213,7
51,96,12.975,16.0382,3
51,220,12.975,16.0382,3
51,400,-20.2351,14.6847,4
51,180,-6.90103,11.7833,1
51,352,-21.4411,15.0689,4
51,200,3.28255,-1.07213,7
51,300,12.975,16.0382,3
51,168,3.28255,-1.07213,7
51,156,5.55206,9.07842,6
51,316,3.28255,-1.07213,7
51,208,4.25946,0.667911,7
51,20,3.68077,-0.202402,7
51,44,3.28255,-1.07213,7
51,280,11.3285,12.8576,3
51,380,3.28255,-1.07213,7
51,392,-0.281278,-22.4046,5
51,132,11.0288,12.4719,3
51,144,12.975,16.0382,3
51,372,3.28255,-1.07213,7
51,188,3.28255,-1.07213,7
51,92,3.30851,-0.0825929,7
51,52,10.5513,11.6477,3
51,312,0.312401,-18.9051,5
51,72,3.28255,-1.07213,7
51,328,9.81482,10.2727,3
51,80,10.3625,13.6346,3
51,272,3.28255,-1.07213,7
51,412,3.28255,-1.07213,7
51,308,3.28255,-1.07213,7
51,336,3.28255,-1.07213,7
51,288,12.975,16.0382,3
51,24,3.28255,-1.07213,7
51,260,3.28255,-1.07213,7
51,216,3.28255,-1.07213,7
51,176,2.09312,17.5751,6
51,368,3.28255,-1.07213,7
51,428,3.28255,-1.07213,7
51,296,12.975,16.0382,3
51,444,-20.1104,14.4673,4
51,100,-13.0313,-1.20638,2
51,84,12.1709,14.8503,3
51,360,-0.539385,-21.8298,5
51,376,3.28255,-1.07213,7
51,88,12.975,16.0382,3
51,404,3.28255,-1.07213,7
51,416,3.28255,-1.07213,7
51,116,3.28255,-1.07213,7
51,212,3.28255,-1.07213,7
51,356,3.28255,-1.07213,7
51,252,-45.1115,3.54118,4
51,388,12.975,16.0382,3
51,36,6.55702,13.6835,6
51,320,3.28255,-1.07213,7
51,76,3.33671,-0.258787,7
51,192,3.28255,-1.07213,7
51,112,22.6612,35.0591,8
51,232,12.975,16.0382,3
51,164,3.28255,-1.07213,7
51,244,12.975,16.0382,3
51,0,11.7148,13.8487,3
51,332,3.28255,-1.07213,7
51,104,12.975,16.0382,3
51,12,15.8755,-12.5898,5
51,160,3.3654,-0.921977,7
51,396,12.975,16.0382,3
51,276,12.975,16.0382,3
51,148,11.2612,13.3524,3
51,136,2.09312,17.5751,6
51,436,15.8755,-12.5898,5
51,8,3.1951,-0.652489,7
51,408,12.975,16.0382,3
51,224,3.28255,-1.07213,7
51,292,12.975,16.0382,3
51,152,3.28255,-1.07213,7
51,284,3.28255,-1.07213,7
51,248,12.975,16.0382,3
51,432,-13.0313,-1.20638,2
51,128,11.899,14.7476,3
51,384,2.09312,17.5751,6
51,108,11.3188,13.9998,3
51,440,-13.025,-1.20633,2
51,172,-0.424353,-23.2557,5
51,256,2.09312,17.5751,6
52,156,4.89965,6.15022,7
52,388,12.975,16.0382,3
52,268,3.28255,-1.07213,7
52,220,12.975,16.0382,3
52,296,12.975,16.0382,3
52,436,15.8755,-12.5898,5
52,64,12.975,16.0382,3
52,400,-20.1933,14.7989,4
52,108,12.0392,15.1835,3
52,28,2.09312,17.5751,6
52,404,3.28255,-1.07213,7
52,428,3.28255,-1.07213,7
52,80,9.26407,14.203,3
52,152,3.28255,-1.07213,7
52,412,3.28255,-1.07213,7
52,204,3.28255,-1.07213,7
52,308,3.28255,-1.07213,7
52,252,-45.1115,3.54118,4
52,288,12.975,16.0382,3
52,420,3.28255,-1.07213,7
52,284,3.28255,-1.07213,7
52,192,3.28255,-1.07213,7
52,184,0.408736,-18.2737,5
52,384,2.09312,17.5751,6
52,340,-6.90103,11.7833,1
52,212,3.28255,-1.07213,7
52,368,3.28255,-1.07213,7
52,148,11.1842,12.8643,3
52,228,2.09312,17.5751,6
52,56,12.975,16.0382,3
52,96,12.6575,15.2252,3
52,120,15.8755,-12.5898,5
52,396,12.975,16.0382,3
52,180,-6.90103,11.7833,1
52,292,12.975,16.0382,3
52,236,12.975,16.0382,3
52,196,3.28255,-1.07213,7
52,416,3.28255,-1.07213,7
52,16,12.975,16.0382,3
52,216,3.28255,-1.07213,7
52,76,3.72084,-0.739916,7
52,104,12.975,16.0382,3
52,248,12.975,16.0382,3
52,132,11.9949,14.2773,3
52,344,3.28255,-1.07213,7
52,372,3.28255,-1.07213,7
52,304,3.28255,-1.07213,7
52,276,12.975,16.0382,3
52,124,3.28255,-1.07213,7
52,244,12.975,16.0382,3
52,264,4.26428,0.670311,7
52,272,3.28255,-1.07213,7
52,40,12.975,16.0382,3
52,92,2.98384,0.370457,7
52,376,3.28255,-1.07213,7
52,356,3.28255,-1.07213,7
52,440,-13.0251,-1.20601,2
52,352,-21.4492,15.0551,4
52,32,3.68768,-0.297645,7
52,300,12.975,16.0382,3
52,380,3.28255,-1.07213,7
52,8,3.28255,-1.07213,7
52,360,-0.385709,-21.8459,5
52,72,3.28255,-1.07213,7
52,24,3.67069,-0.319219,7
52,176,2.09312,17.5751,6
52,232,12.4821,15.1681,3
52,260,3.28255,-1.07213,7
52,320,3.28255,-1.07213,7
52,168,3.28255,-1.07213,7
52,88,12.975,16.0382,3
52,328,9.30179,9.41398,3
52,316,3.77831,-0.20369,7
52,160,3.28255,-1.07213,7
52,208,3.28255,-1.07213,7
52,188,3.28255,-1.07213,7
52,60,11.4856,13.416,3
52,224,3.28255,-1.07213,7
52,36,9.42118,14.5379,3
52,144,12.975,16.0382,3
52,100,-13.0313,-1.20638,2
52,444,-20.1537,14.3958,4
52,312,0.310219,-18.9047,5
52,140,12.975,16.0382,3
52,424,-12.6006,-1.15006,2
52,256,2.09312,17.5751,6
52,432,-13.0313,-1.20638,2
52,84,12.4441,15.3691,3
52,136,2.09312,17.5751,6
52,48,11.9413,14.3287,3
52,112,22.6612,35.0591,8
52,128,12.0392,15.1835,3
52,20,3.28255,-1.07213,7
52,348,3.28255,-1.07213,7
52,52,10.0419,10.787,3
52,12,15.8755,-12.5898,5
52,4,3.28255,-1.07213,7
52,408,12.975,16.0382,3
52,240,3.28255,-1.07213,7
52,44,3.28255,-1.07213,7
52,280,11.1842,12.8643,3
52,200,3.28255,-1.07213,7
52,116,3.28255,-1.07213,7
52,336,3.28255,-1.07213,7
52,364,0.214119,-20.6884,5
52,68,12.975,16.0382,3
52,324,3.28255,-1.07213,7
52,0,12.9572,16.0085,3
52,332,3.74154,-0.186247,7
52,392,-0.277436,-22.4052,5
52,172,-0.424353,-23.2557,5
52,164,3.28255,-1.07213,7
53,256,2.09312,17.5751,6
53,40,12.975,16.0382,3
53,56,12.975,16.0382,3
53,324,3.28255,-1.07213,7
53,32,3.28255,-1.07213,7
53,184,0.408614,-18.2737,5
53,188,3.28255,-1.07213,7
53,388,12.975,16.0382,3
53,312,0.308539,-18.9044,5
53,200,3.28255,-1.07213,7
53,212,3.28255,-1.07213,7
53,24,3.28255,-1.07213,7
53,272,3.28255,-1.07213,7
53,4,3.28255,-1.07213,7
53,140,12.975,16.0382,3
53,72,3.28255,-1.07213,7
53,304,3.28255,-1.07213,7
53,296,12.975,16.0382,3
53,84,11.9992,14.4709,3
53,92,3.77251,-0.200418,7
53,216,3.28255,-1.07213,7
53,36,10.8206,14.2283,3
53,248,12.975,16.0382,3
53,108,12.4833,15.396,3
53,244,12.975,16.0382,3
53,168,3.28255,-1.07213,7
53,300,12.975,16.0382,3
53,80,9.38368,13.7782,3
53,152,3.28255,-1.07213,7
53,116,3.28255,-1.07213,7
53,368,3.28255,-1.07213,7
53,228,2.09312,17.5751,6
53,372,3.28255,-1.07213,7
53,364,0.16201,-20.678,5
53,444,-20.1718,14.3648,4
53,284,3.28255,-1.07213,7
53,360,-0.300228,-21.8572,5
53,252,-45.1115,3.54118,4
53,264,3.77251,-0.200418,7
53,120,15.8755,-12.5898,5
53,412,3.28255,-1.07213,7
53,344,3.28255,-1.07213,7
53,236,12.975,16.0382,3
53,160,3.7751,-0.20185,7
53,352,-21.3806,15.2567,4
53,60,11.7691,14.5314,3
53,52,9.414,11.3845,3
53,208,3.28255,-1.07213,7
53,416,3.28255,-1.07213,7
53,68,12.975,16.0382,3
53,164,3.28255,-1.07213,7
53,172,-0.424353,-23.2557,5
53,376,3.28255,-1.07213,7
53,436,15.8755,-12.5898,5
53,276,12.975,16.0382,3
53,408,12.975,16.0382,3
53,128,11.9739,15.4218,3
53,380,3.28255,-1.07213,7
53,224,3.28255,-1.07213,7
53,88,12.975,16.0382,3
53,320,3.28255,-1.07213,7
53,288,12.975,16.0382,3
53,44,3.28255,-1.07213,7
53,148,11.4011,14.0236,3
53,100,-13.0313,-1.20638,2
53,260,3.28255,-1.07213,7
53,268,3.28255,-1.07213,7
53,136,2.09312,17.5751,6
53,76,4.11696,0.187242,7
53,28,2.09312,17.5751,6
53,292,12.975,16.0382,3
53,384,2.09312,17.5751,6
53,20,3.35518,-0.231952,7
53,96,12.119,14.3801,3
53,8,3.28255,-1.07213,7
53,428,3.28255,-1.07213,7
53,424,-12.5991,-1.17161,2
53,348,3.28255,-1.07213,7
53,280,11.5211,13.7988,3
53,240,3.28255,-1.07213,7
53,176,2.09312,17.5751,6
53,144,12.975,16.0382,3
53,332,3.28255,-1.07213,7
53,180,-6.90103,11.7833,1
53,336,3.28255,-1.07213,7
53,16,12.975,16.0382,3
53,308,3.28255,-1.07213,7
53,112,22.6612,35.0591,8
53,340,-6.90103,11.7833,1
53,400,-20.2491,14.6971,4
53,316,3.28255,-1.07213,7
53,220,12.975,16.0382,3
53,432,-13.0313,-1.20638,2
53,396,12.975,16.0382,3
53,124,3.28255,-1.07213,7
53,192,3.28255,-1.07213,7
53,328,8.78839,8.55561,3
53,48,11.5017,13.604,3
53,204,3.28255,-1.07213,7
53,232,12.975,16.0382,3
53,420,3.28255,-1.07213,7
53,196,3.28255,-1.07213,7
53,104,12.975,16.0382,3
53,404,3.28255,-1.07213,7
53,440,-13.0266,-1.2035,2
53,0,12.464,15.1386,3
53,392,-0.280044,-22.4048,5
53,12,15.8755,-12.5898,5
53,356,3.28255,-1.07213,7
53,64,12.975,16.0382,3
53,156,5.07752,4.97908,7
53,132,11.99,14.28,3
54,152,3.28255,-1.07213,7
54,60,12.9675,16.0249,3
54,360,-0.243968,-21.8662,5
54,160,3.28255,-1.07213,7
54,64,12.975,16.0382,3
54,144,12.975,16.0382,3
54,196,3.28255,-1.07213,7
54,108,12.1102,14.4701,3
54,124,3.28255,-1.07213,7
54,0,11.9715,14.2682,3
54,336,3.28255,-1.07213,7
54,116,3.28255,-1.07213,7
54,256,2.09312,17.5751,6
54,352,-21.4344,15.1653,4
54,428,3.28255,-1.07213,7
54,328,9.2664,9.43416,3
54,104,12.975,16.0382,3
54,236,12.975,16.0382,3
54,260,3.28255,-1.07213,7
54,148,11.0469,13.0756,3
54,212,3.28255,-1.07213,7
54,444,-20.2012,14.3174,4
54,76,3.54369,-0.634239,7
54,324,3.28255,-1.07213,7
54,32,3.28255,-1.07213,7
54,224,3.28255,-1.07213,7
54,408,12.975,16.0382,3
54,276,12.975,16.0382,3
54,296,12.975,16.0382,3
54,156,4.26779,2.0915,7
54,316,3.40131,-0.144558,7
54,208,3.28255,-1.07213,7
54,164,3.28255,-1.07213,7
54,356,3.28255,-1.07213,7
54,268,3.28255,-1.07213,7
54,364,0.115034,-20.6694,5
54,424,-12.6638,-1.04704,2
54,312,0.307245,-18.9042,5
54,272,3.28255,-1.07213,7
54,188,3.28255,-1.07213,7
54,288,12.975,16.0382,3
54,228,2.09312,17.5751,6
54,68,12.975,16.0382,3
54,200,3.28255,-1.07213,7
54,292,12.975,16.0382,3
54,440,-13.0267,-1.2034,2
54,436,15.8755,-12.5898,5
54,388,12.975,16.0382,3
54,80,10.6488,13.8294,3
54,16,12.975,16.0382,3
54,252,-45.1115,3.54118,4
54,4,3.28255,-1.07213,7
54,40,12.975,16.0382,3
54,88,12.4821,15.1681,3
54,56,12.975,16.0382,3
54,432,-13.0313,-1.20638,2
54,320,3.28255,-1.07213,7
54,52,9.10642,10.4098,3
54,400,-20.3078,14.5974,4
54,12,15.8755,-12.5898,5
54,372,3.28255,-1.07213,7
54,280,12.0949,14.6211,3
54,240,3.28255,-1.07213,7
54,172,-0.424353,-23.2557,5
54,100,-13.0313,-1.20638,2
54,392,-0.281197,-22.4046,5
54,332,3.75443,-0.193862,7
54,420,3.28255,-1.07213,7
54,284,3.75433,-0.191119,7
54,168,3.28255,-1.07213,7
54,28,2.09312,17.5751,6
54,48,12.0249,14.456,3
54,340,-6.90103,11.7833,1
54,380,3.28255,-1.07213,7
54,244,12.975,16.0382,3
54,416,3.28255,-1.07213,7
54,344,3.28255,-1.07213,7
54,264,3.28255,-1.07213,7
54,20,3.28255,-1.07213,7
54,184,0.408521,-18.2736,5
54,112,22.6612,35.0591,8
54,180,-6.90103,11.7833,1
54,376,3.28255,-1.07213,7
54,308,3.28255,-1.07213,7
54,72,3.28255,-1.07213,7
54,44,3.28255,-1.07213,7
54,36,10.2855,14.258,3
54,84,11.477,13.6198,3
54,404,3.28255,-1.07213,7
54,8,3.28255,-1.07213,7
54,368,3.28255,-1.07213,7
54,300,12.975,16.0382,3
54,220,12.975,16.0382,3
54,136,2.09312,17.5751,6
54,384,2.09312,17.5751,6
54,348,3.28255,-1.07213,7
54,176,2.09312,17.5751,6
54,248,12.975,16.0382,3
54,120,15.8755,-12.5898,5
54,216,3.28255,-1.07213,7
54,204,3.28255,-1.07213,7
54,412,3.28255,-1.07213,7
54,132,12.4766,15.1537,3
54,128,12.4788,15.1524,3
54,96,12.5666,15.2752,3
54,304,3.28255,-1.07213,7
54,396,12.975,16.0382,3
54,192,3.28255,-1.07213,7
54,232,12.975,16.0382,3
54,140,12.975,16.0382,3
54,92,4.25464,0.675577,7
54,24,3.28255,-1.07213,7
55,160,3.28255,-1.07213,7
55,364,0.0826393,-20.6636,5
55,96,12.064,14.4106,3
55,200,3.28255,-1.07213,7
55,296,12.975,16.0382,3
55,264,3.67177,-0.167196,7
55,260,3.28255,-1.07213,7
55,392,-0.274781,-22.4058,5
55,88,11.5315,15.4572,3
55,72,3.28255,-1.07213,7
55,100,-13.0313,-1.20638,2
55,176,2.09312,17.5751,6
55,300,12.975,16.0382,3
55,136,2.09312,17.5751,6
55,332,3.28255,-1.07213,7
55,428,3.28255,-1.07213,7
55,120,15.8755,-12.5898,5
55,76,3.28255,-1.07213,7
55,60,12.9675,16.0249,3
55,344,3.28255,-1.07213,7
55,248,12.975,16.0382,3
55,68,12.975,16.0382,3
55,148,10.4495,13.4834,3
55,288,12.975,16.0382,3
55,172,-0.424353,-23.2557,5
55,380,3.28255,-1.07213,7
55,436,15.8755,-12.5898,5
55,316,3.28255,-1.07213,7
55,12,15.8755,-12.5898,5
55,396,12.975,16.0382,3
55,36,11.0993,14.8147,3
55,280,11.4372,13.9639,3
55,124,3.28255,-1.07213,7
55,228,2.09312,17.5751,6
55,272,3.28255,-1.07213,7
55,256,2.09312,17.5751,6
55,236,12.975,16.0382,3
55,44,3.28255,-1.07213,7
55,368,3.28255,-1.07213,7
55,308,3.28255,-1.07213,7
55,144,12.975,16.0382,3
55,420,3.28255,-1.07213,7
55,132,12.975,16.0382,3
55,152,3.28255,-1.07213,7
55,444,-20.2239,14.2811,4
55,52,9.77116,11.1751,3
55,208,3.46285,-0.139993,7
55,212,3.28255,-1.07213,7
55,240,3.28255,-1.07213,7
55,408,12.975,16.0382,3
55,336,3.28255,-1.07213,7
55,404,3.28255,-1.07213,7
55,352,-21.4586,15.1233,4
55,412,3.28255,-1.07213,7
55,164,3.28255,-1.07213,7
55,48,12.0406,14.4469,3
55,116,3.28255,-1.07213,7
55,252,-45.1115,3.54118,4
55,20,3.28255,-1.07213,7
55,220,12.975,16.0382,3
55,424,-12.6573,-1.16323,2
55,328,8.75997,8.5718,3
55,140,12.975,16.0382,3
55,84,11.5461,13.5778,3
55,180,-6.90103,11.7833,1
55,388,12.975,16.0382,3
55,64,12.975,16.0382,3
55,372,3.28255,-1.07213,7
55,128,11.9812,14.285,3
55,80,11.6749,14.0975,3
55,24,3.47037,-1.04626,7
55,276,12.975,16.0382,3
55,32,3.28255,-1.07213,7
55,40,12.975,16.0382,3
55,108,12.975,16.0382,3
55,16,12.975,16.0382,3
55,192,3.28255,-1.07213,7
55,284,3.8085,0.729563,7
55,204,3.28255,-1.07213,7
55,168,3.28255,-1.07213,7
55,244,12.975,16.0382,3
55,440,-13.0267,-1.20633,2
55,268,3.28255,-1.07213,7
55,320,3.28255,-1.07213,7
55,56,12.975,16.0382,3
55,8,3.73373,-0.182856,7
55,400,-20.3531,14.5223,4
55,224,3.28255,-1.07213,7
55,28,2.09312,17.5751,6
55,360,-0.221547,-21.8697,5
55,292,12.975,16.0382,3
55,304,3.28255,-1.07213,7
55,184,0.420055,-18.2757,5
55,384,2.09312,17.5751,6
55,356,3.28255,-1.07213,7
55,348,3.28255,-1.07213,7
55,188,3.28255,-1.07213,7
55,312,0.316725,-18.9059,5
55,232,12.975,16.0382,3
55,432,-13.0313,-1.20638,2
55,324,3.28255,-1.07213,7
55,4,3.28255,-1.07213,7
55,0,11.3711,13.4787,3
55,92,3.57336,-0.218292,7
55,156,3.40003,-0.764682,7
55,416,3.28255,-1.07213,7
55,340,-6.90103,11.7833,1
55,376,3.28255,-1.07213,7
55,196,3.28255,-1.07213,7
55,112,22.6612,35.0591,8
55,104,12.975,16.0382,3
55,216,3.28255,-1.07213,7
56,24,3.28255,-1.07213,7
56,148,10.183,12.4762,3
56,376,3.28255,-1.07213,7
56,168,3.28255,-1.07213,7
56,112,22.6612,35.0591,8
56,56,12.975,16.0382,3
56,356,3.28255,-1.07213,7
56,16,12.975,16.0382,3
56,436,15.8755,-12.5898,5
56,264,3.28255,-1.07213,7
56,248,12.975,16.0382,3
56,200,3.28255,-1.07213,7
56,316,3.47068,-0.184046,7
56,76,3.28255,-1.07213,7
56,156,3.28255,-1.07213,7
56,152,3.28255,-1.07213,7
56,324,3.28255,-1.07213,7
56,268,3.28255,-1.07213,7
56,84,11.5542,13.5732,3
56,372,3.28255,-1.07213,7
56,300,12.975,16.0382,3
56,240,3.28255,-1.07213,7
56,172,-0.424353,-23.2557,5
56,444,-20.2559,14.2323,4
56,224,3.28255,-1.07213,7
56,104,12.975,16.0382,3
56,348,3.28255,-1.07213,7
56,188,3.28255,-1.07213,7
56,124,3.28255,-1.07213,7
56,140,12.975,16.0382,3
56,44,3.28255,-1.07213,7
56,304,3.28255,-1.07213,7
56,296,12.975,16.0382,3
56,424,-12.7144,-1.05803,2
56,320,3.28255,-1.07213,7
56,360,-0.209094,-21.8717,5
56,276,12.975,16.0382,3
56,144,12.975,16.0382,3
56,52,9.63975,12.483,3
56,368,3.28255,-1.07213,7
56,328,8.24338,7.71569,3
56,416,3.28255,-1.07213,7
56,256,2.09312,17.5751,6
56,100,-13.0313,-1.20638,2
56,364,0.0603105,-20.6597,5
56,88,11.3417,14.3793,3
56,0,11.8944,14.33,3
56,64,12.975,16.0382,3
56,216,3.28255,-1.07213,7
56,208,3.40195,-0.258954,7
56,212,3.28255,-1.07213,7
56,332,3.28255,-1.07213,7
56,440,-13.0267,-1.20635,2
56,400,-20.3878,14.4657,4
56,404,3.28255,-1.07213,7
56,132,12.4765,15.1713,3
56,36,12.1332,15.2677,3
56,12,15.8755,-12.5898,5
56,60,12.975,16.0382,3
56,48,11.5564,13.5719,3
56,412,3.28255,-1.07213,7
56,340,-6.90103,11.7833,1
56,432,-13.0313,-1.20638,2
56,160,3.28255,-1.07213,7
56,68,12.975,16.0382,3
56,8,3.28255,-1.07213,7
56,384,2.09312,17.5751,6
56,228,2.09312,17.5751,6
56,392,-0.278878,-22.4051,5
56,336,3.28255,-1.07213,7
56,344,3.28255,-1.07213,7
56,388,12.975,16.0382,3
56,72,3.28255,-1.07213,7
56,164,3.28255,-1.07213,7
56,252,-45.1115,3.54118,4
56,260,3.28255,-1.07213,7
56,40,12.975,16.0382,3
56,396,12.975,16.0382,3
56,408,12.975,16.0382,3
56,28,2.09312,17.5751,6
56,196,3.28255,-1.07213,7
56,352,-21.3951,15.3251,4
56,420,3.28255,-1.07213,7
56,288,12.975,16.0382,3
56,108,12.475,15.1723,3
56,272,3.28255,-1.07213,7
56,236,12.975,16.0382,3
56,312,0.345215,-18.9113,5
56,380,3.28255,-1.07213,7
56,128,11.4791,13.4203,3
56,136,2.09312,17.5751,6
56,192,3.28255,-1.07213,7
56,96,12.4421,15.3055,3
56,204,3.28255,-1.07213,7
56,80,11.2201,13.2051,3
56,280,12.1178,14.7034,3
56,120,15.8755,-12.5898,5
56,284,3.72953,-0.197205,7
56,180,-6.90103,11.7833,1
56,116,3.28255,-1.07213,7
56,184,0.417483,-18.2752,5
56,4,3.28255,-1.07213,7
56,92,3.28255,-1.07213,7
56,176,2.09312,17.5751,6
56,20,3.28255,-1.07213,7
56,428,3.28255,-1.07213,7
56,232,12.4818,15.1683,3
56,308,3.28255,-1.07213,7
56,244,12.975,16.0382,3
56,32,3.28255,-1.07213,7
56,292,12.975,16.0382,3
56,220,12.975,16.0382,3
57,0,12.6683,15.9115,3
57,220,12.975,16.0382,3
57,8,3.28255,-1.07213,7
57,124,3.28255,-1.07213,7
57,436,15.8755,-12.5898,5
57,236,12.975,16.0382,3
57,160,3.28255,-1.07213,7
57,44,3.28255,-1.07213,7
57,324,3.28255,-1.07213,7
57,272,3.28255,-1.07213,7
57,16,12.975,16.0382,3
57,384,2.09312,17.5751,6
57,216,3.28255,-1.07213,7
57,204,3.28255,-1.07213,7
57,288,12.975,16.0382,3
57,80,12.6556,15.4975,3
57,380,3.28255,-1.07213,7
57,404,3.28255,-1.07213,7
57,152,3.28255,-1.07213,7
57,68,12.975,16.0382,3
57,372,3.28255,-1.07213,7
57,396,12.975,16.0382,3
57,388,12.975,16.0382,3
57,212,3.28255,-1.07213,7
57,116,3.28255,-1.07213,7
57,332,3.28255,-1.07213,7
57,132,11.9894,14.298,3
57,352,-21.4569,15.2184,4
57,200,3.28255,-1.07213,7
57,184,0.444386,-18.2803,5
57,88,10.7407,13.6824,3
57,48,11.0585,12.7047,3
57,156,3.28255,-1.07213,7
57,320,3.28255,-1.07213,7
57,284,3.28255,-1.07213,7
57,136,2.09312,17.5751,6
57,36,12.0044,14.2898,3
57,96,12.0344,15.4483,3
57,244,12.975,16.0382,3
57,20,3.28255,-1.07213,7
57,224,3.28255,-1.07213,7
57,428,3.28255,-1.07213,7
57,308,3.28255,-1.07213,7
57,392,-0.285286,-22.404,5
57,180,-6.90103,11.7833,1
57,252,-45.1115,3.54118,4
57,328,8.73987,8.58373,3
57,360,-0.202175,-21.8729,5
57,228,2.09312,17.5751,6
57,4,3.28255,-1.07213,7
57,400,-20.4009,14.4437,4
57,312,0.335465,-18.9097,5
57,128,12.4722,15.1563,3
57,276,12.975,16.0382,3
57,32,3.28255,-1.07213,7
57,196,3.28255,-1.07213,7
57,316,3.28255,-1.07213,7
57,84,12.0314,14.4509,3
57,248,12.975,16.0382,3
57,336,3.28255,-1.07213,7
57,148,10.9361,13.1755,3
57,192,3.28255,-1.07213,7
57,140,12.975,16.0382,3
57,72,3.28255,-1.07213,7
57,304,3.28255,-1.07213,7
57,108,12.1332,15.2677,3
57,412,3.28255,-1.07213,7
57,208,3.28255,-1.07213,7
57,76,3.77272,-0.200518,7
57,444,-20.2512,14.2401,4
57,104,12.975,16.0382,3
57,144,12.975,16.0382,3
57,120,15.8755,-12.5898,5
57,240,3.28255,-1.07213,7
57,440,-13.0267,-1.20635,2
57,268,3.28255,-1.07213,7
57,28,2.09312,17.5751,6
57,168,3.28255,-1.07213,7
57,340,-6.90103,11.7833,1
57,356,3.28255,-1.07213,7
57,188,3.28255,-1.07213,7
57,60,12.975,16.0382,3
57,264,3.28255,-1.07213,7
57,40,12.975,16.0382,3
57,376,3.28255,-1.07213,7
57,344,3.28255,-1.07213,7
57,260,3.28255,-1.07213,7
57,12,15.8755,-12.5898,5
57,100,-13.0313,-1.20638,2
57,280,11.645,13.8216,3
57,364,0.0449236,-20.657,5
57,24,3.77213,-0.200196,7
57,420,3.28255,-1.07213,7
57,112,22.6612,35.0591,8
57,432,-13.0313,-1.20638,2
57,232,11.9931,14.2959,3
57,176,2.09312,17.5751,6
57,172,-0.424353,-23.2557,5
57,296,12.975,16.0382,3
57,408,12.975,16.0382,3
57,292,12.975,16.0382,3
57,92,3.28255,-1.07213,7
57,348,3.28255,-1.07213,7
57,424,-12.8023,-0.979291,2
57,368,3.28255,-1.07213,7
57,416,3.28255,-1.07213,7
57,64,12.975,16.0382,3
57,300,12.975,16.0382,3
57,256,2.09312,17.5751,6
57,164,3.28255,-1.07213,7
57,56,12.975,16.0382,3
57,52,9.44908,11.4432,3
58,364,0.0769926,-20.6638,5
58,148,11.5889,13.9462,3
58,264,3.17171,-0.647711,7
58,164,3.28255,-1.07213,7
58,220,12.975,16.0382,3
58,272,3.28255,-1.07213,7
58,224,3.28255,-1.07213,7
58,200,3.28255,-1.07213,7
58,156,3.28255,-1.07213,7
58,60,12.3355,15.3336,3
58,72,3.28255,-1.07213,7
58,48,11.5605,13.5697,3
58,260,3.28255,-1.07213,7
58,172,-0.424353,-23.2557,5
58,40,12.975,16.0382,3
58,136,2.09312,17.5751,6
58,296,12.975,16.0382,3
58,256,2.09312,17.5751,6
58,396,12.975,16.0382,3
58,404,3.28255,-1.07213,7
58,268,3.28255,-1.07213,7
58,368,3.28255,-1.07213,7
58,304,3.28255,-1.07213,7
58,68,12.975,16.0382,3
58,248,12.975,16.0382,3
58,12,15.8755,-12.5898,5
58,88,10.0747,13.325,3
58,316,3.28255,-1.07213,7
58,56,12.975,16.0382,3
58,344,3.28255,-1.07213,7
58,24,3.28255,-1.07213,7
58,424,-12.7856,-1.16087,2
58,400,-20.4092,14.4296,4
58,384,2.09312,17.5751,6
58,36,11.3422,14.529,3
58,144,12.975,16.0382,3
58,428,3.28255,-1.07213,7
58,292,12.975,16.0382,3
58,152,3.28255,-1.07213,7
58,388,12.975,16.0382,3
58,184,0.436645,-18.279,5
58,228,2.09312,17.5751,6
58,416,3.28255,-1.07213,7
58,84,11.4919,13.6121,3
58,132,12.4397,15.1863,3
58,92,3.28255,-1.07213,7
58,312,0.0769926,-20.6638,5
58,124,3.28255,-1.07213,7
58,236,12.975,16.0382,3
58,252,-45.1115,3.54118,4
58,420,3.28255,-1.07213,7
58,328,8.24942,7.71226,3
58,0,12.315,14.966,3
58,232,12.4476,15.1642,3
58,356,3.28255,-1.07213,7
58,276,12.975,16.0382,3
58,4,3.28255,-1.07213,7
58,28,2.09312,17.5751,6
58,188,3.28255,-1.07213,7
58,240,3.28255,-1.07213,7
58,280,12.1714,14.6722,3
58,332,3.28255,-1.07213,7
58,336,3.28255,-1.07213,7
58,204,3.28255,-1.07213,7
58,168,3.28255,-1.07213,7
58,288,12.975,16.0382,3
58,192,3.28255,-1.07213,7
58,104,12.975,16.0382,3
58,180,-6.90103,11.7833,1
58,120,15.8755,-12.5898,5
58,208,3.28255,-1.07213,7
58,64,12.975,16.0382,3
58,308,3.28255,-1.07213,7
58,440,-13.0267,-1.20635,2
58,116,3.15419,-0.623329,7
58,160,3.28255,-1.07213,7
58,376,3.28255,-1.07213,7
58,80,12.1503,14.6349,3
58,444,-20.2477,14.246,4
58,244,12.975,16.0382,3
58,76,4.25788,0.673832,7
58,436,15.8755,-12.5898,5
58,340,-6.90103,11.7833,1
58,360,-0.19833,-21.8735,5
58,44,3.28255,-1.07213,7
58,300,12.975,16.0382,3
58,196,3.28255,-1.07213,7
58,16,12.975,16.0382,3
58,408,12.975,16.0382,3
58,412,3.28255,-1.07213,7
58,392,-0.283523,-22.4043,5
58,112,22.6612,35.0591,8
58,348,3.28255,-1.07213,7
58,212,3.28255,-1.07213,7
58,352,-21.4999,15.1467,4
58,100,-13.0313,-1.20638,2
58,432,-13.0313,-1.20638,2
58,284,3.77292,-0.200621,7
58,176,2.09312,17.5751,6
58,320,3.28255,-1.07213,7
58,8,3.28255,-1.07213,7
58,140,12.975,16.0382,3
58,380,3.28255,-1.07213,7
58,216,3.28255,-1.07213,7
58,372,3.28255,-1.07213,7
58,96,12.9458,15.989,3
58,128,12.975,16.0382,3
58,20,3.02041,-0.800665,7
58,324,3.28255,-1.07213,7
58,32,3.28255,-1.07213,7
58,108,11.7598,14.3244,3
58,52,10.2298,12.1202,3
59,360,-0.187945,-21.8753,5
59,36,12.6393,15.0056,3
59,352,-21.5166,15.1182,4
59,392,-0.282745,-22.4045,5
59,312,0.056354,-20.6602,5
59,288,12.975,16.0382,3
59,60,11.9169,14.4192,3
59,244,12.975,16.0382,3
59,376,3.28255,-1.07213,7
59,148,12.2164,14.7359,3
59,268,3.28255,-1.07213,7
59,180,-6.90103,11.7833,1
59,104,12.975,16.0382,3
59,176,2.09312,17.5751,6
59,248,12.975,16.0382,3
59,420,3.28255,-1.07213,7
59,68,12.975,16.0382,3
59,380,3.28255,-1.07213,7
59,100,-13.0313,-1.20638,2
59,220,12.975,16.0382,3
59,404,3.28255,-1.07213,7
59,144,12.975,16.0382,3
59,216,3.28255,-1.07213,7
59,356,3.28255,-1.07213,7
59,160,3.28255,-1.07213,7
59,84,12.3716,15.1132,3
59,184,0.430553,-18.278,5
59,108,11.3226,13.4216,3
59,212,3.28255,-1.07213,7
59,92,3.28255,-1.07213,7
59,188,3.28255,-1.07213,7
59,236,12.975,16.0382,3
59,0,11.6758,15.0405,3
59,372,3.28255,-1.07213,7
59,308,3.28255,-1.07213,7
59,224,3.28255,-1.07213,7
59,88,11.0019,13.8927,3
59,24,3.28255,-1.07213,7
59,192,3.28255,-1.07213,7
59,296,12.975,16.0382,3
59,320,3.28255,-1.07213,7
59,128,12.4772,15.1709,3
59,252,-45.1115,3.54118,4
59,240,3.28255,-1.07213,7
59,4,3.28255,-1.07213,7
59,344,3.28255,-1.07213,7
59,132,11.9626,14.3072,3
59,40,12.975,16.0382,3
59,400,-20.4305,14.3957,4
59,8,3.28255,-1.07213,7
59,208,3.28255,-1.07213,7
59,76,3.77294,-0.200744,7
59,56,12.975,16.0382,3
59,276,12.975,16.0382,3
59,324,3.28255,-1.07213,7
59,304,3.28255,-1.07213,7
59,16,12.975,16.0382,3
59,336,3.28255,-1.07213,7
59,28,2.09312,17.5751,6
59,164,3.28255,-1.07213,7
59,396,12.975,16.0382,3
59,444,-20.2449,14.2506,4
59,408,12.975,16.0382,3
59,136,2.09312,17.5751,6
59,432,-13.0313,-1.20638,2
59,156,3.28255,-1.07213,7
59,328,6.71172,5.14069,7
59,284,4.26638,0.66915,7
59,72,3.28255,-1.07213,7
59,332,3.28255,-1.07213,7
59,52,10.8797,12.8951,3
59,172,-0.424353,-23.2557,5
59,232,12.3716,15.1132,3
59,168,3.28255,-1.07213,7
59,120,15.8755,-12.5898,5
59,200,3.28255,-1.07213,7
59,440,-13.0279,-1.2043,2
59,140,12.975,16.0382,3
59,264,3.28255,-1.07213,7
59,204,3.28255,-1.07213,7
59,228,2.09312,17.5751,6
59,424,-12.9261,-1.07008,2
59,12,15.8755,-12.5898,5
59,124,3.28255,-1.07213,7
59,388,12.975,16.0382,3
59,256,2.09312,17.5751,6
59,436,15.8755,-12.5898,5
59,44,3.28255,-1.07213,7
59,32,3.28255,-1.07213,7
59,384,2.09312,17.5751,6
59,260,3.28255,-1.07213,7
59,280,12.975,16.0382,3
59,152,3.28255,-1.07213,7
59,364,0.0669158,-20.6619,5
59,48,11.07,12.6982,3
59,116,3.28255,-1.07213,7
59,196,3.28255,-1.07213,7
59,348,3.28255,-1.07213,7
59,412,3.28255,-1.07213,7
59,272,3.28255,-1.07213,7
59,428,3.28255,-1.07213,7
59,292,12.975,16.0382,3
59,80,11.6417,14.6115,3
59,340,-6.90103,11.7833,1
59,316,3.24795,-0.439863,7
59,64,12.975,16.0382,3
59,20,3.28255,-1.07213,7
59,112,22.6612,35.0591,8
59,416,3.28255,-1.07213,7
59,368,3.28255,-1.07213,7
59,300,12.975,16.0382,3
59,96,12.4504,15.1204,3
60,376,3.28255,-1.07213,7
60,336,3.28255,-1.07213,7
60,152,3.28255,-1.07213,7
60,228,2.09312,17.5751,6
60,164,3.28255,-1.07213,7
60,96,12.9457,15.9903,3
60,92,3.28255,-1.07213,7
60,248,12.975,16.0382,3
60,356,3.28255,-1.07213,7
60,64,12.975,16.0382,3
60,172,-0.424353,-23.2557,5
60,76,3.28255,-1.07213,7
60,444,-20.2578,14.2302,4
60,392,-0.282401,-22.4045,5
60,80,12.9467,15.9885,3
60,208,3.28255,-1.07213,7
60,320,3.28255,-1.07213,7
60,432,-13.0313,-1.20638,2
60,168,3.28255,-1.07213,7
60,40,12.975,16.0382,3
60,416,3.28255,-1.07213,7
60,380,3.28255,-1.07213,7
60,440,-13.0279,-1.20635,2
60,340,-6.90103,11.7833,1
60,384,2.09312,17.5751,6
60,16,12.975,16.0382,3
60,148,11.7129,13.8722,3
60,244,12.975,16.0382,3
60,116,3.28255,-1.07213,7
60,264,3.77446,-0.201493,7
60,112,22.6612,35.0591,8
60,296,12.975,16.0382,3
60,304,3.28255,-1.07213,7
60,192,3.28255,-1.07213,7
60,56,12.975,16.0382,3
60,388,12.975,16.0382,3
60,128,12.975,16.0382,3
60,84,11.9024,14.2294,3
60,348,3.28255,-1.07213,7
60,32,3.28255,-1.07213,7
60,108,11.8618,14.2643,3
60,48,11.8618,14.2643,3
60,372,3.28255,-1.07213,7
60,288,12.975,16.0382,3
60,312,0.0421341,-20.6577,5
60,344,3.28255,-1.07213,7
60,8,3.28255,-1.07213,7
60,88,10.6781,12.9204,3
60,308,3.28255,-1.07213,7
60,28,2.09312,17.5751,6
60,20,3.59919,-0.238292,7
60,156,3.28255,-1.07213,7
60,36,12.4772,15.1724,3
60,324,3.28255,-1.07213,7
60,136,2.09312,17.5751,6
60,100,-13.0313,-1.20638,2
60,352,-21.5159,15.1194,4
60,144,12.975,16.0382,3
60,72,3.28255,-1.07213,7
60,0,11.3424,14.0635,3
60,68,12.975,16.0382,3
60,204,3.28255,-1.07213,7
60,400,-20.4467,14.37,4
60,124,3.28255,-1.07213,7
60,236,12.975,16.0382,3
60,368,3.28255,-1.07213,7
60,420,3.28255,-1.07213,7
60,216,3.28255,-1.07213,7
60,4,3.28255,-1.07213,7
60,188,3.28255,-1.07213,7
60,268,3.28255,-1.07213,7
60,328,5.26203,2.51421,7
60,408,12.975,16.0382,3
60,184,0.425759,-18.2772,5
60,132,11.7034,15.2099,3
60,412,3.28255,-1.07213,7
60,332,3.28255,-1.07213,7
60,24,3.16925,-0.648303,7
60,316,3.28255,-1.07213,7
60,424,-12.9186,-1.1925,2
60,120,15.8755,-12.5898,5
60,272,3.28255,-1.07213,7
60,44,3.28255,-1.07213,7
60,396,12.975,16.0382,3
60,200,3.28255,-1.07213,7
60,160,3.28255,-1.07213,7
60,256,2.09312,17.5751,6
60,220,12.975,16.0382,3
60,240,3.28255,-1.07213,7
60,280,12.431,15.1991,3
60,12,15.8755,-12.5898,5
60,292,12.975,16.0382,3
60,436,15.8755,-12.5898,5
60,276,12.975,16.0382,3
60,140,12.975,16.0382,3
60,52,12.482,15.1681,3
60,360,-0.190429,-21.8749,5
60,196,3.28255,-1.07213,7
60,252,-45.1115,3.54118,4
60,300,12.975,16.0382,3
60,232,12.6205,15.5828,3
60,180,-6.90103,11.7833,1
60,428,3.28255,-1.07213,7
60,224,3.28255,-1.07213,7
60,404,3.28255,-1.07213,7
60,60,12.9723,16.0336,3
60,104,12.975,16.0382,3
60,284,3.28255,-1.07212,7
60,176,2.09312,17.5751,6
60,260,3.28255,-1.07213,7
60,364,0.0494158,-20.6589,5
60,212,3.70767,-0.173918,7
61,384,2.09312,17.5751,6
61,308,3.28255,-1.07213,7
61,144,12.975,16.0382,3
61,404,3.28255,-1.07213,7
61,136,2.09312,17.5751,6
61,24,3.28255,-1.07213,7
61,36,12.975,16.0382,3
61,428,3.28255,-1.07213,7
61,328,3.81069,-0.11134,7
61,344,3.28255,-1.07213,7
61,156,3.28255,-1.07213,7
61,376,3.28255,-1.07213,7
61,300,12.975,16.0382,3
61,352,-21.5404,15.0799,4
61,228,2.09312,17.5751,6
61,248,12.975,16.0382,3
61,288,12.975,16.0382,3
61,284,3.28255,-1.07213,7
61,160,3.28255,-1.07213,7
61,400,-20.4442,14.3741,4
61,188,3.28255,-1.07213,7
61,440,-13.0279,-1.20636,2
61,116,3.28255,-1.07213,7
61,12,15.8755,-12.5898,5
61,260,3.28255,-1.07213,7
61,152,3.28255,-1.07213,7
61,80,12.4539,15.1184,3
61,368,3.28255,-1.07213,7
61,112,22.6612,35.0591,8
61,32,3.28255,-1.07213,7
61,100,-13.0313,-1.20638,2
61,8,3.28255,-1.07213,7
61,360,-0.19181,-21.8747,5
61,280,12.7387,15.627,3
61,168,3.28255,-1.07213,7
61,68,12.975,16.0382,3
61,196,3.28255,-1.07213,7
61,92,3.28255,-1.07213,7
61,380,3.28255,-1.07213,7
61,164,3.28255,-1.07213,7
61,120,15.8755,-12.5898,5
61,292,12.975,16.0382,3
61,236,12.975,16.0382,3
61,224,3.28255,-1.07213,7
61,200,3.28255,-1.07213,7
61,312,0.0323381,-20.6561,5
61,124,2.91024,-0.401261,7
61,252,-45.1115,3.54118,4
61,316,3.28255,-1.07213,7
61,220,12.975,16.0382,3
61,424,-12.9423,-1.1541,2
61,444,-20.275,14.2037,4
61,432,-13.0313,-1.20638,2
61,176,2.09312,17.5751,6
61,304,3.28255,-1.07213,7
61,16,12.975,16.0382,3
61,268,3.28255,-1.07213,7
61,4,3.28255,-1.07213,7
61,48,12.2274,15.5161,3
61,208,3.28255,-1.07213,7
61,64,12.975,16.0382,3
61,264,3.28255,-1.07212,7
61,396,12.975,16.0382,3
61,96,12.4519,15.1207,3
61,44,3.28255,-1.07213,7
61,104,12.975,16.0382,3
61,324,3.28255,-1.07213,7
61,332,3.28255,-1.07213,7
61,212,4.11466,0.611739,7
61,348,3.28255,-1.07213,7
61,276,12.975,16.0382,3
61,20,3.28255,-1.07213,7
61,392,-0.276035,-22.4057,5
61,56,12.975,16.0382,3
61,412,3.28255,-1.07213,7
61,132,11.444,14.1926,3
61,60,12.4795,15.1634,3
61,420,3.28255,-1.07213,7
61,76,3.28255,-1.07213,7
61,148,12.5022,15.289,3
61,184,0.421987,-18.2765,5
61,180,-6.90103,11.7833,1
61,232,12.975,16.0382,3
61,172,-0.424353,-23.2557,5
61,88,10.2981,11.9848,3
61,0,10.9691,13.1221,3
61,364,0.0373593,-20.6568,5
61,40,12.975,16.0382,3
61,388,12.975,16.0382,3
61,140,12.975,16.0382,3
61,416,3.28255,-1.07213,7
61,336,3.28255,-1.07213,7
61,256,2.09312,17.5751,6
61,128,12.463,15.1799,3
61,28,2.09312,17.5751,6
61,296,12.975,16.0382,3
61,192,3.28255,-1.07213,7
61,340,-6.90103,11.7833,1
61,372,3.28255,-1.07213,7
61,408,12.975,16.0382,3
61,320,3.28255,-1.07213,7
61,84,11.9643,14.3133,3
61,436,15.8755,-12.5898,5
61,272,3.28255,-1.07213,7
61,216,3.28255,-1.07213,7
61,356,3.28255,-1.07213,7
61,240,3.28255,-1.07213,7
61,244,12.975,16.0382,3
61,52,11.6947,15.269,3
61,204,3.28255,-1.07213,7
61,72,3.28255,-1.07213,7
61,108,12.975,16.0382,3
62,256,2.09312,17.5751,6
62,168,3.28255,-1.07213,7
62,44,3.28255,-1.07213,7
62,52,11.9605,15.0702,3
62,96,12.9425,15.9928,3
62,332,3.28255,-1.07213,7
62,204,3.28255,-1.07213,7
62,148,12.1562,14.9229,3
62,244,12.975,16.0382,3
62,104,12.975,16.0382,3
62,300,12.975,16.0382,3
62,196,3.28255,-1.07213,7
62,368,3.28255,-1.07213,7
62,112,22.6612,35.0591,8
62,108,12.3874,15.7471,3
62,268,3.28255,-1.07213,7
62,208,3.75539,-0.191421,7
62,68,12.975,16.0382,3
62,220,12.975,16.0382,3
62,424,-12.9443,-1.15096,2
62,16,12.975,16.0382,3
62,228,2.09312,17.5751,6
62,272,3.28255,-1.07213,7
62,276,12.975,16.0382,3
62,184,0.419019,-18.276,5
62,212,3.28255,-1.07213,7
62,48,12.061,14.5194,3
62,56,12.975,16.0382,3
62,364,-0.219551,-22.6091,5
62,140,12.975,16.0382,3
62,408,12.975,16.0382,3
62,200,3.28255,-1.07213,7
62,292,12.975,16.0382,3
62,28,2.09312,17.5751,6
62,284,3.28255,-1.07213,7
62,320,3.28255,-1.07213,7
62,156,3.28255,-1.07213,7
62,328,3.32979,-0.988125,7
62,88,10.9022,12.7891,3
62,296,12.975,16.0382,3
62,60,11.9524,14.3149,3
62,120,15.8755,-12.5898,5
62,40,12.975,16.0382,3
62,444,-20.2811,14.1943,4
62,396,12.975,16.0382,3
62,152,3.28255,-1.07213,7
62,80,12.975,16.0382,3
62,116,3.28255,-1.07213,7
62,440,-13.0279,-1.20636,2
62,232,12.6842,15.5451,3
62,24,3.28255,-1.07213,7
62,264,3.76144,-0.194275,7
62,372,3.28255,-1.07213,7
62,376,3.28255,-1.07213,7
62,124,2.50928,0.241358,7
62,12,15.8755,-12.5898,5
62,360,-0.192577,-21.8746,5
62,308,3.28255,-1.07213,7
62,384,2.09312,17.5751,6
62,436,15.8755,-12.5898,5
62,216,3.28255,-1.07213,7
62,64,12.975,16.0382,3
62,416,3.28255,-1.07213,7
62,144,12.975,16.0382,3
62,344,3.28255,-1.07213,7
62,248,12.975,16.0382,3
62,316,3.28255,-1.07213,7
62,236,12.975,16.0382,3
62,432,-13.0313,-1.20638,2
62,136,2.09312,17.5751,6
62,240,3.28255,-1.07213,7
62,312,0.0475664,-20.659,5
62,132,12.1562,14.9229,3
62,352,-21.5571,15.0533,4
62,172,-0.424353,-23.2557,5
62,380,3.28255,-1.07213,7
62,260,3.28255,-1.07213,7
62,388,12.975,16.0382,3
62,348,3.28255,-1.07213,7
62,252,-45.1115,3.54118,4
62,92,3.76724,-0.197452,7
62,84,12.975,16.0382,3
62,8,3.28255,-1.07213,7
62,428,3.28255,-1.07213,7
62,336,3.28255,-1.07213,7
62,404,3.28255,-1.07213,7
62,340,-6.90103,11.7833,1
62,324,3.28255,-1.07213,7
62,188,3.28255,-1.07213,7
62,20,3.28255,-1.07213,7
62,392,-0.279442,-22.4051,5
62,400,-20.4572,14.3537,4
62,128,12.4819,15.1683,3
62,304,3.28255,-1.07213,7
62,164,3.28255,-1.07213,7
62,76,3.28255,-1.07213,7
62,0,12.6753,15.5886,3
62,4,3.28255,-1.07213,7
62,176,2.09312,17.5751,6
62,36,12.975,16.0382,3
62,32,3.76968,-0.198827,7
62,288,12.975,16.0382,3
62,280,11.994,15.6862,3
62,224,3.28255,-1.07213,7
62,180,-6.90103,11.7833,1
62,100,-13.0313,-1.20638,2
62,420,3.28255,-1.07213,7
62,412,3.28255,-1.07213,7
62,160,3.13546,-0.0923435,7
62,192,3.28255,-1.07213,7
62,356,3.28255,-1.07213,7
62,72,3.10751,-0.3724,7
63,404,3.28255,-1.07213,7
63,412,3.28255,-1.07213,7
63,160,3.28255,-1.07213,7
63,440,-13.0279,-1.20636,2
63,416,3.28255,-1.07213,7
63,196,3.28255,-1.07213,7
63,284,3.28255,-1.07213,7
63,20,3.28255,-1.07213,7
63,156,3.28255,-1.07213,7
63,400,-20.467,14.3383,4
63,444,-20.2039,14.7548,4
63,268,3.28255,-1.07213,7
63,364,-0.277279,-22.598,5
63,232,12.7885,15.7289,3
63,88,11.5112,13.5863,3
63,344,3.28255,-1.07213,7
63,40,12.975,16.0382,3
63,264,3.28255,-1.07213,7
63,288,12.975,16.0382,3
63,168,3.28255,-1.07213,7
63,316,3.28255,-1.07213,7
63,360,-0.184165,-21.8761,5
63,396,12.975,16.0382,3
63,48,12.975,16.0382,3
63,92,3.28255,-1.07213,7
63,104,12.975,16.0382,3
63,116,3.28255,-1.07213,7
63,200,3.28255,-1.07213,7
63,124,3.28255,-1.07213,7
63,152,3.28255,-1.07213,7
63,0,12.198,14.7096,3
63,176,2.09312,17.5751,6
63,220,12.975,16.0382,3
63,72,3.24982,-0.442887,7
63,384,2.09312,17.5751,6
63,436,15.8755,-12.5898,5
63,380,3.28255,-1.07213,7
63,4,3.28255,-1.07213,7
63,304,3.28255,-1.07213,7
63,248,12.975,16.0382,3
63,44,3.28255,-1.07213,7
63,76,3.28255,-1.07213,7
63,24,3.47756,-0.190437,7
63,300,12.975,16.0382,3
63,180,-6.90103,11.7833,1
63,108,12.975,16.0382,3
63,28,2.09312,17.5751,6
63,336,3.28255,-1.07213,7
63,204,3.28255,-1.07213,7
63,428,3.28255,-1.07213,7
63,128,12.975,16.0381,3
63,80,12.6979,15.5754,3
63,256,2.09312,17.5751,6
63,208,3.28255,-1.07213,7
63,408,12.975,16.0382,3
63,424,-12.9428,-1.20148,2
63,192,3.28255,-1.07213,7
63,392,-0.286859,-22.4039,5
63,312,0.0360651,-20.657,5
63,372,3.28255,-1.07213,7
63,224,3.28255,-1.07213,7
63,84,12.975,16.0382,3
63,148,12.975,16.0382,3
63,292,12.975,16.0382,3
63,388,12.975,16.0382,3
63,68,12.975,16.0382,3
63,252,-45.1115,3.54118,4
63,64,12.975,16.0382,3
63,8,3.28255,-1.07213,7
63,244,12.975,16.0382,3
63,228,2.09312,17.5751,6
63,16,12.975,16.0382,3
63,136,2.09312,17.5751,6
63,132,12.7673,15.7212,3
63,96,12.3499,15.7182,3
63,324,3.28255,-1.07213,7
63,52,12.741,15.7475,3
63,320,3.28255,-1.07213,7
63,112,22.6612,35.0591,8
63,140,12.975,16.0382,3
63,188,3.28255,-1.07213,7
63,236,12.975,16.0382,3
63,100,-13.0313,-1.20638,2
63,432,-13.0313,-1.20638,2
63,332,3.28255,-1.07213,7
63,420,3.28255,-1.07213,7
63,56,12.975,16.0382,3
63,216,3.28255,-1.07213,7
63,280,11.7454,14.6542,3
63,144,12.975,16.0382,3
63,376,3.28255,-1.07213,7
63,36,12.482,15.1682,3
63,296,12.975,16.0382,3
63,184,0.416683,-18.2756,5
63,32,3.77927,-0.204351,7
63,60,11.4712,13.4381,3
63,356,3.28255,-1.07213,7
63,172,-0.424353,-23.2557,5
63,308,3.28255,-1.07213,7
63,352,-21.5685,15.0354,4
63,240,3.28255,-1.07213,7
63,120,15.8755,-12.5898,5
63,272,3.28255,-1.07213,7
63,368,3.28255,-1.07213,7
63,212,3.28255,-1.07213,7
63,260,3.28255,-1.07213,7
63,340,-6.90103,11.7833,1
63,348,3.28255,-1.07213,7
63,276,12.975,16.0382,3
63,12,15.8755,-12.5898,5
63,164,3.28255,-1.07213,7
63,328,3.78156,-0.20561,7
64,72,3.28255,-1.07213,7
64,112,22.6612,35.0591,8
64,332,3.28255,-1.07213,7
64,256,2.09312,17.5751,6
64,408,12.975,16.0382,3
64,388,12.975,16.0382,3
64,276,12.975,16.0382,3
64,180,-6.90103,11.7833,1
64,240,3.28255,-1.07213,7
64,88,11.5283,13.5765,3
64,412,3.28255,-1.07213,7
64,280,11.3669,13.7153,3
64,212,3.28255,-1.07213,7
64,268,3.28255,-1.07213,7
64,248,12.975,16.0382,3
64,208,3.28255,-1.07213,7
64,100,-13.0313,-1.20638,2
64,164,3.28255,-1.07213,7
64,288,12.975,16.0382,3
64,368,3.28255,-1.07213,7
64,284,3.76592,-0.196887,7
64,32,4.26953,0.667228,7
64,104,12.975,16.0382,3
64,260,3.28255,-1.07213,7
64,76,3.77543,-0.202038,7
64,120,15.8755,-12.5898,5
64,340,-6.90103,11.7833,1
64,148,12.975,16.0382,3
64,224,3.28255,-1.07213,7
64,236,12.975,16.0382,3
64,12,15.8755,-12.5898,5
64,392,-0.424353,-23.2557,5
64,4,3.28255,-1.07213,7
64,436,15.8755,-12.5898,5
64,40,12.975,16.0382,3
64,60,10.9983,12.557,3
64,324,3.28255,-1.07213,7
64,292,12.975,16.0382,3
64,220,12.975,16.0382,3
64,356,3.28255,-1.07213,7
64,24,3.28255,-1.07213,7
64,348,3.28255,-1.07213,7
64,0,12.6773,15.5903,3
64,304,3.28255,-1.07213,7
64,84,12.975,16.0382,3
64,172,-0.424353,-23.2557,5
64,56,12.975,16.0382,3
64,80,12.975,16.0382,3
64,128,12.975,16.0382,3
64,420,3.28255,-1.07213,7
64,116,3.28255,-1.07213,7
64,364,-0.293488,-22.5949,5
64,336,3.28255,-1.07213,7
64,428,3.28255,-1.07213,7
64,28,2.09312,17.5751,6
64,320,3.28255,-1.07213,7
64,168,3.28255,-1.07213,7
64,396,12.975,16.0382,3
64,376,3.28255,-1.07213,7
64,96,11.9905,14.7615,3
64,296,12.975,16.0382,3
64,312,0.0281425,-20.6556,5
64,372,3.28255,-1.07213,7
64,64,12.975,16.0382,3
64,124,3.28255,-1.07213,7
64,424,-12.9428,-1.20534,2
64,432,-13.0313,-1.20638,2
64,156,3.28255,-1.07213,7
64,216,3.28255,-1.07213,7
64,200,3.28255,-1.07213,7
64,188,3.28255,-1.07213,7
64,20,3.28255,-1.07213,7
64,440,-13.0279,-1.20636,2
64,272,3.28255,-1.07213,7
64,300,12.975,16.0382,3
64,92,3.28255,-1.07213,7
64,404,3.28255,-1.07213,7
64,8,3.28255,-1.07213,7
64,316,3.28255,-1.07213,7
64,244,12.975,16.0382,3
64,400,-20.4744,14.3267,4
64,264,3.28255,-1.07213,7
64,228,2.09312,17.5751,6
64,184,0.430145,-18.2781,5
64,136,2.09312,17.5751,6
64,328,3.28255,-1.07213,7
64,176,2.09312,17.5751,6
64,384,2.09312,17.5751,6
64,360,-0.188334,-21.8754,5
64,48,12.975,16.0382,3
64,352,-21.552,15.0639,4
64,416,3.28255,-1.07213,7
64,16,12.975,16.0382,3
64,380,3.28255,-1.07213,7
64,192,3.28255,-1.07213,7
64,204,3.28255,-1.07213,7
64,52,12.975,16.0382,3
64,144,12.975,16.0382,3
64,160,3.28255,-1.07213,7
64,108,12.3429,15.9461,3
64,344,3.28255,-1.07213,7
64,444,-20.2708,14.6397,4
64,132,12.2836,14.8458,3
64,68,12.975,16.0382,3
64,308,3.28255,-1.07213,7
64,44,3.28255,-1.07213,7
64,152,3.28255,-1.07213,7
64,196,3.28255,-1.07213,7
64,232,12.975,16.0382,3
64,252,-45.1115,3.54118,4
64,36,11.8449,15.2056,3
64,140,12.975,16.0382,3
65,208,3.28255,-1.07213,7
65,308,3.28255,-1.07213,7
65,356,3.28255,-1.07213,7
65,60,10.9992,12.5565,3
65,432,-13.0313,-1.20638,2
65,344,3.28255,-1.07213,7
65,176,2.09312,17.5751,6
65,56,12.975,16.0382,3
65,404,3.28255,-1.07213,7
65,368,3.28255,-1.07213,7
65,396,12.975,16.0382,3
65,72,3.28255,-1.07213,7
65,284,3.28255,-1.07213,7
65,424,-12.9656,-1.16805,2
65,188,3.28255,-1.07213,7
65,224,3.28255,-1.07213,7
65,328,3.28255,-1.07213,7
65,8,3.28255,-1.07213,7
65,160,3.28255,-1.07213,7
65,340,-6.90103,11.7833,1
65,156,3.28255,-1.07213,7
65,92,3.11786,-2.05848,7
65,384,2.09312,17.5751,6
65,120,15.8755,-12.5898,5
65,84,12.975,16.0382,3
65,336,3.28255,-1.07213,7
65,220,12.975,16.0382,3
65,96,12.6487,15.525,3
65,216,3.28255,-1.07213,7
65,32,3.28255,-1.07213,7
65,420,3.28255,-1.07213,7
65,172,-0.424353,-23.2557,5
65,40,12.975,16.0382,3
65,200,3.28255,-1.07213,7
65,12,15.8755,-12.5898,5
65,192,3.28255,-1.07213,7
65,48,12.3312,15.3453,3
65,360,-0.190652,-21.875,5
65,236,12.975,16.0382,3
65,180,-6.90103,11.7833,1
65,316,3.28255,-1.07213,7
65,88,12.0431,14.434,3
65,388,12.975,16.0382,3
65,260,3.28255,-1.07213,7
65,332,3.28255,-1.07213,7
65,36,11.5347,14.2194,3
65,300,12.975,16.0382,3
65,68,12.975,16.0382,3
65,64,12.975,16.0382,3
65,164,3.28255,-1.07213,7
65,104,12.975,16.0382,3
65,116,3.28255,-1.07213,7
65,16,12.975,16.0382,3
65,416,3.28255,-1.07213,7
65,280,11.9914,14.5044,3
65,240,3.28255,-1.07213,7
65,80,12.975,16.0382,3
65,376,3.28255,-1.07213,7
65,228,2.09312,17.5751,6
65,304,3.28255,-1.07213,7
65,412,3.28255,-1.07213,7
65,272,3.28255,-1.07213,7
65,252,-45.1115,3.54118,4
65,444,-20.3069,14.576,4
65,312,-0.498657,-20.8249,5
65,296,12.975,16.0382,3
65,428,3.28255,-1.07213,7
65,152,3.28255,-1.07213,7
65,232,12.975,16.0382,3
65,20,3.28255,-1.07213,7
65,148,12.975,16.0382,3
65,320,3.28255,-1.07213,7
65,352,-21.5654,15.0427,4
65,196,3.28255,-1.07213,7
65,168,3.28255,-1.07213,7
65,52,12.4606,15.1814,3
65,112,22.6612,35.0591,8
65,44,3.28255,-1.07213,7
65,380,3.28255,-1.07213,7
65,400,-20.48,14.3179,4
65,124,3.28255,-1.07213,7
65,348,3.28255,-1.07213,7
65,140,12.975,16.0382,3
65,244,12.975,16.0382,3
65,292,12.975,16.0382,3
65,276,12.975,16.0382,3
65,248,12.975,16.0382,3
65,24,3.28255,-1.07213,7
65,392,-0.424353,-23.2557,5
65,212,3.28255,-1.07213,7
65,128,12.975,16.0382,3
65,204,3.28255,-1.07213,7
65,132,11.7952,13.9732,3
65,268,3.28255,-1.07213,7
65,436,15.8755,-12.5898,5
65,28,2.09312,17.5751,6
65,364,-0.299731,-22.5938,5
65,76,3.28255,-1.07213,7
65,100,-13.0313,-1.20638,2
65,264,3.28255,-1.07213,7
65,136,2.09312,17.5751,6
65,108,12.0491,14.944,3
65,256,2.09312,17.5751,6
65,440,-13.0279,-1.20618,2
65,324,3.28255,-1.07213,7
65,372,3.28255,-1.07213,7
65,288,12.975,16.0382,3
65,4,3.28255,-1.07213,7
65,408,12.975,16.0382,3
65,0,12.2039,14.7092,3
65,144,12.975,16.0382,3
65,184,0.425433,-18.2773,5
66,36,11.0798,13.3236,3
66,328,3.28255,-1.07213,7
66,248,12.975,16.0382,3
66,232,12.975,16.0382,3
66,408,12.975,16.0382,3
66,200,3.28255,-1.07213,7
66,204,3.28255,-1.07213,7
66,412,3.28255,-1.07213,7
66,188,3.28255,-1.07213,7
66,124,3.28255,-1.07213,7
66,152,3.28255,-1.07213,7
66,276,12.975,16.0382,3
66,264,3.28255,-1.07213,7
66,388,12.975,16.0382,3
66,116,3.28255,-1.07213,7
66,424,-12.9633,-1.20025,2
66,340,-6.90103,11.7833,1
66,420,3.28255,-1.07213,7
66,344,3.28255,-1.07213,7
66,284,3.28255,-1.07213,7
66,96,12.15,14.8808,3
66,176,2.09312,17.5751,6
66,224,3.28255,-1.07213,7
66,272,3.28255,-1.07213,7
66,268,3.28255,-1.07213,7
66,444,-20.3346,14.5279,4
66,304,3.28255,-1.07213,7
66,288,12.975,16.0382,3
66,92,3.28255,-1.07213,7
66,220,12.975,16.0382,3
66,252,-45.1115,3.54118,4
66,372,3.28255,-1.07213,7
66,312,-0.33359,-20.8449,5
66,88,12.837,15.2946,3
66,0,12.975,16.0382,3
66,384,2.09312,17.5751,6
66,172,-0.424353,-23.2557,5
66,100,-13.0313,-1.20638,2
66,24,3.28255,-1.07213,7
66,332,3.28255,-1.07213,7
66,8,3.28255,-1.07213,7
66,216,3.28255,-1.07213,7
66,400,-20.4843,14.3112,4
66,4,3.28255,-1.07213,7
66,112,22.6612,35.0591,8
66,48,12.975,16.0382,3
66,12,15.8755,-12.5898,5
66,244,12.975,16.0382,3
66,428,3.28255,-1.07213,7
66,352,-21.5745,15.0284,4
66,356,3.28255,-1.07213,7
66,120,15.8755,-12.5898,5
66,20,3.28255,-1.07213,7
66,156,3.28255,-1.07213,7
66,32,3.28255,-1.07213,7
66,416,3.28255,-1.07213,7
66,80,12.975,16.0382,3
66,164,3.28255,-1.07213,7
66,104,12.975,16.0382,3
66,140,12.975,16.0382,3
66,308,3.28255,-1.07213,7
66,320,3.28255,-1.07213,7
66,44,3.28255,-1.07213,7
66,280,12.5536,15.3332,3
66,196,3.28255,-1.07213,7
66,316,3.28255,-1.07213,7
66,360,-0.19194,-21.8748,5
66,168,3.28255,-1.07213,7
66,300,12.975,16.0382,3
66,16,12.975,16.0382,3
66,348,3.28255,-1.07213,7
66,72,3.28255,-1.07213,7
66,160,3.28255,-1.07213,7
66,56,12.975,16.0382,3
66,392,-0.424353,-23.2557,5
66,440,-13.0279,-1.20636,2
66,240,3.28255,-1.07213,7
66,68,12.975,16.0382,3
66,184,0.421725,-18.2766,5
66,128,12.975,16.0382,3
66,192,3.28255,-1.07213,7
66,396,12.975,16.0382,3
66,148,12.975,16.0382,3
66,376,3.28255,-1.07213,7
66,256,2.09312,17.5751,6
66,260,3.28255,-1.07213,7
66,40,12.975,16.0382,3
66,324,3.28255,-1.07213,7
66,52,11.9766,14.3062,3
66,76,3.28255,-1.07213,7
66,236,12.975,16.0382,3
66,144,12.975,16.0382,3
66,212,3.28255,-1.07213,7
66,380,3.28255,-1.07213,7
66,436,15.8755,-12.5898,5
66,60,12.4786,15.1663,3
66,292,12.975,16.0382,3
66,368,3.28255,-1.07213,7
66,432,-13.0313,-1.20638,2
66,28,2.09312,17.5751,6
66,84,12.975,16.0382,3
66,108,12.4584,15.1899,3
66,364,-0.308123,-22.5923,5
66,296,12.975,16.0382,3
66,180,-6.90103,11.7833,1
66,132,12.975,16.0382,3
66,136,2.09312,17.5751,6
66,404,3.28255,-1.07213,7
66,228,2.09312,17.5751,6
66,208,3.28255,-1.07213,7
66,64,12.975,16.0382,3
66,336,3.28255,-1.07213,7
67,0,12.975,16.0382,3
67,380,3.28255,-1.07213,7
67,304,3.28255,-1.07213,7
67,264,3.28255,-1.07213,7
67,316,3.28255,-1.07213,7
67,208,3.28255,-1.07213,7
67,224,3.28255,-1.07213,7
67,408,12.975,16.0382,3
67,220,12.975,16.0382,3
67,8,3.28255,-1.07213,7
67,404,3.28255,-1.07213,7
67,384,2.09312,17.5751,6
67,108,11.9764,14.3136,3
67,12,15.8755,-12.5898,5
67,60,12.975,16.0382,3
67,204,3.28255,-1.07213,7
67,24,3.28255,-1.07213,7
67,80,12.975,16.0382,3
67,76,3.28255,-1.07213,7
67,124,3.28255,-1.07213,7
67,296,12.975,16.0382,3
67,352,-21.5682,15.0388,4
67,164,3.28255,-1.07213,7
67,212,3.7698,-0.199195,7
67,344,3.28255,-1.07213,7
67,276,12.975,16.0382,3
67,388,12.975,16.0382,3
67,228,2.09312,17.5751,6
67,332,3.28255,-1.07213,7
67,148,12.4196,15.2158,3
67,272,3.28255,-1.07213,7
67,48,12.975,16.0382,3
67,200,3.28255,-1.07213,7
67,4,3.28255,-1.07213,7
67,284,3.28255,-1.07213,7
67,328,3.28255,-1.07213,7
67,92,3.78404,-0.207119,7
67,360,-0.192656,-21.8746,5
67,168,3.28255,-1.07213,7
67,176,2.09312,17.5751,6
67,364,-0.305373,-22.5928,5
67,144,12.975,16.0382,3
67,260,3.28255,-1.07213,7
67,16,12.975,16.0382,3
67,420,3.28255,-1.07213,7
67,100,-13.0313,-1.20638,2
67,188,3.28255,-1.07213,7
67,292,12.975,16.0382,3
67,340,-6.90103,11.7833,1
67,28,2.09312,17.5751,6
67,244,12.975,16.0382,3
67,336,3.28255,-1.07213,7
67,248,12.975,16.0382,3
67,140,12.975,16.0382,3
67,400,-20.4729,14.3298,4
67,396,12.975,16.0382,3
67,288,12.975,16.0382,3
67,392,-0.424353,-23.2557,5
67,52,11.4935,13.4306,3
67,40,12.975,16.0382,3
67,412,3.28255,-1.07213,7
67,72,3.28255,-1.07213,7
67,44,3.28255,-1.07213,7
67,416,3.28255,-1.07213,7
67,88,12.7874,15.3935,3
67,32,3.46738,-0.179103,7
67,116,3.17255,-0.655518,7
67,368,3.28255,-1.07213,7
67,216,3.28255,-1.07213,7
67,56,12.975,16.0382,3
67,132,12.4821,15.1681,3
67,152,3.28255,-1.07213,7
67,320,3.28255,-1.07213,7
67,256,2.09312,17.5751,6
67,252,-45.1115,3.54118,4
67,372,3.28255,-1.07213,7
67,84,12.451,15.1885,3
67,180,-6.90103,11.7833,1
67,128,12.975,16.0382,3
67,196,3.28255,-1.07213,7
67,312,-0.233175,-20.8581,5
67,240,3.28255,-1.07213,7
67,356,3.28255,-1.07213,7
67,192,3.28255,-1.07213,7
67,308,3.28255,-1.07213,7
67,68,12.975,16.0382,3
67,424,-13.0138,-1.23224,2
67,64,12.975,16.0382,3
67,300,12.975,16.0382,3
67,120,15.8755,-12.5898,5
67,440,-13.0279,-1.20634,2
67,184,1.04241,-18.8795,5
67,160,3.28255,-1.07213,7
67,428,3.28255,-1.07213,7
67,172,-0.424353,-23.2557,5
67,436,15.8755,-12.5898,5
67,112,22.6612,35.0591,8
67,36,11.7051,14.1136,3
67,236,12.975,16.0382,3
67,96,12.7364,16.0054,3
67,156,3.28255,-1.07213,7
67,104,12.975,16.0382,3
67,280,11.9324,15.3252,3
67,444,-20.365,14.4773,4
67,20,3.28255,-1.07213,7
67,268,3.28255,-1.07213,7
67,376,3.28255,-1.07213,7
67,348,3.28255,-1.07213,7
67,232,12.4625,15.1818,3
67,324,3.28255,-1.07213,7
67,432,-13.0313,-1.20638,2
67,136,2.09312,17.5751,6
68,8,3.28255,-1.07213,7
68,308,3.28255,-1.07213,7
68,268,3.28255,-1.07213,7
68,140,12.975,16.0382,3
68,204,3.28255,-1.07213,7
68,192,3.28255,-1.07213,7
68,368,3.28255,-1.07213,7
68,164,3.28255,-1.07213,7
68,168,3.28255,-1.07213,7
68,4,3.28255,-1.07213,7
68,100,-13.0313,-1.20638,2
68,364,-0.310294,-22.592,5
68,316,3.28255,-1.07213,7
68,292,12.975,16.0382,3
68,132,12.975,16.0382,3
68,216,3.28255,-1.07213,7
68,328,3.28255,-1.07213,7
68,384,2.09312,17.5751,6
68,280,11.622,14.3386,3
68,344,3.28255,-1.07213,7
68,116,3.28255,-1.07213,7
68,212,3.28255,-1.07213,7
68,248,12.975,16.0382,3
68,224,3.28255,-1.07213,7
68,200,3.28255,-1.07213,7
68,40,12.975,16.0382,3
68,244,12.975,16.0382,3
68,392,-0.424353,-23.2557,5
68,300,12.975,16.0382,3
68,424,-13.0313,-1.20638,2
68,276,12.975,16.0382,3
68,196,3.28255,-1.07213,7
68,232,12.7827,15.1935,3
68,296,12.975,16.0382,3
68,356,3.28255,-1.07213,7
68,124,3.28255,-1.07213,7
68,88,12.975,16.0382,3
68,284,3.77537,-0.202005,7
68,76,3.77543,-0.202038,7
68,324,3.28255,-1.07213,7
68,236,12.975,16.0382,3
68,80,12.4789,15.17,3
68,440,-13.0279,-1.20636,2
68,388,12.975,16.0382,3
68,400,-20.479,14.3203,4
68,180,-6.90103,11.7833,1
68,372,3.28255,-1.07213,7
68,208,3.28255,-1.07213,7
68,144,12.975,16.0382,3
68,108,12.4639,15.1829,3
68,404,3.28255,-1.07213,7
68,432,-13.0313,-1.20638,2
68,152,3.28255,-1.07213,7
68,320,3.28255,-1.07213,7
68,348,3.28255,-1.07213,7
68,12,15.8755,-12.5898,5
68,416,3.28255,-1.07213,7
68,128,12.975,16.0382,3
68,44,3.28255,-1.07213,7
68,380,3.28255,-1.07213,7
68,264,3.28255,-1.07213,7
68,304,3.28255,-1.07213,7
68,64,12.975,16.0382,3
68,396,12.975,16.0382,3
68,336,3.28255,-1.07213,7
68,112,22.6612,35.0591,8
68,312,-0.16585,-20.8677,5
68,252,-45.1115,3.54118,4
68,32,3.28255,-1.07213,7
68,340,-6.90103,11.7833,1
68,408,12.975,16.0382,3
68,104,12.975,16.0382,3
68,220,12.975,16.0382,3
68,360,-0.424353,-23.2557,5
68,84,12.975,16.0382,3
68,16,12.975,16.0382,3
68,444,-20.3942,14.4301,4
68,160,3.28255,-1.07213,7
68,148,12.975,16.0382,3
68,120,15.8755,-12.5898,5
68,156,3.28255,-1.07213,7
68,420,3.28255,-1.07213,7
68,272,3.28255,-1.07213,7
68,96,12.3135,15.0906,3
68,20,3.28255,-1.07213,7
68,184,0.882983,-18.846,5
68,412,3.28255,-1.07213,7
68,256,2.09312,17.5751,6
68,188,3.28255,-1.07213,7
68,332,3.28255,-1.07213,7
68,68,12.975,16.0382,3
68,72,3.28255,-1.07213,7
68,60,12.975,16.0382,3
68,56,12.975,16.0382,3
68,176,2.09312,17.5751,6
68,136,2.09312,17.5751,6
68,0,12.975,16.0382,3
68,172,-0.424353,-23.2557,5
68,36,12.3577,14.8598,3
68,52,12.975,16.0382,3
68,228,2.09312,17.5751,6
68,240,3.28255,-1.07213,7
68,288,12.975,16.0382,3
68,428,3.28255,-1.07213,7
68,92,4.28232,0.659807,7
68,48,12.975,16.0382,3
68,436,15.8755,-12.5898,5
68,376,3.28255,-1.07213,7
68,24,3.28255,-1.07213,7
68,352,-21.5639,15.0459,4
68,260,3.28255,-1.07213,7
68,28,2.09312,17.5751,6
69,56,12.975,16.0382,3
69,180,-6.90103,11.7833,1
69,132,12.975,16.0382,3
69,320,3.28255,-1.07213,7
69,392,-0.424353,-23.2557,5
69,344,3.28255,-1.07213,7
69,300,12.975,16.0382,3
69,192,3.28255,-1.07213,7
69,72,3.28255,-1.07213,7
69,76,3.28255,-1.07213,7
69,208,3.28255,-1.07213,7
69,264,3.28255,-1.07213,7
69,332,3.28255,-1.07213,7
69,376,3.28255,-1.07213,7
69,252,-45.1115,3.54118,4
69,4,3.28255,-1.07213,7
69,420,3.28255,-1.07213,7
69,212,3.28255,-1.07213,7
69,88,12.975,16.0382,3
69,32,3.28255,-1.07213,7
69,380,3.28255,-1.07213,7
69,52,12.975,16.0382,3
69,60,12.975,16.0382,3
69,24,3.47225,-0.184408,7
69,92,3.28255,-1.07213,7
69,40,12.975,16.0382,3
69,408,12.975,16.0382,3
69,348,3.28255,-1.07213,7
69,152,3.28255,-1.07213,7
69,228,2.09312,17.5751,6
69,196,3.28255,-1.07213,7
69,432,-13.0313,-1.20638,2
69,188,3.28255,-1.07213,7
69,368,3.28255,-1.07213,7
69,336,3.28255,-1.07213,7
69,48,12.975,16.0382,3
69,352,-21.561,15.0506,4
69,84,12.4821,15.1681,3
69,260,3.28255,-1.07213,7
69,156,3.28255,-1.07213,7
69,296,12.975,16.0382,3
69,12,15.8755,-12.5898,5
69,16,12.975,16.0382,3
69,116,3.28255,-1.07213,7
69,288,12.975,16.0382,3
69,224,3.28255,-1.07213,7
69,248,12.975,16.0382,3
69,444,-20.7628,14.1325,4
69,160,3.28255,-1.07213,7
69,372,3.28255,-1.07213,7
69,144,12.975,16.0382,3
69,280,12.3228,15.0749,3
69,240,3.28255,-1.07213,7
69,256,2.09312,17.5751,6
69,108,12.3595,15.0632,3
69,172,-0.424353,-23.2557,5
69,364,-0.312184,-22.5917,5
69,284,3.28255,-1.07213,7
69,292,12.975,16.0382,3
69,104,12.975,16.0382,3
69,384,2.09312,17.5751,6
69,8,3.28255,-1.07213,7
69,28,2.09312,17.5751,6
69,64,12.975,16.0382,3
69,176,2.09312,17.5751,6
69,316,3.77543,-0.202038,7
69,216,3.28255,-1.07213,7
69,428,3.28255,-1.07213,7
69,396,12.975,16.0382,3
69,328,3.28255,-1.07213,7
69,236,12.975,16.0382,3
69,200,3.28255,-1.07213,7
69,276,12.975,16.0382,3
69,112,22.6612,35.0591,8
69,80,11.969,14.3101,3
69,244,12.975,16.0382,3
69,36,12.7039,15.4533,3
69,436,15.8755,-12.5898,5
69,44,3.28255,-1.07213,7
69,68,12.975,16.0382,3
69,388,12.975,16.0382,3
69,356,3.28255,-1.07213,7
69,360,-0.424353,-23.2557,5
69,96,12.3676,15.0605,3
69,148,12.975,16.0382,3
69,424,-13.0313,-1.20638,2
69,0,12.975,16.0382,3
69,164,3.28255,-1.07213,7
69,304,3.28255,-1.07213,7
69,312,-0.110119,-20.8767,5
69,308,3.28255,-1.07213,7
69,340,-6.90103,11.7833,1
69,232,12.7941,16.0431,3
69,100,-13.0313,-1.20638,2
69,124,3.28255,-1.07213,7
69,220,12.975,16.0382,3
69,128,12.975,16.0382,3
69,136,2.09312,17.5751,6
69,440,-13.0279,-1.20618,2
69,140,12.975,16.0382,3
69,404,3.28255,-1.07213,7
69,204,3.28255,-1.07213,7
69,120,15.8755,-12.5898,5
69,168,3.28255,-1.07213,7
69,324,3.28255,-1.07213,7
69,412,3.28255,-1.07213,7
69,400,-20.4836,14.3131,4
69,184,0.758954,-18.8212,5
69,416,3.28255,-1.07213,7
69,20,3.28255,-1.07213,7
69,272,3.28255,-1.07213,7
69,268,3.28255,-1.07213,7
70,208,3.28255,-1.07213,7
70,172,-0.424353,-23.2557,5
70,272,3.28255,-1.07213,7
70,236,12.975,16.0382,3
70,80,12.4238,15.7959,3
70,256,2.09312,17.5751,6
70,304,3.28255,-1.07213,7
70,84,11.9893,14.298,3
70,200,3.28255,-1.07213,7
70,184,0.662592,-18.8026,5
70,224,3.28255,-1.07213,7
70,352,-21.8213,14.8284,4
70,32,3.28255,-1.07213,7
70,36,12.975,16.0382,3
70,128,12.4821,15.1681,3
70,312,-0.0833892,-20.8809,5
70,92,3.28255,-1.07213,7
70,112,22.6612,35.0591,8
70,64,12.975,16.0382,3
70,116,3.28255,-1.07213,7
70,8,3.28255,-1.07213,7
70,140,12.975,16.0382,3
70,100,-13.0313,-1.20638,2
70,68,12.975,16.0382,3
70,376,3.28255,-1.07213,7
70,260,3.28255,-1.07213,7
70,380,3.28255,-1.07213,7
70,348,3.28255,-1.07213,7
70,20,3.28255,-1.07213,7
70,160,3.28255,-1.07213,7
70,44,3.28255,-1.07213,7
70,396,12.975,16.0382,3
70,196,3.28255,-1.07213,7
70,264,3.77543,-0.202038,7
70,88,12.975,16.0382,3
70,212,3.24686,-0.0735539,7
70,388,12.975,16.0382,3
70,324,3.28255,-1.07213,7
70,424,-13.0313,-1.20638,2
70,180,-6.90103,11.7833,1
70,144,12.975,16.0382,3
70,4,3.28255,-1.07213,7
70,176,2.09312,17.5751,6
70,340,-6.90103,11.7833,1
70,300,12.975,16.0382,3
70,384,2.09312,17.5751,6
70,368,3.28255,-1.07213,7
70,0,12.975,16.0382,3
70,220,12.975,16.0382,3
70,336,3.28255,-1.07213,7
70,108,12.9141,16.0357,3
70,288,12.975,16.0382,3
70,188,3.28255,-1.07213,7
70,320,3.28255,-1.07213,7
70,40,12.975,16.0382,3
70,76,3.77544,-0.202044,7
70,168,3.28255,-1.07213,7
70,316,3.28255,-1.07213,7
70,356,3.28255,-1.07213,7
70,360,-0.424353,-23.2557,5
70,276,12.975,16.0382,3
70,364,-0.307739,-22.5925,5
70,56,12.975,16.0382,3
70,412,3.28255,-1.07213,7
70,332,3.28255,-1.07213,7
70,428,3.28255,-1.07213,7
70,216,3.28255,-1.07213,7
70,16,12.975,16.0382,3
70,164,3.28255,-1.07213,7
70,252,-45.1115,3.54118,4
70,24,3.28255,-1.07213,7
70,152,3.28255,-1.07213,7
70,120,15.8755,-12.5898,5
70,248,12.975,16.0382,3
70,244,12.975,16.0382,3
70,284,3.28255,-1.07213,7
70,136,2.09312,17.5751,6
70,268,3.28255,-1.07213,7
70,408,12.975,16.0382,3
70,240,3.28255,-1.07213,7
70,292,12.975,16.0382,3
70,28,2.09312,17.5751,6
70,124,3.28255,-1.07213,7
70,96,12.9003,15.9029,3
70,432,-13.0313,-1.20638,2
70,296,12.975,16.0382,3
70,328,3.28255,-1.07213,7
70,436,15.8755,-12.5898,5
70,204,3.28255,-1.07213,7
70,228,2.09312,17.5751,6
70,280,12.975,16.0382,3
70,372,3.28255,-1.07213,7
70,12,15.8755,-12.5898,5
70,444,-20.631,14.4854,4
70,132,12.3874,15.7471,3
70,72,3.28255,-1.07213,7
70,104,12.975,16.0382,3
70,52,12.975,16.0382,3
70,148,12.4821,15.1681,3
70,344,3.28255,-1.07213,7
70,420,3.28255,-1.07213,7
70,404,3.28255,-1.07213,7
70,440,-13.028,-1.20573,2
70,400,-20.4725,14.3312,4
70,392,-0.424353,-23.2557,5
70,156,3.28255,-1.07213,7
70,308,3.28255,-1.07213,7
70,192,3.28255,-1.07213,7
70,416,3.28255,-1.07213,7
70,48,12.975,16.0382,3
70,232,12.975,16.0382,3
70,60,12.975,16.0382,3
71,160,3.28255,-1.07213,7
71,120,15.8755,-12.5898,5
71,252,-45.1115,3.54118,4
71,80,12.975,16.0382,3
71,368,3.28255,-1.07213,7
71,316,3.28255,-1.07213,7
71,272,3.28255,-1.07213,7
71,208,3.28255,-1.07213,7
71,340,-6.90103,11.7833,1
71,224,3.28255,-1.07213,7
71,72,3.775,-0.201794,7
71,176,2.09312,17.5751,6
71,196,3.28255,-1.07213,7
71,236,12.975,16.0382,3
71,240,3.28255,-1.07213,7
71,268,3.28255,-1.07213,7
71,432,-13.0313,-1.20638,2
71,204,3.28255,-1.07213,7
71,152,3.28255,-1.07213,7
71,188,3.28255,-1.07213,7
71,76,4.26832,0.668054,7
71,248,12.975,16.0382,3
71,164,3.28255,-1.07213,7
71,328,3.28255,-1.07213,7
71,216,3.28255,-1.07213,7
71,68,12.975,16.0382,3
71,96,12.975,16.0382,3
71,300,12.975,16.0382,3
71,108,12.975,16.0382,3
71,332,3.28255,-1.07213,7
71,320,3.28255,-1.07213,7
71,416,3.28255,-1.07213,7
71,92,3.28255,-1.07213,7
71,112,22.6612,35.0591,8
71,388,12.975,16.0382,3
71,392,-0.424353,-23.2557,5
71,228,2.09312,17.5751,6
71,312,-0.0654702,-20.8838,5
71,360,-0.424353,-23.2557,5
71,36,12.975,16.0382,3
71,52,12.4821,15.1681,3
71,376,3.28255,-1.07213,7
71,48,12.975,16.0382,3
71,116,3.28255,-1.07213,7
71,24,3.28255,-1.07213,7
71,84,12.3584,15.1943,3
71,336,3.28255,-1.07213,7
71,364,-0.311207,-22.5919,5
71,428,3.28255,-1.07213,7
71,104,12.975,16.0382,3
71,420,3.28255,-1.07213,7
71,344,3.28255,-1.07213,7
71,440,-13.0297,-1.20438,2
71,124,3.28255,-1.07213,7
71,220,12.975,16.0382,3
71,304,3.28255,-1.07213,7
71,264,3.28255,-1.07213,7
71,20,3.28255,-1.07213,7
71,140,12.975,16.0382,3
71,144,12.975,16.0382,3
71,200,3.28255,-1.07213,7
71,396,12.975,16.0382,3
71,276,12.975,16.0382,3
71,136,2.09312,17.5751,6
71,260,3.28255,-1.07213,7
71,408,12.975,16.0382,3
71,172,-0.424353,-23.2557,5
71,8,3.28255,-1.07213,7
71,88,12.975,16.0382,3
71,180,-6.90103,11.7833,1
71,280,12.975,16.0382,3
71,424,-13.0313,-1.20638,2
71,128,11.9824,14.3022,3
71,412,3.28255,-1.07213,7
71,284,3.77543,-0.202038,7
71,60,12.4736,15.1731,3
71,356,3.28255,-1.07213,7
71,32,3.28255,-1.07213,7
71,4,3.28255,-1.07213,7
71,16,12.975,16.0382,3
71,244,12.975,16.0382,3
71,148,12.4767,15.1715,3
71,444,-20.6434,14.4659,4
71,352,-21.7708,14.9009,4
71,308,3.28255,-1.07213,7
71,28,2.09312,17.5751,6
71,64,12.975,16.0382,3
71,348,3.28255,-1.07213,7
71,156,3.28255,-1.07213,7
71,384,2.09312,17.5751,6
71,44,3.28255,-1.07213,7
71,0,12.7073,15.6071,3
71,436,15.8755,-12.5898,5
71,56,12.975,16.0382,3
71,400,-20.4788,14.3214,4
71,100,-13.0313,-1.20638,2
71,404,3.28255,-1.07213,7
71,256,2.09312,17.5751,6
71,296,12.975,16.0382,3
71,372,3.28255,-1.07213,7
71,12,15.8755,-12.5898,5
71,288,12.975,16.0382,3
71,212,3.28255,-1.07213,7
71,292,12.975,16.0382,3
71,168,3.28255,-1.07213,7
71,40,12.975,16.0382,3
71,192,3.28255,-1.07213,7
71,232,12.9257,15.9569,3
71,184,0.173986,-20.7419,5
71,132,12.4821,15.1681,3
71,380,3.28255,-1.07213,7
71,324,3.28255,-1.07213,7
72,104,12.975,16.0382,3
72,204,3.28255,-1.07213,7
72,108,12.4821,15.1681,3
72,176,2.09312,17.5751,6
72,120,15.8755,-12.5898,5
72,40,12.975,16.0382,3
72,400,-20.4835,14.314,4
72,224,3.28255,-1.07213,7
72,396,12.975,16.0382,3
72,72,3.28255,-1.07213,7
72,180,-6.90103,11.7833,1
72,376,3.28255,-1.07213,7
72,100,-13.0313,-1.20638,2
72,324,3.28255,-1.07213,7
72,116,3.28255,-1.07213,7
72,112,22.6612,35.0591,8
72,4,3.28255,-1.07213,7
72,124,2.40962,-0.835883,7
72,88,12.975,16.0382,3
72,212,3.28255,-1.07213,7
72,264,3.28255,-1.07213,7
72,220,12.975,16.0382,3
72,332,3.28255,-1.07213,7
72,312,-0.0534564,-20.8857,5
72,352,-21.7375,14.9497,4
72,368,3.28255,-1.07213,7
72,16,12.975,16.0382,3
72,412,3.28255,-1.07213,7
72,344,3.28255,-1.07213,7
72,164,3.28255,-1.07213,7
72,364,-0.301101,-22.5938,5
72,292,12.975,16.0382,3
72,208,3.28255,-1.07213,7
72,32,3.78667,-0.209751,7
72,168,3.72343,-0.283281,7
72,408,12.975,16.0382,3
72,372,3.28255,-1.07213,7
72,76,3.81546,-0.219311,7
72,92,3.28255,-1.07213,7
72,232,12.975,16.0382,3
72,248,12.975,16.0382,3
72,152,3.28255,-1.07213,7
72,268,3.28255,-1.07213,7
72,360,-0.424353,-23.2557,5
72,188,3.28255,-1.07213,7
72,64,12.975,16.0382,3
72,428,3.28255,-1.07213,7
72,48,12.4799,15.1693,3
72,200,3.28255,-1.07213,7
72,52,12.975,16.0382,3
72,392,-0.424353,-23.2557,5
72,172,-0.424353,-23.2557,5
72,272,3.28255,-1.07213,7
72,420,3.28255,-1.07213,7
72,336,3.28255,-1.07213,7
72,252,-45.1115,3.54118,4
72,440,-13.0297,-1.20637,2
72,380,3.28255,-1.07213,7
72,404,3.28255,-1.07213,7
72,276,12.975,16.0382,3
72,44,3.28255,-1.07213,7
72,296,12.975,16.0382,3
72,240,3.28255,-1.07213,7
72,284,3.28255,-1.07213,7
72,444,-20.6408,14.4701,4
72,216,3.28255,-1.07213,7
72,288,12.975,16.0382,3
72,196,3.28255,-1.07213,7
72,144,12.975,16.0382,3
72,436,15.8755,-12.5898,5
72,416,3.28255,-1.07213,7
72,184,0.119462,-20.7317,5
72,68,12.975,16.0382,3
72,28,2.09312,17.5751,6
72,20,3.28255,-1.07213,7
72,432,-13.0313,-1.20638,2
72,148,12.975,16.0382,3
72,128,11.9921,14.3768,3
72,24,3.77543,-0.202038,7
72,132,11.849,15.213,3
72,316,3.47225,-0.184408,7
72,192,3.28255,-1.07213,7
72,8,3.28255,-1.07213,7
72,228,2.09312,17.5751,6
72,356,3.28255,-1.07213,7
72,236,12.975,16.0382,3
72,244,12.975,16.0382,3
72,328,3.28255,-1.07213,7
72,308,3.28255,-1.07213,7
72,0,12.2228,14.7322,3
72,388,12.975,16.0382,3
72,36,12.975,16.0382,3
72,56,12.975,16.0382,3
72,60,12.4821,15.1681,3
72,80,12.975,16.0382,3
72,136,2.09312,17.5751,6
72,160,3.77543,-0.202038,7
72,156,3.28255,-1.07213,7
72,12,15.8755,-12.5898,5
72,300,12.975,16.0382,3
72,424,-13.0313,-1.20638,2
72,320,3.28255,-1.07213,7
72,348,3.28255,-1.07213,7
72,84,12.941,16.0283,3
72,260,3.28255,-1.07213,7
72,340,-6.90103,11.7833,1
72,140,12.975,16.0382,3
72,96,12.975,16.0382,3
72,256,2.09312,17.5751,6
72,280,12.4821,15.1681,3
72,384,2.09312,17.5751,6
72,304,3.28255,-1.07213,7
73,372,3.28255,-1.07213,7
73,388,12.975,16.0382,3
73,212,3.28255,-1.07213,7
73,112,22.6612,35.0591,8
73,144,12.975,16.0382,3
73,436,15.8755,-12.5898,5
73,64,12.975,16.0382,3
73,324,3.28255,-1.07213,7
73,304,3.28255,-1.07213,7
73,292,12.975,16.0382,3
73,180,-6.90103,11.7833,1
73,0,12.2871,14.9525,3
73,376,3.28255,-1.07213,7
73,52,12.975,16.0382,3
73,288,12.975,16.0382,3
73,160,3.28255,-1.07213,7
73,200,3.28255,-1.07213,7
73,296,12.975,16.0382,3
73,352,-21.6625,15.4536,4
73,432,-13.0313,-1.20638,2
73,232,12.975,16.0382,3
73,348,3.28255,-1.07213,7
73,364,-0.296955,-22.5946,5
73,48,12.0025,14.3709,3
73,60,12.975,16.0382,3
73,344,3.28255,-1.07213,7
73,252,-45.1115,3.54118,4
73,108,12.975,16.0382,3
73,24,3.28255,-1.07213,7
73,12,15.8755,-12.5898,5
73,368,3.28255,-1.07213,7
73,128,12.5075,15.2341,3
73,8,3.28255,-1.07213,7
73,400,-20.4041,14.8516,4
73,396,12.975,16.0382,3
73,152,3.28255,-1.07213,7
73,384,2.09312,17.5751,6
73,84,12.4821,15.1681,3
73,332,3.28255,-1.07213,7
73,136,2.09312,17.5751,6
73,88,12.975,16.0382,3
73,440,-13.0297,-1.20631,2
73,40,12.975,16.0382,3
73,256,2.09312,17.5751,6
73,328,3.28255,-1.07213,7
73,28,2.09312,17.5751,6
73,188,3.28255,-1.07213,7
73,280,12.975,16.0382,3
73,32,3.28255,-1.07213,7
73,208,3.28255,-1.07213,7
73,268,3.28255,-1.07213,7
73,228,2.09312,17.5751,6
73,248,12.975,16.0382,3
73,300,12.975,16.0382,3
73,392,-0.424353,-23.2557,5
73,168,3.28255,-1.07213,7
73,96,12.4821,15.1681,3
73,316,3.28255,-1.07213,7
73,92,3.28255,-1.07213,7
73,408,12.975,16.0382,3
73,4,3.28255,-1.07213,7
73,340,-6.90103,11.7833,1
73,100,-13.0313,-1.20638,2
73,172,-0.424353,-23.2557,5
73,284,3.77543,-0.202038,7
73,196,3.28255,-1.07213,7
73,320,3.28255,-1.07213,7
73,164,3.28255,-1.07213,7
73,308,3.28255,-1.07213,7
73,116,3.28255,-1.07213,7
73,20,3.28255,-1.07213,7
73,380,3.28255,-1.07213,7
73,176,2.09312,17.5751,6
73,72,3.72933,-0.196422,7
73,224,3.28255,-1.07213,7
73,272,3.28255,-1.07213,7
73,140,12.975,16.0382,3
73,124,3.48788,-0.494731,7
73,412,3.28255,-1.07213,7
73,312,-0.0454011,-20.887,5
73,220,12.975,16.0382,3
73,216,3.28255,-1.07213,7
73,236,12.975,16.0382,3
73,156,3.28255,-1.07213,7
73,424,-13.0313,-1.20638,2
73,132,11.5366,14.2277,3
73,80,12.4457,15.1926,3
73,204,3.28255,-1.07213,7
73,68,12.975,16.0382,3
73,36,12.4821,15.1681,3
73,56,12.975,16.0382,3
73,404,3.28255,-1.07213,7
73,360,-0.424353,-23.2557,5
73,192,3.28255,-1.07213,7
73,148,12.4621,15.185,3
73,336,3.28255,-1.07213,7
73,276,12.975,16.0382,3
73,416,3.28255,-1.07213,7
73,120,15.8755,-12.5898,5
73,420,3.28255,-1.07213,7
73,444,-20.6363,14.4775,4
73,260,3.28255,-1.07213,7
73,104,12.975,16.0382,3
73,16,12.975,16.0382,3
73,184,0.0820878,-20.7249,5
73,240,3.28255,-1.07213,7
73,44,3.28255,-1.07213,7
73,356,3.28255,-1.07213,7
73,428,3.28255,-1.07213,7
73,264,3.28255,-1.07213,7
73,244,12.975,16.0382,3
73,76,3.28515,-1.06774,7
74,84,12.5013,15.1605,3
74,56,12.975,16.0382,3
74,72,3.28255,-1.07213,7
74,160,2.84458,-0.387787,7
74,132,12.2781,14.9166,3
74,364,-0.325285,-22.5908,5
74,324,3.28255,-1.07213,7
74,92,3.77474,-0.201649,7
74,224,3.28255,-1.07213,7
74,380,3.28255,-1.07213,7
74,340,-6.90103,11.7833,1
74,220,12.975,16.0382,3
74,40,12.975,16.0382,3
74,208,3.28255,-1.07213,7
74,124,3.19804,-0.439638,7
74,136,2.09312,17.5751,6
74,436,15.8755,-12.5898,5
74,24,3.33125,-0.990638,7
74,172,-0.424353,-23.2557,5
74,76,3.77543,-0.202038,7
74,100,-13.0313,-1.20638,2
74,416,3.28255,-1.07213,7
74,232,12.4732,15.1733,3
74,164,3.28255,-1.07213,7
74,376,3.28255,-1.07213,7
74,216,3.28255,-1.07213,7
74,284,3.54133,-0.248156,7
74,288,12.975,16.0382,3
74,236,12.975,16.0382,3
74,228,2.09312,17.5751,6
74,108,12.975,16.0382,3
74,12,15.8755,-12.5898,5
74,384,2.09312,17.5751,6
74,156,3.28255,-1.07213,7
74,192,3.28255,-1.07213,7
74,332,3.28255,-1.07213,7
74,104,12.975,16.0382,3
74,280,12.4821,15.1681,3
74,400,-20.4066,14.8461,4
74,292,12.975,16.0382,3
74,196,3.28255,-1.07213,7
74,264,3.28255,-1.07213,7
74,244,12.975,16.0382,3
74,48,12.507,15.2343,3
74,352,-21.7231,15.3489,4
74,268,3.28255,-1.07213,7
74,36,11.9893,14.298,3
74,204,3.28255,-1.07213,7
74,248,12.975,16.0382,3
74,184,0.0564828,-20.7204,5
74,396,12.975,16.0382,3
74,296,12.975,16.0382,3
74,404,3.28255,-1.07213,7
74,152,3.28255,-1.07213,7
74,20,3.28255,-1.07213,7
74,392,-0.424353,-23.2557,5
74,388,12.975,16.0382,3
74,368,3.28255,-1.07213,7
74,116,3.28255,-1.07213,7
74,68,12.975,16.0382,3
74,316,3.28255,-1.07213,7
74,0,12.4813,15.1686,3
74,360,-0.424353,-23.2557,5
74,256,2.09312,17.5751,6
74,200,3.28255,-1.07213,7
74,8,3.28255,-1.07213,7
74,252,-45.1115,3.54118,4
74,304,3.28255,-1.07213,7
74,120,15.8755,-12.5898,5
74,64,12.975,16.0382,3
74,420,3.28255,-1.07213,7
74,336,3.28255,-1.07213,7
74,188,3.28255,-1.07213,7
74,44,3.28255,-1.07213,7
74,28,2.09312,17.5751,6
74,312,-0.0399997,-20.8879,5
74,344,3.28255,-1.07213,7
74,180,-6.90103,11.7833,1
74,32,3.28255,-1.07213,7
74,356,3.28255,-1.07213,7
74,412,3.28255,-1.07213,7
74,128,12.975,16.0382,3
74,372,3.28255,-1.07213,7
74,80,12.4821,15.1681,3
74,444,-20.6474,14.46,4
74,260,3.28255,-1.07213,7
74,272,3.28255,-1.07213,7
74,60,12.975,16.0382,3
74,112,22.6612,35.0591,8
74,328,3.28255,-1.07213,7
74,4,3.28255,-1.07213,7
74,308,3.28255,-1.07213,7
74,168,3.28255,-1.07213,7
74,432,-13.0313,-1.20638,2
74,276,12.975,16.0382,3
74,300,12.975,16.0382,3
74,428,3.28255,-1.07213,7
74,96,12.975,16.0382,3
74,140,12.975,16.0382,3
74,212,3.78294,-0.206445,7
74,176,2.09312,17.5751,6
74,348,3.28255,-1.07213,7
74,144,12.975,16.0382,3
74,424,-13.0313,-1.20638,2
74,52,12.975,16.0382,3
74,148,12.975,16.0382,3
74,88,12.4821,15.1681,3
74,408,12.975,16.0382,3
74,320,3.28255,-1.07213,7
74,240,3.28255,-1.07213,7
74,440,-13.0297,-1.20637,2
74,16,12.975,16.0382,3
75,160,3.28255,-1.07213,7
75,372,3.28255,-1.07213,7
75,212,3.77588,-0.202295,7
75,92,3.28255,-1.07213,7
75,4,3.28255,-1.07213,7
75,296,12.975,16.0382,3
75,404,3.28255,-1.07213,7
75,56,12.975,16.0382,3
75,312,-0.0363776,-20.8885,5
75,232,12.975,16.0382,3
75,148,12.975,16.0382,3
75,120,15.8755,-12.5898,5
75,244,12.975,16.0382,3
75,16,12.975,16.0382,3
75,348,3.28255,-1.07213,7
75,116,3.28255,-1.07213,7
75,200,3.28255,-1.07213,7
75,272,3.28255,-1.07213,7
75,144,12.975,16.0382,3
75,324,3.28255,-1.07213,7
75,388,12.975,16.0382,3
75,12,15.8755,-12.5898,5
75,260,3.28255,-1.07213,7
75,132,12.975,16.0382,3
75,164,3.28255,-1.07213,7
75,364,-0.318065,-22.592,5
75,20,3.28255,-1.07213,7
75,332,3.28255,-1.07213,7
75,276,12.975,16.0382,3
75,76,4.26782,0.668337,7
75,188,3.28255,-1.07213,7
75,268,3.28255,-1.07213,7
75,172,-0.424353,-23.2557,5
75,204,3.28255,-1.07213,7
75,136,2.09312,17.5751,6
75,32,3.28255,-1.07213,7
75,340,-6.90103,11.7833,1
75,104,12.975,16.0382,3
75,96,12.975,16.0382,3
75,420,3.28255,-1.07213,7
75,320,3.28255,-1.07213,7
75,264,3.28255,-1.07213,7
75,80,12.975,16.0382,3
75,48,12.975,16.0382,3
75,208,3.28255,-1.07213,7
75,352,-21.7624,15.2833,4
75,180,-6.90103,11.7833,1
75,236,12.975,16.0382,3
75,24,3.28255,-1.07213,7
75,108,12.975,16.0382,3
75,384,2.09312,17.5751,6
75,192,3.28255,-1.07213,7
75,60,12.975,16.0382,3
75,44,3.28255,-1.07213,7
75,152,3.28255,-1.07213,7
75,292,12.975,16.0382,3
75,216,3.28255,-1.07213,7
75,356,3.28255,-1.07213,7
75,440,-13.0297,-1.20637,2
75,72,3.6309,-0.364246,7
75,360,-0.424353,-23.2557,5
75,368,3.28255,-1.07213,7
75,280,11.9901,14.2975,3
75,196,3.28255,-1.07213,7
75,64,12.975,16.0382,3
75,88,11.9893,14.298,3
75,392,-0.424353,-23.2557,5
75,316,3.78508,-0.207757,7
75,444,-20.6581,14.4434,4
75,220,12.975,16.0382,3
75,128,12.9749,16.0379,3
75,248,12.975,16.0382,3
75,140,12.975,16.0382,3
75,436,15.8755,-12.5898,5
75,52,12.975,16.0382,3
75,336,3.28255,-1.07213,7
75,112,22.6612,35.0591,8
75,396,12.975,16.0382,3
75,328,3.28255,-1.07213,7
75,300,12.975,16.0382,3
75,432,-13.0313,-1.20638,2
75,408,12.975,16.0382,3
75,156,3.28255,-1.07213,7
75,376,3.28255,-1.07213,7
75,8,3.28255,-1.07213,7
75,412,3.28255,-1.07213,7
75,284,3.28255,-1.07213,7
75,400,-20.472,14.7334,4
75,68,12.975,16.0382,3
75,252,-45.1115,3.54118,4
75,416,3.28255,-1.07213,7
75,428,3.28255,-1.07213,7
75,424,-13.0313,-1.20638,2
75,36,11.4964,13.4279,3
75,344,3.28255,-1.07213,7
75,0,12.0567,15.0525,3
75,84,12.0009,14.2946,3
75,40,12.975,16.0382,3
75,380,3.28255,-1.07213,7
75,228,2.09312,17.5751,6
75,124,3.28255,-1.07213,7
75,304,3.28255,-1.07213,7
75,28,2.09312,17.5751,6
75,288,12.975,16.0382,3
75,168,3.28255,-1.07213,7
75,100,-13.0313,-1.20638,2
75,184,-0.456449,-20.8701,5
75,256,2.09312,17.5751,6
75,224,3.28255,-1.07213,7
75,240,3.28255,-1.07213,7
75,176,2.09312,17.5751,6
75,308,3.28255,-1.07213,7
76,152,3.28255,-1.07213,7
76,24,3.28255,-1.07213,7
76,136,2.09312,17.5751,6
76,324,3.28255,-1.07213,7
76,64,12.975,16.0382,3
76,316,3.28255,-1.07213,7
76,280,12.4821,15.1681,3
76,260,3.28255,-1.07213,7
76,188,3.28255,-1.07213,7
76,76,4.39768,0.650897,7
76,336,3.28255,-1.07213,7
76,48,12.975,16.0382,3
76,116,3.28255,-1.07213,7
76,200,3.28255,-1.07213,7
76,112,22.6612,35.0591,8
76,156,3.28255,-1.07213,7
76,420,3.28255,-1.07213,7
76,432,-13.0313,-1.20638,2
76,72,3.28255,-1.07213,7
76,392,-0.424353,-23.2557,5
76,284,3.28255,-1.07213,7
76,148,12.2989,15.7573,3
76,288,12.975,16.0382,3
76,84,12.3874,15.7471,3
76,276,12.975,16.0382,3
76,204,3.28255,-1.07213,7
76,140,12.975,16.0382,3
76,172,-0.424353,-23.2557,5
76,444,-20.6638,14.4346,4
76,268,3.28255,-1.07213,7
76,40,12.975,16.0382,3
76,364,-0.315297,-22.5925,5
76,372,3.28255,-1.07213,7
76,292,12.975,16.0382,3
76,96,12.975,16.0382,3
76,380,3.28255,-1.07213,7
76,404,3.28255,-1.07213,7
76,196,3.28255,-1.07213,7
76,296,12.975,16.0382,3
76,88,12.4821,15.1681,3
76,164,3.28255,-1.07213,7
76,16,12.975,16.0382,3
76,340,-6.90103,11.7833,1
76,244,12.975,16.0382,3
76,56,12.975,16.0382,3
76,312,-0.0339486,-20.8889,5
76,160,3.39245,-0.356426,7
76,180,-6.90103,11.7833,1
76,400,-20.4251,15.1849,4
76,236,12.975,16.0382,3
76,28,2.09312,17.5751,6
76,168,3.28255,-1.07213,7
76,308,3.28255,-1.07213,7
76,124,3.65426,-0.377145,7
76,212,3.28255,-1.07213,7
76,328,3.28255,-1.07213,7
76,184,0.145497,-21.3749,5
76,408,12.975,16.0382,3
76,360,-0.424353,-23.2557,5
76,228,2.09312,17.5751,6
76,344,3.28255,-1.07213,7
76,424,-13.0313,-1.20638,2
76,256,2.09312,17.5751,6
76,44,3.28255,-1.07213,7
76,176,2.09312,17.5751,6
76,332,3.77577,-0.202232,7
76,104,12.975,16.0382,3
76,120,15.8755,-12.5898,5
76,428,3.28255,-1.07213,7
76,376,3.28255,-1.07213,7
76,12,15.8755,-12.5898,5
76,356,3.28255,-1.07213,7
76,348,3.28255,-1.07213,7
76,384,2.09312,17.5751,6
76,144,12.975,16.0382,3
76,412,3.28255,-1.07213,7
76,320,3.28255,-1.07213,7
76,0,11.665,14.1214,3
76,240,3.28255,-1.07213,7
76,300,12.975,16.0382,3
76,68,12.975,16.0382,3
76,252,-45.1115,3.54118,4
76,264,3.28255,-1.07213,7
76,436,15.8755,-12.5898,5
76,304,3.28255,-1.07213,7
76,132,12.975,16.0382,3
76,36,11.6131,13.5539,3
76,208,3.28255,-1.07213,7
76,216,3.28255,-1.07213,7
76,396,12.975,16.0382,3
76,232,12.975,16.0382,3
76,220,12.975,16.0382,3
76,272,3.28255,-1.07213,7
76,368,3.28255,-1.07213,7
76,440,-13.0309,-1.20708,2
76,416,3.28255,-1.07213,7
76,224,3.28255,-1.07213,7
76,4,3.28255,-1.07213,7
76,20,3.28255,-1.07213,7
76,92,3.47225,-0.184408,7
76,248,12.975,16.0382,3
76,80,12.481,15.1687,3
76,100,-13.0313,-1.20638,2
76,128,12.975,16.0382,3
76,352,-21.7772,15.258,4
76,52,12.975,16.0382,3
76,108,12.975,16.0382,3
76,32,3.28255,-1.07213,7
76,192,3.28255,-1.07213,7
76,8,3.28255,-1.07213,7
76,388,12.975,16.0382,3
76,60,12.4821,15.1681,3
77,156,3.28255,-1.07213,7
77,20,3.28255,-1.07213,7
77,60,11.9893,14.298,3
77,280,12.975,16.0382,3
77,64,12.975,16.0382,3
77,396,12.975,16.0382,3
77,328,3.28255,-1.07213,7
77,136,2.09312,17.5751,6
77,404,3.28255,-1.07213,7
77,332,3.28255,-1.07213,7
77,124,3.28255,-1.07213,7
77,140,12.975,16.0382,3
77,384,2.09312,17.5751,6
77,264,3.28255,-1.07213,7
77,176,2.09312,17.5751,6
77,356,3.28255,-1.07213,7
77,84,12.1681,14.7558,3
77,184,0.0539791,-21.3564,5
77,308,3.28255,-1.07213,7
77,148,12.4832,15.1675,3
77,368,3.28255,-1.07213,7
77,192,3.28255,-1.07213,7
77,392,-0.424353,-23.2557,5
77,348,3.28255,-1.07213,7
77,288,12.975,16.0382,3
77,324,3.28255,-1.07213,7
77,416,3.28255,-1.07213,7
77,112,22.6612,35.0591,8
77,260,3.28255,-1.07213,7
77,8,3.28255,-1.07213,7
77,284,3.28255,-1.07213,7
77,52,12.975,16.0382,3
77,204,3.28255,-1.07213,7
77,80,11.9892,14.298,3
77,180,-6.90103,11.7833,1
77,32,3.77646,-0.202622,7
77,236,12.975,16.0382,3
77,364,-0.314235,-22.5926,5
77,436,15.8755,-12.5898,5
77,388,12.975,16.0382,3
77,300,12.975,16.0382,3
77,172,-0.424353,-23.2557,5
77,76,3.28255,-1.07213,7
77,304,3.28255,-1.07213,7
77,360,-0.424353,-23.2557,5
77,92,4.0671,0.631675,7
77,272,3.28255,-1.07213,7
77,116,3.28255,-1.07213,7
77,128,12.485,15.1665,3
77,256,2.09312,17.5751,6
77,344,3.28255,-1.07213,7
77,72,3.28255,-1.07213,7
77,28,2.09312,17.5751,6
77,164,3.28255,-1.07213,7
77,316,3.28255,-1.07213,7
77,132,12.975,16.0382,3
77,216,3.28255,-1.07213,7
77,276,12.975,16.0382,3
77,424,-13.0313,-1.20638,2
77,268,3.28255,-1.07213,7
77,252,-45.1115,3.54118,4
77,292,12.975,16.0382,3
77,376,3.28255,-1.07213,7
77,152,3.28255,-1.07213,7
77,420,3.28255,-1.07213,7
77,320,3.28255,-1.07213,7
77,312,-0.0323196,-20.8892,5
77,56,12.975,16.0382,3
77,408,12.975,16.0382,3
77,224,3.28255,-1.07213,7
77,88,12.0011,14.2915,3
77,40,12.975,16.0382,3
77,48,12.4849,15.1665,3
77,12,15.8755,-12.5898,5
77,380,3.28255,-1.07213,7
77,240,3.28255,-1.07213,7
77,160,3.7737,-0.201502,7
77,24,3.28255,-1.07213,7
77,120,15.8755,-12.5898,5
77,228,2.09312,17.5751,6
77,208,3.28255,-1.07213,7
77,372,3.28255,-1.07213,7
77,244,12.975,16.0382,3
77,428,3.28255,-1.07213,7
77,104,12.975,16.0382,3
77,440,-13.0309,-1.20636,2
77,400,-22.1575,15.3191,4
77,296,12.975,16.0382,3
77,16,12.975,16.0382,3
77,196,3.28255,-1.07213,7
77,220,12.975,16.0382,3
77,100,-13.0313,-1.20638,2
77,4,3.28255,-1.07213,7
77,212,3.71679,-0.175914,7
77,168,3.28255,-1.07213,7
77,248,12.975,16.0382,3
77,188,3.28255,-1.07213,7
77,44,3.28255,-1.07213,7
77,144,12.975,16.0382,3
77,352,-21.7992,15.2227,4
77,232,12.975,16.0382,3
77,96,12.4821,15.1681,3
77,68,12.975,16.0382,3
77,0,11.973,14.3084,3
77,432,-13.0313,-1.20638,2
77,340,-6.90103,11.7833,1
77,36,12.975,16.0382,3
77,200,3.28255,-1.07213,7
77,412,3.28255,-1.07213,7
77,108,12.975,16.0382,3
77,336,3.28255,-1.07213,7
77,444,-20.668,14.428,4
78,164,3.28255,-1.07213,7
78,68,12.975,16.0382,3
78,0,12.4821,15.1681,3
78,28,2.09312,17.5751,6
78,36,12.4781,15.1704,3
78,284,3.77618,-0.202466,7
78,72,3.28255,-1.07213,7
78,60,12.4809,15.1688,3
78,180,-6.90103,11.7833,1
78,224,3.28255,-1.07213,7
78,88,12.975,16.0382,3
78,156,3.28255,-1.07213,7
78,272,3.28255,-1.07213,7
78,24,3.49517,-0.172541,7
78,260,3.28255,-1.07213,7
78,292,12.975,16.0382,3
78,64,12.975,16.0382,3
78,4,3.28255,-1.07213,7
78,152,3.28255,-1.07213,7
78,172,-0.424353,-23.2557,5
78,376,3.28255,-1.07213,7
78,32,3.28255,-1.07213,7
78,140,12.975,16.0382,3
78,268,3.28255,-1.07213,7
78,332,3.77287,-0.200757,7
78,368,3.28255,-1.07213,7
78,280,12.4822,15.1681,3
78,148,11.9901,14.2975,3
78,276,12.975,16.0382,3
78,252,-45.1115,3.54118,4
78,384,2.09312,17.5751,6
78,324,3.28255,-1.07213,7
78,440,-13.0309,-1.20638,2
78,208,3.28255,-1.07213,7
78,300,12.975,16.0382,3
78,388,12.975,16.0382,3
78,336,3.28255,-1.07213,7
78,248,12.975,16.0382,3
78,396,12.975,16.0382,3
78,8,3.76952,-0.198763,7
78,12,15.8755,-12.5898,5
78,316,3.28255,-1.07213,7
78,128,12.975,16.0382,3
78,444,-20.6711,14.4231,4
78,96,11.9795,14.3037,3
78,132,12.4735,15.1731,3
78,112,22.6612,35.0591,8
78,48,12.4838,15.1671,3
78,200,3.28255,-1.07213,7
78,80,11.9583,14.4094,3
78,120,15.8755,-12.5898,5
78,360,-0.424353,-23.2557,5
78,108,12.3193,15.3569,3
78,288,12.975,16.0382,3
78,236,12.975,16.0382,3
78,240,3.28255,-1.07213,7
78,432,-13.0313,-1.20638,2
78,408,12.975,16.0382,3
78,44,3.28255,-1.07213,7
78,244,12.975,16.0382,3
78,144,12.975,16.0382,3
78,160,3.28255,-1.07213,7
78,76,3.77397,-0.201219,7
78,100,-13.0313,-1.20638,2
78,84,12.7147,15.5941,3
78,168,3.28255,-1.07213,7
78,16,12.975,16.0382,3
78,352,-21.8135,15.1999,4
78,340,-6.90103,11.7833,1
78,192,3.28255,-1.07213,7
78,204,3.28255,-1.07213,7
78,92,3.45749,0.352938,7
78,308,3.28255,-1.07213,7
78,104,12.975,16.0382,3
78,428,3.28255,-1.07213,7
78,136,2.09312,17.5751,6
78,52,12.4767,15.1712,3
78,124,3.28255,-1.07213,7
78,364,-0.302466,-22.5949,5
78,176,2.09312,17.5751,6
78,212,3.28255,-1.07213,7
78,372,3.28255,-1.07213,7
78,196,3.28255,-1.07213,7
78,312,-0.0312272,-20.8894,5
78,412,3.28255,-1.07213,7
78,232,12.4818,15.1685,3
78,400,-22.0997,15.7355,4
78,304,3.28255,-1.07213,7
78,420,3.28255,-1.07213,7
78,216,3.28255,-1.07213,7
78,320,3.28255,-1.07213,7
78,188,3.28255,-1.07213,7
78,56,12.975,16.0382,3
78,20,3.74637,-0.19215,7
78,392,-0.424353,-23.2557,5
78,256,2.09312,17.5751,6
78,436,15.8755,-12.5898,5
78,380,3.28255,-1.07213,7
78,220,12.975,16.0382,3
78,404,3.28255,-1.07213,7
78,184,-0.00382584,-21.3454,5
78,40,12.975,16.0382,3
78,296,12.975,16.0382,3
78,356,3.28255,-1.07213,7
78,416,3.28255,-1.07213,7
78,348,3.28255,-1.07213,7
78,264,3.28255,-1.07213,7
78,344,3.28255,-1.07213,7
78,328,3.28255,-1.07213,7
78,424,-13.0313,-1.20638,2
78,116,3.28255,-1.07213,7
78,228,2.09312,17.5751,6
79,12,15.8755,-12.5898,5
79,172,-0.424353,-23.2557,5
79,132,11.9841,14.301,3
79,0,11.8701,14.3969,3
79,276,12.975,16.0382,3
79,268,3.28255,-1.07213,7
79,148,11.966,14.3125,3
79,320,3.28255,-1.07213,7
79,128,12.8,15.1551,3
79,412,3.28255,-1.07213,7
79,52,12.975,16.0382,3
79,384,2.09312,17.5751,6
79,344,3.28255,-1.07213,7
79,256,2.09312,17.5751,6
79,280,12.975,16.0382,3
79,304,3.28255,-1.07213,7
79,300,12.975,16.0382,3
79,16,12.975,16.0382,3
79,236,12.975,16.0382,3
79,248,12.975,16.0382,3
79,196,3.28255,-1.07213,7
79,4,3.28255,-1.07213,7
79,220,12.975,16.0382,3
79,272,3.28255,-1.07213,7
79,164,3.28255,-1.07213,7
79,80,12.4105,15.7887,3
79,244,12.975,16.0382,3
79,336,3.28255,-1.07213,7
79,188,3.28255,-1.07213,7
79,20,3.28255,-1.07213,7
79,428,3.28255,-1.07213,7
79,28,2.09312,17.5751,6
79,352,-21.8229,15.1852,4
79,308,3.28255,-1.07213,7
79,356,3.28255,-1.07213,7
79,392,-0.424353,-23.2557,5
79,288,12.975,16.0382,3
79,360,-0.424353,-23.2557,5
79,396,12.975,16.0382,3
79,364,-0.309339,-22.5937,5
79,96,12.5255,15.2636,3
79,376,3.28255,-1.07213,7
79,432,-13.0313,-1.20638,2
79,232,12.975,16.0382,3
79,112,22.6612,35.0591,8
79,404,3.28255,-1.07213,7
79,152,3.28255,-1.07213,7
79,424,-13.0313,-1.20638,2
79,372,3.28255,-1.07213,7
79,180,-6.90103,11.7833,1
79,416,3.28255,-1.07213,7
79,324,3.28255,-1.07213,7
79,368,3.28255,-1.07213,7
79,160,3.28255,-1.07213,7
79,100,-13.0313,-1.20638,2
79,264,3.28255,-1.07213,7
79,332,3.28255,-1.07213,7
79,408,12.975,16.0382,3
79,348,3.28255,-1.07213,7
79,284,3.28255,-1.07213,7
79,120,15.8755,-12.5898,5
79,168,3.28255,-1.07213,7
79,116,3.28255,-1.07213,7
79,192,3.28255,-1.07213,7
79,316,3.28255,-1.07213,7
79,144,12.975,16.0382,3
79,176,2.09312,17.5751,6
79,88,12.47,15.1753,3
79,312,-0.0304947,-20.8895,5
79,76,3.28255,-1.07213,7
79,440,-13.031,-1.20622,2
79,420,3.28255,-1.07213,7
79,200,3.28255,-1.07213,7
79,228,2.09312,17.5751,6
79,124,3.28255,-1.07213,7
79,216,3.28255,-1.07213,7
79,72,3.28255,-1.07213,7
79,40,12.975,16.0382,3
79,340,-6.90103,11.7833,1
79,204,3.28255,-1.07213,7
79,56,12.975,16.0382,3
79,400,-22.0835,15.791,4
79,64,12.975,16.0382,3
79,380,3.28255,-1.07213,7
79,436,15.8755,-12.5898,5
79,108,12.0231,14.399,3
79,184,-0.0402739,-21.3388,5
79,140,12.975,16.0382,3
79,104,12.975,16.0382,3
79,84,12.975,16.0382,3
79,92,3.28255,-1.07213,7
79,328,3.28255,-1.07213,7
79,60,12.3135,15.5724,3
79,388,12.975,16.0382,3
79,136,2.09312,17.5751,6
79,36,12.0191,14.2827,3
79,44,3.28255,-1.07213,7
79,240,3.28255,-1.07213,7
79,68,12.975,16.0382,3
79,24,3.28255,-1.07213,7
79,252,-45.1115,3.54118,4
79,444,-22.0067,15.6893,4
79,48,12.2065,14.5492,3
79,208,3.28255,-1.07213,7
79,32,3.28255,-1.07213,7
79,212,3.28255,-1.07213,7
79,224,3.28255,-1.07213,7
79,8,3.28255,-1.07213,7
79,260,3.28255,-1.07213,7
79,156,3.28255,-1.07213,7
79,292,12.975,16.0382,3
79,296,12.975,16.0382,3
80,236,12.975,16.0382,3
80,264,3.77543,-0.202038,7
80,384,2.09312,17.5751,6
80,324,3.28255,-1.07213,7
80,240,3.28255,-1.07213,7
80,340,-6.90103,11.7833,1
80,212,3.28255,-1.07213,7
80,92,3.28255,-1.07213,7
80,312,-0.0300033,-20.8896,5
80,8,3.28255,-1.07213,7
80,124,3.28255,-1.07213,7
80,408,12.975,16.0382,3
80,392,-0.424353,-23.2557,5
80,268,3.28255,-1.07213,7
80,164,3.28255,-1.07213,7
80,176,2.09312,17.5751,6
80,156,3.28255,-1.07213,7
80,344,3.28255,-1.07213,7
80,40,12.975,16.0382,3
80,228,2.09312,17.5751,6
80,404,3.28255,-1.07213,7
80,432,-13.0313,-1.20638,2
80,88,11.5694,15.3687,3
80,368,3.28255,-1.07213,7
80,332,3.28255,-1.07213,7
80,232,12.5063,15.2149,3
80,380,3.28255,-1.07213,7
80,400,-22.1715,15.6361,4
80,196,3.28255,-1.07213,7
80,372,3.28255,-1.07213,7
80,440,-13.031,-1.20623,2
80,192,3.28255,-1.07213,7
80,108,11.5366,13.5253,3
80,216,3.28255,-1.07213,7
80,184,0.370886,-21.7423,5
80,220,12.975,16.0382,3
80,76,3.28255,-1.07213,7
80,204,3.28255,-1.07213,7
80,348,3.28255,-1.07213,7
80,24,3.28255,-1.07213,7
80,12,15.8755,-12.5898,5
80,120,15.8755,-12.5898,5
80,68,12.975,16.0382,3
80,100,-13.0313,-1.20638,2
80,436,15.8755,-12.5898,5
80,308,3.28255,-1.07213,7
80,60,12.2604,15.7514,3
80,328,3.28255,-1.07213,7
80,252,-45.1115,3.54118,4
80,132,12.5021,15.1549,3
80,280,12.975,16.0382,3
80,148,12.975,16.0382,3
80,128,12.5347,15.309,3
80,48,12.6509,15.4457,3
80,180,-6.90103,11.7833,1
80,64,12.975,16.0382,3
80,96,12.975,16.0382,3
80,296,12.975,16.0382,3
80,444,-21.9856,15.9335,4
80,284,3.28255,-1.07213,7
80,376,3.28255,-1.07213,7
80,72,3.28255,-1.07213,7
80,20,3.28255,-1.07213,7
80,152,3.28255,-1.07213,7
80,136,2.09312,17.5751,6
80,320,3.28255,-1.07213,7
80,172,-0.424353,-23.2557,5
80,272,3.28255,-1.07213,7
80,396,12.975,16.0382,3
80,420,3.28255,-1.07213,7
80,260,3.28255,-1.07213,7
80,28,2.09312,17.5751,6
80,36,11.3951,14.5169,3
80,360,-0.424353,-23.2557,5
80,276,12.975,16.0382,3
80,388,12.975,16.0382,3
80,316,3.28255,-1.07213,7
80,16,12.975,16.0382,3
80,336,3.28255,-1.07213,7
80,104,12.975,16.0382,3
80,304,3.28255,-1.07213,7
80,52,12.975,16.0382,3
80,244,12.975,16.0382,3
80,288,12.975,16.0382,3
80,352,-23.1985,15.6147,4
80,4,3.28255,-1.07213,7
80,428,3.28255,-1.07213,7
80,168,3.28255,-1.07213,7
80,116,3.28255,-1.07213,7
80,224,3.28255,-1.07213,7
80,80,12.975,16.0382,3
80,56,12.975,16.0382,3
80,144,12.975,16.0382,3
80,248,12.975,16.0382,3
80,32,3.75241,-0.190341,7
80,300,12.975,16.0382,3
80,0,11.4216,13.5011,3
80,84,12.4854,15.1677,3
80,200,3.28255,-1.07213,7
80,160,3.7749,-0.20174,7
80,424,-13.0313,-1.20638,2
80,356,3.28255,-1.07213,7
80,416,3.28255,-1.07213,7
80,208,3.28255,-1.07213,7
80,256,2.09312,17.5751,6
80,140,12.975,16.0382,3
80,44,3.28255,-1.07213,7
80,188,3.28255,-1.07213,7
80,112,22.6612,35.0591,8
80,412,3.28255,-1.07213,7
80,364,-0.306012,-22.5943,5
80,292,12.975,16.0382,3
81,8,3.28255,-1.07213,7
81,24,3.21533,-0.452141,7
81,316,3.28255,-1.07213,7
81,16,12.975,16.0382,3
81,396,12.975,16.0382,3
81,220,12.975,16.0382,3
81,184,-0.424353,-23.2557,5
81,284,3.75867,-0.193165,7
81,268,3.28255,-1.07213,7
81,392,-0.424353,-23.2557,5
81,144,12.975,16.0382,3
81,84,12.484,15.1685,3
81,260,3.28255,-1.07213,7
81,80,12.4647,15.1788,3
81,424,-13.0313,-1.20638,2
81,208,3.76382,-0.195761,7
81,312,-0.0183598,-20.8917,5
81,160,3.28255,-1.07213,7
81,172,-0.424353,-23.2557,5
81,192,3.28255,-1.07213,7
81,116,3.28255,-1.07213,7
81,164,3.28255,-1.07213,7
81,340,-6.90103,11.7833,1
81,56,12.975,16.0382,3
81,196,3.28255,-1.07213,7
81,20,3.28255,-1.07213,7
81,4,3.28255,-1.07213,7
81,288,12.975,16.0382,3
81,188,3.28255,-1.07213,7
81,68,12.975,16.0382,3
81,28,2.09312,17.5751,6
81,300,12.975,16.0382,3
81,100,-13.0313,-1.20638,2
81,108,11.0471,12.6532,3
81,128,11.8989,15.3098,3
81,228,2.09312,17.5751,6
81,348,3.28255,-1.07213,7
81,216,3.28255,-1.07213,7
81,168,3.28255,-1.07213,7
81,204,3.28255,-1.07213,7
81,240,3.28255,-1.07213,7
81,76,3.77517,-0.20189,7
81,136,2.09312,17.5751,6
81,272,3.28255,-1.07213,7
81,120,15.8755,-12.5898,5
81,376,3.28255,-1.07213,7
81,432,-13.0313,-1.20638,2
81,0,12.6986,15.5576,3
81,428,3.28255,-1.07213,7
81,360,-0.424353,-23.2557,5
81,368,3.28255,-1.07213,7
81,88,11.3547,14.3113,3
81,140,12.975,16.0382,3
81,332,3.47132,-0.18477,7
81,356,3.28255,-1.07213,7
81,60,11.9481,14.7645,3
81,252,-45.1115,3.54118,4
81,200,3.28255,-1.07213,7
81,440,-13.031,-1.20638,2
81,72,3.28255,-1.07213,7
81,32,3.27108,-0.435325,7
81,44,3.28255,-1.07213,7
81,280,12.975,16.0382,3
81,420,3.28255,-1.07213,7
81,36,11.0775,13.5387,3
81,292,12.975,16.0382,3
81,52,12.5016,15.5713,3
81,124,3.77525,-0.201936,7
81,352,-23.059,15.9376,4
81,384,2.09312,17.5751,6
81,388,12.975,16.0382,3
81,336,3.28255,-1.07213,7
81,180,-6.90103,11.7833,1
81,328,3.28255,-1.07213,7
81,96,12.9741,16.0365,3
81,112,22.6612,35.0591,8
81,156,3.28255,-1.07213,7
81,148,12.6986,15.5576,3
81,364,-0.285101,-22.599,5
81,308,3.28255,-1.07213,7
81,92,3.77524,-0.201931,7
81,436,15.8755,-12.5898,5
81,224,3.28255,-1.07213,7
81,48,11.9426,14.8981,3
81,444,-21.9947,15.8979,4
81,304,3.28255,-1.07213,7
81,248,12.975,16.0382,3
81,256,2.09312,17.5751,6
81,12,15.8755,-12.5898,5
81,408,12.975,16.0382,3
81,400,-22.2093,15.5695,4
81,104,12.975,16.0382,3
81,64,12.975,16.0382,3
81,372,3.28255,-1.07213,7
81,412,3.28255,-1.07213,7
81,152,3.28255,-1.07213,7
81,244,12.975,16.0382,3
81,324,3.28255,-1.07213,7
81,276,12.975,16.0382,3
81,132,12.0008,14.2896,3
81,344,3.28255,-1.07213,7
81,236,12.975,16.0382,3
81,416,3.28255,-1.07213,7
81,232,12.975,16.0382,3
81,176,2.09312,17.5751,6
81,40,12.975,16.0382,3
81,212,3.28255,-1.07213,7
81,380,3.28255,-1.07213,7
81,404,3.28255,-1.07213,7
81,296,12.975,16.0382,3
81,264,3.28255,-1.07213,7
81,320,3.28255,-1.07213,7
82,276,12.975,16.0382,3
82,296,12.975,16.0382,3
82,64,12.975,16.0382,3
82,228,2.09312,17.5751,6
82,284,4.25891,0.672776,7
82,188,3.28255,-1.07213,7
82,36,10.692,12.6057,3
82,340,-6.90103,11.7833,1
82,356,3.28255,-1.07213,7
82,256,2.09312,17.5751,6
82,48,11.3331,14.5563,3
82,96,12.975,16.0382,3
82,304,3.28255,-1.07213,7
82,24,3.85847,0.341867,7
82,84,12.1242,15.1477,3
82,272,3.28255,-1.07213,7
82,152,3.28255,-1.07213,7
82,376,3.28255,-1.07213,7
82,392,-0.424353,-23.2557,5
82,72,3.28255,-1.07213,7
82,132,11.5033,13.4221,3
82,396,12.975,16.0382,3
82,384,2.09312,17.5751,6
82,104,12.975,16.0382,3
82,416,3.28255,-1.07213,7
82,264,3.28255,-1.07213,7
82,28,2.09312,17.5751,6
82,192,3.28255,-1.07213,7
82,12,15.8755,-12.5898,5
82,100,-13.0313,-1.20638,2
82,140,12.975,16.0382,3
82,4,3.28255,-1.07213,7
82,168,3.28255,-1.07213,7
82,240,3.28255,-1.07213,7
82,428,3.28255,-1.07213,7
82,224,3.28255,-1.07213,7
82,260,3.28255,-1.07213,7
82,344,3.28255,-1.07213,7
82,364,-0.302791,-22.5959,5
82,432,-13.0313,-1.20638,2
82,400,-22.2318,15.531,4
82,308,3.28255,-1.07213,7
82,332,3.28255,-1.07213,7
82,156,3.28255,-1.07213,7
82,180,-6.90103,11.7833,1
82,16,12.975,16.0382,3
82,360,-0.424353,-23.2557,5
82,76,3.28255,-1.07213,7
82,336,3.28255,-1.07213,7
82,372,3.28255,-1.07213,7
82,324,3.28255,-1.07213,7
82,52,12.0483,15.0375,3
82,0,12.2077,14.6863,3
82,80,12.975,16.0382,3
82,380,3.28255,-1.07213,7
82,124,3.28255,-1.07213,7
82,232,12.975,16.0382,3
82,144,12.975,16.0382,3
82,252,-45.1115,3.54118,4
82,20,3.28255,-1.07213,7
82,244,12.975,16.0382,3
82,420,3.28255,-1.07213,7
82,328,3.28255,-1.07213,7
82,268,3.28255,-1.07213,7
82,312,-0.0218712,-20.8911,5
82,44,3.28255,-1.07213,7
82,220,12.975,16.0382,3
82,148,12.975,16.0382,3
82,8,3.28255,-1.07213,7
82,404,3.28255,-1.07213,7
82,116,3.28255,-1.07213,7
82,40,12.975,16.0382,3
82,408,12.975,16.0382,3
82,216,3.28255,-1.07213,7
82,172,-0.424353,-23.2557,5
82,184,-0.424353,-23.2557,5
82,412,3.28255,-1.07213,7
82,88,12.0483,15.0375,3
82,320,3.28255,-1.07213,7
82,200,3.28255,-1.07213,7
82,368,3.28255,-1.07213,7
82,280,12.975,16.0382,3
82,120,15.8755,-12.5898,5
82,160,3.28255,-1.07213,7
82,352,-23.1788,15.8455,4
82,388,12.975,16.0382,3
82,236,12.975,16.0382,3
82,436,15.8755,-12.5898,5
82,288,12.975,16.0382,3
82,208,3.28255,-1.07213,7
82,108,11.5432,13.5215,3
82,136,2.09312,17.5751,6
82,164,3.28255,-1.07213,7
82,56,12.975,16.0382,3
82,128,12.975,16.0382,3
82,176,2.09312,17.5751,6
82,196,3.28255,-1.07213,7
82,68,12.975,16.0382,3
82,440,-13.0311,-1.20626,2
82,60,12.0423,14.706,3
82,32,3.89505,0.367527,7
82,248,12.975,16.0382,3
82,316,3.28255,-1.07213,7
82,292,12.975,16.0382,3
82,204,3.28255,-1.07213,7
82,112,22.6612,35.0591,8
82,92,4.24927,0.678241,7
82,424,-13.0313,-1.20638,2
82,348,3.28255,-1.07213,7
82,212,3.77532,-0.201976,7
82,444,-22.0861,15.7143,4
82,300,12.975,16.0382,3
83,224,3.28255,-1.07213,7
83,368,3.28255,-1.07213,7
83,232,12.975,16.0382,3
83,120,15.8755,-12.5898,5
83,16,12.975,16.0382,3
83,44,3.28255,-1.07213,7
83,280,12.4819,15.1682,3
83,112,22.6612,35.0591,8
83,96,12.57,15.1357,3
83,312,-0.0242263,-20.8907,5
83,56,12.975,16.0382,3
83,32,4.3845,1.2383,7
83,340,-6.90103,11.7833,1
83,396,12.975,16.0382,3
83,328,3.28255,-1.07213,7
83,80,12.975,16.0382,3
83,344,3.28255,-1.07213,7
83,264,3.77543,-0.202038,7
83,92,3.77076,-0.199917,7
83,304,3.28255,-1.07213,7
83,404,3.28255,-1.07213,7
83,372,3.28255,-1.07213,7
83,72,3.28255,-1.07213,7
83,24,4.4143,1.17755,7
83,216,3.28255,-1.07213,7
83,160,3.28255,-1.07213,7
83,132,11.9885,14.2966,3
83,416,3.28255,-1.07213,7
83,236,12.975,16.0382,3
83,380,3.28255,-1.07213,7
83,128,12.4821,15.1681,3
83,0,12.4815,15.1684,3
83,212,3.28255,-1.07213,7
83,12,15.8755,-12.5898,5
83,40,12.975,16.0382,3
83,308,3.28255,-1.07213,7
83,408,12.975,16.0382,3
83,284,3.77301,-0.201258,7
83,88,12.4821,15.1681,3
83,388,12.975,16.0382,3
83,276,12.975,16.0382,3
83,184,-0.424353,-23.2557,5
83,172,-0.424353,-23.2557,5
83,136,2.09312,17.5751,6
83,60,12.649,15.5064,3
83,84,11.7378,14.2142,3
83,116,3.28255,-1.07213,7
83,300,12.975,16.0382,3
83,144,12.975,16.0382,3
83,432,-13.0313,-1.20638,2
83,240,3.28255,-1.07213,7
83,324,3.28255,-1.07213,7
83,256,2.09312,17.5751,6
83,424,-13.0313,-1.20638,2
83,440,-13.0313,-1.20638,2
83,20,3.77002,-0.199263,7
83,320,3.28255,-1.07213,7
83,348,3.28255,-1.07213,7
83,156,3.28255,-1.07213,7
83,200,3.28255,-1.07213,7
83,8,3.28255,-1.07213,7
83,272,3.28255,-1.07213,7
83,420,3.28255,-1.07213,7
83,208,3.28255,-1.07213,7
83,52,11.6571,14.1061,3
83,176,2.09312,17.5751,6
83,100,-13.0313,-1.20638,2
83,400,-22.4676,15.3303,4
83,436,15.8755,-12.5898,5
83,228,2.09312,17.5751,6
83,352,-23.2238,15.8143,4
83,332,3.28255,-1.07213,7
83,148,12.4503,15.189,3
83,168,3.28255,-1.07213,7
83,392,-0.424353,-23.2557,5
83,68,12.975,16.0382,3
83,204,3.28255,-1.07213,7
83,364,-0.309574,-22.5947,5
83,376,3.28255,-1.07213,7
83,4,3.28255,-1.07213,7
83,188,3.28255,-1.07213,7
83,152,3.28255,-1.07213,7
83,428,3.28255,-1.07213,7
83,292,12.975,16.0382,3
83,356,3.28255,-1.07213,7
83,64,12.975,16.0382,3
83,192,3.28255,-1.07213,7
83,36,10.0882,13.0367,3
83,140,12.975,16.0382,3
83,336,3.28255,-1.07213,7
83,360,-0.424353,-23.2557,5
83,384,2.09312,17.5751,6
83,244,12.975,16.0382,3
83,220,12.975,16.0382,3
83,412,3.28255,-1.07213,7
83,196,3.28255,-1.07213,7
83,76,3.28255,-1.07213,7
83,252,-45.1115,3.54118,4
83,124,3.28255,-1.07213,7
83,104,12.975,16.0382,3
83,444,-22.0647,15.7927,4
83,108,11.9992,14.4097,3
83,180,-6.90103,11.7833,1
83,164,3.28255,-1.07213,7
83,248,12.975,16.0382,3
83,296,12.975,16.0382,3
83,316,3.28255,-1.07213,7
83,260,3.28255,-1.07213,7
83,288,12.975,16.0382,3
83,28,2.09312,17.5751,6
83,48,11.8367,14.5073,3
83,268,3.28255,-1.07213,7
84,4,3.28255,-1.07213,7
84,176,2.09312,17.5751,6
84,192,3.28255,-1.07213,7
84,248,12.975,16.0382,3
84,388,12.975,16.0382,3
84,380,3.28255,-1.07213,7
84,284,3.28255,-1.07213,7
84,392,-0.424353,-23.2557,5
84,56,12.975,16.0382,3
84,204,3.28255,-1.07213,7
84,328,3.28255,-1.07213,7
84,96,12.5481,15.3954,3
84,112,22.6612,35.0591,8
84,408,12.975,16.0382,3
84,144,12.975,16.0382,3
84,136,2.09312,17.5751,6
84,220,12.975,16.0382,3
84,308,3.28255,-1.07213,7
84,372,3.28255,-1.07213,7
84,252,-45.1115,3.54118,4
84,400,-22.3985,15.7971,4
84,120,15.8755,-12.5898,5
84,444,-22.4177,15.4787,4
84,92,3.44086,0.375764,7
84,276,12.975,16.0382,3
84,28,2.09312,17.5751,6
84,104,12.975,16.0382,3
84,236,12.975,16.0382,3
84,216,3.28255,-1.07213,7
84,228,2.09312,17.5751,6
84,200,3.28255,-1.07213,7
84,352,-23.138,16.0531,4
84,80,12.975,16.0382,3
84,432,-13.0313,-1.20638,2
84,196,3.28255,-1.07213,7
84,148,12.975,16.0382,3
84,412,3.28255,-1.07213,7
84,436,15.8755,-12.5898,5
84,180,-6.90103,11.7833,1
84,100,-13.0313,-1.20638,2
84,188,3.28255,-1.07213,7
84,332,3.28255,-1.07213,7
84,416,3.28255,-1.07213,7
84,336,3.28255,-1.07213,7
84,0,12.975,16.0382,3
84,124,3.28255,-1.07213,7
84,384,2.09312,17.5751,6
84,232,12.975,16.0382,3
84,64,12.975,16.0382,3
84,268,3.28255,-1.07213,7
84,364,-0.312173,-22.5943,5
84,428,3.28255,-1.07213,7
84,212,3.28255,-1.07213,7
84,420,3.28255,-1.07213,7
84,160,3.28255,-1.07213,7
84,240,3.28255,-1.07213,7
84,440,-13.0313,-1.20638,2
84,24,3.28255,-1.07213,7
84,32,3.28255,-1.07213,7
84,224,3.28255,-1.07213,7
84,288,12.975,16.0382,3
84,292,12.975,16.0382,3
84,280,11.9861,14.2998,3
84,52,12.265,14.9065,3
84,260,3.28255,-1.07213,7
84,84,12.975,16.0382,3
84,156,3.28255,-1.07213,7
84,12,15.8755,-12.5898,5
84,172,-0.424353,-23.2557,5
84,184,-0.424353,-23.2557,5
84,404,3.28255,-1.07213,7
84,360,-0.424353,-23.2557,5
84,116,3.28255,-1.07213,7
84,88,12.975,16.0382,3
84,164,3.28255,-1.07213,7
84,304,3.28255,-1.07213,7
84,344,3.28255,-1.07213,7
84,264,3.28256,-1.07211,7
84,60,12.975,16.0382,3
84,320,3.28255,-1.07213,7
84,348,3.28255,-1.07213,7
84,368,3.28255,-1.07213,7
84,108,11.2981,14.519,3
84,8,3.28255,-1.07213,7
84,128,12.975,16.0382,3
84,376,3.28255,-1.07213,7
84,152,3.28255,-1.07213,7
84,324,3.28255,-1.07213,7
84,20,3.4825,-1.04617,7
84,316,3.28255,-1.07213,7
84,76,3.77123,-0.199704,7
84,48,11.7915,14.1823,3
84,340,-6.90103,11.7833,1
84,36,12.2221,15.1349,3
84,68,12.975,16.0382,3
84,296,12.975,16.0382,3
84,396,12.975,16.0382,3
84,44,3.28255,-1.07213,7
84,208,3.28255,-1.07213,7
84,356,3.28255,-1.07213,7
84,16,12.975,16.0382,3
84,168,3.28255,-1.07213,7
84,424,-13.0313,-1.20638,2
84,312,-0.0258057,-20.8904,5
84,244,12.975,16.0382,3
84,40,12.975,16.0382,3
84,256,2.09312,17.5751,6
84,140,12.975,16.0382,3
84,300,12.975,16.0382,3
84,272,3.28255,-1.07213,7
84,132,12.4564,15.1788,3
84,72,3.28255,-1.07213,7
85,320,3.28255,-1.07213,7
85,4,3.28255,-1.07213,7
85,352,-23.1341,16.2208,4
85,216,3.28255,-1.07213,7
85,144,12.975,16.0382,3
85,172,-0.424353,-23.2557,5
85,276,12.975,16.0382,3
85,72,3.28255,-1.07213,7
85,244,12.975,16.0382,3
85,340,-6.90103,11.7833,1
85,400,-22.379,16.0276,4
85,440,-13.0313,-1.20638,2
85,64,12.975,16.0382,3
85,292,12.975,16.0382,3
85,376,3.28255,-1.07213,7
85,164,3.28255,-1.07213,7
85,88,12.975,16.0382,3
85,396,12.975,16.0382,3
85,316,3.28255,-1.07213,7
85,140,12.975,16.0382,3
85,176,2.09312,17.5751,6
85,348,3.28255,-1.07213,7
85,256,2.09312,17.5751,6
85,92,3.39568,-0.688893,7
85,112,22.6612,35.0591,8
85,364,-0.313169,-22.5941,5
85,180,-6.90103,11.7833,1
85,192,3.28255,-1.07213,7
85,416,3.28255,-1.07213,7
85,372,3.28255,-1.07213,7
85,412,3.28255,-1.07213,7
85,356,3.28255,-1.07213,7
85,108,11.0033,13.5258,3
85,220,12.975,16.0382,3
85,120,15.8755,-12.5898,5
85,280,12.3143,15.5723,3
85,116,3.28255,-1.07213,7
85,232,12.975,16.0382,3
85,380,3.28255,-1.07213,7
85,104,12.975,16.0382,3
85,424,-13.0313,-1.20638,2
85,124,3.28255,-1.07213,7
85,300,12.975,16.0382,3
85,324,3.28255,-1.07213,7
85,84,12.975,16.0382,3
85,208,3.28255,-1.07213,7
85,444,-22.3712,15.8765,4
85,288,12.975,16.0382,3
85,344,3.28255,-1.07213,7
85,312,-0.026865,-20.8902,5
85,12,15.8755,-12.5898,5
85,20,3.28255,-1.07213,7
85,252,-45.1115,3.54118,4
85,16,12.975,16.0382,3
85,384,2.09312,17.5751,6
85,168,3.28255,-1.07213,7
85,240,3.28255,-1.07213,7
85,304,3.28255,-1.07213,7
85,76,3.28255,-1.07213,7
85,420,3.28255,-1.07213,7
85,188,3.28255,-1.07213,7
85,436,15.8755,-12.5898,5
85,296,12.975,16.0382,3
85,56,12.975,16.0382,3
85,40,12.975,16.0382,3
85,328,3.28255,-1.07213,7
85,184,-0.424353,-23.2557,5
85,428,3.28255,-1.07213,7
85,160,3.28255,-1.07213,7
85,360,-0.424353,-23.2557,5
85,32,3.28255,-1.07213,7
85,264,3.28255,-1.07213,7
85,48,11.481,13.4544,3
85,136,2.09312,17.5751,6
85,388,12.975,16.0382,3
85,28,2.09312,17.5751,6
85,36,12.8362,15.989,3
85,148,12.3443,15.3405,3
85,308,3.28255,-1.07213,7
85,52,11.7896,14.0263,3
85,272,3.28255,-1.07213,7
85,336,3.28255,-1.07213,7
85,248,12.975,16.0382,3
85,212,3.36223,-0.967529,7
85,368,3.28255,-1.07213,7
85,236,12.975,16.0382,3
85,0,12.482,15.1681,3
85,128,12.4719,15.1913,3
85,100,-13.0313,-1.20638,2
85,284,3.77543,-0.202037,7
85,200,3.28255,-1.07213,7
85,8,3.28255,-1.07213,7
85,204,3.28255,-1.07213,7
85,268,3.28255,-1.07213,7
85,68,12.975,16.0382,3
85,80,12.975,16.0382,3
85,96,12.0756,14.5136,3
85,260,3.28255,-1.07213,7
85,408,12.975,16.0382,3
85,196,3.28255,-1.07213,7
85,132,12.973,16.0345,3
85,432,-13.0313,-1.20638,2
85,332,3.28255,-1.07213,7
85,224,3.28255,-1.07213,7
85,152,3.28255,-1.07213,7
85,228,2.09312,17.5751,6
85,156,3.28255,-1.07213,7
85,392,-0.424353,-23.2557,5
85,404,3.28255,-1.07213,7
85,24,3.36223,-0.967529,7
85,60,12.975,16.0382,3
85,44,3.28255,-1.07213,7
86,224,3.28255,-1.07213,7
86,404,3.28255,-1.07213,7
86,192,3.28255,-1.07213,7
86,128,12.975,16.0382,3
86,132,12.973,16.0345,3
86,84,12.4796,15.1695,3
86,220,12.975,16.0382,3
86,180,-6.90103,11.7833,1
86,184,-0.424353,-23.2557,5
86,168,3.28255,-1.07213,7
86,140,12.975,16.0382,3
86,64,12.975,16.0382,3
86,196,3.28255,-1.07213,7
86,300,12.975,16.0382,3
86,188,3.28255,-1.07213,7
86,80,12.4821,15.1681,3
86,116,3.28255,-1.07213,7
86,308,3.28255,-1.07213,7
86,8,3.28255,-1.07213,7
86,88,12.975,16.0382,3
86,276,12.975,16.0382,3
86,412,3.28255,-1.07213,7
86,388,12.975,16.0382,3
86,364,-0.313551,-22.5941,5
86,48,11.9861,14.3175,3
86,172,-0.424353,-23.2557,5
86,396,12.975,16.0382,3
86,256,2.09312,17.5751,6
86,408,12.975,16.0382,3
86,52,11.8013,14.0196,3
86,148,12.975,16.0382,3
86,344,3.28255,-1.07213,7
86,248,12.975,16.0382,3
86,432,-13.0313,-1.20638,2
86,244,12.975,16.0382,3
86,356,3.28255,-1.07213,7
86,152,3.28255,-1.07213,7
86,268,3.28255,-1.07213,7
86,324,3.28255,-1.07213,7
86,36,12.975,16.0382,3
86,164,3.28255,-1.07213,7
86,424,-13.0313,-1.20638,2
86,176,2.09312,17.5751,6
86,12,15.8755,-12.5898,5
86,292,12.975,16.0382,3
86,56,12.975,16.0382,3
86,124,3.28255,-1.07213,7
86,20,3.28255,-1.07213,7
86,348,3.28255,-1.07213,7
86,236,12.975,16.0382,3
86,92,3.80716,0.206423,7
86,436,15.8755,-12.5898,5
86,112,22.6612,35.0591,8
86,260,3.28255,-1.07213,7
86,264,3.76744,-0.197657,7
86,104,12.975,16.0382,3
86,328,3.28255,-1.07213,7
86,76,3.28255,-1.07213,7
86,336,3.28255,-1.07213,7
86,316,3.77474,-0.201647,7
86,16,12.975,16.0382,3
86,200,3.28255,-1.07213,7
86,420,3.28255,-1.07213,7
86,332,3.28255,-1.07213,7
86,136,2.09312,17.5751,6
86,372,3.28255,-1.07213,7
86,240,3.28255,-1.07213,7
86,384,2.09312,17.5751,6
86,320,3.28255,-1.07213,7
86,156,3.28255,-1.07213,7
86,400,-22.3778,16.1712,4
86,216,3.28255,-1.07213,7
86,440,-13.0313,-1.20638,2
86,288,12.975,16.0382,3
86,40,12.975,16.0382,3
86,352,-23.1355,16.2688,4
86,208,3.28255,-1.07213,7
86,32,3.28255,-1.07213,7
86,284,3.28255,-1.07213,7
86,252,-45.1115,3.54118,4
86,444,-23.3591,16.2265,4
86,68,12.975,16.0382,3
86,24,3.28255,-1.07213,7
86,96,12.5323,15.4419,3
86,304,3.28255,-1.07213,7
86,280,11.9569,14.6197,3
86,272,3.28255,-1.07213,7
86,0,12.975,16.0382,3
86,368,3.28255,-1.07213,7
86,100,-13.0313,-1.20638,2
86,60,12.4821,15.1681,3
86,72,3.28255,-1.07213,7
86,360,-0.424353,-23.2557,5
86,212,3.28255,-1.07213,7
86,4,3.28255,-1.07213,7
86,144,12.975,16.0382,3
86,120,15.8755,-12.5898,5
86,380,3.28255,-1.07213,7
86,108,11.7376,14.2348,3
86,232,12.975,16.0382,3
86,28,2.09312,17.5751,6
86,392,-0.424353,-23.2557,5
86,376,3.28255,-1.07213,7
86,204,3.28255,-1.07213,7
86,428,3.28255,-1.07213,7
86,296,12.975,16.0382,3
86,160,3.77542,-0.202034,7
86,44,3.28255,-1.07213,7
86,312,-0.0275754,-20.8901,5
86,340,-6.90103,11.7833,1
86,416,3.28255,-1.07213,7
86,228,2.09312,17.5751,6
87,404,3.28255,-1.07213,7
87,336,3.28255,-1.07213,7
87,44,3.28255,-1.07213,7
87,268,3.28255,-1.07213,7
87,156,3.28255,-1.07213,7
87,68,12.975,16.0382,3
87,392,-0.424353,-23.2557,5
87,20,3.77266,-0.200484,7
87,96,12.0629,14.5579,3
87,64,12.975,16.0382,3
87,428,3.28255,-1.07213,7
87,132,12.4754,15.1671,3
87,16,12.975,16.0382,3
87,420,3.28255,-1.07213,7
87,272,3.28255,-1.07213,7
87,80,11.9438,14.3271,3
87,172,-0.424353,-23.2557,5
87,296,12.975,16.0382,3
87,184,-0.424353,-23.2557,5
87,340,-6.90103,11.7833,1
87,116,3.28255,-1.07213,7
87,56,12.975,16.0382,3
87,264,3.28255,-1.07213,7
87,292,12.975,16.0382,3
87,360,-0.424353,-23.2557,5
87,224,3.28255,-1.07213,7
87,4,3.28255,-1.07213,7
87,212,3.28255,-1.07213,7
87,316,3.28255,-1.07213,7
87,276,12.975,16.0382,3
87,92,3.28255,-1.07213,7
87,200,3.28255,-1.07213,7
87,300,12.975,16.0382,3
87,236,12.975,16.0382,3
87,60,12.975,16.0382,3
87,36,12.975,16.0382,3
87,124,3.28255,-1.07213,7
87,76,3.47093,-0.184325,7
87,112,22.6612,35.0591,8
87,196,3.28255,-1.07213,7
87,356,3.28255,-1.07213,7
87,52,11.8091,14.0152,3
87,380,3.28255,-1.07213,7
87,168,3.28255,-1.07213,7
87,344,3.28255,-1.07213,7
87,136,2.09312,17.5751,6
87,288,12.975,16.0382,3
87,164,3.28255,-1.07213,7
87,256,2.09312,17.5751,6
87,228,2.09312,17.5751,6
87,368,3.28255,-1.07213,7
87,204,3.28255,-1.07213,7
87,0,12.4821,15.1681,3
87,100,-13.0313,-1.20638,2
87,140,12.975,16.0382,3
87,104,12.975,16.0382,3
87,148,12.3231,15.7532,3
87,400,-22.7651,15.7992,4
87,312,-0.0280518,-20.89,5
87,280,11.4989,13.7287,3
87,408,12.975,16.0382,3
87,232,12.4801,15.1693,3
87,12,15.8755,-12.5898,5
87,436,15.8755,-12.5898,5
87,348,3.28255,-1.07213,7
87,308,3.28255,-1.07213,7
87,28,2.09312,17.5751,6
87,252,-45.1115,3.54118,4
87,108,12.3278,15.0453,3
87,248,12.975,16.0382,3
87,24,3.28255,-1.07213,7
87,8,3.28255,-1.07213,7
87,128,12.4226,15.2129,3
87,376,3.28255,-1.07213,7
87,32,3.28255,-1.07213,7
87,160,4.26085,0.6722,7
87,324,3.28255,-1.07213,7
87,332,3.7751,-0.201853,7
87,40,12.975,16.0382,3
87,192,3.28255,-1.07213,7
87,372,3.28255,-1.07213,7
87,216,3.28255,-1.07213,7
87,364,-0.313697,-22.594,5
87,424,-13.0313,-1.20638,2
87,88,12.4821,15.1681,3
87,84,11.9138,14.3538,3
87,244,12.975,16.0382,3
87,144,12.975,16.0382,3
87,48,12.54,15.4321,3
87,72,3.77543,-0.202036,7
87,432,-13.0313,-1.20638,2
87,444,-23.4668,16.1527,4
87,220,12.975,16.0382,3
87,304,3.28255,-1.07213,7
87,328,3.28255,-1.07213,7
87,284,3.28255,-1.07213,7
87,152,3.28255,-1.07213,7
87,416,3.28255,-1.07213,7
87,352,-23.3474,16.085,4
87,260,3.28255,-1.07213,7
87,320,3.28255,-1.07213,7
87,180,-6.90103,11.7833,1
87,176,2.09312,17.5751,6
87,208,3.28255,-1.07213,7
87,412,3.28255,-1.07213,7
87,388,12.975,16.0382,3
87,120,15.8755,-12.5898,5
87,384,2.09312,17.5751,6
87,240,3.28255,-1.07213,7
87,396,12.975,16.0382,3
87,440,-13.0313,-1.20638,2
87,188,3.28255,-1.07213,7
88,164,3.28255,-1.07213,7
88,400,-23.318,16.1785,4
88,352,-23.318,16.1785,4
88,416,3.28255,-1.07213,7
88,144,12.975,16.0382,3
88,208,3.28255,-1.07213,7
88,132,12.973,16.0346,3
88,68,12.975,16.0382,3
88,388,12.975,16.0382,3
88,12,15.8755,-12.5898,5
88,180,-6.90103,11.7833,1
88,424,-13.0313,-1.20638,2
88,148,12.975,16.0382,3
88,296,12.975,16.0382,3
88,184,-0.424353,-23.2557,5
88,140,12.975,16.0382,3
88,444,-23.467,16.2617,4
88,260,3.28255,-1.07213,7
88,324,3.28255,-1.07213,7
88,284,3.47116,-0.183207,7
88,340,-6.90103,11.7833,1
88,36,12.975,16.0382,3
88,160,3.28255,-1.07213,7
88,128,11.9476,14.3323,3
88,372,3.28255,-1.07213,7
88,0,12.55,15.3373,3
88,308,3.28255,-1.07213,7
88,156,3.28255,-1.07213,7
88,152,3.28255,-1.07213,7
88,76,4.06482,0.63247,7
88,232,12.975,16.0382,3
88,368,3.28255,-1.07213,7
88,336,3.28255,-1.07213,7
88,328,3.28255,-1.07213,7
88,236,12.975,16.0382,3
88,172,-0.424353,-23.2557,5
88,344,3.28255,-1.07213,7
88,96,11.9524,15.3568,3
88,112,22.6612,35.0591,8
88,252,-45.1115,3.54118,4
88,428,3.28255,-1.07213,7
88,280,11.0453,12.836,3
88,304,3.28255,-1.07213,7
88,320,3.28255,-1.07213,7
88,92,3.28255,-1.07213,7
88,220,12.975,16.0382,3
88,64,12.975,16.0382,3
88,440,-13.0313,-1.20638,2
88,408,12.975,16.0382,3
88,360,-0.424353,-23.2557,5
88,196,3.28255,-1.07213,7
88,436,15.8755,-12.5898,5
88,20,3.28255,-1.07213,7
88,136,2.09312,17.5751,6
88,300,12.975,16.0382,3
88,176,2.09312,17.5751,6
88,16,12.975,16.0382,3
88,380,3.28255,-1.07213,7
88,288,12.975,16.0382,3
88,240,3.28255,-1.07213,7
88,420,3.28255,-1.07213,7
88,120,15.8755,-12.5898,5
88,332,3.28255,-1.07213,7
88,356,3.28255,-1.07213,7
88,272,3.28255,-1.07213,7
88,88,11.9892,14.298,3
88,376,3.28255,-1.07213,7
88,256,2.09312,17.5751,6
88,364,-0.313753,-22.594,5
88,192,3.28255,-1.07213,7
88,84,12.975,16.0382,3
88,248,12.975,16.0382,3
88,244,12.975,16.0382,3
88,204,3.28255,-1.07213,7
88,24,3.28255,-1.07213,7
88,188,3.28255,-1.07213,7
88,124,3.28255,-1.07213,7
88,168,3.77529,-0.201965,7
88,276,12.975,16.0382,3
88,404,3.28255,-1.07213,7
88,108,12.5838,15.3728,3
88,60,12.4821,15.1681,3
88,216,3.28255,-1.07213,7
88,72,4.26361,0.670642,7
88,224,3.28255,-1.07213,7
88,312,-0.0283731,-20.89,5
88,392,-0.424353,-23.2557,5
88,8,3.28255,-1.07213,7
88,28,2.09312,17.5751,6
88,56,12.975,16.0382,3
88,348,3.28255,-1.07213,7
88,116,3.28255,-1.07213,7
88,52,12.3173,14.8768,3
88,48,12.975,16.0382,3
88,212,3.77328,-0.200872,7
88,100,-13.0313,-1.20638,2
88,396,12.975,16.0382,3
88,44,3.28255,-1.07213,7
88,432,-13.0313,-1.20638,2
88,80,11.9476,14.3323,3
88,104,12.975,16.0382,3
88,412,3.28255,-1.07213,7
88,32,3.77541,-0.202028,7
88,200,3.28255,-1.07213,7
88,264,3.28255,-1.07213,7
88,40,12.975,16.0382,3
88,292,12.975,16.0382,3
88,228,2.09312,17.5751,6
88,384,2.09312,17.5751,6
88,4,3.28255,-1.07213,7
88,316,3.28255,-1.07213,7
88,268,3.28255,-1.07213,7
89,132,12.4801,15.1644,3
89,8,3.28255,-1.07213,7
89,412,3.28255,-1.07213,7
89,436,15.8755,-12.5898,5
89,84,12.5971,15.3985,3
89,56,12.975,16.0382,3
89,40,12.975,16.0382,3
89,392,-0.424353,-23.2557,5
89,352,-23.4673,16.2696,4
89,396,12.975,16.0382,3
89,428,3.28255,-1.07213,7
89,48,12.975,16.0382,3
89,188,3.28255,-1.07213,7
89,344,3.28255,-1.07213,7
89,140,12.975,16.0382,3
89,248,12.975,16.0382,3
89,304,3.28255,-1.07213,7
89,384,2.09312,17.5751,6
89,356,3.28255,-1.07213,7
89,416,3.28255,-1.07213,7
89,120,15.8755,-12.5898,5
89,212,3.28255,-1.07213,7
89,96,11.9099,14.7662,3
89,340,-6.90103,11.7833,1
89,24,3.28255,-1.07213,7
89,376,3.28255,-1.07213,7
89,76,3.66985,-0.289502,7
89,88,12.0039,14.4288,3
89,336,3.28255,-1.07213,7
89,152,3.28255,-1.07213,7
89,4,3.28255,-1.07213,7
89,296,12.975,16.0382,3
89,388,12.975,16.0382,3
89,228,2.09312,17.5751,6
89,232,12.4639,15.1792,3
89,0,12.8741,15.9798,3
89,112,22.6612,35.0591,8
89,180,-6.90103,11.7833,1
89,252,-45.1115,3.54118,4
89,288,12.975,16.0382,3
89,128,11.9647,14.3225,3
89,164,3.28255,-1.07213,7
89,68,12.975,16.0382,3
89,80,12.4719,15.1843,3
89,324,3.28255,-1.07213,7
89,36,12.8101,15.7469,3
89,60,11.9099,14.7662,3
89,372,3.28255,-1.07213,7
89,240,3.28255,-1.07213,7
89,192,3.28255,-1.07213,7
89,72,3.28255,-1.07213,7
89,168,3.28255,-1.07213,7
89,124,3.28255,-1.07213,7
89,320,3.28255,-1.07213,7
89,360,-0.424353,-23.2557,5
89,328,3.28255,-1.07213,7
89,220,12.975,16.0382,3
89,104,12.975,16.0382,3
89,64,12.975,16.0382,3
89,196,3.28255,-1.07213,7
89,52,11.8183,14.0102,3
89,380,3.28255,-1.07213,7
89,300,12.975,16.0382,3
89,292,12.975,16.0382,3
89,316,3.78786,-0.209596,7
89,312,-0.028588,-20.8899,5
89,368,3.28255,-1.07213,7
89,204,3.28255,-1.07213,7
89,276,12.975,16.0382,3
89,144,12.975,16.0382,3
89,264,3.77272,-0.200519,7
89,256,2.09312,17.5751,6
89,420,3.28255,-1.07213,7
89,268,3.28255,-1.07213,7
89,284,3.28255,-1.07213,7
89,32,3.341,-1.01295,7
89,12,15.8755,-12.5898,5
89,100,-13.0313,-1.20638,2
89,16,12.975,16.0382,3
89,160,3.28255,-1.07213,7
89,44,3.28255,-1.07213,7
89,28,2.09312,17.5751,6
89,424,-13.0313,-1.20638,2
89,280,10.5845,11.9478,3
89,364,-0.424353,-23.2557,5
89,440,-13.0313,-1.20638,2
89,116,3.28255,-1.07213,7
89,244,12.975,16.0382,3
89,136,2.09312,17.5751,6
89,200,3.28255,-1.07213,7
89,444,-23.4673,16.2696,4
89,108,12.8101,15.7469,3
89,404,3.28255,-1.07213,7
89,216,3.28255,-1.07213,7
89,348,3.28255,-1.07213,7
89,176,2.09312,17.5751,6
89,156,3.28255,-1.07213,7
89,20,3.28255,-1.07213,7
89,332,3.28255,-1.07213,7
89,408,12.975,16.0382,3
89,148,12.4747,15.1724,3
89,400,-23.3186,16.2587,4
89,236,12.975,16.0382,3
89,272,3.28255,-1.07213,7
89,432,-13.0313,-1.20638,2
89,184,-0.424353,-23.2557,5
89,260,3.28255,-1.07213,7
89,224,3.28255,-1.07213,7
89,208,3.28255,-1.07213,7
89,92,3.7681,-0.197942,7
89,308,3.28255,-1.07213,7
89,172,-0.424353,-23.2557,5
90,32,3.82379,-0.137084,7
90,80,11.8698,14.485,3
90,36,12.317,14.8769,3
90,148,12.975,16.0382,3
90,332,3.28255,-1.07213,7
90,40,12.975,16.0382,3
90,204,3.28255,-1.07213,7
90,84,12.5519,15.5329,3
90,292,12.975,16.0382,3
90,56,12.975,16.0382,3
90,244,12.975,16.0382,3
90,284,3.2152,-0.43692,7
90,176,2.09312,17.5751,6
90,24,3.76927,-0.19858,7
90,304,3.28255,-1.07213,7
90,184,-0.424353,-23.2557,5
90,440,-13.0313,-1.20638,2
90,408,12.975,16.0382,3
90,152,3.28255,-1.07213,7
90,324,3.28255,-1.07213,7
90,172,-0.424353,-23.2557,5
90,192,3.28255,-1.07213,7
90,104,12.975,16.0382,3
90,168,3.28255,-1.07213,7
90,136,2.09312,17.5751,6
90,28,2.09312,17.5751,6
90,312,-0.0174078,-20.8919,5
90,348,3.28255,-1.07213,7
90,276,12.975,16.0382,3
90,100,-13.0313,-1.20638,2
90,420,3.28255,-1.07213,7
90,400,-23.3193,16.2749,4
90,188,3.28255,-1.07213,7
90,132,12.4801,15.1645,3
90,280,10.1062,11.0694,3
90,60,11.5085,13.8415,3
90,124,3.28255,-1.07213,7
90,92,3.28255,-1.07213,7
90,68,12.975,16.0382,3
90,88,12.5289,15.2804,3
90,252,-45.1115,3.54118,4
90,164,3.28255,-1.07213,7
90,308,3.28255,-1.07213,7
90,144,12.975,16.0382,3
90,320,3.28255,-1.07213,7
90,240,3.28255,-1.07213,7
90,216,3.28255,-1.07213,7
90,272,3.28255,-1.07213,7
90,0,12.4169,15.0896,3
90,336,3.28255,-1.07213,7
90,8,3.28255,-1.07213,7
90,316,3.28255,-1.07213,7
90,376,3.28255,-1.07213,7
90,380,3.28255,-1.07213,7
90,236,12.975,16.0382,3
90,356,3.28255,-1.07213,7
90,12,15.8755,-12.5898,5
90,232,12.975,16.0382,3
90,428,3.28255,-1.07213,7
90,404,3.28255,-1.07213,7
90,288,12.975,16.0382,3
90,372,3.28255,-1.07213,7
90,416,3.28255,-1.07213,7
90,156,3.28255,-1.07213,7
90,212,3.28255,-1.07213,7
90,116,3.44651,-0.558323,7
90,208,3.28255,-1.07213,7
90,108,12.975,16.0382,3
90,20,3.28255,-1.07213,7
90,44,3.28255,-1.07213,7
90,352,-23.4673,16.2709,4
90,264,4.24973,0.678129,7
90,444,-23.4673,16.27,4
90,76,3.28255,-1.07213,7
90,4,3.28255,-1.07213,7
90,340,-6.90103,11.7833,1
90,72,3.28255,-1.07213,7
90,140,12.975,16.0382,3
90,16,12.975,16.0382,3
90,260,3.28255,-1.07213,7
90,432,-13.0313,-1.20638,2
90,344,3.28255,-1.07213,7
90,128,12.975,16.0382,3
90,200,3.28255,-1.07213,7
90,228,2.09312,17.5751,6
90,360,-0.424353,-23.2557,5
90,64,12.975,16.0382,3
90,436,15.8755,-12.5898,5
90,392,-0.424353,-23.2557,5
90,368,3.28255,-1.07213,7
90,396,12.975,16.0382,3
90,196,3.28255,-1.07213,7
90,160,3.77543,-0.202038,7
90,300,12.975,16.0382,3
90,412,3.28255,-1.07213,7
90,52,12.3638,15.3104,3
90,96,12.6261,15.4792,3
90,112,22.6612,35.0591,8
90,296,12.975,16.0382,3
90,256,2.09312,17.5751,6
90,364,-0.424353,-23.2557,5
90,424,-13.0313,-1.20638,2
90,220,12.975,16.0382,3
90,328,3.28255,-1.07213,7
90,120,15.8755,-12.5898,5
90,248,12.975,16.0382,3
90,224,3.28255,-1.07213,7
90,388,12.975,16.0382,3
90,384,2.09312,17.5751,6
90,268,3.28255,-1.07213,7
90,180,-6.90103,11.7833,1
90,48,12.4757,15.1719,3
91,212,3.28255,-1.07213,7
91,272,3.28255,-1.07213,7
91,112,22.6612,35.0591,8
91,364,-0.424353,-23.2557,5
91,36,11.8586,13.9889,3
91,148,12.4134,15.7883,3
91,248,12.975,16.0382,3
91,104,12.975,16.0382,3
91,176,2.09312,17.5751,6
91,52,12.975,16.0382,3
91,276,12.975,16.0382,3
91,20,3.28255,-1.07213,7
91,368,3.28255,-1.07213,7
91,396,12.975,16.0382,3
91,320,3.28255,-1.07213,7
91,216,3.28255,-1.07213,7
91,40,12.975,16.0382,3
91,16,12.975,16.0382,3
91,80,12.4942,15.274,3
91,244,12.975,16.0382,3
91,116,3.28255,-1.07213,7
91,340,-6.90103,11.7833,1
91,324,3.28255,-1.07213,7
91,240,3.28255,-1.07213,7
91,408,12.975,16.0382,3
91,392,-0.424353,-23.2557,5
91,64,12.975,16.0382,3
91,184,-0.424353,-23.2557,5
91,28,2.09312,17.5751,6
91,352,-23.4673,16.2704,4
91,232,12.4342,15.1997,3
91,336,3.28255,-1.07213,7
91,132,11.9747,14.3017,3
91,76,3.28255,-1.07213,7
91,124,3.28255,-1.07213,7
91,4,3.28255,-1.07213,7
91,0,12.975,16.0382,3
91,172,-0.424353,-23.2557,5
91,92,3.28255,-1.07213,7
91,144,12.975,16.0382,3
91,120,15.8755,-12.5898,5
91,444,-23.53,16.2293,4
91,412,3.28255,-1.07213,7
91,420,3.28255,-1.07213,7
91,256,2.09312,17.5751,6
91,168,3.28255,-1.07213,7
91,180,-6.90103,11.7833,1
91,380,3.28255,-1.07213,7
91,44,3.28255,-1.07213,7
91,128,12.4774,15.1708,3
91,96,12.4233,15.2815,3
91,344,3.28255,-1.07213,7
91,292,12.975,16.0382,3
91,108,12.975,16.0382,3
91,424,-13.0313,-1.20638,2
91,84,12.975,16.0382,3
91,300,12.975,16.0382,3
91,32,3.32219,-1.0022,7
91,360,-0.424353,-23.2557,5
91,428,3.28255,-1.07213,7
91,296,12.975,16.0382,3
91,284,3.28255,-1.07213,7
91,48,12.975,16.0382,3
91,56,12.975,16.0382,3
91,152,3.28255,-1.07213,7
91,220,12.975,16.0382,3
91,376,3.28255,-1.07213,7
91,280,10.613,11.9316,3
91,328,3.24982,-0.442887,7
91,260,3.28255,-1.07213,7
91,188,3.28255,-1.07213,7
91,268,3.28255,-1.07213,7
91,72,3.28255,-1.07213,7
91,440,-13.0313,-1.20638,2
91,208,3.28255,-1.07213,7
91,384,2.09312,17.5751,6
91,348,3.28255,-1.07213,7
91,432,-13.0313,-1.20638,2
91,356,3.28255,-1.07213,7
91,288,12.975,16.0382,3
91,236,12.975,16.0382,3
91,140,12.975,16.0382,3
91,100,-13.0313,-1.20638,2
91,136,2.09312,17.5751,6
91,436,15.8755,-12.5898,5
91,264,3.76948,-0.199069,7
91,12,15.8755,-12.5898,5
91,192,3.28255,-1.07213,7
91,416,3.28255,-1.07213,7
91,200,3.28255,-1.07213,7
91,388,12.975,16.0382,3
91,404,3.28255,-1.07213,7
91,68,12.975,16.0382,3
91,88,12.0412,14.4073,3
91,196,3.28255,-1.07213,7
91,204,3.28255,-1.07213,7
91,156,3.28255,-1.07213,7
91,252,-45.1115,3.54118,4
91,60,12.111,14.6447,3
91,8,3.28255,-1.07213,7
91,372,3.28255,-1.07213,7
91,304,3.28255,-1.07213,7
91,332,3.28255,-1.07213,7
91,308,3.28255,-1.07213,7
91,312,-0.0212388,-20.8913,5
91,228,2.09312,17.5751,6
91,400,-23.3194,16.2778,4
91,160,3.28255,-1.07213,7
91,164,3.28255,-1.07213,7
91,316,3.28255,-1.07213,7
91,24,3.28255,-1.07213,7
91,224,3.28255,-1.07213,7
92,252,-45.1115,3.54118,4
92,336,3.28255,-1.07213,7
92,48,12.4779,15.1705,3
92,444,-23.5327,16.2277,4
92,0,12.4775,15.1708,3
92,260,3.28255,-1.07213,7
92,224,3.28255,-1.07213,7
92,168,3.28255,-1.07213,7
92,180,-6.90103,11.7833,1
92,424,-13.0313,-1.20638,2
92,212,3.28255,-1.07213,7
92,100,-13.0313,-1.20638,2
92,384,2.09312,17.5751,6
92,108,12.646,15.4677,3
92,208,3.28255,-1.07213,7
92,356,3.28255,-1.07213,7
92,348,3.28255,-1.07213,7
92,400,-23.3194,16.2758,4
92,112,22.6612,35.0591,8
92,84,12.4801,15.1692,3
92,124,3.28255,-1.07213,7
92,216,3.28255,-1.07213,7
92,132,12.4772,15.1664,3
92,288,12.975,16.0382,3
92,28,2.09312,17.5751,6
92,76,3.28255,-1.07213,7
92,388,12.975,16.0382,3
92,36,11.355,13.1249,3
92,264,3.28255,-1.07213,7
92,20,3.28255,-1.07213,7
92,88,11.5509,13.5358,3
92,256,2.09312,17.5751,6
92,276,12.975,16.0382,3
92,316,3.77426,-0.201376,7
92,172,-0.424353,-23.2557,5
92,280,12.1074,14.5329,3
92,368,3.28255,-1.07213,7
92,320,3.28255,-1.07213,7
92,296,12.975,16.0382,3
92,68,12.975,16.0382,3
92,328,3.28255,-1.07213,7
92,120,15.8755,-12.5898,5
92,416,3.28255,-1.07213,7
92,96,12.151,14.5988,3
92,228,2.09312,17.5751,6
92,372,3.28255,-1.07213,7
92,344,3.28255,-1.07213,7
92,52,12.4629,15.1799,3
92,60,11.9794,14.299,3
92,244,12.975,16.0382,3
92,304,3.28255,-1.07213,7
92,12,15.8755,-12.5898,5
92,24,3.28255,-1.07213,7
92,308,3.28255,-1.07213,7
92,436,15.8755,-12.5898,5
92,4,3.28255,-1.07213,7
92,380,3.28255,-1.07213,7
92,364,-0.424353,-23.2557,5
92,204,3.28255,-1.07213,7
92,164,3.28255,-1.07213,7
92,360,-0.424353,-23.2557,5
92,240,3.28255,-1.07213,7
92,352,-23.5302,16.2296,4
92,184,-0.424353,-23.2557,5
92,56,12.975,16.0382,3
92,148,12.9714,16.0318,3
92,292,12.975,16.0382,3
92,40,12.975,16.0382,3
92,144,12.975,16.0382,3
92,300,12.975,16.0382,3
92,272,3.28255,-1.07213,7
92,324,3.28255,-1.07213,7
92,188,3.28255,-1.07213,7
92,116,3.28255,-1.07213,7
92,32,3.28255,-1.07213,7
92,196,3.28255,-1.07213,7
92,220,12.975,16.0382,3
92,392,-0.424353,-23.2557,5
92,376,3.28255,-1.07213,7
92,92,3.28255,-1.07213,7
92,128,12.9525,15.9985,3
92,248,12.975,16.0382,3
92,408,12.975,16.0382,3
92,236,12.975,16.0382,3
92,340,-6.90103,11.7833,1
92,420,3.28255,-1.07213,7
92,80,12.975,16.0382,3
92,176,2.09312,17.5751,6
92,396,12.975,16.0382,3
92,72,3.4825,-1.04617,7
92,64,12.975,16.0382,3
92,140,12.975,16.0382,3
92,332,3.28255,-1.07213,7
92,160,3.28255,-1.07213,7
92,192,3.28255,-1.07213,7
92,432,-13.0313,-1.20638,2
92,44,3.28255,-1.07213,7
92,440,-13.0313,-1.20638,2
92,412,3.28255,-1.07213,7
92,8,3.28255,-1.07213,7
92,104,12.975,16.0382,3
92,16,12.975,16.0382,3
92,312,-0.0238082,-20.8909,5
92,152,3.28255,-1.07213,7
92,232,11.9847,14.3061,3
92,136,2.09312,17.5751,6
92,268,3.28255,-1.07213,7
92,156,3.28255,-1.07213,7
92,200,3.28255,-1.07213,7
92,284,3.75465,-0.191212,7
92,404,3.28255,-1.07213,7
92,428,3.28255,-1.07213,7
93,400,-23.3307,16.2236,4
93,12,15.8755,-12.5898,5
93,40,12.975,16.0382,3
93,212,3.28255,-1.07213,7
93,260,3.28255,-1.07213,7
93,220,12.975,16.0382,3
93,56,12.975,16.0382,3
93,168,3.28255,-1.07213,7
93,100,-13.0313,-1.20638,2
93,340,-6.90103,11.7833,1
93,324,3.28255,-1.07213,7
93,160,3.28255,-1.07213,7
93,232,12.4237,15.7983,3
93,16,12.975,16.0382,3
93,132,12.4237,15.7983,3
93,288,12.975,16.0382,3
93,128,12.9525,15.9984,3
93,208,3.28255,-1.07213,7
93,172,-0.424353,-23.2557,5
93,192,3.28255,-1.07213,7
93,216,3.28255,-1.07213,7
93,36,10.8554,12.2586,3
93,432,-13.0313,-1.20638,2
93,196,3.28255,-1.07213,7
93,304,3.28255,-1.07213,7
93,440,-13.0313,-1.20638,2
93,144,12.975,16.0382,3
93,4,3.28255,-1.07213,7
93,428,3.28255,-1.07213,7
93,272,3.28255,-1.07213,7
93,152,3.28255,-1.07213,7
93,244,12.975,16.0382,3
93,32,3.28255,-1.07213,7
93,296,12.975,16.0382,3
93,256,2.09312,17.5751,6
93,112,22.6612,35.0591,8
93,392,-0.424353,-23.2557,5
93,24,3.28255,-1.07213,7
93,388,12.975,16.0382,3
93,80,12.523,15.2573,3
93,8,3.28255,-1.07213,7
93,240,3.28255,-1.07213,7
93,300,12.975,16.0382,3
93,352,-23.5328,16.228,4
93,348,3.28255,-1.07213,7
93,136,2.09312,17.5751,6
93,88,12.1483,14.9107,3
93,48,12.9525,15.9984,3
93,156,3.28255,-1.07213,7
93,96,12.975,16.0382,3
93,120,15.8755,-12.5898,5
93,268,3.28255,-1.07213,7
93,264,3.28255,-1.07213,7
93,200,3.28255,-1.07213,7
93,64,12.975,16.0382,3
93,424,-13.0313,-1.20638,2
93,344,3.28255,-1.07213,7
93,44,3.28255,-1.07213,7
93,276,12.975,16.0382,3
93,292,12.975,16.0382,3
93,164,3.28255,-1.07213,7
93,148,12.9714,16.0319,3
93,184,-0.424353,-23.2557,5
93,380,3.28255,-1.07213,7
93,68,12.975,16.0382,3
93,280,11.3097,14.2914,3
93,224,3.28255,-1.07213,7
93,108,12.628,15.3728,3
93,384,2.09312,17.5751,6
93,72,3.28255,-1.07213,7
93,408,12.975,16.0382,3
93,332,3.28255,-1.07213,7
93,328,3.28255,-1.07213,7
93,444,-23.5337,16.2666,4
93,316,3.28255,-1.07213,7
93,364,-0.424353,-23.2557,5
93,60,12.4783,15.1657,3
93,376,3.28255,-1.07213,7
93,420,3.28255,-1.07213,7
93,312,-0.0255314,-20.8906,5
93,116,3.28255,-1.07213,7
93,308,3.28255,-1.07213,7
93,284,3.34441,-1.00806,7
93,436,15.8755,-12.5898,5
93,20,3.28255,-1.07213,7
93,52,12.4732,15.1739,3
93,336,3.28255,-1.07213,7
93,404,3.28255,-1.07213,7
93,356,3.28255,-1.07213,7
93,320,3.28255,-1.07213,7
93,176,2.09312,17.5751,6
93,76,3.28255,-1.07213,7
93,248,12.975,16.0382,3
93,180,-6.90103,11.7833,1
93,228,2.09312,17.5751,6
93,204,3.28255,-1.07213,7
93,360,-0.424353,-23.2557,5
93,396,12.975,16.0382,3
93,372,3.28255,-1.07213,7
93,104,12.975,16.0382,3
93,0,12.0475,14.3782,3
93,236,12.975,16.0382,3
93,124,3.28255,-1.07213,7
93,368,3.28255,-1.07213,7
93,416,3.28255,-1.07213,7
93,92,3.28255,-1.07213,7
93,188,3.28255,-1.07213,7
93,84,12.3917,15.7518,3
93,252,-45.1115,3.54118,4
93,28,2.09312,17.5751,6
93,140,12.975,16.0382,3
93,412,3.28255,-1.07213,7
94,136,2.09312,17.5751,6
94,220,12.975,16.0382,3
94,216,3.28255,-1.07213,7
94,4,3.28255,-1.07213,7
94,404,3.28255,-1.07213,7
94,116,3.28255,-1.07213,7
94,320,3.28255,-1.07213,7
94,228,2.09312,17.5751,6
94,444,-23.5337,16.2676,4
94,208,3.28255,-1.07213,7
94,268,3.28255,-1.07213,7
94,188,3.28255,-1.07213,7
94,180,-6.90103,11.7833,1
94,76,3.75749,-0.192123,7
94,32,3.28255,-1.07213,7
94,336,3.28255,-1.07213,7
94,64,12.975,16.0382,3
94,132,12.975,16.0382,3
94,8,3.28255,-1.07213,7
94,260,3.28255,-1.07213,7
94,40,12.975,16.0382,3
94,292,12.975,16.0382,3
94,388,12.975,16.0382,3
94,36,11.3257,13.141,3
94,16,12.975,16.0382,3
94,68,12.975,16.0382,3
94,96,12.4814,15.1685,3
94,248,12.975,16.0382,3
94,408,12.975,16.0382,3
94,128,12.975,16.0382,3
94,312,-0.0266871,-20.8904,5
94,148,12.4765,15.1629,3
94,332,3.28255,-1.07213,7
94,424,-13.0313,-1.20638,2
94,152,3.28255,-1.07213,7
94,420,3.28255,-1.07213,7
94,120,15.8755,-12.5898,5
94,172,-0.424353,-23.2557,5
94,368,3.28255,-1.07213,7
94,256,2.09312,17.5751,6
94,88,12.2113,14.8727,3
94,340,-6.90103,11.7833,1
94,376,3.28255,-1.07213,7
94,12,15.8755,-12.5898,5
94,100,-13.0313,-1.20638,2
94,440,-13.0313,-1.20638,2
94,316,3.77543,-0.202038,7
94,56,12.975,16.0382,3
94,80,12.0326,14.3859,3
94,436,15.8755,-12.5898,5
94,176,2.09312,17.5751,6
94,328,3.28255,-1.07213,7
94,240,3.28255,-1.07213,7
94,164,3.28255,-1.07213,7
94,396,12.975,16.0382,3
94,84,12.975,16.0382,3
94,276,12.975,16.0382,3
94,360,-0.424353,-23.2557,5
94,196,3.28255,-1.07213,7
94,124,3.28255,-1.07213,7
94,184,-0.424353,-23.2557,5
94,380,3.28255,-1.07213,7
94,300,12.975,16.0382,3
94,60,12.375,15.2807,3
94,92,3.52598,-0.552516,7
94,284,3.81766,-0.127106,7
94,192,3.28255,-1.07213,7
94,52,12.6516,15.6545,3
94,352,-23.5249,16.2575,4
94,112,22.6612,35.0591,8
94,244,12.975,16.0382,3
94,280,12.1054,14.7414,3
94,372,3.28255,-1.07213,7
94,232,12.975,16.0382,3
94,252,-45.1115,3.54118,4
94,412,3.28255,-1.07213,7
94,72,3.28255,-1.07213,7
94,304,3.28255,-1.07213,7
94,24,3.28255,-1.07213,7
94,48,12.3827,15.182,3
94,272,3.28255,-1.07213,7
94,160,3.28255,-1.07213,7
94,432,-13.0313,-1.20638,2
94,356,3.28255,-1.07213,7
94,236,12.975,16.0382,3
94,384,2.09312,17.5751,6
94,108,11.9227,14.737,3
94,392,-0.424353,-23.2557,5
94,264,3.28255,-1.07213,7
94,20,3.28255,-1.07213,7
94,296,12.975,16.0382,3
94,428,3.28255,-1.07213,7
94,204,3.28255,-1.07213,7
94,400,-23.3318,16.267,4
94,140,12.975,16.0382,3
94,156,3.28255,-1.07213,7
94,308,3.28255,-1.07213,7
94,364,-0.424353,-23.2557,5
94,288,12.975,16.0382,3
94,224,3.28255,-1.07213,7
94,168,3.77539,-0.202013,7
94,28,2.09312,17.5751,6
94,344,3.28255,-1.07213,7
94,212,3.28255,-1.07213,7
94,44,3.28255,-1.07213,7
94,348,3.28255,-1.07213,7
94,104,12.975,16.0382,3
94,200,3.28255,-1.07213,7
94,416,3.28255,-1.07213,7
94,324,3.28255,-1.07213,7
94,0,12.975,16.0382,3
94,144,12.975,16.0382,3
95,420,3.28255,-1.07213,7
95,112,22.6612,35.0591,8
95,88,12.7754,15.7002,3
95,64,12.975,16.0382,3
95,172,-0.424353,-23.2557,5
95,196,3.28255,-1.07213,7
95,60,12.3766,14.356,3
95,56,12.975,16.0382,3
95,216,3.28255,-1.07213,7
95,200,3.28255,-1.07213,7
95,304,3.28255,-1.07213,7
95,292,12.975,16.0382,3
95,152,3.28255,-1.07213,7
95,28,2.09312,17.5751,6
95,208,3.28255,-1.07213,7
95,80,12.5014,15.2681,3
95,396,12.975,16.0382,3
95,348,3.28255,-1.07213,7
95,380,3.28255,-1.07213,7
95,0,12.4755,15.1719,3
95,376,3.28255,-1.07213,7
95,328,3.28255,-1.07213,7
95,156,3.28255,-1.07213,7
95,176,2.09312,17.5751,6
95,20,3.77344,-0.200924,7
95,360,-0.424353,-23.2557,5
95,212,3.28255,-1.07213,7
95,228,2.09312,17.5751,6
95,240,3.28255,-1.07213,7
95,12,15.8755,-12.5898,5
95,52,12.975,16.0382,3
95,32,3.28255,-1.07213,7
95,100,-13.0313,-1.20638,2
95,104,12.975,16.0382,3
95,8,3.28255,-1.07213,7
95,412,3.28255,-1.07213,7
95,316,3.28255,-1.07213,7
95,164,3.28255,-1.07213,7
95,4,3.28255,-1.07213,7
95,276,12.975,16.0382,3
95,428,3.28255,-1.07213,7
95,308,3.28255,-1.07213,7
95,204,3.28255,-1.07213,7
95,192,3.28255,-1.07213,7
95,36,11.8194,14.0106,3
95,268,3.28255,-1.07213,7
95,352,-23.5561,16.2664,4
95,252,-45.1115,3.54118,4
95,284,3.87538,0.781925,7
95,280,12.6846,15.5596,3
95,84,12.975,16.0382,3
95,236,12.975,16.0382,3
95,312,-0.0274621,-20.8902,5
95,232,12.975,16.0382,3
95,288,12.975,16.0382,3
95,220,12.975,16.0382,3
95,432,-13.0313,-1.20638,2
95,272,3.28255,-1.07213,7
95,68,12.975,16.0382,3
95,244,12.975,16.0382,3
95,340,-6.90103,11.7833,1
95,260,3.28255,-1.07213,7
95,44,3.28255,-1.07213,7
95,264,3.65754,-0.161819,7
95,224,3.28255,-1.07213,7
95,416,3.28255,-1.07213,7
95,336,3.28255,-1.07213,7
95,136,2.09312,17.5751,6
95,444,-23.5496,16.2569,4
95,356,3.28255,-1.07213,7
95,184,-0.424353,-23.2557,5
95,160,3.28255,-1.07213,7
95,16,12.975,16.0382,3
95,368,3.28255,-1.07213,7
95,168,3.28255,-1.07213,7
95,400,-23.4636,16.1652,4
95,24,3.28255,-1.07213,7
95,440,-13.0313,-1.20638,2
95,332,3.28255,-1.07213,7
95,108,12.9661,16.027,3
95,372,3.28255,-1.07213,7
95,144,12.975,16.0382,3
95,324,3.28255,-1.07213,7
95,436,15.8755,-12.5898,5
95,128,12.975,16.0382,3
95,120,15.8755,-12.5898,5
95,188,3.28255,-1.07213,7
95,300,12.975,16.0382,3
95,180,-6.90103,11.7833,1
95,320,3.28255,-1.07213,7
95,116,3.28255,-1.07213,7
95,404,3.28255,-1.07213,7
95,132,12.4833,15.1674,3
95,424,-13.0313,-1.20638,2
95,148,12.7959,15.1506,3
95,40,12.975,16.0382,3
95,48,12.9547,16.0026,3
95,72,3.28255,-1.07213,7
95,140,12.975,16.0382,3
95,96,12.4605,15.1852,3
95,256,2.09312,17.5751,6
95,384,2.09312,17.5751,6
95,408,12.975,16.0382,3
95,92,3.28255,-1.07213,7
95,76,3.28255,-1.07213,7
95,392,-0.424353,-23.2557,5
95,344,3.28255,-1.07213,7
95,388,12.975,16.0382,3
95,296,12.975,16.0382,3
95,364,-0.424353,-23.2557,5
95,248,12.975,16.0382,3
95,124,3.28255,-1.07213,7
96,12,15.8755,-12.5898,5
96,24,3.28255,-1.07213,7
96,288,12.975,16.0382,3
96,84,12.975,16.0382,3
96,200,3.28255,-1.07213,7
96,228,2.09312,17.5751,6
96,40,12.975,16.0382,3
96,180,-6.90103,11.7833,1
96,268,3.28255,-1.07213,7
96,444,-23.5498,16.2568,4
96,276,12.975,16.0382,3
96,212,3.471,-0.184406,7
96,260,3.28255,-1.07213,7
96,372,3.28255,-1.07213,7
96,328,3.28255,-1.07213,7
96,252,-45.1115,3.54118,4
96,284,3.28255,-1.07213,7
96,80,12.0232,14.3896,3
96,300,12.975,16.0382,3
96,88,12.6698,14.7991,3
96,128,12.4801,15.1692,3
96,208,3.28255,-1.07213,7
96,352,-23.5561,16.2664,4
96,172,-0.424353,-23.2557,5
96,100,-13.0313,-1.20638,2
96,204,3.28255,-1.07213,7
96,16,12.975,16.0382,3
96,336,3.28255,-1.07213,7
96,220,12.975,16.0382,3
96,232,12.4816,15.1684,3
96,408,12.975,16.0382,3
96,8,3.28255,-1.07213,7
96,188,3.28255,-1.07213,7
96,396,12.975,16.0382,3
96,64,12.975,16.0382,3
96,392,-0.424353,-23.2557,5
96,152,3.28255,-1.07213,7
96,192,3.28255,-1.07213,7
96,296,12.975,16.0382,3
96,280,12.1857,14.6931,3
96,420,3.28255,-1.07213,7
96,168,3.28255,-1.07213,7
96,304,3.28255,-1.07213,7
96,272,3.28255,-1.07213,7
96,264,3.29585,-0.975505,7
96,108,12.4728,15.1572,3
96,28,2.09312,17.5751,6
96,404,3.28255,-1.07213,7
96,248,12.975,16.0382,3
96,236,12.975,16.0382,3
96,412,3.28255,-1.07213,7
96,216,3.28255,-1.07213,7
96,32,3.28255,-1.07213,7
96,20,3.77463,-0.201588,7
96,360,-0.424353,-23.2557,5
96,312,-0.509592,-21.0357,5
96,156,3.28255,-1.07213,7
96,364,-0.424353,-23.2557,5
96,68,12.975,16.0382,3
96,112,22.6612,35.0591,8
96,148,12.6545,15.2192,3
96,324,3.28255,-1.07213,7
96,388,12.975,16.0382,3
96,400,-23.4642,16.2625,4
96,44,3.28255,-1.07213,7
96,380,3.28255,-1.07213,7
96,432,-13.0313,-1.20638,2
96,368,3.28255,-1.07213,7
96,120,15.8755,-12.5898,5
96,164,3.28255,-1.07213,7
96,340,-6.90103,11.7833,1
96,116,3.77507,-0.201836,7
96,104,12.975,16.0382,3
96,384,2.09312,17.5751,6
96,348,3.28255,-1.07213,7
96,72,3.77526,-0.201941,7
96,376,3.28255,-1.07213,7
96,184,-0.424353,-23.2557,5
96,356,3.28255,-1.07213,7
96,416,3.28255,-1.07213,7
96,240,3.28255,-1.07213,7
96,308,3.28255,-1.07213,7
96,140,12.975,16.0382,3
96,244,12.975,16.0382,3
96,440,-13.0313,-1.20638,2
96,48,12.4821,15.1681,3
96,332,3.28255,-1.07213,7
96,436,15.8755,-12.5898,5
96,256,2.09312,17.5751,6
96,316,3.59366,-0.266604,7
96,52,12.482,15.1681,3
96,292,12.975,16.0382,3
96,96,11.9839,14.3059,3
96,132,11.9899,14.2976,3
96,344,3.28255,-1.07213,7
96,124,3.28255,-1.07213,7
96,144,12.975,16.0382,3
96,224,3.28255,-1.07213,7
96,196,3.28255,-1.07213,7
96,320,3.28255,-1.07213,7
96,136,2.09312,17.5751,6
96,60,11.555,13.8137,3
96,160,3.28255,-1.07213,7
96,36,12.3356,14.8691,3
96,428,3.28255,-1.07213,7
96,56,12.975,16.0382,3
96,424,-13.0313,-1.20638,2
96,0,11.9853,14.3003,3
96,4,3.28255,-1.07213,7
96,176,2.09312,17.5751,6
96,92,3.70568,-0.169187,7
96,76,3.28255,-1.07213,7
97,316,3.28255,-1.07213,7
97,224,3.28255,-1.07213,7
97,164,3.28255,-1.07213,7
97,136,2.09312,17.5751,6
97,68,12.975,16.0382,3
97,140,12.975,16.0382,3
97,284,3.28255,-1.07213,7
97,124,3.28255,-1.07213,7
97,264,3.28255,-1.07213,7
97,328,3.28255,-1.07213,7
97,268,3.28255,-1.07213,7
97,244,12.975,16.0382,3
97,88,12.5149,14.8766,3
97,56,12.975,16.0382,3
97,444,-23.5497,16.2568,4
97,432,-13.0313,-1.20638,2
97,32,3.77543,-0.202037,7
97,396,12.975,16.0382,3
97,208,3.28255,-1.07213,7
97,200,3.28255,-1.07213,7
97,368,3.28255,-1.07213,7
97,60,11.5931,13.7914,3
97,120,15.8755,-12.5898,5
97,28,2.09312,17.5751,6
97,192,3.28255,-1.07213,7
97,276,12.975,16.0382,3
97,160,3.28255,-1.07213,7
97,204,3.28255,-1.07213,7
97,372,3.28255,-1.07213,7
97,36,12.5149,14.8766,3
97,408,12.975,16.0382,3
97,20,4.26457,0.670151,7
97,188,3.28255,-1.07213,7
97,12,15.8755,-12.5898,5
97,288,12.975,16.0382,3
97,44,3.28255,-1.07213,7
97,172,-0.424353,-23.2557,5
97,168,3.77526,-0.201943,7
97,336,3.28255,-1.07213,7
97,236,12.975,16.0382,3
97,108,12.9681,16.0259,3
97,360,-0.424353,-23.2557,5
97,104,12.975,16.0382,3
97,248,12.975,16.0382,3
97,340,-6.90103,11.7833,1
97,220,12.975,16.0382,3
97,272,3.28255,-1.07213,7
97,232,12.4824,15.1679,3
97,312,-0.375592,-21.0477,5
97,40,12.975,16.0382,3
97,296,12.975,16.0382,3
97,364,-0.424353,-23.2557,5
97,424,-13.0313,-1.20638,2
97,320,3.28255,-1.07213,7
97,0,11.2301,13.7266,3
97,252,-45.1115,3.54118,4
97,308,3.28255,-1.07213,7
97,404,3.28255,-1.07213,7
97,420,3.28255,-1.07213,7
97,260,3.28255,-1.07213,7
97,324,3.28255,-1.07213,7
97,400,-23.5497,16.2568,4
97,116,3.28255,-1.07213,7
97,300,12.975,16.0382,3
97,4,3.28255,-1.07213,7
97,304,3.28255,-1.07213,7
97,240,3.28255,-1.07213,7
97,216,3.28255,-1.07213,7
97,228,2.09312,17.5751,6
97,348,3.28255,-1.07213,7
97,256,2.09312,17.5751,6
97,176,2.09312,17.5751,6
97,84,12.4821,15.1681,3
97,376,3.28255,-1.07213,7
97,148,12.9697,15.9404,3
97,280,12.6972,15.5524,3
97,436,15.8755,-12.5898,5
97,392,-0.424353,-23.2557,5
97,52,11.9692,14.3683,3
97,388,12.975,16.0382,3
97,8,3.28255,-1.07213,7
97,48,12.0931,14.6566,3
97,428,3.28255,-1.07213,7
97,76,3.28255,-1.07213,7
97,72,3.28255,-1.07213,7
97,292,12.975,16.0382,3
97,16,12.975,16.0382,3
97,356,3.28255,-1.07213,7
97,132,12.4823,15.168,3
97,144,12.975,16.0382,3
97,332,3.28255,-1.07213,7
97,128,12.4812,15.1686,3
97,64,12.975,16.0382,3
97,24,3.28255,-1.07213,7
97,80,12.0382,13.472,3
97,380,3.28255,-1.07213,7
97,344,3.28255,-1.07213,7
97,184,-0.424353,-23.2557,5
97,180,-6.90103,11.7833,1
97,412,3.28255,-1.07213,7
97,96,12.4829,15.1726,3
97,440,-13.0313,-1.20638,2
97,100,-13.0313,-1.20638,2
97,156,3.28255,-1.07213,7
97,352,-23.5561,16.2664,4
97,416,3.28255,-1.07213,7
97,152,3.28255,-1.07213,7
97,384,2.09312,17.5751,6
97,212,4.10832,0.596705,7
97,92,3.28255,-1.07213,7
97,112,22.6612,35.0591,8
97,196,3.28255,-1.07213,7
98,372,3.28255,-1.07213,7
98,436,15.8755,-12.5898,5
98,144,12.975,16.0382,3
98,300,12.975,16.0382,3
98,20,3.73345,0.623326,7
98,384,2.09312,17.5751,6
98,164,3.28255,-1.07213,7
98,240,3.28255,-1.07213,7
98,352,-23.5561,16.2664,4
98,168,3.28255,-1.07213,7
98,412,3.28255,-1.07213,7
98,28,2.09312,17.5751,6
98,312,-0.734543,-21.1744,5
98,424,-13.0313,-1.20638,2
98,152,3.28255,-1.07213,7
98,248,12.975,16.0382,3
98,132,12.975,16.0382,3
98,84,11.9172,14.349,3
98,340,-6.90103,11.7833,1
98,272,3.28255,-1.07213,7
98,200,3.28255,-1.07213,7
98,260,3.28255,-1.07213,7
98,360,-0.424353,-23.2557,5
98,64,12.975,16.0382,3
98,36,12.975,16.0382,3
98,296,12.975,16.0382,3
98,16,12.975,16.0382,3
98,304,3.28255,-1.07213,7
98,80,11.2884,12.7887,3
98,128,11.9888,14.2982,3
98,344,3.28255,-1.07213,7
98,292,12.975,16.0382,3
98,140,12.975,16.0382,3
98,100,-13.0313,-1.20638,2
98,120,15.8755,-12.5898,5
98,404,3.28255,-1.07213,7
98,288,12.975,16.0382,3
98,332,3.28255,-1.07213,7
98,268,3.28255,-1.07213,7
98,320,3.28255,-1.07213,7
98,188,3.28255,-1.07213,7
98,60,12.1287,14.6358,3
98,256,2.09312,17.5751,6
98,388,12.975,16.0382,3
98,356,3.28255,-1.07213,7
98,76,3.28255,-1.07213,7
98,348,3.28255,-1.07213,7
98,56,12.975,16.0382,3
98,324,3.28255,-1.07213,7
98,336,3.28255,-1.07213,7
98,224,3.28255,-1.07213,7
98,308,3.28255,-1.07213,7
98,400,-23.5502,16.2667,4
98,8,3.28255,-1.07213,7
98,316,3.28255,-1.07213,7
98,24,3.33373,-0.623239,7
98,104,12.975,16.0382,3
98,380,3.28255,-1.07213,7
98,212,3.51268,-0.347887,7
98,96,12.975,16.0382,3
98,12,15.8755,-12.5898,5
98,72,3.77527,-0.201949,7
98,364,-0.424353,-23.2557,5
98,432,-13.0313,-1.20638,2
98,408,12.975,16.0382,3
98,328,3.28255,-1.07213,7
98,284,3.28255,-1.07213,7
98,220,12.975,16.0382,3
98,196,3.28255,-1.07213,7
98,368,3.28255,-1.07213,7
98,108,12.975,16.0382,3
98,376,3.28255,-1.07213,7
98,160,3.28255,-1.07213,7
98,112,22.6612,35.0591,8
98,276,12.975,16.0382,3
98,420,3.28255,-1.07213,7
98,416,3.28255,-1.07213,7
98,0,10.9968,12.7447,3
98,40,12.975,16.0382,3
98,156,3.28255,-1.07213,7
98,280,12.2017,14.6838,3
98,176,2.09312,17.5751,6
98,124,3.28255,-1.07213,7
98,204,3.28255,-1.07213,7
98,236,12.975,16.0382,3
98,392,-0.424353,-23.2557,5
98,264,3.28255,-1.07213,7
98,92,3.28255,-1.07213,7
98,396,12.975,16.0382,3
98,148,12.4511,15.0849,3
98,244,12.975,16.0382,3
98,192,3.28255,-1.07213,7
98,136,2.09312,17.5751,6
98,48,11.632,13.7684,3
98,180,-6.90103,11.7833,1
98,216,3.28255,-1.07213,7
98,228,2.09312,17.5751,6
98,444,-23.5502,16.2667,4
98,4,3.28255,-1.07213,7
98,232,12.1367,14.5587,3
98,172,-0.424353,-23.2557,5
98,52,12.975,16.0382,3
98,68,12.975,16.0382,3
98,184,-0.424353,-23.2557,5
98,252,-45.1115,3.54118,4
98,44,3.28255,-1.07213,7
98,116,3.77525,-0.201938,7
98,208,3.28255,-1.07213,7
98,88,11.9551,14.0437,3
98,32,4.26858,0.667905,7
98,440,-13.0313,-1.20638,2
98,428,3.28255,-1.07213,7
99,200,3.28255,-1.07213,7
99,208,3.28255,-1.07213,7
99,156,3.28255,-1.07213,7
99,84,12.4622,15.1887,3
99,284,3.77529,-0.201961,7
99,420,3.28255,-1.07213,7
99,180,-6.90103,11.7833,1
99,92,3.77529,-0.201961,7
99,148,12.975,16.0382,3
99,104,12.975,16.0382,3
99,124,3.73784,-0.181807,7
99,440,-13.0313,-1.20638,2
99,412,3.28255,-1.07213,7
99,192,3.28255,-1.07213,7
99,184,-0.424353,-23.2557,5
99,164,3.28255,-1.07213,7
99,312,-0.501303,-21.1931,5
99,80,11.3247,13.7188,3
99,408,12.975,16.0382,3
99,172,-0.424353,-23.2557,5
99,336,3.28255,-1.07213,7
99,152,3.28255,-1.07213,7
99,176,2.09312,17.5751,6
99,32,3.757,-0.192354,7
99,340,-6.90103,11.7833,1
99,400,-23.5546,16.264,4
99,264,3.77541,-0.202029,7
99,116,3.28255,-1.07213,7
99,88,12.3414,14.9659,3
99,404,3.28255,-1.07213,7
99,380,3.28255,-1.07213,7
99,372,3.28255,-1.07213,7
99,16,12.975,16.0382,3
99,444,-23.5501,16.2665,4
99,168,3.67538,-0.279592,7
99,324,3.28255,-1.07213,7
99,244,12.975,16.0382,3
99,352,-23.5561,16.2664,4
99,188,3.28255,-1.07213,7
99,320,3.28255,-1.07213,7
99,276,12.975,16.0382,3
99,8,3.28255,-1.07213,7
99,12,15.8755,-12.5898,5
99,236,12.975,16.0382,3
99,24,3.89937,0.208093,7
99,228,2.09312,17.5751,6
99,96,12.4839,15.172,3
99,120,15.8755,-12.5898,5
99,308,3.28255,-1.07213,7
99,344,3.28255,-1.07213,7
99,64,12.975,16.0382,3
99,368,3.28255,-1.07213,7
99,72,3.28255,-1.07213,7
99,364,-0.424353,-23.2557,5
99,376,3.28255,-1.07213,7
99,260,3.28255,-1.07213,7
99,232,12.975,16.0382,3
99,112,22.6612,35.0591,8
99,396,12.975,16.0382,3
99,0,10.9846,13.1164,3
99,288,12.975,16.0382,3
99,248,12.975,16.0382,3
99,356,3.28255,-1.07213,7
99,20,3.59546,-0.390677,7
99,240,3.28255,-1.07213,7
99,252,-45.1115,3.54118,4
99,136,2.09312,17.5751,6
99,100,-13.0313,-1.20638,2
99,280,12.975,16.0382,3
99,36,12.9095,15.9312,3
99,332,3.28255,-1.07213,7
99,212,3.28255,-1.07213,7
99,296,12.975,16.0382,3
99,144,12.975,16.0382,3
99,60,11.641,13.7636,3
99,160,3.28255,-1.07213,7
99,424,-13.0313,-1.20638,2
99,108,12.975,16.0382,3
99,348,3.28255,-1.07213,7
99,300,12.975,16.0382,3
99,392,-0.424353,-23.2557,5
99,220,12.975,16.0382,3
99,268,3.28255,-1.07213,7
99,68,12.975,16.0382,3
99,44,3.28255,-1.07213,7
99,304,3.28255,-1.07213,7
99,4,3.28255,-1.07213,7
99,28,2.09312,17.5751,6
99,48,12.298,14.45,3
99,216,3.28255,-1.07213,7
99,40,12.975,16.0382,3
99,328,3.28255,-1.07213,7
99,384,2.09312,17.5751,6
99,388,12.975,16.0382,3
99,132,12.4862,15.1659,3
99,428,3.28255,-1.07213,7
99,52,12.4719,15.1741,3
99,204,3.28255,-1.07213,7
99,272,3.28255,-1.07213,7
99,360,-0.424353,-23.2557,5
99,56,12.975,16.0382,3
99,76,3.28255,-1.07213,7
99,256,2.09312,17.5751,6
99,292,12.975,16.0382,3
99,432,-13.0313,-1.20638,2
99,224,3.28255,-1.07213,7
99,316,3.28255,-1.07213,7
99,140,12.975,16.0382,3
99,196,3.28255,-1.07213,7
99,128,11.52,13.5724,3
99,436,15.8755,-12.5898,5
99,416,3.28255,-1.07213,7
