tick,agent_id,x,y,color
0,345,-4,2,7
0,117,17,-13,5
0,101,13,11,3
0,389,-16,1,2
0,93,13,-13,5
0,21,12,8,3
0,145,12,8,3
0,137,14,-13,0
0,313,-12,13,1
0,273,13,11,3
0,37,12,5,3
0,125,-2,-13,5
0,169,13,-2,7
0,401,3,-4,7
0,33,-49,-1,4
0,229,-7,-7,2
0,213,3,4,7
0,421,7,-2,7
0,245,0,-19,5
0,221,-14,-15,5
0,409,4,14,6
0,181,2,-1,7
0,381,12,-4,7
0,121,16,-12,0
0,149,11,-11,7
0,441,8,-24,5
0,237,12,2,7
0,85,9,5,7
0,377,-20,0,2
0,205,13,11,3
0,25,11,4,7
0,5,3,-17,5
0,433,12,19,3
0,57,13,-12,5
0,241,-13,-19,5
0,385,17,-19,5
0,109,13,-1,7
0,353,-5,1,7
0,113,12,8,3
0,73,12,9,3
0,45,-27,-8,2
0,425,12,-11,7
0,397,-7,1,2
0,97,-7,-10,2
0,249,-4,-2,7
0,165,8,-26,5
0,185,16,-12,0
0,393,10,17,3
0,81,7,21,3
0,293,17,19,3
0,89,11,9,3
0,141,-3,-14,5
0,201,13,16,3
0,321,12,-4,7
0,49,12,8,3
0,1,10,4,7
0,197,7,5,7
0,341,11,-20,5
0,365,-28,-2,2
0,269,-14,12,4
0,277,-4,-14,5
0,173,13,3,0
0,105,13,9,3
0,361,-17,-1,2
0,317,12,-6,7
0,305,-1,-2,7
0,129,-17,12,4
0,161,4,4,7
0,265,13,10,3
0,133,12,8,3
0,77,15,6,3
0,29,-28,-1,4
0,337,12,15,3
0,405,2,6,7
0,373,3,-6,7
0,217,13,7,3
0,325,16,-1,7
0,369,-5,-15,5
0,357,-9,8,1
0,65,13,0,7
0,177,21,11,3
0,333,7,17,6
0,281,11,9,3
0,193,10,5,3
0,157,6,-14,5
0,153,4,14,6
0,297,16,-2,0
0,285,5,-13,5
0,329,8,-26,5
0,289,-4,-9,7
0,349,10,10,3
0,309,-10,-10,2
0,9,12,9,3
0,17,-13,11,1
0,261,14,-12,0
0,61,-4,2,7
0,253,13,-11,7
0,225,12,8,3
0,301,10,16,3
0,413,0,-11,5
0,209,8,16,3
0,13,11,6,3
0,53,-7,10,1
0,41,14,-13,0
0,233,12,4,3
0,69,13,8,3
0,189,12,10,3
0,437,17,1,3
0,417,10,4,7
0,445,12,17,3
0,429,17,-13,5
0,257,3,-1,7
1,273,13,11,3
1,393,11.3041,16.0439,3
1,113,12,8,3
1,5,3,-17,5
1,321,10.0717,-3.50109,7
1,65,13,0,7
1,245,0,-19,5
1,413,0,-11,5
1,309,-10,-10,2
1,145,12,8,3
1,369,-3.78818,-15.3484,5
1,229,-7,-7,2
1,177,21,11,3
1,313,-12,13,1
1,325,16,-1,7
1,333,7,17,6
1,29,-28,-1,4
1,341,11,-20,5
1,9,12,9,3
1,417,10,4,7
1,161,4,4,7
1,89,11,9,3
1,109,13,-1,7
1,81,8.15058,19.4777,3
1,125,-2,-13,5
1,237,12,2,7
1,1,10,4,7
1,105,13,9,3
1,445,12,17,3
1,117,17,-13,5
1,373,3,-6,7
1,261,14,-12,0
1,285,5,-13,5
1,97,-7,-10,2
1,269,-14,12,4
1,389,-16.0752,0.311264,2
1,317,10.9102,-4.59721,7
1,297,16,-2,0
1,205,13,11,3
1,77,15,6,3
1,37,12,5,3
1,185,16,-12,0
1,61,-4,2,7
1,193,10,5,3
1,293,17,19,3
1,337,12,15,3
1,57,13,-12,5
1,73,12,9,3
1,377,-20,0,2
1,13,11,6,3
1,169,13,-2,7
1,249,-4,-2,7
1,429,15.5362,-14.2956,5
1,189,12,10,3
1,401,3,-4,7
1,53,-7,10,1
1,345,-4,2,7
1,217,13,7,3
1,301,10,16,3
1,397,-7,1,2
1,233,12,4,3
1,137,14,-13,0
1,129,-17,12,4
1,165,8,-26,5
1,69,13.1636,8.01739,3
1,241,-13,-19,5
1,353,-3.3778,1.38359,7
1,305,-1,-2,7
1,253,12.3005,-10.2854,7
1,33,-49,-1,4
1,381,12,-4,7
1,349,10,10,3
1,425,12,-11,7
1,357,-9,8,1
1,221,-14,-15,5
1,201,12.9767,15.9992,3
1,133,12.1073,7.99423,3
1,437,17,1,3
1,289,-4,-9,7
1,101,13,11,3
1,141,-3,-14,5
1,409,4,14,6
1,85,9,5,7
1,433,12,19,3
1,225,12,8,3
1,209,8,16,3
1,257,3,-1,7
1,153,4,14,6
1,197,7,5,7
1,361,-17,-1,2
1,25,9.23706,3.59966,7
1,213,3,4,7
1,441,8,-24,5
1,277,-4,-14,5
1,45,-27,-8,2
1,181,2,-1,7
1,157,6,-14,5
1,173,13,3,0
1,365,-26.1336,-2.40124,2
1,149,11,-11,7
1,281,11,9,3
1,265,13,10,3
1,421,7,-2,7
1,385,17,-19,5
1,41,14,-13,0
1,93,13,-13,5
1,49,12,8,3
1,17,-11.0217,11.0586,1
1,121,16,-12,0
1,329,7.19931,-24.8157,5
1,405,1.34957,4.78402,7
1,21,12,8,3
2,109,13,-1,7
2,325,16,-1,7
2,137,14,-13,0
2,65,13,0,7
2,361,-15.0334,-0.923833,2
2,225,12,8,3
2,89,11,9,3
2,97,-7,-10,2
2,337,12.9696,16.0003,3
2,209,8,16,3
2,213,3,4,7
2,257,3,-1,7
2,329,5.2564,-24.3499,5
2,369,-3.67386,-15.3095,5
2,441,8,-24,5
2,305,-1,-2,7
2,161,4,4,7
2,37,11.192,5.78262,3
2,393,12.3433,15.6186,3
2,233,12,4,3
2,365,-24.1535,-2.13707,2
2,333,7,17,6
2,85,9,5,7
2,13,11,6,3
2,301,10,16,3
2,313,-12,13,1
2,1,10.359,5.9621,3
2,157,6,-14,5
2,145,12,8,3
2,221,-14,-15,5
2,409,4,14,6
2,297,16,-2,0
2,61,-4,2,7
2,173,13,3,0
2,141,-3,-14,5
2,217,13,7,3
2,429,14.6643,-14.7852,5
2,281,11,9,3
2,321,8.35678,-3.62241,7
2,273,13,11,3
2,185,15.0509,-10.3929,7
2,117,17,-13,5
2,121,16,-12,0
2,81,8.59273,18.1542,3
2,25,8.69534,3.90379,7
2,385,17,-19,5
2,277,-4,-14,5
2,265,13,10,3
2,285,5,-13,5
2,201,12.9696,16.0003,3
2,417,10,4,7
2,421,7,-2,7
2,101,13,11,3
2,5,3,-17,5
2,249,-2.02974,-1.99962,7
2,341,11,-20,5
2,169,13,-2,7
2,413,0,-11,5
2,181,2,-1,7
2,165,8,-26,5
2,17,-9.09961,11.1006,1
2,353,-3.40634,0.93245,7
2,345,-4,2,7
2,425,12,-11,7
2,193,10,5,3
2,77,15,6,3
2,373,3,-6,7
2,377,-20,0,2
2,189,12,10,3
2,129,-17,12,4
2,41,14,-13,0
2,405,0.866404,4.32368,7
2,357,-9,8,1
2,293,17,19,3
2,389,-14.3069,-0.176752,2
2,149,11,-11,7
2,73,12,9,3
2,93,13,-13,5
2,153,4,14,6
2,45,-27,-8,2
2,57,11.745,-13.5055,5
2,125,-2,-13,5
2,21,12,8,3
2,113,12,8,3
2,445,12,17,3
2,9,12,9,3
2,261,14,-12,0
2,401,3,-4,7
2,69,13.1798,8.01793,3
2,177,21,11,3
2,205,13,11,3
2,241,-11.0789,-19.1936,5
2,105,13,9,3
2,245,0,-19,5
2,229,-7,-7,2
2,349,10,10,3
2,289,-4,-9,7
2,437,17,1,3
2,29,-28,-1,4
2,269,-14,12,4
2,133,11.471,8.4174,3
2,381,12,-4,7
2,317,9.02824,-4.01367,7
2,309,-10,-10,2
2,53,-7,10,1
2,49,12.1372,9.99054,3
2,397,-8.91808,0.541246,2
2,33,-49,-1,4
2,237,12,2,7
2,253,12.2339,-10.3442,7
2,197,7,5,7
2,433,12,19,3
3,265,13,10,3
3,61,-4,2,7
3,33,-49,-1,4
3,329,4.90907,-23.5381,5
3,337,12.9536,16.0165,3
3,229,-7,-7,2
3,109,13,-1,7
3,261,14,-12,0
3,409,4,14,6
3,213,3,4,7
3,129,-17,12,4
3,385,17,-19,5
3,289,-4,-9,7
3,57,11.0418,-13.1672,5
3,301,10,16,3
3,421,7,-2,7
3,417,10,4,7
3,437,17,1,3
3,257,3.15897,-1.16588,7
3,245,0,-19,5
3,89,11,9,3
3,365,-22.1795,-1.85129,2
3,333,6.23432,16.3104,6
3,205,13,11,3
3,237,12,2,7
3,165,8,-26,5
3,425,12,-11,7
3,73,12,9,3
3,41,14,-13,0
3,253,11.3899,-8.66706,7
3,81,8.74224,17.2849,3
3,1,9.72517,6.62806,3
3,29,-28,-1,4
3,117,17,-13,5
3,149,11,-11,7
3,113,12,8,3
3,373,3,-6,7
3,293,17,19,3
3,137,14,-13,0
3,225,12,8,3
3,97,-7,-10,2
3,153,4,14,6
3,125,-2,-13,5
3,341,11,-20,5
3,173,13,3,0
3,389,-13.1404,-1.20208,2
3,121,16,-12,0
3,197,7,5,7
3,21,12,8,3
3,69,12.7561,8.1252,3
3,37,11.4756,7.76104,3
3,249,-0.376354,-1.20648,7
3,25,8.69595,3.90314,7
3,277,-4,-14,5
3,65,13,0,7
3,45,-27,-8,2
3,349,10,10,3
3,185,13.9605,-8.84492,7
3,297,16,-2,0
3,397,-10.0239,-0.637116,2
3,269,-14,12,4
3,17,-7.61774,11.1181,1
3,209,8,16,3
3,49,12.6579,10.105,3
3,217,13,7,3
3,381,10.0669,-3.54454,7
3,53,-7,10,1
3,305,-1,-2,7
3,361,-13.7932,-0.630225,2
3,325,16,-1,7
3,161,4,4,7
3,221,-14,-15,5
3,141,-3,-14,5
3,105,13,9,3
3,281,11,9,3
3,169,13,-2,7
3,145,12,8,3
3,345,-4,2,7
3,157,6,-14,5
3,241,-10.34,-18.6304,5
3,13,11,6,3
3,313,-12,13,1
3,93,13,-13,5
3,101,13,11,3
3,433,12,19,3
3,429,14.244,-13.8777,5
3,189,12,10,3
3,273,13,11,3
3,309,-10,-10,2
3,353,-1.5633,0.94156,7
3,321,6.5059,-2.9656,7
3,405,2.07278,3.64242,7
3,285,5,-13,5
3,85,9,5,7
3,193,10,5,3
3,181,2,-1,7
3,357,-9,8,1
3,369,-2.66894,-15.5798,5
3,177,21,11,3
3,133,11.1799,8.53811,3
3,233,12,4,3
3,393,12.7479,15.5312,3
3,77,15,6,3
3,445,12,17,3
3,201,12.963,16.0026,3
3,5,3,-17,5
3,401,3,-4,7
3,441,8,-24,5
3,9,12,9,3
3,413,0,-11,5
3,317,8.27185,-2.71906,7
3,377,-20,0,2
4,249,0.974856,-0.51557,7
4,289,-4,-9,7
4,129,-17,12,4
4,109,13,-1,7
4,305,-1,-2,7
4,149,11,-11,7
4,173,13,3,0
4,1,9.88261,6.59032,3
4,373,3,-6,7
4,225,12,8,3
4,349,10,10,3
4,37,11.6166,7.7481,3
4,45,-27,-8,2
4,65,13,0,7
4,29,-26.9195,0.4671,4
4,245,0,-19,5
4,117,17,-13,5
4,181,2,-1,7
4,281,11,9,3
4,21,12,8,3
4,89,11,9,3
4,237,12,2,7
4,229,-7,-7,2
4,77,15,6,3
4,101,13,11,3
4,441,8,-24,5
4,417,10,4,7
4,157,6,-14,5
4,337,12.9657,16.0123,3
4,277,-4,-14,5
4,425,12,-11,7
4,265,13,10,3
4,133,11.4654,8.52245,3
4,97,-7,-10,2
4,377,-20,0,2
4,333,5.50929,15.7872,6
4,57,10.3912,-12.4077,5
4,345,-4,2,7
4,309,-10,-10,2
4,85,9,5,7
4,261,12.2513,-12.8534,5
4,437,17,1,3
4,161,4,4,7
4,137,14,-13,0
4,241,-8.55002,-18.7188,5
4,145,12,8,3
4,301,11.9804,15.935,3
4,401,3,-4,7
4,153,4,14,6
4,209,8,16,3
4,197,7,5,7
4,13,11,6,3
4,25,8.02777,4.16225,7
4,353,0.11782,-0.0497829,7
4,357,-9,8,1
4,233,12,4,3
4,253,11.6224,-8.09211,7
4,421,6.3012,-1.05283,7
4,321,4.73864,-2.28635,7
4,397,-10.4607,-1.39287,2
4,365,-20.1827,-1.74864,2
4,405,2.80533,1.83436,7
4,429,14.244,-13.8777,5
4,165,8,-26,5
4,185,13.9049,-7.84647,7
4,125,-2,-13,5
4,81,8.96767,16.5234,3
4,9,12,9,3
4,49,12.0201,10.5009,3
4,393,12.9005,15.5211,3
4,293,17,19,3
4,273,13,11,3
4,389,-13.0313,-1.20638,2
4,213,3,4,7
4,217,13,7,3
4,297,16,-2,0
4,33,-49,-1,4
4,385,17,-19,5
4,121,14.8898,-10.429,7
4,41,14,-13,0
4,221,-14,-15,5
4,177,21,11,3
4,53,-7,10,1
4,113,12,8,3
4,205,13,11,3
4,105,13,9,3
4,269,-14,12,4
4,193,10,5,3
4,313,-12,13,1
4,433,12,19,3
4,201,12.9728,16.002,3
4,325,16,-1,7
4,257,3.1832,-1.05602,7
4,73,11.8485,10.9074,3
4,361,-13.023,-1.07489,2
4,17,-6.90103,11.7833,1
4,169,13,-2,7
4,329,3.81443,-22.6785,5
4,341,11,-20,5
4,381,8.15096,-3.01364,7
4,413,0,-11,5
4,61,-4,2,7
4,445,12,17,3
4,369,-3.19973,-16.8665,5
4,141,-3,-14,5
4,69,11.9702,8.72896,3
4,189,12,10,3
4,93,13,-13,5
4,285,5,-13,5
4,409,4,14,6
4,317,7.5987,-1.64051,7
4,5,3,-17,5
5,429,12.6189,-15.0377,5
5,325,16,-1,7
5,353,0.0882012,-0.274835,7
5,229,-7,-7,2
5,141,-3,-14,5
5,125,-2,-13,5
5,133,11.5944,8.50737,3
5,109,13,-1,7
5,81,10.2578,15.6943,3
5,273,13,11,3
5,21,12,8,3
5,265,13,10,3
5,185,12.2179,-7.71623,7
5,257,3.28255,-1.07213,7
5,253,9.92991,-7.11519,7
5,409,4.35109,14.8809,6
5,177,21,11,3
5,117,17,-13,5
5,5,3,-17,5
5,425,12,-11,7
5,161,4,4,7
5,157,6,-14,5
5,169,13,-2,7
5,245,0,-19,5
5,413,0,-11,5
5,305,-1,-2,7
5,129,-17,12,4
5,269,-14,12,4
5,357,-8.72674,7.91616,1
5,145,12,8,3
5,201,12.9693,16.0026,3
5,113,12,8,3
5,165,6.98884,-24.797,5
5,329,3.39509,-22.1211,5
5,89,11,9,3
5,225,12,8,3
5,373,3,-6,7
5,25,7.90519,4.25323,7
5,189,12,10,3
5,317,7.51776,-1.88549,7
5,13,11,6,3
5,421,6.21709,-1.36583,7
5,297,16,-2,0
5,261,10.517,-13.7058,5
5,369,-2.67558,-16.8292,5
5,437,17,1,3
5,289,-4,-9,7
5,61,-4,2,7
5,217,13,7,3
5,97,-7,-10,2
5,333,4.8888,15.4135,6
5,33,-49,-1,4
5,381,7.54345,-1.8964,7
5,93,13,-13,5
5,405,3.47599,1.50362,7
5,181,2,-1,7
5,193,10,5,3
5,385,17,-19,5
5,345,-4,2,7
5,377,-20,0,2
5,349,10,10,3
5,49,11.5396,10.798,3
5,121,13.946,-8.84902,7
5,65,13,0,7
5,9,12,9,3
5,337,12.9729,16.0117,3
5,73,12.0192,10.8906,3
5,29,-24.9297,0.272612,2
5,277,-4,-14,5
5,101,13,11,3
5,149,11,-11,7
5,137,14,-13,0
5,209,8,16,3
5,197,7,5,7
5,417,10,4,7
5,281,11,9,3
5,221,-14,-15,5
5,393,12.7481,15.6237,3
5,173,13,3,0
5,69,11.2861,10.4587,3
5,205,13,11,3
5,1,10.4255,6.5964,3
5,153,4,14,6
5,313,-12,13,1
5,45,-27,-8,2
5,213,3,4,7
5,441,8,-24,5
5,53,-7.24583,10.0844,1
5,365,-18.4217,-1.11673,2
5,285,5,-13,5
5,389,-13.0313,-1.20638,2
5,233,12,4,3
5,397,-10.5691,-1.01248,2
5,241,-7.10541,-18.5195,5
5,37,11.7463,7.73746,3
5,85,9,5,7
5,341,11,-20,5
5,301,11.9863,15.8982,3
5,77,13.937,6.71587,3
5,401,3.36922,-2.1116,7
5,249,0.977926,-0.503453,7
5,57,9.87307,-10.587,7
5,41,12.3022,-13.2113,5
5,17,-6.90103,11.7833,1
5,237,12,2,7
5,321,3.72626,-2.14041,7
5,105,12.4813,9.19048,3
5,361,-12.9645,-1.14616,2
5,309,-10,-10,2
5,293,17,19,3
5,433,12,19,3
5,445,12,17,3
6,121,12.4656,-7.5248,7
6,217,13,7,3
6,385,17,-19,5
6,153,4,14,6
6,277,-4,-14,5
6,73,11.6806,11.051,3
6,149,11,-11,7
6,125,-2,-13,5
6,133,11.9554,10.4745,3
6,441,8,-24,5
6,9,12,9,3
6,105,11.9077,10.8042,3
6,445,12,17,3
6,237,12,2,7
6,129,-17,12,4
6,197,7,5,7
6,225,12,8,3
6,41,10.7722,-14.4975,5
6,373,3,-6,7
6,157,6,-14,5
6,117,17,-13,5
6,69,10.6705,9.72643,3
6,313,-12,13,1
6,1,10.9473,8.52713,3
6,285,5,-13,5
6,289,-4,-9,7
6,21,12,8,3
6,305,-1,-2,7
6,137,14,-13,0
6,33,-49,-1,4
6,5,3,-17,5
6,229,-7,-7,2
6,281,11,9,3
6,65,13,0,7
6,349,10,10,3
6,417,10,4,7
6,265,13,10,3
6,317,5.78758,-1.16566,7
6,185,10.4727,-6.82711,7
6,297,16,-2,0
6,293,17,19,3
6,101,13,11,3
6,17,-6.90103,11.7833,1
6,249,1.14768,-0.222549,7
6,413,0,-11,5
6,261,10.5488,-12.7063,5
6,45,-27,-8,2
6,81,10.7936,15.1506,3
6,429,12.6189,-15.0377,5
6,437,17,1,3
6,325,16,-1,7
6,209,8,16,3
6,369,-1.98428,-16.9086,5
6,337,12.9703,16.0122,3
6,89,11,9,3
6,77,13.4886,8.63879,3
6,177,21,11,3
6,309,-10,-10,2
6,169,13,-2,7
6,421,4.26596,-1.31777,7
6,273,13,11,3
6,329,2.649,-21.6037,5
6,145,12,8,3
6,29,-22.942,0.200615,2
6,393,12.975,16.0382,3
6,49,11.7841,10.7737,3
6,221,-14,-15,5
6,433,12,19,3
6,173,13,3,0
6,409,4.09769,16.0252,6
6,201,12.9737,16.0024,3
6,97,-7,-10,2
6,37,11.9378,9.7238,3
6,141,-3,-14,5
6,161,4,4,7
6,241,-5.47724,-18.72,5
6,341,11,-20,5
6,397,-10.6527,-0.759627,2
6,53,-6.60952,11.0361,1
6,233,12,4,3
6,189,12,10,3
6,61,-4,2,7
6,193,10,5,3
6,269,-14,12,4
6,357,-7.78349,8.17872,1
6,109,13,-1,7
6,13,11,6,3
6,181,2,-1,7
6,245,0,-19,5
6,321,3.21941,-1.18457,7
6,361,-12.9602,-1.19864,2
6,401,3.28255,-1.07213,7
6,57,9.13765,-8.79865,7
6,405,3.87656,1.29897,7
6,365,-16.4227,-1.17142,2
6,165,5.88621,-23.7279,5
6,25,6.59689,2.74051,7
6,301,12.0997,15.6896,3
6,253,8.41373,-5.8129,7
6,205,13,11,3
6,345,-4,2,7
6,377,-20,0,2
6,85,9,5,7
6,425,12,-11,7
6,213,3,4,7
6,381,6.84792,-0.971864,7
6,389,-13.0313,-1.20638,2
6,353,1.94881,-0.743024,7
6,333,4.73024,15.2676,6
6,257,3.28255,-1.07213,7
6,113,12,8,3
6,93,13,-13,5
7,157,6,-14,5
7,205,13,11,3
7,401,3.28255,-1.07213,7
7,229,-7,-7,2
7,437,16.698,0.0466937,7
7,241,-3.84521,-19.2787,5
7,201,12.9708,16.0028,3
7,301,12.4763,15.4787,3
7,5,3,-17,5
7,337,12.9621,16.0174,3
7,321,3.24512,-1.1922,7
7,237,12,2,7
7,93,12.1157,-12.653,5
7,197,7,5,7
7,309,-10,-10,2
7,185,9.781,-7.14365,7
7,33,-49,-1,4
7,113,12,8,3
7,405,4.05255,-0.0939926,7
7,445,12,17,3
7,345,-4,2,7
7,13,11,6,3
7,105,11.9582,10.7958,3
7,117,17,-13,5
7,257,3.28255,-1.07213,7
7,193,9.31926,3.41124,7
7,221,-14,-15,5
7,253,7.84737,-4.27139,7
7,29,-20.9568,-0.0358022,2
7,61,-4,2,7
7,361,-13.0313,-1.20638,2
7,385,17,-19,5
7,389,-13.0313,-1.20638,2
7,85,9,5,7
7,441,8,-24,5
7,45,-24.371,-6.68536,2
7,69,10.3507,9.28231,3
7,377,-20,0,2
7,141,-3,-14,5
7,81,11.0418,13.9648,3
7,177,21,11,3
7,65,13,0,7
7,261,9.85269,-12.4316,5
7,429,10.8061,-15.7907,5
7,433,12,19,3
7,417,10,4,7
7,189,12,10,3
7,149,11,-11,7
7,425,12,-11,7
7,297,16,-2,0
7,89,11,9,3
7,153,4,14,6
7,289,-4,-9,7
7,161,4,4,7
7,225,12,8,3
7,109,13,-1,7
7,397,-10.775,-0.502975,2
7,129,-17,12,4
7,73,12.2687,11.1453,3
7,413,0,-11,5
7,41,9.05457,-15.4588,5
7,369,-1.09614,-17.2723,5
7,317,5.21243,-0.518819,7
7,101,13,11,3
7,409,3.43835,15.8201,6
7,373,3,-6,7
7,181,2,-1,7
7,213,3,4,7
7,25,6.30191,1.26093,7
7,329,2.14018,-21.2582,5
7,49,11.7213,10.7909,3
7,57,7.91752,-7.21406,7
7,37,12.1079,8.873,3
7,305,-1,-2,7
7,325,16,-1,7
7,381,6.42223,-0.358079,7
7,313,-12,13,1
7,393,12.975,16.0382,3
7,173,13,3,0
7,9,12,9,3
7,281,11,9,3
7,233,12,4,3
7,145,12,8,3
7,21,12,8,3
7,365,-14.4233,-1.17247,2
7,1,10.5861,10.131,3
7,349,10,10,3
7,53,-7.63548,10.6479,1
7,249,2.82742,-1.03475,7
7,97,-7,-10,2
7,277,-4,-14,5
7,169,13,-2,7
7,121,10.706,-6.64368,7
7,357,-7.62824,10.071,1
7,273,13,11,3
7,217,13,7,3
7,245,0,-19,5
7,125,-2,-13,5
7,353,3.28255,-1.07213,7
7,341,11,-20,5
7,17,-6.17586,11.3475,1
7,285,5.03154,-10.0803,7
7,269,-12.0041,11.8914,1
7,293,17,19,3
7,209,8,16,3
7,333,4.08287,15.053,6
7,133,11.4193,11.8747,3
7,265,13,10,3
7,421,3.89881,-0.843875,7
7,77,12.6777,10.1456,3
7,137,14,-13,0
7,165,5.04036,-22.819,5
8,37,11.6794,7.96033,3
8,181,2,-1,7
8,317,4.76113,-0.134817,7
8,177,21,11,3
8,309,-10,-10,2
8,369,-0.373308,-17.5908,5
8,421,3.74876,-0.694339,7
8,257,3.28255,-1.07213,7
8,169,13,-2,7
8,25,4.87503,1.03129,7
8,165,4.46266,-22.1262,5
8,173,13,3,0
8,273,13,11,3
8,285,5.8265,-7.59751,7
8,17,-5.72602,10.6041,1
8,277,-4,-14,5
8,133,11.5938,11.8343,3
8,253,7.24767,-2.90124,7
8,321,3.28255,-1.07213,7
8,441,8,-24,5
8,209,9.38216,15.289,3
8,61,-4,2,7
8,157,6,-14,5
8,357,-6.79842,11.1668,1
8,213,3,4,7
8,225,12,8,3
8,437,16.0003,-0.669735,7
8,105,11.3194,11.7588,3
8,325,16,-1,7
8,117,17,-13,5
8,261,9.4165,-10.5964,7
8,125,-2,-13,5
8,381,5.92816,-1.18029,7
8,85,9,5,7
8,373,3,-6,7
8,425,12,-11,7
8,241,-2.36959,-19.9115,5
8,341,9.54873,-19.4959,5
8,249,2.82682,-1.05288,7
8,393,12.975,16.0382,3
8,13,11,6,3
8,385,17,-19,5
8,429,9.32639,-17.0978,5
8,97,-7,-10,2
8,445,12,17,3
8,121,9.94033,-6.97981,7
8,329,0.739644,-21.5412,5
8,409,2.4677,16.1001,6
8,345,-2.67987,2.3884,7
8,33,-49,-1,4
8,417,10,4,7
8,401,3.28255,-1.07213,7
8,77,12.1745,11.7327,3
8,5,3.11896,-17.0801,5
8,141,-3,-14,5
8,81,11.1143,12.934,3
8,129,-17,12,4
8,365,-13.0313,-1.20638,2
8,145,12,8,3
8,301,12.5924,15.4173,3
8,217,13,7,3
8,289,-2.647,-7.52711,7
8,101,13,11,3
8,161,4,4,7
8,69,10.9383,8.54436,3
8,353,3.28255,-1.07213,7
8,109,13,-1,7
8,73,11.6515,11.6831,3
8,113,12,8,3
8,21,12,8,3
8,189,12,10,3
8,337,12.9629,16.0169,3
8,237,12,2,7
8,89,11,9,3
8,65,13,0,7
8,53,-6.69459,11.6505,1
8,333,2.79812,15.6522,6
8,41,8.25029,-15.1445,5
8,229,-7,-7,2
8,153,4,14,6
8,389,-13.0313,-1.20638,2
8,49,12.1745,11.7327,3
8,137,14,-13,0
8,245,0,-19,5
8,57,6.77168,-5.57766,7
8,149,11,-11,7
8,265,13,10,3
8,305,-1,-2,7
8,197,7,5,7
8,293,17,19,3
8,45,-21.8506,-5.14961,2
8,349,10,10,3
8,201,12.9591,16.0093,3
8,361,-13.0313,-1.20638,2
8,93,11.2779,-12.3407,5
8,1,10.0839,11.0011,3
8,185,8.1222,-6.17834,7
8,377,-18.0351,-0.370511,2
8,221,-14,-15,5
8,405,3.32612,-0.346671,7
8,269,-10.0768,11.5844,1
8,29,-18.9726,-0.277707,2
8,233,12,4,3
8,205,13,11,3
8,193,8.58553,1.92819,7
8,397,-11.023,-1.17691,2
8,281,11,9,3
8,433,12,19,3
8,297,14.119,-1.48968,7
8,413,0,-11,5
8,313,-12,13,1
8,9,12,9,3
9,85,8.27306,3.33806,7
9,401,3.28255,-1.07213,7
9,181,3.28255,-1.07213,7
9,221,-14,-15,5
9,337,12.9681,16.0153,3
9,397,-11.1735,-0.820498,2
9,241,-1.52694,-20.0052,5
9,129,-17,12,4
9,413,0,-11,5
9,37,11.0406,7.1291,3
9,113,12,8,3
9,265,13,10,3
9,29,-17.2427,0.0675251,2
9,437,16.0003,-0.669735,7
9,313,-12,13,1
9,121,9.19234,-6.31609,7
9,381,3.92975,-1.10138,7
9,169,13,-2,7
9,149,11,-11,7
9,9,12,9,3
9,213,3,4,7
9,297,12.8078,-0.590297,7
9,161,4,4,7
9,269,-8.12432,11.8396,1
9,253,6.50471,-2.2319,7
9,17,-4.85681,11.2855,1
9,385,17,-19,5
9,69,11.161,9.25139,3
9,257,3.28255,-1.07213,7
9,249,3.28255,-1.07213,7
9,261,8.60495,-8.80307,7
9,293,17,19,3
9,205,13,11,3
9,325,16,-1,7
9,273,13,11,3
9,101,12.3442,12.3488,3
9,53,-6.78566,11.4633,1
9,369,-0.0421113,-17.6717,5
9,217,13,7,3
9,349,10,10,3
9,361,-13.0313,-1.20638,2
9,393,12.975,16.0382,3
9,177,21,11,3
9,377,-16.0624,-0.700043,2
9,317,3.28255,-1.07213,7
9,225,12,8,3
9,109,13,-1,7
9,209,10.2825,14.7269,3
9,285,5.5565,-6.70757,7
9,137,14,-13,0
9,153,4,14,6
9,229,-7,-7,2
9,237,12,2,7
9,81,11.0175,11.9619,3
9,389,-13.0313,-1.20638,2
9,341,7.8919,-19.2721,5
9,373,3,-6,7
9,33,-49,-1,4
9,429,8.19024,-16.7587,5
9,305,0.75364,-1.26869,7
9,141,-3,-14,5
9,117,17,-13,5
9,13,11,6,3
9,405,3.28255,-1.07213,7
9,97,-7,-10,2
9,353,3.28255,-1.07213,7
9,441,8,-24,5
9,201,12.9791,16.0127,3
9,21,12,8,3
9,89,11,9,3
9,421,3.66622,-0.629974,7
9,25,5.02813,0.184072,7
9,189,12,10,3
9,185,7.5426,-4.56344,7
9,145,12,8,3
9,425,12,-11,7
9,61,-4,2,7
9,365,-13.0313,-1.20638,2
9,329,0.596186,-21.4735,5
9,445,12,17,3
9,433,12,19,3
9,333,1.95564,16.3447,6
9,45,-19.6327,-3.30087,2
9,41,7.64553,-14.869,5
9,105,11.1809,11.8312,3
9,417,10,4,7
9,345,-0.9501,1.38445,7
9,125,-2,-13,5
9,157,6,-14,5
9,233,12,4,3
9,5,3.22342,-17.1519,5
9,281,11,9,3
9,309,-10,-10,2
9,173,13,3,0
9,77,11.8947,11.8528,3
9,93,10.3756,-11.9095,5
9,49,11.6155,12.2288,3
9,301,12.775,15.3799,3
9,245,0,-19,5
9,357,-6.62497,11.2897,1
9,133,11.2055,13.1133,3
9,1,11.1322,11.213,3
9,289,-1.03835,-6.69096,7
9,73,11.4526,11.7802,3
9,57,6.26216,-3.91111,7
9,165,3.46336,-21.5346,5
9,321,3.28255,-1.07213,7
9,277,-4,-14,5
9,193,7.84338,2.32865,7
9,65,10.7924,0.546269,7
9,197,7,5,7
9,409,2.34695,16.087,6
10,245,0,-19,5
10,357,-6.51992,11.4204,1
10,317,3.28255,-1.07213,7
10,329,-0.169804,-21.6668,5
10,321,3.28255,-1.07213,7
10,41,6.92031,-14.6332,5
10,193,6.77696,2.53869,7
10,221,-14,-15,5
10,205,13,11,3
10,141,-3,-14,5
10,265,13,10,3
10,149,11,-11,7
10,385,17,-19,5
10,157,6,-14,5
10,409,2.46763,16.1265,6
10,5,3.61967,-17.8725,5
10,49,11.5732,12.751,3
10,29,-15.4064,-0.0333885,2
10,237,12,2,7
10,369,0.21433,-17.7366,5
10,365,-13.0313,-1.20638,2
10,293,17,19,3
10,257,3.28255,-1.07213,7
10,437,14.3721,0.00754548,7
10,125,-2,-13,5
10,241,-0.942445,-20.0861,5
10,269,-6.90103,11.7833,1
10,261,7.15214,-7.61119,7
10,225,12,8,3
10,325,16,-1,7
10,381,3.28255,-1.07213,7
10,229,-7,-7,2
10,397,-11.249,-0.643139,2
10,93,9.39818,-10.1718,7
10,301,12.6782,15.4345,3
10,345,-1.00499,0.764562,7
10,417,10,4,7
10,173,11.1734,2.18714,7
10,105,11.8278,11.9748,3
10,377,-14.1055,-1.08242,2
10,185,6.92473,-3.10848,7
10,405,3.28255,-1.07213,7
10,25,4.32982,-0.918127,7
10,445,12,17,3
10,305,2.3218,-0.774491,7
10,201,12.9657,16.0313,3
10,361,-13.0313,-1.20638,2
10,353,3.28255,-1.07213,7
10,273,13,11,3
10,153,4,14,6
10,189,12,10,3
10,137,12.573,-12.8613,5
10,281,11,9,3
10,101,12.6676,12.3744,3
10,197,7,5,7
10,393,12.975,16.0382,3
10,17,-6.33742,11.2794,1
10,161,4,4,7
10,429,7.40719,-16.4169,5
10,425,11.3083,-9.28483,7
10,285,5.71336,-4.09031,7
10,313,-10.2111,12.257,1
10,121,9.03688,-6.45131,7
10,289,-1.25351,-5.59959,7
10,297,10.8101,-0.685502,7
10,37,11.056,6.37895,3
10,69,11.4829,10.2096,3
10,165,3.13023,-21.19,5
10,61,-4,2,7
10,421,3.28255,-1.07213,7
10,13,11,6,3
10,433,12,19,3
10,9,12,9,3
10,53,-6.2686,10.6383,1
10,233,12,4,3
10,129,-17,12,4
10,57,6.51972,-2.94485,7
10,73,11.9822,13.6913,3
10,85,8.33074,2.31992,7
10,77,11.8536,11.8648,3
10,81,10.4816,11.1155,3
10,169,11.8995,-1.01204,7
10,441,8,-24,5
10,181,3.28255,-1.07213,7
10,349,10,10,3
10,89,11,9,3
10,109,13,-1,7
10,21,12,8,3
10,389,-13.0313,-1.20638,2
10,401,3.28255,-1.07213,7
10,309,-10,-10,2
10,341,6.32183,-19.1011,5
10,373,3,-6,7
10,333,2.43967,16.8203,6
10,97,-7,-10,2
10,113,12,8,3
10,337,12.9684,16.0153,3
10,209,10.2492,15.1836,3
10,145,12,8,3
10,117,17,-13,5
10,253,5.8687,-1.23635,7
10,45,-17.2367,-1.74904,2
10,1,10.673,11.7287,3
10,65,9.29629,0.474598,7
10,249,3.28255,-1.07213,7
10,133,11.601,13.0235,3
10,277,-4,-14,5
10,213,3,4,7
10,177,21,11,3
10,413,0,-11,5
10,217,13,7,3
10,33,-49,-1,4
11,421,3.28255,-1.07213,7
11,393,12.975,16.0382,3
11,425,10.2552,-7.65302,7
11,129,-17,12,4
11,113,12,8,3
11,73,11.6209,14.398,3
11,405,3.28255,-1.07213,7
11,9,12,9,3
11,345,0.0133559,-0.428047,7
11,265,13,10,3
11,93,7.95607,-8.94893,7
11,249,3.28255,-1.07213,7
11,301,12.769,15.4094,3
11,81,9.58586,10.7308,3
11,209,10.764,14.75,3
11,305,3.21503,-0.884071,7
11,101,12.0183,13.0197,3
11,49,12.3577,14.5907,3
11,281,11,9,3
11,69,10.9495,9.37387,3
11,225,12,8,3
11,125,-1.43462,-13.1104,5
11,5,3.61929,-17.8722,5
11,433,12,19,3
11,401,3.28255,-1.07213,7
11,245,0,-19,5
11,41,6.06691,-14.4716,5
11,1,10.277,12.4524,3
11,57,5.83068,-3.28671,7
11,29,-14.0161,-0.0951767,2
11,253,3.87933,-1.07933,7
11,273,13,11,3
11,413,0.0876812,-9.11118,7
11,237,12,2,7
11,325,16,-1,7
11,357,-6.70773,11.3568,1
11,145,12,8,3
11,369,0.381559,-17.7761,5
11,157,6,-14,5
11,317,3.28255,-1.07213,7
11,289,0.00890693,-5.53479,7
11,177,21,11,3
11,133,12.0266,12.9867,3
11,37,10.1633,5.71186,3
11,389,-13.0313,-1.20638,2
11,361,-13.0313,-1.20638,2
11,205,13,11,3
11,397,-11.2305,-0.853228,2
11,17,-5.4471,11.1312,1
11,437,12.8569,-0.870488,7
11,309,-10,-10,2
11,417,10,4,7
11,257,3.28255,-1.07213,7
11,77,11.4447,13.2101,3
11,97,-7,-10,2
11,193,6.6355,1.23956,7
11,161,4.56802,2.6143,7
11,201,12.9749,16.0312,3
11,121,8.33867,-4.85727,7
11,377,-13.0313,-1.20638,2
11,297,8.8171,-0.66556,7
11,313,-8.3037,12.2396,1
11,169,10.173,-0.423342,7
11,241,-0.923993,-20.0834,5
11,381,3.28255,-1.07213,7
11,105,11.3796,12.3591,3
11,233,12,4,3
11,61,-1.49139,2.45265,7
11,141,-3,-14,5
11,181,3.28255,-1.07213,7
11,293,17,19,3
11,109,13,-1,7
11,365,-13.0313,-1.20638,2
11,429,5.69904,-17.1752,5
11,53,-5.45352,11.2726,1
11,197,7,5,7
11,329,-0.571116,-21.7966,5
11,341,4.73547,-19.1323,5
11,353,3.28255,-1.07213,7
11,45,-14.7043,-0.843342,2
11,153,4,14,6
11,165,1.48742,-21.0972,5
11,65,7.92928,0.37718,7
11,337,12.9719,16.0148,3
11,441,8,-24,5
11,189,12,10,3
11,13,11,6,3
11,321,3.28255,-1.07213,7
11,137,11.7802,-10.1354,7
11,385,17,-19,5
11,445,12,17,3
11,409,1.94562,16.3524,6
11,25,3.28255,-1.07213,7
11,21,12,8,3
11,285,6.53038,-2.27426,7
11,149,10.9987,-10,7
11,173,10.4345,2.70915,7
11,229,-7,-7,2
11,221,-14,-15,5
11,117,17,-13,5
11,261,6.22631,-5.84394,7
11,277,-4,-14,5
11,33,-49,-1,4
11,333,2.37309,16.7989,6
11,217,13,7,3
11,349,10,10,3
11,85,6.67069,1.20447,7
11,89,11,9,3
11,269,-6.90103,11.7833,1
11,213,3,4,7
11,185,6.05189,-2.62048,7
11,373,3,-6,7
12,357,-6.83929,11.7876,1
12,433,12,19,3
12,273,13,11,3
12,325,16,-1,7
12,173,8.66641,1.77435,7
12,245,0,-19,5
12,353,3.28255,-1.07213,7
12,437,10.8573,-0.90546,7
12,221,-14,-15,5
12,321,3.28255,-1.07213,7
12,197,7,5,7
12,1,10.6886,12.311,3
12,137,10.3924,-7.70982,7
12,61,0.624027,2.87585,7
12,237,10.638,0.830423,7
12,5,3.61148,-17.8664,5
12,249,3.28255,-1.07213,7
12,417,10,4,7
12,37,10.0515,6.78918,3
12,25,3.28255,-1.07213,7
12,213,3,4,7
12,33,-49,-1,4
12,385,17,-19,5
12,189,12,10,3
12,133,12.3204,13.9729,3
12,297,7.07342,-0.238653,7
12,181,3.28255,-1.07213,7
12,129,-17,12,4
12,253,3.28255,-1.07213,7
12,17,-5.28385,10.0886,1
12,145,12,8,3
12,185,5.17905,-2.13247,7
12,21,12,8,3
12,89,9.92588,8.68711,3
12,337,12.9681,16.016,3
12,365,-13.0313,-1.20638,2
12,409,2.43412,16.879,6
12,305,3.34115,-0.969184,7
12,405,3.28255,-1.07213,7
12,309,-10,-10,2
12,65,6.99831,0.074553,7
12,101,11.553,13.7398,3
12,441,8,-24,5
12,257,3.28255,-1.07213,7
12,105,10.9518,13.0066,3
12,113,11.4693,9.62433,3
12,201,12.9714,16.0345,3
12,429,4.2606,-18.5643,5
12,13,11,6,3
12,109,13,-1,7
12,293,17,19,3
12,373,3,-6,7
12,445,12,17,3
12,125,-1.58244,-13.1388,5
12,229,-7,-7,2
12,393,12.975,16.0382,3
12,345,0.918661,0.121217,7
12,93,7.18383,-7.13506,7
12,165,1.38597,-20.0192,5
12,81,9.16302,9.8209,3
12,241,-0.773278,-20.0783,5
12,261,5.66043,-5.93743,7
12,209,11.0888,14.4904,3
12,277,-4,-14,5
12,301,12.6143,15.5516,3
12,117,15.7783,-12.6259,5
12,401,3.28255,-1.07213,7
12,217,13,7,3
12,421,3.28255,-1.07213,7
12,205,13,11,3
12,9,12,9,3
12,161,4.21924,0.732966,7
12,341,3.95099,-18.8454,5
12,265,13,10,3
12,389,-13.0313,-1.20638,2
12,413,0.826325,-7.25258,7
12,193,6.46617,1.40986,7
12,141,-3,-14,5
12,269,-6.90103,11.7833,1
12,285,6.8635,-0.895449,7
12,69,10.2674,11.0963,3
12,289,0.305935,-3.93567,7
12,425,9.29593,-6.03437,7
12,397,-11.3569,-0.610103,2
12,329,-0.263152,-21.8844,5
12,97,-4.60538,-8.69614,7
12,333,2.40937,16.8148,6
12,149,10.9987,-10,7
12,313,-6.90103,11.7833,1
12,85,5.01063,0.0890266,7
12,45,-13.0313,-1.20638,2
12,369,0.398428,-17.7788,5
12,169,8.6638,-1.25056,7
12,41,5.71243,-14.3186,5
12,349,10,10,3
12,233,12,4,3
12,225,12,8,3
12,177,21,11,3
12,53,-6.5198,11.3918,1
12,29,-13.0674,-0.630074,2
12,281,11,9,3
12,121,7.92436,-3.51014,7
12,73,11.8505,14.2888,3
12,381,3.28255,-1.07213,7
12,361,-13.0313,-1.20638,2
12,317,3.28255,-1.07213,7
12,49,12.3676,14.5867,3
12,157,6,-14,5
12,153,3.72196,13.9217,6
12,377,-13.0313,-1.20638,2
12,57,4.2567,-2.09604,7
12,77,11.1032,13.8752,3
13,57,3.28255,-1.07213,7
13,369,0.863219,-18.0399,5
13,129,-17.1868,11.7992,4
13,285,5.4667,-0.534911,7
13,433,12,19,3
13,297,5.41153,-0.0317984,7
13,73,12.1314,14.2066,3
13,77,11.4451,13.7311,3
13,225,12,8,3
13,137,10.4942,-6.71501,7
13,345,2.70406,-0.780097,7
13,113,11.5769,10.6358,3
13,437,10.1836,-1.75405,7
13,213,3,4,7
13,89,8.92295,8.35689,3
13,41,5.01726,-14.1924,5
13,425,8.53722,-4.49205,7
13,233,12,4,3
13,209,11.4976,14.2834,3
13,161,3.83427,-0.709281,7
13,201,12.9744,16.034,3
13,53,-5.6905,11.3744,1
13,229,-7,-7,2
13,377,-13.0313,-1.20638,2
13,361,-13.0313,-1.20638,2
13,149,10.9987,-10,7
13,17,-4.53014,9.97318,1
13,49,12.1463,14.7864,3
13,349,10,10,3
13,301,12.6972,15.5125,3
13,117,15.7783,-12.6259,5
13,313,-6.90103,11.7833,1
13,441,8,-24,5
13,205,13,11,3
13,321,3.28255,-1.07213,7
13,105,10.97,12.9949,3
13,13,11,6,3
13,405,3.28255,-1.07213,7
13,5,2.50533,-17.9586,5
13,385,16.9445,-18.0015,5
13,393,12.975,16.0382,3
13,397,-11.3952,-0.528298,2
13,197,7,5,7
13,33,-49,-1,4
13,273,13,11,3
13,45,-12.3226,-0.623935,2
13,417,10.4941,5.93792,3
13,429,3.72351,-18.3347,5
13,381,3.28255,-1.07213,7
13,281,11,9,3
13,65,7.28244,1.039,7
13,85,4.92385,-0.408203,7
13,265,12.1651,11.0762,3
13,121,6.10306,-2.71802,7
13,101,11.9126,13.6543,3
13,241,-0.120378,-20.4221,5
13,109,11.7344,0.765455,7
13,69,10.0055,10.1452,3
13,353,3.28255,-1.07213,7
13,421,3.28255,-1.07213,7
13,341,3.04541,-20.4643,5
13,221,-14,-15,5
13,185,6.88237,-2.6492,7
13,217,13,7,3
13,61,1.7104,3.68135,7
13,177,21,11,3
13,261,4.67602,-4.20778,7
13,9,12,9,3
13,125,-0.607933,-14.4394,5
13,293,17,19,3
13,325,16,-1,7
13,329,-0.574833,-21.974,5
13,21,12,8,3
13,277,-4,-14,5
13,133,12.2886,13.9842,3
13,37,10.0877,5.97462,3
13,25,3.28255,-1.07213,7
13,253,3.28255,-1.07213,7
13,141,-3,-14,5
13,389,-13.0313,-1.20638,2
13,153,3.39025,13.8657,6
13,29,-13.0313,-1.20638,2
13,333,2.47236,16.8508,6
13,97,-2.43836,-6.62662,7
13,173,7.36,0.488801,7
13,81,11.013,11.976,3
13,373,3,-6,7
13,237,8.72627,0.773035,7
13,289,0.755702,-2.52755,7
13,1,10.4202,12.6132,3
13,305,3.28255,-1.07213,7
13,245,0,-19,5
13,409,2.41627,16.871,6
13,93,7.33527,-6.19946,7
13,169,7.912,-0.419071,7
13,145,12,8,3
13,189,12,10,3
13,413,1.64249,-5.4308,7
13,165,1.25178,-18.9641,5
13,401,3.28255,-1.07213,7
13,193,6.13322,1.64068,7
13,249,3.28255,-1.07213,7
13,309,-10,-10,2
13,357,-6.90103,11.7833,1
13,181,3.28255,-1.07213,7
13,269,-6.90103,11.7833,1
13,157,6,-14,5
13,317,3.28255,-1.07213,7
13,445,12,17,3
13,337,12.9737,16.0157,3
13,365,-13.0313,-1.20638,2
13,257,3.28255,-1.07213,7
14,41,3.81536,-15.7676,5
14,317,3.28255,-1.07213,7
14,265,12.3505,13.0548,3
14,313,-6.90103,11.7833,1
14,97,-1.88067,-4.91156,7
14,129,-17.0965,11.9681,4
14,401,3.28255,-1.07213,7
14,429,3.23289,-18.1518,5
14,61,2.48851,2.59918,7
14,413,2.71388,-3.97266,7
14,37,11.1818,7.97552,3
14,437,9.2596,-0.802012,7
14,229,-7,-7,2
14,273,13,11,3
14,369,1.46172,-18.9534,5
14,9,12,9,3
14,225,12,8,3
14,241,-0.582866,-20.567,5
14,261,4.97255,-3.94065,7
14,185,5.81227,-3.05331,7
14,269,-6.89606,11.775,1
14,109,9.86366,1.16505,7
14,249,3.28255,-1.07213,7
14,277,-4,-14,5
14,33,-49,-1,4
14,405,3.28255,-1.07213,7
14,329,-0.323849,-22.0275,5
14,293,16.0534,17.5584,3
14,81,11.2101,11.7506,3
14,105,12.2222,14.4697,3
14,153,3.1597,13.8284,6
14,377,-13.0313,-1.20638,2
14,89,9.21589,7.4628,3
14,425,6.98791,-3.25824,7
14,93,8.15923,-6.09665,7
14,205,13,11,3
14,305,3.28255,-1.07213,7
14,361,-13.0313,-1.20638,2
14,321,3.28255,-1.07213,7
14,421,3.28255,-1.07213,7
14,53,-4.68373,11.4985,1
14,193,5.38177,1.81807,7
14,165,1.18747,-17.9339,5
14,213,3,4,7
14,345,3.26719,-0.89677,7
14,385,16.9445,-18.0015,5
14,445,12,17,3
14,221,-14,-15,5
14,253,3.28255,-1.07213,7
14,101,11.8265,13.7021,3
14,349,10,10,3
14,85,4.26639,0.319721,7
14,373,3,-6,7
14,169,7.9059,-0.652043,7
14,381,3.28255,-1.07213,7
14,281,11,9,3
14,77,11.1736,14.3165,3
14,181,3.28255,-1.07213,7
14,417,10.5435,5.92735,3
14,17,-6.04251,9.30675,1
14,333,2.61516,17.2498,6
14,237,8.25124,1.25182,7
14,341,2.47278,-20.1969,5
14,157,5.28408,-13.8737,5
14,173,6.72858,0.954864,7
14,13,11,6,3
14,57,3.28255,-1.07213,7
14,337,12.9687,16.0172,3
14,149,9.44436,-8.85783,7
14,189,12,10,3
14,441,8,-24,5
14,45,-11.6218,-0.426121,2
14,25,3.28255,-1.07213,7
14,69,10.1539,11.3919,3
14,133,12.1562,14.0506,3
14,297,4.12139,-0.0498936,7
14,141,-3,-14,5
14,309,-10,-10,2
14,145,12,8,3
14,357,-6.90103,11.7833,1
14,285,4.3016,-0.60814,7
14,177,21,11,3
14,409,2.3502,16.8501,6
14,73,12.0765,14.2362,3
14,301,12.6927,15.515,3
14,245,0,-19,5
14,233,12,4,3
14,137,9.25412,-5.91524,7
14,117,15.7783,-12.6259,5
14,389,-13.0313,-1.20638,2
14,65,6.85861,0.569351,7
14,209,11.2983,13.6031,3
14,1,10.5341,12.5444,3
14,353,3.28255,-1.07213,7
14,397,-11.4172,-0.482532,2
14,257,3.28255,-1.07213,7
14,29,-13.0313,-1.20638,2
14,325,16,-1,7
14,393,12.975,16.0382,3
14,121,5.08227,-2.94235,7
14,201,12.9735,16.0343,3
14,125,-0.210753,-14.5323,5
14,113,10.6916,10.1982,3
14,197,7,5,7
14,5,2.15843,-17.8641,5
14,365,-13.0313,-1.20638,2
14,289,3.28255,-1.07213,7
14,161,3.67948,-0.601858,7
14,21,12,8,3
14,217,13,7,3
14,433,12,19,3
14,49,12.4701,14.7207,3
15,413,2.71204,-3.9723,7
15,113,10.4146,9.29849,3
15,141,-3,-14,5
15,13,11.8543,8.86014,3
15,329,-0.149975,-22.0856,5
15,357,-6.90103,11.7833,1
15,69,10.9227,10.8989,3
15,161,3.75611,-0.723232,7
15,85,2.89204,0.499391,7
15,269,-6.20251,11.0564,1
15,389,-13.0313,-1.20638,2
15,437,8.48198,-0.020909,7
15,49,12.4936,14.7125,3
15,365,-13.0313,-1.20638,2
15,145,12,8,3
15,105,11.9414,14.9624,3
15,61,2.14921,2.30444,7
15,381,3.28255,-1.07213,7
15,429,2.82685,-18.0091,5
15,77,11.3742,14.182,3
15,385,16.9445,-18.0015,5
15,185,6.61577,-2.73913,7
15,153,3.616,14.2492,6
15,305,3.28255,-1.07213,7
15,261,5.09753,-3.84387,7
15,177,21,11,3
15,17,-4.93288,9.1205,1
15,57,3.28255,-1.07213,7
15,133,12.0434,14.1145,3
15,349,10.3408,9.91998,3
15,293,14.3338,16.5769,3
15,217,13,7,3
15,201,12.9729,16.0347,3
15,225,12,8,3
15,253,3.28255,-1.07213,7
15,129,-17.0452,12.0571,4
15,9,10.9319,8.47449,3
15,205,13,11,3
15,101,11.9279,13.6638,3
15,401,3.28255,-1.07213,7
15,249,3.28255,-1.07213,7
15,425,5.81944,-3.46875,7
15,409,2.23809,16.8347,6
15,397,-11.4477,-0.425291,2
15,197,7,5,7
15,445,12.5646,16.056,3
15,325,14.3712,-1.71808,7
15,37,11.2409,7.34985,3
15,93,7.0014,-5.94083,7
15,369,0.390286,-20.531,5
15,189,12,10,3
15,297,3.28255,-1.07213,7
15,421,3.28255,-1.07213,7
15,213,3,4,7
15,317,3.28255,-1.07213,7
15,73,11.782,14.7919,3
15,229,-7,-7,2
15,109,9.64593,2.55967,7
15,353,3.28255,-1.07213,7
15,117,15.7783,-12.6259,5
15,361,-13.0313,-1.20638,2
15,97,0.401437,-2.98111,7
15,209,11.3665,12.6586,3
15,373,3,-6,7
15,121,4.52262,-1.61036,7
15,233,12,4,3
15,417,10.4084,5.97228,3
15,273,12.4876,11.2046,3
15,309,-9.59456,-8.53672,2
15,173,5.31228,-0.282562,7
15,53,-4.10068,10.8277,1
15,337,12.9712,16.0168,3
15,1,10.4581,12.6061,3
15,433,12.1653,17.2484,3
15,5,1.20938,-19.6184,5
15,441,6.31048,-23.2731,5
15,193,5.44252,0.654144,7
15,181,3.28255,-1.07213,7
15,29,-13.0313,-1.20638,2
15,149,8.91631,-7.13687,7
15,241,-0.888447,-20.6754,5
15,125,0.00125909,-14.5657,5
15,345,3.34493,-0.936829,7
15,341,1.92845,-20.0077,5
15,165,1.22867,-16.9238,5
15,377,-13.0313,-1.20638,2
15,237,6.49954,1.0844,7
15,25,3.28255,-1.07213,7
15,405,3.28255,-1.07213,7
15,285,4.52958,-0.902016,7
15,81,10.4615,11.5678,3
15,157,5.07806,-13.7833,5
15,45,-10.645,-0.202642,2
15,257,3.28255,-1.07213,7
15,41,3.93912,-15.8537,5
15,277,-4,-14,5
15,21,12,8,3
15,393,12.975,16.0382,3
15,33,-49,-1,4
15,313,-6.90103,11.7833,1
15,333,2.09312,17.5751,6
15,89,7.91302,6.55177,3
15,281,11,9,3
15,169,7.45847,-1.40756,7
15,245,0,-19,5
15,137,7.64669,-4.33354,7
15,221,-14,-15,5
15,289,3.28255,-1.07213,7
15,65,5.76643,0.380663,7
15,265,12.1254,13.1525,3
15,321,3.28255,-1.07213,7
15,301,12.573,15.7806,3
16,293,12.975,16.0382,3
16,105,12.0628,14.8804,3
16,241,-0.586175,-20.7024,5
16,253,3.28255,-1.07213,7
16,257,3.28255,-1.07213,7
16,229,-6.92693,-5.89169,2
16,9,10.778,9.66412,3
16,281,11,9,3
16,297,3.28255,-1.07213,7
16,353,3.28255,-1.07213,7
16,41,3.71645,-15.7636,5
16,285,3.36662,-1.03246,7
16,361,-13.0313,-1.20638,2
16,301,12.7395,15.6898,3
16,337,12.9667,16.0187,3
16,305,3.28255,-1.07213,7
16,137,7.33204,-2.62848,7
16,181,3.28255,-1.07213,7
16,349,10.2979,9.94001,3
16,413,3.09807,-2.0099,7
16,193,3.85104,-0.535128,7
16,409,2.44868,17.2817,6
16,81,11.3073,11.9041,3
16,49,12.4,14.7607,3
16,221,-14,-15,5
16,57,3.28255,-1.07213,7
16,381,3.28255,-1.07213,7
16,245,0.140311,-20.147,5
16,261,4.00189,-2.17068,7
16,145,12,8,3
16,157,5.511,-14.5034,5
16,121,3.28255,-1.07213,7
16,173,5.0466,0.00526575,7
16,213,3,4,7
16,273,11.8238,11.7908,3
16,369,0.0664871,-20.5261,5
16,25,3.28255,-1.07213,7
16,217,13,7,3
16,13,10.6669,9.07257,3
16,113,11.6058,10.9722,3
16,393,12.975,16.0382,3
16,433,12.975,16.0382,3
16,189,12,10,3
16,313,-6.90103,11.7833,1
16,5,0.140311,-20.147,5
16,389,-13.0313,-1.20638,2
16,129,-16.1462,11.619,4
16,289,3.28255,-1.07213,7
16,397,-11.554,-0.284466,2
16,333,2.09312,17.5751,6
16,93,6.50455,-5.22162,7
16,37,11.6623,6.59089,3
16,109,9.46309,3.83477,7
16,97,2.61073,-1.79166,7
16,321,3.28255,-1.07213,7
16,45,-9.6498,-0.617086,2
16,17,-5.5217,8.30973,1
16,277,-2.97067,-14.3068,5
16,441,5.16936,-22.4307,5
16,341,1.70154,-19.9011,5
16,177,19.1858,11.6324,3
16,85,3.12693,-0.486364,7
16,117,15.7783,-12.6259,5
16,401,3.28255,-1.07213,7
16,329,-0.123765,-22.0927,5
16,357,-6.90103,11.7833,1
16,437,7.78502,0.601368,7
16,201,12.9746,16.0345,3
16,33,-49,-1,4
16,209,11.1705,11.7067,3
16,425,5.83351,-3.45337,7
16,205,13,11,3
16,237,4.76783,0.267219,7
16,153,3.34962,14.19,6
16,421,3.28255,-1.07213,7
16,309,-9.40633,-6.99424,2
16,21,11.7327,8.08123,3
16,61,3.26555,1.01,7
16,165,1.28808,-15.9185,5
16,265,13.1607,13.0156,3
16,325,13.0201,-0.808925,7
16,1,11.2242,12.5515,3
16,53,-3.739,9.77231,1
16,365,-13.0313,-1.20638,2
16,269,-5.1805,11.3886,1
16,249,3.28255,-1.07213,7
16,73,12.1444,14.6602,3
16,345,3.35212,-0.940671,7
16,77,11.1759,14.6277,3
16,405,3.28255,-1.07213,7
16,317,3.28255,-1.07213,7
16,149,8.27443,-5.48073,7
16,417,10.9918,7.88178,3
16,101,11.8269,13.7214,3
16,161,3.64487,-0.641951,7
16,233,12,4,3
16,429,1.81217,-18.1364,5
16,141,-3,-14,5
16,377,-13.0313,-1.20638,2
16,133,11.7801,14.4001,3
16,69,10.9809,12.1895,3
16,225,11.5577,8.19965,3
16,185,6.29725,-3.76222,7
16,373,3.36906,-4.08293,7
16,29,-13.0313,-1.20638,2
16,125,0.398662,-14.6912,5
16,169,5.46489,-1.24743,7
16,197,7,5,7
16,385,16.9445,-18.0015,5
16,89,6.37695,3.97539,7
16,445,12.8581,15.8926,3
16,65,5.6944,-0.0154569,7
17,417,10.4839,8.25144,3
17,125,0.525126,-14.7135,5
17,381,3.28255,-1.07213,7
17,121,3.28255,-1.07213,7
17,53,-4.68798,8.69047,1
17,57,3.28255,-1.07213,7
17,341,1.34376,-19.7963,5
17,389,-13.0313,-1.20638,2
17,221,-14,-15,5
17,245,0.143189,-20.1476,5
17,353,3.28255,-1.07213,7
17,349,11.1121,11.7667,3
17,433,12.975,16.0382,3
17,265,12.5234,12.1918,3
17,77,11.1512,14.662,3
17,193,3.28255,-1.07213,7
17,429,1.62081,-18.0821,5
17,253,3.28255,-1.07213,7
17,113,10.5889,11.1097,3
17,197,7,5,7
17,189,12,10,3
17,1,11.328,12.5099,3
17,309,-9.20272,-6.80929,2
17,165,1.38982,-14.9205,5
17,157,4.88622,-14.3681,5
17,33,-49,-1,4
17,141,-2.35684,-14.0791,5
17,17,-4.46954,8.04228,1
17,149,6.83992,-4.09312,7
17,385,15.4096,-17.5371,5
17,329,-0.173254,-22.0834,5
17,365,-13.0313,-1.20638,2
17,413,3.28255,-1.07213,7
17,301,12.8085,15.6623,3
17,133,11.5684,14.9224,3
17,237,4.59558,0.391453,7
17,325,11.0208,-0.862966,7
17,305,3.28255,-1.07213,7
17,393,12.975,16.0382,3
17,233,12,4,3
17,97,3.28255,-1.07213,7
17,321,3.28255,-1.07213,7
17,85,3.82468,0.262873,7
17,37,11.4076,7.7216,3
17,5,0.145773,-20.1481,5
17,357,-6.90103,11.7833,1
17,25,3.28255,-1.07213,7
17,65,4.38719,-0.109329,7
17,201,12.9734,16.0352,3
17,281,11,9,3
17,205,13,11,3
17,153,3.78633,15.0791,6
17,345,3.28255,-1.07213,7
17,373,3.62218,-2.27026,7
17,177,17.5562,11.8535,3
17,145,12,8,3
17,337,12.9657,16.0192,3
17,109,8.02671,3.85308,7
17,285,3.32804,-0.508657,7
17,41,3.26013,-15.6635,5
17,445,12.9073,15.8739,3
17,437,7.24188,1.06758,7
17,73,11.9176,15.0825,3
17,161,3.28255,-1.07213,7
17,213,3,4,7
17,257,3.28255,-1.07213,7
17,361,-13.0313,-1.20638,2
17,421,3.28255,-1.07213,7
17,9,10.6275,9.82162,3
17,69,10.4777,11.3252,3
17,173,4.75755,0.230912,7
17,101,11.9246,13.6838,3
17,377,-13.0313,-1.20638,2
17,129,-13.1723,11.438,1
17,21,11.4073,8.20867,3
17,317,3.28255,-1.07213,7
17,217,13,7,3
17,297,3.28255,-1.07213,7
17,93,5.39957,-3.42575,7
17,241,-0.388145,-20.7251,5
17,249,3.28255,-1.07213,7
17,89,6.91122,4.80563,7
17,105,12.1495,14.8275,3
17,45,-9.7889,-0.700217,2
17,277,-1.8546,-15.4117,5
17,401,3.28255,-1.07213,7
17,13,10.5643,10.0264,3
17,289,3.28255,-1.07213,7
17,369,0.186837,-20.5614,5
17,209,11.3757,12.7757,3
17,181,3.28255,-1.07213,7
17,333,2.09312,17.5751,6
17,261,3.47819,-1.10711,7
17,441,3.22706,-22.4071,5
17,169,5.20894,-0.735274,7
17,61,3.54305,0.146278,7
17,313,-6.90103,11.7833,1
17,81,11.2133,11.0042,3
17,225,11.7812,8.19095,3
17,409,2.19776,17.2378,6
17,185,5.61946,-3.03359,7
17,293,12.975,16.0382,3
17,49,12.4478,14.7426,3
17,425,5.1025,-2.771,7
17,229,-7.68585,-4.38558,2
17,137,5.75044,-1.46961,7
17,273,11.569,11.9212,3
17,29,-13.0313,-1.20638,2
17,397,-11.5552,-0.282426,2
17,269,-4.60435,10.9507,1
17,405,3.28255,-1.07213,7
17,117,15.7783,-12.6259,5
18,233,12,4,3
18,101,11.8545,13.7211,3
18,37,10.9701,8.95998,3
18,157,4.59587,-14.2609,5
18,417,11.0033,10.1789,3
18,1,11.1901,13.5733,3
18,333,2.09312,17.5751,6
18,341,1.08703,-19.725,5
18,45,-9.39229,0.0986841,2
18,257,3.28255,-1.07213,7
18,445,12.893,15.8815,3
18,169,3.64535,-0.769667,7
18,189,12,10,3
18,253,3.28255,-1.07213,7
18,65,4.73165,0.853876,7
18,305,3.28255,-1.07213,7
18,153,2.79191,15.3188,6
18,21,11.8628,10.1542,3
18,161,3.28255,-1.07213,7
18,309,-8.90088,-5.81757,2
18,325,9.02131,-0.906153,7
18,221,-14,-15,5
18,405,3.28255,-1.07213,7
18,245,0.21251,-20.5679,5
18,9,9.58281,9.4974,3
18,393,12.975,16.0382,3
18,369,0.21251,-20.5679,5
18,137,4.44845,-1.11728,7
18,73,12.0953,14.9659,3
18,301,12.7073,15.7927,3
18,261,3.33775,-1.00721,7
18,385,13.8972,-17.1254,5
18,357,-6.90103,11.7833,1
18,273,11.8638,13.805,3
18,17,-3.69071,7.39681,1
18,5,0.13995,-20.147,5
18,433,12.975,16.0382,3
18,265,12.2238,12.3044,3
18,193,3.28255,-1.07213,7
18,317,3.28255,-1.07213,7
18,217,13,7,3
18,373,3.28255,-1.07213,7
18,397,-11.975,-1.15059,2
18,297,3.28255,-1.07213,7
18,57,3.28255,-1.07213,7
18,377,-13.0313,-1.20638,2
18,61,3.67033,-0.684534,7
18,237,3.28255,-1.07213,7
18,125,0.733007,-14.765,5
18,389,-13.0313,-1.20638,2
18,117,15.7783,-12.6259,5
18,361,-13.0313,-1.20638,2
18,33,-49,-1,4
18,437,5.42295,0.398134,7
18,401,3.28255,-1.07213,7
18,345,3.28255,-1.07213,7
18,109,7.05783,3.28195,7
18,165,2.17873,-15.086,5
18,81,10.4727,10.9156,3
18,281,11,9,3
18,173,4.67731,0.303873,7
18,229,-7.63758,-3.67959,2
18,413,3.28255,-1.07213,7
18,105,12.3228,14.7587,3
18,93,3.54315,-1.21573,7
18,429,2.07996,-18.603,5
18,89,5.00851,2.76982,7
18,181,3.28255,-1.07213,7
18,441,1.67736,-22.1335,5
18,241,-0.272213,-20.7389,5
18,337,12.9709,16.0182,3
18,349,11.0376,11.8047,3
18,185,4.9126,-2.33973,7
18,201,12.9731,16.038,3
18,85,3.47369,-0.685329,7
18,213,3,4,7
18,145,11.5132,9.24226,3
18,129,-10.2903,11.5567,1
18,353,3.28255,-1.07213,7
18,97,3.28255,-1.07213,7
18,365,-13.0313,-1.20638,2
18,421,3.28255,-1.07213,7
18,77,12.1479,14.6473,3
18,29,-13.0313,-1.20638,2
18,205,13,11,3
18,409,2.13502,17.2321,6
18,249,3.28255,-1.07213,7
18,225,11.3267,8.42244,3
18,197,7.34713,6.53277,6
18,285,3.29331,-0.118446,7
18,269,-3.59845,11.1892,1
18,113,10.9344,12.5011,3
18,293,12.975,16.0382,3
18,381,3.28255,-1.07213,7
18,277,-1.35149,-15.4816,5
18,209,12.384,14.7144,3
18,41,3.09263,-15.6039,5
18,313,-6.90103,11.7833,1
18,321,3.28255,-1.07213,7
18,289,3.28255,-1.07213,7
18,13,9.79421,9.85549,3
18,69,11.8791,13.7666,3
18,133,12.7511,15.3692,3
18,121,3.28255,-1.07213,7
18,53,-5.10807,8.15994,1
18,177,15.9035,12.768,3
18,141,-2.35613,-13.396,5
18,425,3.61472,-1.54634,7
18,25,3.28255,-1.07213,7
18,49,12.1758,15.2257,3
18,329,-0.148602,-22.0896,5
18,149,5.61685,-2.61959,7
19,293,12.975,16.0382,3
19,345,3.28255,-1.07213,7
19,341,0.0502428,-21.2948,5
19,253,3.28255,-1.07213,7
19,321,3.28255,-1.07213,7
19,441,1.07162,-21.8304,5
19,49,12.1215,15.2938,3
19,373,3.28255,-1.07213,7
19,429,1.10719,-18.7878,5
19,37,10.18,8.27123,3
19,41,2.03065,-15.8866,5
19,381,3.28255,-1.07213,7
19,257,3.28255,-1.07213,7
19,205,12.8706,12.9859,3
19,125,0.598538,-15.756,5
19,369,0.157321,-20.5576,5
19,73,11.9521,15.416,3
19,265,11.6413,11.4687,3
19,353,3.28255,-1.07213,7
19,169,3.28255,-1.07213,7
19,433,12.975,16.0382,3
19,261,3.28186,-1.00938,7
19,445,12.9338,15.8723,3
19,165,2.38641,-14.1389,5
19,145,12.0698,10.2987,3
19,101,12.6104,15.5218,3
19,93,3.28255,-1.07213,7
19,437,3.85392,-0.786931,7
19,233,12,4,3
19,89,3.89486,-0.000155265,7
19,285,3.28255,-1.07213,7
19,21,11.4065,11.6995,3
19,425,3.28255,-1.07213,7
19,365,-13.0313,-1.20638,2
19,109,6.25965,2.60181,7
19,417,10.7825,10.2968,3
19,77,12.1729,14.6336,3
19,269,-2.60962,11.4693,1
19,409,2.11992,17.2311,6
19,189,12,10,3
19,333,2.09312,17.5751,6
19,301,12.6821,15.8299,3
19,65,4.66059,1.79527,7
19,241,-0.693841,-20.8875,5
19,389,-13.0313,-1.20638,2
19,201,12.975,16.0381,3
19,405,3.28255,-1.07213,7
19,69,11.4264,12.879,3
19,161,3.28255,-1.07213,7
19,129,-9.16658,10.1884,1
19,249,3.28255,-1.07213,7
19,385,12.1979,-16.9762,5
19,133,12.5885,15.7725,3
19,153,2.62875,15.2945,6
19,313,-6.90103,11.7833,1
19,401,3.28255,-1.07213,7
19,329,-0.172963,-22.0847,5
19,53,-5.14373,8.56333,1
19,5,0.127757,-20.1449,5
19,289,3.28255,-1.07213,7
19,421,3.28255,-1.07213,7
19,245,0.290794,-20.5924,5
19,61,4.17745,0.17355,7
19,113,11.5196,13.3075,3
19,337,12.9656,16.0211,3
19,349,10.6713,12.1873,3
19,181,3.28255,-1.07213,7
19,13,8.89618,9.84244,3
19,1,11.2819,13.5185,3
19,273,11.9629,13.767,3
19,17,-4.28197,8.97237,1
19,141,-2.34695,-12.7545,5
19,97,3.82951,-0.242209,7
19,121,3.28255,-1.07213,7
19,209,12.1898,13.8027,3
19,29,-13.0313,-1.20638,2
19,9,9.9339,10.4384,3
19,81,9.50481,11.0122,3
19,229,-7.59778,-3.15047,2
19,33,-49,-1,4
19,237,3.28255,-1.07213,7
19,213,3,4,7
19,377,-13.0313,-1.20638,2
19,393,12.975,16.0382,3
19,397,-12.3106,-1.54639,2
19,149,4.10291,-1.74734,7
19,197,8.36654,8.25347,3
19,157,4.38479,-14.1782,5
19,193,3.28255,-1.07213,7
19,25,3.28255,-1.07213,7
19,105,12.6785,14.7423,3
19,117,15.7783,-12.6259,5
19,277,-0.574236,-14.6407,5
19,221,-13.2069,-13.3726,2
19,177,14.3894,13.8387,3
19,281,11,9,3
19,317,3.28255,-1.07213,7
19,173,4.51723,0.412631,7
19,305,3.28255,-1.07213,7
19,225,11.1669,8.4752,3
19,57,3.28255,-1.07213,7
19,85,3.28255,-1.07213,7
19,217,13,7,3
19,325,7.09183,-0.659869,7
19,137,4.78871,-0.0586882,7
19,297,3.28255,-1.07213,7
19,357,-6.90103,11.7833,1
19,45,-9.03128,1.05033,2
19,361,-13.0313,-1.20638,2
19,413,3.28255,-1.07213,7
19,309,-8.65845,-5.38811,2
19,185,4.10291,-1.74734,7
20,145,11.3067,12.2345,3
20,389,-13.0313,-1.20638,2
20,217,12.7591,8.962,3
20,269,-2.17818,10.8532,1
20,117,15.7783,-12.6259,5
20,289,3.28255,-1.07213,7
20,21,10.9163,12.5643,3
20,421,3.28255,-1.07213,7
20,341,-0.0016589,-21.2851,5
20,353,3.28255,-1.07213,7
20,85,3.28255,-1.07213,7
20,357,-6.90103,11.7833,1
20,381,3.28255,-1.07213,7
20,413,3.28255,-1.07213,7
20,205,12.4749,13.147,3
20,369,0.21212,-20.5722,5
20,317,3.28255,-1.07213,7
20,253,3.28255,-1.07213,7
20,109,5.24938,2.39879,7
20,57,3.28255,-1.07213,7
20,125,1.03504,-14.8392,5
20,157,4.25576,-14.1231,5
20,209,12.6634,13.6625,3
20,229,-8.08423,-3.62273,2
20,149,3.56207,-1.02336,7
20,417,10.3319,10.7507,3
20,165,1.56245,-13.4321,5
20,185,4.09851,-2.51755,7
20,33,-49,-1,4
20,405,3.28255,-1.07213,7
20,241,-0.467846,-20.9091,5
20,153,3.08268,16.0381,6
20,441,0.329334,-21.7659,5
20,101,12.7632,15.4776,3
20,397,-12.2954,-1.33828,2
20,245,-0.00825135,-20.5909,5
20,297,3.28255,-1.07213,7
20,49,12.2795,15.1879,3
20,77,12.1749,14.6324,3
20,29,-12.1498,-0.964134,2
20,161,3.28255,-1.07213,7
20,321,3.28255,-1.07213,7
20,401,3.28255,-1.07213,7
20,333,2.09312,17.5751,6
20,361,-13.0313,-1.20638,2
20,93,3.28255,-1.07213,7
20,121,3.28255,-1.07213,7
20,425,3.28255,-1.07213,7
20,281,11,9,3
20,13,10.9374,11.9408,3
20,377,-13.0313,-1.20638,2
20,261,3.28255,-1.07213,7
20,113,11.67,12.4649,3
20,197,8.39907,8.23519,3
20,177,13.5359,13.9948,3
20,73,12.241,15.2321,3
20,429,0.975067,-18.7563,5
20,45,-8.37549,1.16992,2
20,437,3.70194,-0.66016,7
20,225,10.5644,9.04948,3
20,329,-0.54774,-22.207,5
20,193,3.28255,-1.07213,7
20,129,-8.08386,9.58216,1
20,325,5.10351,-0.793338,7
20,201,12.975,16.0381,3
20,345,3.28255,-1.07213,7
20,97,3.35241,-0.664845,7
20,181,3.28255,-1.07213,7
20,213,3,4,7
20,69,10.6989,12.2029,3
20,41,1.8244,-15.847,5
20,189,12,10,3
20,169,3.28255,-1.07213,7
20,373,3.28255,-1.07213,7
20,285,3.57524,-0.553159,7
20,393,12.975,16.0382,3
20,257,3.28255,-1.07213,7
20,81,10.1334,11.8018,3
20,349,11.7149,13.893,3
20,25,3.28255,-1.07213,7
20,89,3.28255,-1.07213,7
20,17,-4.57915,9.04059,1
20,277,0.198784,-13.8235,5
20,337,12.975,16.0382,3
20,265,11.9059,10.686,3
20,221,-11.5986,-11.6881,2
20,305,3.28255,-1.07213,7
20,301,12.7954,15.7655,3
20,433,12.975,16.0382,3
20,53,-3.94235,9.42763,1
20,445,12.9786,15.8742,3
20,309,-8.71259,-4.18191,2
20,137,5.13549,0.889885,7
20,313,-6.90103,11.7833,1
20,1,11.3403,13.4839,3
20,237,3.28255,-1.07213,7
20,409,2.24525,17.3193,6
20,233,12.3026,5.96953,3
20,133,12.7567,15.6884,3
20,293,12.975,16.0382,3
20,61,4.19538,1.09112,7
20,65,5.25198,2.60755,7
20,385,10.4118,-17.074,5
20,141,-2.41621,-13.8931,5
20,9,11.3406,13.0638,3
20,173,3.35241,-0.664845,7
20,5,0.0914666,-20.1396,5
20,249,3.28255,-1.07213,7
20,273,11.8685,13.8207,3
20,105,12.8711,14.7455,3
20,37,10.9881,11.124,3
20,365,-13.0313,-1.20638,2
21,197,9.39681,9.96843,3
21,217,12.1448,9.2777,3
21,221,-10.5581,-9.30705,2
21,421,3.28255,-1.07213,7
21,161,3.28255,-1.07213,7
21,225,10.3283,9.1795,3
21,101,12.6289,15.8222,3
21,61,4.79188,1.90092,7
21,149,3.28255,-1.07213,7
21,301,12.8099,15.7571,3
21,237,3.28255,-1.07213,7
21,241,-0.325006,-20.9255,5
21,105,12.6751,14.8159,3
21,233,12.1916,7.94316,3
21,409,2.29133,17.3659,6
21,37,11.0311,12.1613,3
21,341,-0.0879964,-21.2743,5
21,401,3.28255,-1.07213,7
21,65,5.83936,3.41666,7
21,305,3.28255,-1.07213,7
21,433,12.975,16.0382,3
21,177,12.7392,14.8675,3
21,201,12.975,16.0381,3
21,381,3.28255,-1.07213,7
21,309,-8.88486,-3.09292,2
21,81,9.72963,10.8809,3
21,89,3.28255,-1.07213,7
21,321,3.28255,-1.07213,7
21,133,12.7937,15.671,3
21,265,10.7448,10.7322,3
21,281,10.79,9.09379,3
21,313,-6.90103,11.7833,1
21,121,3.28255,-1.07213,7
21,297,3.28255,-1.07213,7
21,181,3.28255,-1.07213,7
21,413,3.28255,-1.07213,7
21,293,12.975,16.0382,3
21,25,3.28255,-1.07213,7
21,41,1.7244,-15.8236,5
21,129,-7.28285,8.99171,1
21,273,12.8381,15.4708,3
21,373,3.28255,-1.07213,7
21,261,3.28255,-1.07213,7
21,73,12.4717,15.1386,3
21,85,3.28255,-1.07213,7
21,29,-11.3371,-0.37051,2
21,189,12,10,3
21,9,10.7948,12.7122,3
21,229,-8.18177,-3.77281,2
21,333,2.09312,17.5751,6
21,337,12.975,16.0382,3
21,437,3.598,-0.599492,7
21,425,3.28255,-1.07213,7
21,125,0.960277,-13.8967,5
21,353,3.28255,-1.07213,7
21,49,12.3598,15.1384,3
21,157,3.7675,-14.0362,5
21,317,3.28255,-1.07213,7
21,377,-13.0313,-1.20638,2
21,389,-13.0313,-1.20638,2
21,285,3.28255,-1.07213,7
21,361,-13.0313,-1.20638,2
21,97,3.28255,-1.07213,7
21,69,12.1425,13.6317,3
21,357,-6.90103,11.7833,1
21,249,3.28255,-1.07213,7
21,393,12.975,16.0382,3
21,325,3.28255,-1.07213,7
21,185,3.65663,-1.56736,7
21,365,-13.0313,-1.20638,2
21,345,3.28255,-1.07213,7
21,213,3,4,7
21,193,3.28255,-1.07213,7
21,257,3.28255,-1.07213,7
21,53,-3.31281,9.53532,1
21,329,-0.396433,-22.2227,5
21,441,-0.396433,-22.2227,5
21,253,3.28255,-1.07213,7
21,349,11.7261,13.8866,3
21,205,12.1999,13.2714,3
21,289,2.40577,-1.46478,7
21,245,-0.449315,-21.9089,5
21,113,11.1536,12.0926,3
21,21,10.6394,12.8777,3
21,269,-2.17276,9.51432,1
21,169,3.28255,-1.07213,7
21,165,2.02313,-10.4687,7
21,93,3.28255,-1.07213,7
21,1,11.4622,13.4239,3
21,141,-2.30186,-13.1588,5
21,405,3.28255,-1.07213,7
21,109,3.57327,0.419063,7
21,5,0.0927957,-20.1398,5
21,117,15.7783,-12.6259,5
21,277,0.712774,-12.9268,5
21,445,12.9131,15.9086,3
21,77,12.4717,15.1386,3
21,429,0.836233,-18.7281,5
21,17,-3.46256,9.78275,1
21,417,11.2211,12.5421,3
21,145,11.2093,13.0629,3
21,57,3.28255,-1.07213,7
21,33,-49,-1,4
21,137,4.31913,0.645004,7
21,45,-7.50372,1.66033,2
21,209,12.4211,13.8668,3
21,385,9.57351,-16.6266,5
21,369,0.15678,-20.5619,5
21,153,2.20092,17.5164,6
21,397,-12.5476,-0.993016,2
21,173,3.17177,-0.747263,7
21,13,10.8404,11.4271,3
22,85,3.28255,-1.07213,7
22,269,-1.71341,8.53156,1
22,185,3.84091,-1.16456,7
22,325,3.28255,-1.07213,7
22,105,12.7781,14.8049,3
22,357,-6.90103,11.7833,1
22,389,-13.0313,-1.20638,2
22,137,5.04455,1.3343,7
22,345,3.28255,-1.07213,7
22,293,12.975,16.0382,3
22,277,1.30719,-12.0601,5
22,133,12.7006,15.7928,3
22,321,3.28255,-1.07213,7
22,145,11.8087,13.892,3
22,341,0.347378,-21.6924,5
22,49,12.5004,15.0815,3
22,73,12.4692,15.14,3
22,89,3.76883,-0.198438,7
22,29,-10.5384,0.237626,2
22,365,-13.0313,-1.20638,2
22,225,9.85925,9.65892,3
22,329,-0.251401,-22.2592,5
22,113,10.6152,11.2464,3
22,313,-6.90103,11.7833,1
22,289,3.28255,-1.07213,7
22,377,-13.0313,-1.20638,2
22,369,-0.335006,-20.672,5
22,77,12.4692,15.14,3
22,213,3.77676,3.47166,7
22,305,3.28255,-1.07213,7
22,409,2.09312,17.5751,6
22,65,5.54855,2.47347,7
22,417,11.1602,12.5768,3
22,309,-8.85107,-2.59374,2
22,317,3.28255,-1.07213,7
22,197,9.37131,9.98413,3
22,229,-8.15659,-3.72026,2
22,149,3.28255,-1.07213,7
22,69,11.5235,12.8291,3
22,381,3.28255,-1.07213,7
22,397,-12.6194,-0.905534,2
22,429,0.937713,-18.765,5
22,173,3.36583,-0.842485,7
22,373,3.28255,-1.07213,7
22,169,3.28255,-1.07213,7
22,117,15.7783,-12.6259,5
22,201,12.975,16.0382,3
22,177,12.975,16.0382,3
22,273,12.7247,15.5371,3
22,33,-49,-1,4
22,349,11.714,13.8938,3
22,57,3.28255,-1.07213,7
22,301,12.7437,15.8471,3
22,353,3.28255,-1.07213,7
22,61,4.36074,0.998633,7
22,433,12.975,16.0382,3
22,405,3.28255,-1.07213,7
22,385,8.49181,-16.2866,5
22,37,11.5677,13.0112,3
22,93,3.28255,-1.07213,7
22,157,2.69676,-14.3093,5
22,21,10.7309,12.8209,3
22,361,-13.0313,-1.20638,2
22,437,3.28255,-1.07213,7
22,1,11.5923,12.5172,3
22,297,3.28255,-1.07213,7
22,153,2.20796,17.5453,6
22,25,3.28255,-1.07213,7
22,285,3.28255,-1.07213,7
22,181,3.28255,-1.07213,7
22,413,3.28255,-1.07213,7
22,97,3.28255,-1.07213,7
22,161,3.28255,-1.07213,7
22,425,3.28255,-1.07213,7
22,401,3.28255,-1.07213,7
22,241,-0.229853,-20.9381,5
22,333,2.09312,17.5751,6
22,441,-0.323331,-22.2326,5
22,17,-2.81363,9.51334,1
22,45,-6.98729,1.77054,2
22,121,3.28255,-1.07213,7
22,221,-10.1144,-7.85706,2
22,125,1.32749,-12.965,5
22,209,11.933,13.947,3
22,257,3.28255,-1.07213,7
22,281,10.5335,9.23066,3
22,189,12,10,3
22,249,3.28255,-1.07213,7
22,421,3.28255,-1.07213,7
22,109,3.46299,-0.622544,7
22,165,2.3255,-7.48973,7
22,253,3.28255,-1.07213,7
22,205,12.6683,14.8358,3
22,53,-4.17615,10.1173,1
22,101,12.7508,15.7429,3
22,265,11.0916,11.6699,3
22,337,12.975,16.0382,3
22,141,-2.18276,-12.4199,5
22,81,8.93117,10.5198,3
22,445,12.9147,15.9078,3
22,5,0.093753,-20.14,5
22,13,11.11,12.4364,3
22,41,1.71032,-15.8197,5
22,245,-0.337802,-21.9224,5
22,129,-6.02951,8.65763,1
22,233,11.4161,8.74629,3
22,9,10.2866,12.2403,3
22,393,12.975,16.0382,3
22,261,3.28255,-1.07213,7
22,193,3.28255,-1.07213,7
22,217,11.6277,10.8832,3
22,237,3.28255,-1.07213,7
23,353,3.28255,-1.07213,7
23,297,3.28255,-1.07213,7
23,265,11.3635,12.6448,3
23,77,12.468,15.1406,3
23,317,3.28255,-1.07213,7
23,289,3.28255,-1.07213,7
23,309,-8.8303,-2.23212,2
23,245,-0.273109,-21.932,5
23,177,12.975,16.0382,3
23,405,3.28255,-1.07213,7
23,113,10.1915,10.3493,3
23,261,3.28255,-1.07213,7
23,21,10.5578,13.8807,3
23,61,4.86254,1.86374,7
23,257,3.28255,-1.07213,7
23,433,12.975,16.0382,3
23,333,2.09312,17.5751,6
23,181,3.28255,-1.07213,7
23,389,-13.0313,-1.20638,2
23,381,3.28255,-1.07213,7
23,269,-1.20487,8.31048,1
23,345,3.28255,-1.07213,7
23,49,12.2972,15.4382,3
23,173,3.28255,-1.07213,7
23,233,11.0328,8.94868,3
23,249,3.28255,-1.07213,7
23,337,12.975,16.0382,3
23,229,-8.31208,-2.79185,2
23,301,12.8255,15.8008,3
23,377,-13.0313,-1.20638,2
23,169,3.28255,-1.07213,7
23,361,-13.0313,-1.20638,2
23,165,2.4496,-6.49679,7
23,133,12.8136,15.7404,3
23,273,12.6923,15.557,3
23,109,3.28255,-1.07213,7
23,161,3.28255,-1.07213,7
23,285,3.28255,-1.07213,7
23,149,3.28255,-1.07213,7
23,305,3.28255,-1.07213,7
23,121,3.28255,-1.07213,7
23,217,11.9588,12.8359,3
23,137,4.51551,0.465779,7
23,209,11.3615,13.5346,3
23,313,-6.90103,11.7833,1
23,57,3.28255,-1.07213,7
23,13,11.4875,12.5881,3
23,409,2.09312,17.5751,6
23,341,0.151717,-21.644,5
23,329,-0.488231,-22.3042,5
23,185,3.99731,-1.01854,7
23,369,-0.229214,-20.6857,5
23,5,0.137599,-20.1489,5
23,45,-7.00177,3.01872,2
23,9,10.9687,12.992,3
23,53,-3.55376,9.86258,1
23,321,3.28255,-1.07213,7
23,33,-49,-1,4
23,241,-0.16668,-20.9472,5
23,253,3.28255,-1.07213,7
23,293,12.975,16.0382,3
23,105,12.5863,14.8936,3
23,189,12.2942,11.9779,3
23,437,3.28255,-1.07213,7
23,197,10.5605,11.564,3
23,325,2.60625,-0.666807,7
23,125,0.654534,-12.3341,5
23,29,-9.61931,0.230665,2
23,349,12.0649,13.8194,3
23,89,3.28255,-1.07213,7
23,37,10.9568,12.2125,3
23,101,12.7707,15.7301,3
23,425,3.28255,-1.07213,7
23,97,3.28255,-1.07213,7
23,429,0.806249,-18.7385,5
23,69,11.7204,14.0466,3
23,145,11.4422,13.0689,3
23,237,3.28255,-1.07213,7
23,421,3.28255,-1.07213,7
23,193,3.28255,-1.07213,7
23,401,3.28255,-1.07213,7
23,413,3.28255,-1.07213,7
23,397,-12.599,-1.11747,2
23,81,9.64525,11.253,3
23,41,1.55946,-15.7918,5
23,373,3.28255,-1.07213,7
23,17,-3.04947,8.28533,1
23,85,3.28255,-1.07213,7
23,153,2.09312,17.5751,6
23,225,10.6214,11.5,3
23,445,12.9448,15.9773,3
23,117,15.7783,-12.6259,5
23,1,11.869,13.4978,3
23,65,5.96965,3.3824,7
23,129,-5.72148,8.88604,1
23,93,3.75763,-0.980019,7
23,281,10.5526,9.22409,3
23,25,3.28255,-1.07213,7
23,157,2.67815,-14.303,5
23,277,2.20122,-9.21982,7
23,141,-2.63811,-12.6472,5
23,201,12.975,16.0381,3
23,357,-6.90103,11.7833,1
23,221,-8.75567,-7.56778,2
23,393,12.975,16.0382,3
23,205,12.3778,15.1278,3
23,385,7.78205,-15.9521,5
23,213,3.6363,1.48112,7
23,365,-13.0313,-1.20638,2
23,73,12.468,15.1406,3
23,441,-0.285755,-22.2385,5
23,417,10.9548,13.8017,3
24,129,-4.76808,9.14418,1
24,273,12.612,15.6389,3
24,145,10.9472,12.2023,3
24,101,12.7874,15.7204,3
24,329,-0.363687,-22.3202,5
24,189,11.6759,12.8921,3
24,193,3.28255,-1.07213,7
24,29,-8.71355,0.416175,2
24,157,2.42217,-14.2575,5
24,89,3.28255,-1.07213,7
24,221,-9.21274,-5.81432,2
24,277,2.56875,-8.2898,7
24,245,-0.539272,-21.9937,5
24,213,3.34394,-0.495716,7
24,265,10.4434,12.458,3
24,177,12.975,16.0382,3
24,317,3.28255,-1.07213,7
24,209,11.3144,14.0705,3
24,345,3.28255,-1.07213,7
24,337,12.975,16.0382,3
24,237,3.28255,-1.07213,7
24,5,0.125953,-20.1469,5
24,441,-0.269953,-22.241,5
24,13,10.6565,12.0659,3
24,21,10.8028,13.7123,3
24,377,-13.0313,-1.20638,2
24,417,11.105,13.7022,3
24,53,-4.06118,8.91684,1
24,445,12.9418,15.979,3
24,361,-13.0313,-1.20638,2
24,369,0.272502,-21.0423,5
24,397,-12.5955,-1.16237,2
24,109,3.28255,-1.07213,7
24,349,11.7502,14.1453,3
24,301,12.8345,15.7957,3
24,325,3.28255,-1.07213,7
24,289,3.28255,-1.07213,7
24,261,3.28255,-1.07213,7
24,225,10.7142,11.4599,3
24,409,2.09312,17.5751,6
24,81,9.21565,10.3445,3
24,37,10.4337,11.3594,3
24,33,-49,-1,4
24,421,3.28255,-1.07213,7
24,165,2.25867,-5.53987,7
24,353,3.28255,-1.07213,7
24,217,11.5293,13.2714,3
24,393,12.975,16.0382,3
24,269,-0.562088,8.36223,1
24,73,12.4265,15.1683,3
24,49,12.5088,15.3321,3
24,401,3.28255,-1.07213,7
24,365,-13.0313,-1.20638,2
24,169,3.28255,-1.07213,7
24,125,0.855118,-9.44749,7
24,161,3.28255,-1.07213,7
24,45,-6.36373,2.84845,2
24,117,15.7783,-12.6259,5
24,17,-2.84158,8.26911,1
24,429,0.70673,-18.719,5
24,25,3.28255,-1.07213,7
24,433,12.975,16.0382,3
24,133,12.792,15.7547,3
24,389,-13.0313,-1.20638,2
24,249,3.28255,-1.07213,7
24,357,-6.90103,11.7833,1
24,205,12.3546,15.1443,3
24,57,3.28255,-1.07213,7
24,293,12.975,16.0382,3
24,341,0.0597611,-21.6215,5
24,309,-8.8192,-1.96055,2
24,137,3.91426,-0.339479,7
24,77,12.4911,15.1287,3
24,173,3.28255,-1.07213,7
24,229,-8.30637,-2.3474,2
24,9,10.7764,12.7694,3
24,313,-6.90103,11.7833,1
24,281,10.3416,9.3379,3
24,425,3.28255,-1.07213,7
24,141,-1.57456,-11.8892,5
24,149,3.28255,-1.07213,7
24,93,3.28255,-1.07213,7
24,437,3.28255,-1.07213,7
24,381,3.28255,-1.07213,7
24,385,6.38804,-15.9785,5
24,85,3.28255,-1.07213,7
24,181,3.28255,-1.07213,7
24,65,5.40653,2.55088,7
24,297,3.28255,-1.07213,7
24,153,2.09312,17.5751,6
24,257,3.28255,-1.07213,7
24,233,11.4769,10.8952,3
24,285,3.28255,-1.07213,7
24,253,3.28255,-1.07213,7
24,373,3.28255,-1.07213,7
24,1,11.5337,13.1594,3
24,333,2.09312,17.5751,6
24,41,1.6092,-15.8067,5
24,321,3.28255,-1.07213,7
24,113,9.33094,9.79765,3
24,305,3.28255,-1.07213,7
24,69,11.505,13.0903,3
24,105,12.4884,14.9438,3
24,121,3.28255,-1.07213,7
24,405,3.28255,-1.07213,7
24,61,4.17442,1.23937,7
24,185,4.21089,-0.959244,7
24,197,11.6007,13.2629,3
24,241,-0.277412,-20.9463,5
24,413,3.28255,-1.07213,7
24,97,3.28255,-1.07213,7
24,201,12.975,16.0381,3
25,305,3.28255,-1.07213,7
25,225,10.2973,12.3033,3
25,249,3.28255,-1.07213,7
25,177,12.975,16.0382,3
25,365,-13.0313,-1.20638,2
25,349,11.8265,14.1043,3
25,13,10.7214,13.0248,3
25,221,-9.46356,-3.38626,2
25,293,12.975,16.0382,3
25,185,4.34902,-0.90551,7
25,425,3.28255,-1.07213,7
25,137,3.46391,-0.993345,7
25,141,-2.29829,-9.51595,7
25,285,3.28255,-1.07213,7
25,377,-13.0313,-1.20638,2
25,257,3.28255,-1.07213,7
25,121,3.28255,-1.07213,7
25,161,3.28255,-1.07213,7
25,441,-0.286997,-22.2389,5
25,361,-13.0313,-1.20638,2
25,105,12.4388,14.9704,3
25,321,3.28255,-1.07213,7
25,281,9.87306,9.83026,3
25,197,11.5531,13.2891,3
25,389,-13.0313,-1.20638,2
25,313,-6.90103,11.7833,1
25,81,9.8245,11.1467,3
25,217,11.4369,13.3309,3
25,65,6.1372,3.19308,7
25,57,3.28255,-1.07213,7
25,133,12.975,16.0382,3
25,169,3.28255,-1.07213,7
25,309,-8.95663,-1.40414,2
25,405,3.28255,-1.07213,7
25,77,12.3052,15.4102,3
25,437,3.28255,-1.07213,7
25,333,2.09312,17.5751,6
25,373,3.28255,-1.07213,7
25,21,10.9624,13.6044,3
25,209,12.7723,15.6893,3
25,385,5.90951,-15.7565,5
25,85,3.19874,-0.791872,7
25,25,3.28255,-1.07213,7
25,213,3.48229,-0.562639,7
25,117,15.7783,-12.6259,5
25,125,1.73036,-6.57945,7
25,245,-0.340653,-22.0276,5
25,337,12.975,16.0382,3
25,273,12.685,15.5954,3
25,381,3.28255,-1.07213,7
25,429,0.626267,-18.7038,5
25,265,11.0837,13.2516,3
25,41,1.63791,-15.8152,5
25,353,3.28255,-1.07213,7
25,297,3.28255,-1.07213,7
25,33,-49,-1,4
25,165,2.5904,-4.58905,7
25,401,3.28255,-1.07213,7
25,173,3.28255,-1.07213,7
25,45,-4.04298,2.13023,7
25,101,12.7922,15.7177,3
25,269,-0.0389644,8.33654,1
25,149,3.28255,-1.07213,7
25,301,12.9692,15.8014,3
25,129,-4.15168,8.84172,1
25,89,3.28255,-1.07213,7
25,229,-8.52688,-1.62352,2
25,17,-1.8499,9.34281,1
25,109,3.28255,-1.07213,7
25,445,12.9412,15.9793,3
25,409,2.09312,17.5751,6
25,277,2.56875,-8.2898,7
25,153,2.09312,17.5751,6
25,289,3.28255,-1.07213,7
25,61,3.84362,1.89159,7
25,5,-0.366992,-20.2661,5
25,9,11.4571,13.5186,3
25,345,3.28255,-1.07213,7
25,369,0.16615,-21.0203,5
25,181,3.28255,-1.07213,7
25,421,3.28255,-1.07213,7
25,261,3.28255,-1.07213,7
25,97,3.28255,-1.07213,7
25,397,-12.6545,-1.04571,2
25,241,-0.198768,-20.9572,5
25,201,12.975,16.0381,3
25,53,-3.42867,8.14064,1
25,237,3.28255,-1.07213,7
25,157,2.19384,-14.2192,5
25,417,12.137,14.9474,3
25,113,10.6859,12.4534,3
25,69,10.9251,12.2752,3
25,253,3.28255,-1.07213,7
25,341,0.0385399,-21.6157,5
25,433,12.975,16.0382,3
25,29,-7.95337,1.10202,2
25,145,11.3016,13.1385,3
25,325,3.03246,-1.29288,7
25,93,3.28255,-1.07213,7
25,189,11.5046,12.9974,3
25,1,10.7404,12.6167,3
25,193,3.28255,-1.07213,7
25,205,12.371,15.1337,3
25,49,12.5603,15.3049,3
25,413,3.28255,-1.07213,7
25,37,10.0218,10.4535,3
25,357,-6.90103,11.7833,1
25,329,-0.576111,-22.3819,5
25,393,12.975,16.0382,3
25,73,12.4712,15.1446,3
25,317,3.28255,-1.07213,7
25,233,10.9284,11.5332,3
26,161,3.28255,-1.07213,7
26,265,11.4835,14.1014,3
26,233,10.9477,11.5247,3
26,297,3.28255,-1.07213,7
26,421,3.28255,-1.07213,7
26,177,12.975,16.0382,3
26,65,5.20951,2.85263,7
26,229,-8.72833,-1.05576,2
26,225,9.99404,12.9318,3
26,277,2.56875,-8.2898,7
26,29,-7.20082,1.7869,2
26,321,3.28255,-1.07213,7
26,21,11.9536,14.0498,3
26,73,12.2931,15.4263,3
26,381,3.28255,-1.07213,7
26,349,11.9536,14.0498,3
26,197,11.5232,13.3057,3
26,1,11.4223,13.7619,3
26,293,12.975,16.0382,3
26,317,3.28255,-1.07213,7
26,441,0.0258268,-22.5636,5
26,429,0.550348,-18.6907,5
26,261,3.28255,-1.07213,7
26,249,3.28255,-1.07213,7
26,201,12.975,16.0381,3
26,57,3.28255,-1.07213,7
26,393,12.975,16.0382,3
26,193,3.28255,-1.07213,7
26,329,-0.629468,-22.3962,5
26,273,12.7388,15.5702,3
26,285,3.28255,-1.07213,7
26,33,-49,-1,4
26,85,3.38798,-0.705722,7
26,61,3.93958,0.802926,7
26,25,3.28255,-1.07213,7
26,333,2.09312,17.5751,6
26,53,-2.85742,8.58231,1
26,309,-9.14467,-0.895701,2
26,245,-0.268676,-22.0395,5
26,141,-0.662618,-7.00146,7
26,365,-13.0313,-1.20638,2
26,325,2.67732,-0.711487,7
26,357,-6.90103,11.7833,1
26,337,12.975,16.0382,3
26,369,0.0953615,-21.0066,5
26,313,-6.90103,11.7833,1
26,5,-0.631237,-20.3213,5
26,257,3.28255,-1.07213,7
26,169,3.28255,-1.07213,7
26,401,3.28255,-1.07213,7
26,437,3.28255,-1.07213,7
26,269,0.68728,5.48075,7
26,341,-0.345387,-21.672,5
26,105,12.4125,14.985,3
26,153,2.09312,17.5751,6
26,425,3.28255,-1.07213,7
26,189,11.4514,13.0263,3
26,413,3.28255,-1.07213,7
26,301,12.8627,15.9135,3
26,305,3.28255,-1.07213,7
26,77,12.4765,15.3153,3
26,409,2.09312,17.5751,6
26,405,3.28255,-1.07213,7
26,149,3.28255,-1.07213,7
26,373,3.28255,-1.07213,7
26,89,3.72375,-0.179278,7
26,45,-2.4725,3.26534,7
26,181,3.28255,-1.07213,7
26,345,3.28255,-1.07213,7
26,385,5.47245,-15.5649,5
26,185,3.61152,-0.986364,7
26,129,-3.11953,9.60402,1
26,125,2.70775,-3.76081,7
26,121,3.28255,-1.07213,7
26,9,10.9306,12.6708,3
26,113,10.8218,12.9629,3
26,137,3.96524,-0.131963,7
26,221,-8.6357,-2.35444,2
26,41,1.19639,-15.8187,5
26,217,11.4508,13.3232,3
26,81,10.4291,11.9504,3
26,397,-12.7099,-1.25505,2
26,165,3.29376,-3.65643,7
26,241,-0.146659,-20.9649,5
26,49,12.4045,15.5622,3
26,37,10.4426,11.3629,3
26,205,12.4059,15.1132,3
26,133,12.975,16.0382,3
26,445,12.9272,15.9952,3
26,417,12.0129,15.1039,3
26,17,-1.43039,9.13834,1
26,101,12.975,16.0382,3
26,97,3.47016,-1.04731,7
26,237,3.28255,-1.07213,7
26,157,2.23306,-14.2317,5
26,117,15.7783,-12.6259,5
26,389,-13.0313,-1.20638,2
26,209,12.1042,14.9979,3
26,13,11.4455,13.709,3
26,69,11.2791,13.2091,3
26,353,3.28255,-1.07213,7
26,213,3.52285,-0.583767,7
26,253,3.28255,-1.07213,7
26,173,3.28255,-1.07213,7
26,109,3.77465,-0.201596,7
26,433,12.975,16.0382,3
26,361,-13.0313,-1.20638,2
26,289,3.41267,-0.184539,7
26,93,3.28255,-1.07213,7
26,145,10.8128,12.2661,3
26,281,9.83193,9.85238,3
26,377,-13.0313,-1.20638,2
27,1,10.7753,13.0536,3
27,357,-6.90103,11.7833,1
27,289,3.28255,-1.07213,7
27,37,10.0417,10.4505,3
27,393,12.975,16.0382,3
27,245,-0.353202,-22.0381,5
27,385,5.10201,-15.4039,5
27,293,12.975,16.0382,3
27,57,3.28255,-1.07213,7
27,161,3.28255,-1.07213,7
27,109,3.28255,-1.07213,7
27,41,1.19392,-15.8182,5
27,93,3.28255,-1.07213,7
27,225,11.2469,13.6025,3
27,173,3.28255,-1.07213,7
27,337,12.975,16.0382,3
27,241,-0.0709759,-20.9797,5
27,221,-8.29944,-1.23393,2
27,77,12.5129,15.2938,3
27,189,11.4111,13.0487,3
27,405,3.28255,-1.07213,7
27,417,12.1547,15.0094,3
27,353,3.28255,-1.07213,7
27,177,12.975,16.0382,3
27,333,2.09312,17.5751,6
27,249,3.28255,-1.07213,7
27,413,3.28255,-1.07213,7
27,401,3.28255,-1.07213,7
27,81,9.78815,11.2149,3
27,197,11.2469,13.6025,3
27,145,10.3067,11.4038,3
27,301,12.8811,15.9012,3
27,97,3.66022,-0.243487,7
27,181,3.28255,-1.07213,7
27,297,3.28255,-1.07213,7
27,365,-13.0313,-1.20638,2
27,165,3.10737,-1.52719,7
27,277,2.56875,-8.2898,7
27,217,11.4478,13.3249,3
27,305,3.28255,-1.07213,7
27,25,3.28255,-1.07213,7
27,341,-0.245804,-21.6884,5
27,33,-49,-1,4
27,313,-6.90103,11.7833,1
27,149,3.28255,-1.07213,7
27,213,3.54034,-0.593408,7
27,209,12.3918,15.3075,3
27,377,-13.0313,-1.20638,2
27,61,3.51939,-0.0901423,7
27,437,3.28255,-1.07213,7
27,105,12.3912,14.9973,3
27,29,-4.48091,1.67183,7
27,309,-9.46629,-0.366555,2
27,389,-13.0313,-1.20638,2
27,397,-12.7579,-1.12585,2
27,21,11.9258,14.0652,3
27,17,-1.35963,8.89596,1
27,445,12.9421,15.986,3
27,113,10.8733,12.3849,3
27,121,3.28255,-1.07213,7
27,153,2.09312,17.5751,6
27,137,3.36709,-0.931669,7
27,45,-1.71229,1.93298,7
27,233,10.6091,11.8373,3
27,129,-3.41402,9.4333,1
27,433,12.975,16.0382,3
27,49,12.4067,15.934,3
27,429,0.493093,-18.6809,5
27,201,12.975,16.0381,3
27,229,-8.72793,-1.08526,2
27,5,-0.413728,-20.346,5
27,325,2.57498,-1.28125,7
27,185,3.28255,-1.07213,7
27,321,3.28255,-1.07213,7
27,269,1.95154,2.77835,7
27,317,3.28255,-1.07213,7
27,89,3.28255,-1.07213,7
27,169,3.28255,-1.07213,7
27,69,11.9588,14.3989,3
27,125,3.28255,-1.07213,7
27,9,12.4958,15.2281,3
27,101,12.975,16.0382,3
27,345,3.28255,-1.07213,7
27,65,5.78049,3.67781,7
27,133,12.975,16.0382,3
27,349,12.8675,15.8288,3
27,13,10.7053,13.8727,3
27,281,9.77857,9.8822,3
27,361,-13.0313,-1.20638,2
27,381,3.28255,-1.07213,7
27,205,12.975,16.0382,3
27,265,11.1626,13.1436,3
27,373,3.28255,-1.07213,7
27,117,15.7783,-12.6259,5
27,409,2.09312,17.5751,6
27,369,0.0642367,-21.0003,5
27,193,3.28255,-1.07213,7
27,329,-0.2514,-22.5864,5
27,421,3.28255,-1.07213,7
27,53,-2.26584,8.63393,1
27,425,3.28255,-1.07213,7
27,253,3.28255,-1.07213,7
27,273,12.7148,15.5845,3
27,237,3.28255,-1.07213,7
27,257,3.28255,-1.07213,7
27,261,3.28255,-1.07213,7
27,285,3.28255,-1.07213,7
27,85,3.63475,-0.912446,7
27,73,12.4286,15.3373,3
27,157,2.16639,-14.215,5
27,141,0.92883,-4.46038,7
27,441,-0.160552,-22.5167,5
28,425,3.28255,-1.07213,7
28,137,3.28255,-1.07213,7
28,205,12.975,16.0382,3
28,305,3.28255,-1.07213,7
28,25,3.28255,-1.07213,7
28,157,1.99346,-14.1849,5
28,293,12.975,16.0382,3
28,249,3.28255,-1.07213,7
28,285,3.28255,-1.07213,7
28,437,3.28255,-1.07213,7
28,193,3.28255,-1.07213,7
28,97,3.28255,-1.07213,7
28,441,-0.239657,-22.5007,5
28,353,3.28255,-1.07213,7
28,49,12.6601,15.7402,3
28,213,3.28255,-1.07213,7
28,389,-13.0313,-1.20638,2
28,277,2.56875,-8.2898,7
28,421,3.28255,-1.07213,7
28,125,3.28255,-1.07213,7
28,377,-13.0313,-1.20638,2
28,345,3.28255,-1.07213,7
28,177,12.975,16.0382,3
28,337,12.975,16.0382,3
28,117,15.7783,-12.6259,5
28,309,-9.45336,-0.591253,2
28,381,3.28255,-1.07213,7
28,173,3.28255,-1.07213,7
28,225,11.3238,13.5562,3
28,357,-6.90103,11.7833,1
28,41,0.81502,-15.8278,5
28,261,3.28255,-1.07213,7
28,429,0.459993,-18.6751,5
28,109,3.76695,-0.197437,7
28,9,11.7813,14.6053,3
28,73,12.4904,15.2998,3
28,417,12.975,16.0381,3
28,361,-13.0313,-1.20638,2
28,341,-0.189419,-21.6986,5
28,161,3.28255,-1.07213,7
28,369,-0.467085,-21.1661,5
28,349,12.8606,15.8327,3
28,133,12.975,16.0382,3
28,317,3.28255,-1.07213,7
28,329,-0.287609,-22.5798,5
28,89,3.27029,-0.348851,7
28,153,2.09312,17.5751,6
28,217,12.3016,15.1,3
28,45,-0.163311,1.78347,7
28,29,-2.07657,2.37773,7
28,69,12.508,15.4983,3
28,321,3.28255,-1.07213,7
28,149,3.28255,-1.07213,7
28,145,11.3939,13.7459,3
28,181,3.28255,-1.07213,7
28,229,-8.932,-0.610328,2
28,409,2.09312,17.5751,6
28,373,3.28255,-1.07213,7
28,257,3.28255,-1.07213,7
28,445,12.9381,15.989,3
28,281,9.73561,9.90626,3
28,289,3.28255,-1.07213,7
28,101,12.975,16.0382,3
28,393,12.975,16.0382,3
28,141,2.01054,-2.04691,7
28,397,-12.7557,-1.18823,2
28,189,12.2996,14.8375,3
28,413,3.28255,-1.07213,7
28,405,3.28255,-1.07213,7
28,237,3.28255,-1.07213,7
28,433,12.975,16.0382,3
28,325,2.9358,-0.78638,7
28,1,10.1814,13.3634,3
28,301,12.8539,15.9343,3
28,233,11.5101,13.6165,3
28,13,10.0823,13.4132,3
28,81,11.3939,13.7459,3
28,365,-13.0313,-1.20638,2
28,221,-7.51138,-0.691818,2
28,61,3.9343,0.800033,7
28,5,-0.267375,-20.3649,5
28,165,3.28255,-1.07213,7
28,297,3.28255,-1.07213,7
28,185,3.45243,-1.03627,7
28,273,12.7164,15.5835,3
28,169,3.28255,-1.07213,7
28,333,2.09312,17.5751,6
28,121,3.28255,-1.07213,7
28,93,3.28255,-1.07213,7
28,77,12.5308,15.4727,3
28,313,-6.90103,11.7833,1
28,17,-1.43584,7.63516,1
28,37,9.49617,9.61586,3
28,241,-0.053347,-20.9827,5
28,21,11.9076,14.0753,3
28,385,4.45491,-15.2653,5
28,85,3.28255,-1.07213,7
28,33,-49,-1,4
28,245,-0.283638,-22.0487,5
28,197,12.4141,15.2262,3
28,53,-1.52902,8.84384,1
28,57,3.28255,-1.07213,7
28,269,2.89642,1.55595,7
28,265,10.7845,12.2189,3
28,253,3.28255,-1.07213,7
28,201,12.975,16.0381,3
28,209,12.1806,14.9784,3
28,105,12.7949,15.7591,3
28,113,11.8615,14.0567,3
28,65,5.33545,2.78104,7
28,401,3.28255,-1.07213,7
28,129,-3.06628,8.42231,1
29,165,3.28255,-1.07213,7
29,89,3.79235,0.511547,7
29,377,-13.0313,-1.20638,2
29,209,12.1986,15.6248,3
29,261,3.28255,-1.07213,7
29,93,3.28255,-1.07213,7
29,217,12.3776,15.058,3
29,269,3.46806,-0.156862,7
29,61,3.63501,-0.164004,7
29,293,12.975,16.0382,3
29,17,-2.42117,8.11514,1
29,149,3.28255,-1.07213,7
29,173,3.28255,-1.07213,7
29,313,-6.90103,11.7833,1
29,137,3.28255,-1.07213,7
29,53,-1.46959,8.88199,1
29,445,12.928,16.0027,3
29,389,-13.0313,-1.20638,2
29,325,3.28255,-1.07213,7
29,397,-12.7555,-1.20091,2
29,249,3.28255,-1.07213,7
29,285,3.28255,-1.07213,7
29,201,12.975,16.0382,3
29,353,3.28255,-1.07213,7
29,321,3.28255,-1.07213,7
29,73,12.5182,15.2837,3
29,237,3.28255,-1.07213,7
29,21,12.8631,15.8323,3
29,145,10.8867,12.8879,3
29,5,-0.35446,-22.3618,5
29,349,12.8594,15.8334,3
29,329,-0.551855,-22.679,5
29,37,9.7551,10.5934,3
29,409,2.09312,17.5751,6
29,337,12.975,16.0382,3
29,77,12.5867,15.439,3
29,385,3.31733,-16.9035,5
29,1,9.56746,12.7444,3
29,417,12.975,16.0382,3
29,185,3.28255,-1.07213,7
29,113,11.4815,13.142,3
29,369,-0.298279,-21.191,5
29,317,3.28255,-1.07213,7
29,189,12.975,16.0382,3
29,413,3.28255,-1.07213,7
29,193,3.28255,-1.07213,7
29,421,3.28255,-1.07213,7
29,33,-49,-1,4
29,281,9.68416,9.93601,3
29,381,3.28255,-1.07213,7
29,213,3.28255,-1.07213,7
29,225,11.3782,13.524,3
29,49,12.975,16.0382,3
29,101,12.975,16.0382,3
29,129,-2.27462,8.49946,1
29,133,12.975,16.0382,3
29,41,0.752681,-15.8199,5
29,425,3.28255,-1.07213,7
29,333,2.09312,17.5751,6
29,305,3.28255,-1.07213,7
29,45,0.885758,0.060821,7
29,301,12.975,16.0382,3
29,253,3.28255,-1.07213,7
29,85,3.28255,-1.07213,7
29,277,2.56875,-8.2898,7
29,297,3.28255,-1.07213,7
29,9,11.3193,13.7284,3
29,373,3.28255,-1.07213,7
29,109,4.26542,0.669489,7
29,309,-9.76066,-0.136427,2
29,57,3.28255,-1.07213,7
29,125,3.10492,-0.954273,7
29,161,3.28255,-1.07213,7
29,233,11.5315,13.6042,3
29,273,12.6495,15.644,3
29,221,-6.71205,-0.321525,2
29,169,3.28255,-1.07213,7
29,65,5.78172,3.67299,7
29,245,-0.259251,-22.0524,5
29,241,-0.0547867,-20.9825,5
29,29,0.0476464,2.928,7
29,197,12.4344,15.2132,3
29,441,-0.272792,-22.4947,5
29,357,-6.90103,11.7833,1
29,69,11.8352,15.0397,3
29,97,3.60685,-0.259463,7
29,437,3.28255,-1.07213,7
29,121,3.28255,-1.07213,7
29,401,3.28255,-1.07213,7
29,341,-0.190941,-21.6984,5
29,229,-8.92677,-0.756954,2
29,257,3.28255,-1.07213,7
29,181,3.28255,-1.07213,7
29,157,1.87482,-14.1624,5
29,433,12.975,16.0382,3
29,345,3.28255,-1.07213,7
29,153,2.09312,17.5751,6
29,289,3.28255,-1.07213,7
29,205,12.975,16.0382,3
29,265,10.0826,11.6513,3
29,105,12.975,16.0382,3
29,13,11.0401,13.92,3
29,25,3.28255,-1.07213,7
29,117,15.7783,-12.6259,5
29,365,-13.0313,-1.20638,2
29,177,12.975,16.0382,3
29,81,10.9657,12.8382,3
29,141,3.28255,-1.07213,7
29,361,-13.0313,-1.20638,2
29,429,0.447812,-18.6728,5
29,405,3.28255,-1.07213,7
29,393,12.975,16.0382,3
30,397,-12.7555,-1.20298,2
30,73,12.3949,15.4242,3
30,1,10.1967,13.5336,3
30,313,-6.90103,11.7833,1
30,65,4.56184,0.966228,7
30,393,12.975,16.0382,3
30,405,3.28255,-1.07213,7
30,237,3.28255,-1.07213,7
30,9,12.7358,15.0385,3
30,121,3.28255,-1.07213,7
30,13,10.4774,13.151,3
30,25,3.28255,-1.07213,7
30,321,3.28255,-1.07213,7
30,69,11.4507,14.0973,3
30,385,2.30121,-17.0311,5
30,333,2.09312,17.5751,6
30,49,12.975,16.0382,3
30,229,-8.92368,-0.865471,2
30,173,3.28255,-1.07213,7
30,445,12.9766,16.0064,3
30,81,11.2853,13.741,3
30,37,10.2046,11.4494,3
30,293,12.975,16.0382,3
30,209,12.7364,15.823,3
30,341,-0.180109,-21.7001,5
30,33,-49,-1,4
30,149,3.28255,-1.07213,7
30,421,3.28255,-1.07213,7
30,345,3.28255,-1.07213,7
30,185,3.28255,-1.07213,7
30,109,4.74776,1.5454,7
30,257,3.28255,-1.07213,7
30,281,9.83235,9.87487,3
30,261,3.28255,-1.07213,7
30,353,3.28255,-1.07213,7
30,117,15.7783,-12.6259,5
30,305,3.28255,-1.07213,7
30,337,12.975,16.0382,3
30,377,-13.0313,-1.20638,2
30,373,3.28255,-1.07213,7
30,129,-2.79361,8.41455,1
30,93,3.28255,-1.07213,7
30,369,-0.18134,-21.212,5
30,157,1.38064,-16.1004,5
30,105,12.975,16.0382,3
30,113,11.0039,12.2656,3
30,89,3.28255,-1.07213,7
30,45,2.20932,-0.230346,7
30,21,12.8591,15.8346,3
30,141,3.28255,-1.07213,7
30,193,3.28255,-1.07213,7
30,165,3.70754,-0.173746,7
30,433,12.975,16.0382,3
30,413,3.28255,-1.07213,7
30,85,3.18158,-0.564487,7
30,5,-0.315356,-22.3674,5
30,441,-0.395184,-23.0431,5
30,133,12.975,16.0382,3
30,329,-0.40736,-22.6939,5
30,389,-13.0313,-1.20638,2
30,409,2.09312,17.5751,6
30,181,3.28255,-1.07213,7
30,225,11.338,13.5519,3
30,401,3.28255,-1.07213,7
30,221,-4.33311,0.338617,7
30,61,4.1774,0.679056,7
30,273,12.7227,15.6053,3
30,41,0.763914,-15.8218,5
30,277,2.56875,-8.2898,7
30,233,11.4639,13.651,3
30,317,3.28255,-1.07213,7
30,213,3.28255,-1.07213,7
30,269,3.24951,-0.515851,7
30,309,-9.73694,-0.435756,2
30,153,2.09312,17.5751,6
30,77,12.609,15.426,3
30,361,-13.0313,-1.20638,2
30,217,12.7358,15.0385,3
30,425,3.28255,-1.07213,7
30,301,12.975,16.0382,3
30,189,12.975,16.0382,3
30,297,3.28255,-1.07213,7
30,17,-1.84085,8.13501,1
30,349,12.8591,15.8335,3
30,381,3.28255,-1.07213,7
30,265,9.90388,10.6375,3
30,29,1.75501,3.42301,7
30,357,-6.90103,11.7833,1
30,245,-0.23393,-22.0567,5
30,137,3.28255,-1.07213,7
30,97,3.28255,-1.07213,7
30,285,3.28255,-1.07213,7
30,169,3.28255,-1.07213,7
30,249,3.28255,-1.07213,7
30,241,-0.0514087,-20.983,5
30,253,3.28255,-1.07213,7
30,57,3.28255,-1.07213,7
30,201,12.975,16.0381,3
30,125,3.28255,-1.07213,7
30,365,-13.0313,-1.20638,2
30,429,1.0359,-19.2455,5
30,101,12.975,16.0382,3
30,53,-1.31121,8.86684,1
30,437,3.28255,-1.07213,7
30,205,12.975,16.0382,3
30,289,3.28255,-1.07213,7
30,197,12.464,15.196,3
30,417,12.975,16.0382,3
30,145,11.4842,13.6959,3
30,161,3.28255,-1.07213,7
30,177,12.975,16.0382,3
30,325,3.19209,-0.702586,7
31,285,3.28255,-1.07213,7
31,397,-12.9082,-1.32878,2
31,381,3.28255,-1.07213,7
31,261,3.28255,-1.07213,7
31,109,4.26143,0.671614,7
31,217,12.6013,15.1044,3
31,365,-13.0313,-1.20638,2
31,117,15.7783,-12.6259,5
31,97,3.76259,-0.195879,7
31,441,-0.390042,-23.0439,5
31,177,12.975,16.0382,3
31,61,3.25793,0.506794,7
31,157,1.42547,-16.1131,5
31,301,12.975,16.0382,3
31,409,2.09312,17.5751,6
31,289,3.53317,-0.178729,7
31,277,2.47238,-8.27416,7
31,433,12.975,16.0382,3
31,25,3.28255,-1.07213,7
31,21,12.8464,15.8431,3
31,305,3.28255,-1.07213,7
31,145,12.046,14.5255,3
31,349,12.8468,15.8416,3
31,133,12.975,16.0382,3
31,357,-6.90103,11.7833,1
31,205,12.975,16.0382,3
31,161,3.28255,-1.07213,7
31,345,3.28255,-1.07213,7
31,81,10.881,12.819,3
31,405,3.28255,-1.07213,7
31,293,12.975,16.0382,3
31,321,3.28255,-1.07213,7
31,413,3.28255,-1.07213,7
31,165,3.28255,-1.07213,7
31,361,-13.0313,-1.20638,2
31,197,12.4776,15.1882,3
31,149,3.28255,-1.07213,7
31,237,3.28255,-1.07213,7
31,445,12.975,16.0382,3
31,93,3.73691,-0.183389,7
31,373,3.28255,-1.07213,7
31,417,12.975,16.0382,3
31,333,2.09312,17.5751,6
31,229,-8.92456,-0.98681,2
31,297,3.28255,-1.07213,7
31,65,4.19366,0.0884401,7
31,245,-0.229319,-22.0575,5
31,193,3.28255,-1.07213,7
31,189,12.975,16.0382,3
31,257,3.28255,-1.07213,7
31,437,3.28255,-1.07213,7
31,17,-0.890049,9.16763,1
31,281,9.74003,9.93033,3
31,421,3.28255,-1.07213,7
31,57,3.28255,-1.07213,7
31,125,3.28255,-1.07213,7
31,269,3.28255,-1.07213,7
31,33,-49,-1,4
31,53,-0.867999,8.8727,1
31,9,11.9188,14.6132,3
31,341,-0.164317,-21.7029,5
31,353,3.28255,-1.07213,7
31,5,-0.288763,-22.3718,5
31,89,3.76777,-0.197784,7
31,425,3.28255,-1.07213,7
31,69,11.9079,14.6081,3
31,221,-1.96956,0.61513,7
31,77,12.6178,15.421,3
31,1,9.64594,12.829,3
31,377,-13.0313,-1.20638,2
31,389,-13.0313,-1.20638,2
31,37,10.7303,12.4269,3
31,241,-0.0491702,-20.9834,5
31,329,-0.357976,-22.7011,5
31,265,10.2068,11.5749,3
31,273,12.6788,15.64,3
31,121,3.28255,-1.07213,7
31,101,12.975,16.0382,3
31,181,3.28255,-1.07213,7
31,169,3.28255,-1.07213,7
31,137,3.76468,-0.198019,7
31,185,3.4703,-1.03565,7
31,429,0.281723,-21.0923,5
31,233,11.8779,14.5465,3
31,337,12.975,16.0382,3
31,153,2.09312,17.5751,6
31,13,10.376,12.1181,3
31,41,1.46549,-16.9343,5
31,209,12.975,16.0382,3
31,369,-0.152647,-21.2163,5
31,325,3.28255,-1.07213,7
31,173,3.28255,-1.07213,7
31,317,3.28255,-1.07213,7
31,85,3.48065,-0.395746,7
31,45,3.1056,-0.853211,7
31,225,11.3558,13.5407,3
31,309,-9.86852,-0.172554,2
31,213,3.28255,-1.07213,7
31,249,3.28255,-1.07213,7
31,105,12.975,16.0382,3
31,29,3.1069,3.92886,7
31,129,-2.09768,8.68943,1
31,313,-6.90103,11.7833,1
31,201,12.975,16.0381,3
31,385,1.82621,-16.9818,5
31,49,12.975,16.0382,3
31,393,12.975,16.0382,3
31,253,3.28255,-1.07213,7
31,141,3.77214,-0.200201,7
31,73,12.975,16.0382,3
31,401,3.28255,-1.07213,7
31,113,10.462,11.4238,3
32,61,3.39831,-0.449479,7
32,93,3.28255,-1.07213,7
32,225,11.3991,13.5151,3
32,421,3.28255,-1.07213,7
32,433,12.975,16.0382,3
32,333,2.09312,17.5751,6
32,209,12.975,16.0382,3
32,257,3.28255,-1.07213,7
32,401,3.28255,-1.07213,7
32,261,3.28255,-1.07213,7
32,201,12.975,16.0381,3
32,33,-49,-1,4
32,85,3.28255,-1.07213,7
32,133,12.975,16.0382,3
32,381,3.28255,-1.07213,7
32,117,15.7783,-12.6259,5
32,293,12.975,16.0382,3
32,417,12.975,16.0382,3
32,57,3.28255,-1.07213,7
32,365,-13.0313,-1.20638,2
32,113,10.5852,12.5427,3
32,241,-0.0476868,-20.9836,5
32,69,11.8998,14.3798,3
32,313,-6.90103,11.7833,1
32,297,3.28255,-1.07213,7
32,369,-0.135552,-21.2189,5
32,1,9.53214,11.754,3
32,213,3.28255,-1.07213,7
32,361,-13.0313,-1.20638,2
32,189,12.975,16.0382,3
32,305,3.28255,-1.07213,7
32,137,3.83243,0.731925,7
32,245,-0.273096,-22.053,5
32,157,1.31239,-16.0925,5
32,265,10.7335,12.4249,3
32,125,3.28255,-1.07213,7
32,153,2.09312,17.5751,6
32,441,-0.386699,-23.0446,5
32,281,9.70677,9.94901,3
32,385,1.62994,-16.9392,5
32,169,3.28255,-1.07213,7
32,77,12.6246,15.4172,3
32,405,3.28255,-1.07213,7
32,233,11.9324,14.5118,3
32,341,-0.157516,-21.7041,5
32,397,-12.9842,-1.18601,2
32,221,-0.0389848,0.139531,7
32,413,3.28255,-1.07213,7
32,185,3.61492,-1.0024,7
32,301,12.975,16.0382,3
32,289,3.28255,-1.07213,7
32,141,4.16388,0.713183,7
32,37,11.2598,13.2753,3
32,21,12.8591,15.8359,3
32,345,3.28255,-1.07213,7
32,389,-13.0313,-1.20638,2
32,269,3.28255,-1.07213,7
32,89,3.28255,-1.07213,7
32,409,2.09312,17.5751,6
32,273,12.7003,15.626,3
32,165,3.28255,-1.07213,7
32,373,3.28255,-1.07213,7
32,237,3.28255,-1.07213,7
32,377,-13.0313,-1.20638,2
32,25,3.28255,-1.07213,7
32,97,3.39831,-0.449479,7
32,349,12.8502,15.8395,3
32,393,12.975,16.0382,3
32,325,3.28255,-1.07213,7
32,317,3.28255,-1.07213,7
32,429,-0.342034,-22.9923,5
32,329,-0.34112,-22.7038,5
32,109,4.73043,1.5545,7
32,217,12.538,15.138,3
32,437,3.28255,-1.07213,7
32,337,12.975,16.0382,3
32,173,3.28255,-1.07213,7
32,229,-9.69578,-0.274478,2
32,17,-0.481696,9.05678,1
32,65,4.57952,1.01797,7
32,321,3.28255,-1.07213,7
32,9,12.4589,15.1161,3
32,105,12.975,16.0382,3
32,129,-1.14203,9.61899,1
32,445,12.975,16.0382,3
32,13,9.95393,11.2078,3
32,425,3.28255,-1.07213,7
32,5,-0.282284,-22.3729,5
32,197,12.975,16.0382,3
32,309,-9.93952,-0.0245411,2
32,45,3.09125,-0.623294,7
32,193,3.28255,-1.07213,7
32,357,-6.90103,11.7833,1
32,249,3.28255,-1.07213,7
32,149,3.28255,-1.07213,7
32,353,3.28255,-1.07213,7
32,285,3.28255,-1.07213,7
32,81,10.4534,11.9119,3
32,181,3.28255,-1.07213,7
32,73,12.975,16.0382,3
32,41,1.30026,-16.904,5
32,161,3.28255,-1.07213,7
32,253,3.28255,-1.07213,7
32,121,3.28255,-1.07213,7
32,29,3.63727,2.70404,7
32,49,12.975,16.0382,3
32,205,12.975,16.0382,3
32,145,12.1403,15.5544,3
32,277,2.47238,-8.27416,7
32,101,12.975,16.0382,3
32,53,-0.564952,8.60088,1
32,177,12.975,16.0382,3
33,85,3.38835,-0.257101,7
33,357,-6.90103,11.7833,1
33,189,12.975,16.0382,3
33,413,3.28255,-1.07213,7
33,173,3.28255,-1.07213,7
33,333,2.09312,17.5751,6
33,297,3.28255,-1.07213,7
33,329,-0.330402,-22.7057,5
33,241,-0.144598,-20.9765,5
33,25,3.28255,-1.07213,7
33,13,9.51589,10.3066,3
33,253,3.28255,-1.07213,7
33,301,12.975,16.0382,3
33,425,3.28255,-1.07213,7
33,137,4.47412,1.51867,7
33,305,3.28255,-1.07213,7
33,145,12.74,15.9983,3
33,321,3.28255,-1.07213,7
33,133,12.975,16.0382,3
33,361,-13.0313,-1.20638,2
33,229,-10.2987,-1.19604,2
33,161,3.28255,-1.07213,7
33,385,0.976931,-18.8288,5
33,437,3.28255,-1.07213,7
33,129,-0.632544,9.41036,1
33,249,3.28255,-1.07213,7
33,65,3.28255,-1.07213,7
33,197,12.975,16.0382,3
33,5,-0.279368,-22.3734,5
33,285,3.28255,-1.07213,7
33,113,11.2177,13.3306,3
33,221,2.09187,-0.940334,7
33,369,-0.119587,-21.2214,5
33,293,12.975,16.0382,3
33,89,3.28255,-1.07213,7
33,281,9.29326,10.8731,3
33,257,3.28255,-1.07213,7
33,349,12.8578,15.8352,3
33,97,3.9615,0.384228,7
33,405,3.28255,-1.07213,7
33,125,3.28255,-1.07213,7
33,9,11.7723,15.0984,3
33,93,3.77768,-0.206713,7
33,121,3.28255,-1.07213,7
33,81,9.96988,11.0371,3
33,41,1.18036,-16.8815,5
33,441,-0.473714,-23.0723,5
33,169,3.28255,-1.07213,7
33,205,12.975,16.0382,3
33,409,2.09312,17.5751,6
33,341,-0.16059,-21.7036,5
33,417,12.975,16.0382,3
33,49,12.975,16.0382,3
33,373,3.28255,-1.07213,7
33,217,12.975,16.0382,3
33,157,0.826166,-18.0324,5
33,401,3.28255,-1.07213,7
33,45,3.76575,-0.196795,7
33,429,-0.369961,-22.9871,5
33,37,11.808,14.113,3
33,153,2.09312,17.5751,6
33,273,12.7213,15.6138,3
33,33,-49,-1,4
33,185,3.28255,-1.07213,7
33,365,-13.0313,-1.20638,2
33,445,12.975,16.0382,3
33,237,3.28255,-1.07213,7
33,345,3.28255,-1.07213,7
33,309,-10.0197,0.12238,2
33,105,12.975,16.0382,3
33,165,3.76575,-0.196795,7
33,389,-13.0313,-1.20638,2
33,117,15.7783,-12.6259,5
33,57,3.28255,-1.07213,7
33,77,12.6199,15.4199,3
33,393,12.975,16.0382,3
33,21,12.8598,15.8356,3
33,209,12.4042,15.2175,3
33,265,11.2868,13.259,3
33,177,12.975,16.0382,3
33,261,3.28255,-1.07213,7
33,277,2.38754,-8.25987,7
33,29,4.5172,3.37867,7
33,181,3.28255,-1.07213,7
33,325,3.28255,-1.07213,7
33,109,4.24608,0.679667,7
33,193,3.28255,-1.07213,7
33,213,3.28255,-1.07213,7
33,313,-6.90103,11.7833,1
33,61,3.68258,-0.203137,7
33,233,11.984,14.4811,3
33,53,1.40004,10.2145,6
33,433,12.975,16.0382,3
33,69,11.4416,13.4897,3
33,381,3.28255,-1.07213,7
33,1,9.21591,10.7806,3
33,317,3.28255,-1.07213,7
33,337,12.975,16.0382,3
33,269,3.77737,-0.203149,7
33,201,12.975,16.0381,3
33,73,12.975,16.0382,3
33,421,3.28255,-1.07213,7
33,225,11.4318,13.4961,3
33,377,-13.0313,-1.20638,2
33,149,3.28255,-1.07213,7
33,101,12.975,16.0382,3
33,17,-0.208209,8.00564,1
33,397,-12.983,-1.20268,2
33,289,3.28255,-1.07213,7
33,245,-0.249945,-22.0566,5
33,141,3.28255,-1.07213,7
33,353,3.28255,-1.07213,7
34,125,3.81337,-0.277716,7
34,285,3.28255,-1.07213,7
34,365,-13.0313,-1.20638,2
34,253,3.28255,-1.07213,7
34,409,2.09312,17.5751,6
34,65,3.28255,-1.07213,7
34,129,-0.725625,8.07864,1
34,249,3.28255,-1.07213,7
34,201,12.975,16.0381,3
34,77,12.5818,15.4465,3
34,141,3.28255,-1.07213,7
34,9,11.0776,14.6905,3
34,189,12.975,16.0382,3
34,169,3.28255,-1.07213,7
34,377,-13.0313,-1.20638,2
34,373,3.28255,-1.07213,7
34,173,3.28255,-1.07213,7
34,269,3.28255,-1.07213,7
34,21,12.975,16.0382,3
34,265,10.8996,12.3378,3
34,293,12.975,16.0382,3
34,445,12.975,16.0382,3
34,273,12.975,16.0382,3
34,1,9.62155,11.7969,3
34,341,-0.162379,-21.7033,5
34,45,3.28279,-1.07166,7
34,213,3.28255,-1.07213,7
34,389,-13.0313,-1.20638,2
34,121,3.28255,-1.07213,7
34,325,3.28255,-1.07213,7
34,289,3.28255,-1.07213,7
34,337,12.975,16.0382,3
34,309,-9.9761,-0.0208036,2
34,113,10.7736,12.4323,3
34,357,-6.90103,11.7833,1
34,385,0.141494,-20.5852,5
34,33,-49,-1,4
34,61,3.73497,0.728213,7
34,333,2.09312,17.5751,6
34,109,3.68,-0.112412,7
34,29,4.43079,2.31599,7
34,245,-0.187605,-22.0712,5
34,417,12.975,16.0382,3
34,305,3.28255,-1.07213,7
34,205,12.975,16.0382,3
34,405,3.28255,-1.07213,7
34,177,12.975,16.0382,3
34,413,3.28255,-1.07213,7
34,437,3.28255,-1.07213,7
34,209,12.491,14.5216,3
34,401,3.28255,-1.07213,7
34,257,3.28255,-1.07213,7
34,393,12.975,16.0382,3
34,133,12.975,16.0382,3
34,361,-13.0313,-1.20638,2
34,37,12.1936,14.7952,3
34,197,12.975,16.0382,3
34,105,12.975,16.0382,3
34,237,3.28255,-1.07213,7
34,153,2.09312,17.5751,6
34,161,3.28255,-1.07213,7
34,281,9.40716,10.806,3
34,185,3.28255,-1.07213,7
34,85,4.07035,0.490646,7
34,397,-12.9944,-1.18418,2
34,297,3.28255,-1.07213,7
34,217,12.975,16.0382,3
34,5,-0.278055,-22.3736,5
34,165,3.28255,-1.07213,7
34,369,-0.121716,-21.2211,5
34,49,12.975,16.0382,3
34,97,3.38519,-0.0013999,7
34,17,1.63125,9.91435,6
34,117,15.7783,-12.6259,5
34,69,11.6938,13.9297,3
34,193,3.28255,-1.07213,7
34,149,3.28255,-1.07213,7
34,233,11.9535,14.5022,3
34,145,12.3592,15.0713,3
34,137,4.98501,2.37839,7
34,13,8.84581,9.60412,3
34,261,3.28255,-1.07213,7
34,241,-0.103012,-20.9833,5
34,225,12.4556,15.2135,3
34,93,3.28255,-1.07213,7
34,433,12.975,16.0382,3
34,421,3.28255,-1.07213,7
34,441,-0.402134,-23.0842,5
34,81,9.09389,10.9626,3
34,429,-0.377302,-22.9858,5
34,221,3.28255,-1.07213,7
34,329,-0.331711,-22.7055,5
34,53,0.925381,9.61081,6
34,73,12.975,16.0382,3
34,89,3.28255,-1.07213,7
34,157,0.781405,-18.0231,5
34,101,12.975,16.0382,3
34,277,2.38754,-8.25987,7
34,425,3.28255,-1.07213,7
34,353,3.28255,-1.07213,7
34,345,3.28255,-1.07213,7
34,181,3.28255,-1.07213,7
34,41,1.20082,-16.887,5
34,229,-10.2987,-1.19213,2
34,317,3.28255,-1.07213,7
34,321,3.28255,-1.07213,7
34,57,3.28255,-1.07213,7
34,301,12.975,16.0382,3
34,25,3.28255,-1.07213,7
34,313,-6.90103,11.7833,1
34,381,3.28255,-1.07213,7
34,349,12.9477,15.9979,3
35,353,3.28255,-1.07213,7
35,9,12.069,15.1788,3
35,397,-12.9946,-1.18396,2
35,85,4.43424,-0.0284032,7
35,325,3.36512,-0.887767,7
35,89,3.28255,-1.07213,7
35,393,12.975,16.0382,3
35,129,0.501784,5.34173,7
35,13,10.3624,12.1874,3
35,265,11.3527,13.2301,3
35,369,-0.416058,-23.1993,5
35,285,3.28255,-1.07213,7
35,29,5.06884,3.11,7
35,193,3.28255,-1.07213,7
35,389,-13.0313,-1.20638,2
35,73,12.975,16.0382,3
35,33,-49,-1,4
35,121,3.28255,-1.07213,7
35,373,3.28255,-1.07213,7
35,209,12.6888,15.6991,3
35,21,12.975,16.0382,3
35,149,3.28255,-1.07213,7
35,77,12.6083,15.4311,3
35,69,11.7763,14.7595,3
35,25,3.28255,-1.07213,7
35,117,15.7783,-12.6259,5
35,65,3.27331,-1.05753,7
35,1,10.3875,12.5129,3
35,197,12.975,16.0382,3
35,437,3.28255,-1.07213,7
35,201,12.975,16.0381,3
35,337,12.975,16.0382,3
35,109,3.93689,0.80865,7
35,365,-13.0313,-1.20638,2
35,333,2.09312,17.5751,6
35,269,3.28255,-1.07213,7
35,185,3.28255,-1.07213,7
35,113,10.3089,11.5461,3
35,225,12.3357,15.3459,3
35,125,3.28255,-1.07213,7
35,61,3.27225,-0.1885,7
35,181,3.28255,-1.07213,7
35,349,12.9511,15.9959,3
35,361,-13.0313,-1.20638,2
35,257,3.28255,-1.07213,7
35,169,3.28255,-1.07213,7
35,177,12.975,16.0382,3
35,101,12.975,16.0382,3
35,241,-0.0810894,-20.9869,5
35,289,3.28255,-1.07213,7
35,341,-0.150185,-21.7055,5
35,413,3.28255,-1.07213,7
35,221,3.75845,-0.192757,7
35,261,3.28255,-1.07213,7
35,377,-13.0313,-1.20638,2
35,405,3.28255,-1.07213,7
35,233,11.8462,15.3307,3
35,41,1.0993,-16.8682,5
35,5,-0.275524,-22.374,5
35,133,12.975,16.0382,3
35,37,11.7267,13.9103,3
35,445,12.975,16.0382,3
35,253,3.28255,-1.07213,7
35,417,12.975,16.0382,3
35,441,-0.396753,-23.0851,5
35,57,3.28255,-1.07213,7
35,425,3.28255,-1.07213,7
35,277,2.60054,-6.27181,7
35,429,-0.381357,-22.9852,5
35,401,3.28255,-1.07213,7
35,93,3.28255,-1.07213,7
35,153,2.09312,17.5751,6
35,317,3.28255,-1.07213,7
35,305,3.28255,-1.07213,7
35,381,3.28255,-1.07213,7
35,189,12.975,16.0382,3
35,409,2.09312,17.5751,6
35,213,3.28255,-1.07213,7
35,173,3.28255,-1.07213,7
35,97,3.29023,-1.048,7
35,281,10.5403,12.454,3
35,161,3.28255,-1.07213,7
35,245,-0.205656,-22.068,5
35,165,3.44262,-0.194222,7
35,385,0.106053,-20.5789,5
35,141,3.27894,-1.06639,7
35,321,3.28255,-1.07213,7
35,49,12.975,16.0382,3
35,45,3.28255,-1.07213,7
35,433,12.975,16.0382,3
35,229,-10.4629,-0.785329,2
35,53,2.04912,10.1169,6
35,421,3.28255,-1.07213,7
35,301,12.975,16.0382,3
35,313,-6.90103,11.7833,1
35,297,3.28255,-1.07213,7
35,345,3.28255,-1.07213,7
35,205,12.975,16.0382,3
35,273,12.975,16.0382,3
35,249,3.28255,-1.07213,7
35,293,12.975,16.0382,3
35,17,3.27716,11.6616,6
35,137,4.40717,1.51358,7
35,217,12.975,16.0382,3
35,357,-6.90103,11.7833,1
35,105,12.975,16.0382,3
35,81,10.9512,13.2958,3
35,309,-10.0501,0.1162,2
35,329,-0.327999,-22.7061,5
35,157,0.714092,-18.0109,5
35,145,11.8387,14.2175,3
35,237,3.28255,-1.07213,7
36,233,11.8493,15.7843,3
36,117,15.7783,-12.6259,5
36,189,12.975,16.0382,3
36,265,10.8653,12.3569,3
36,293,12.975,16.0382,3
36,245,-0.199925,-22.0691,5
36,333,2.09312,17.5751,6
36,313,-6.90103,11.7833,1
36,49,12.975,16.0382,3
36,389,-13.0313,-1.20638,2
36,413,3.28255,-1.07213,7
36,397,-12.9969,-1.18079,2
36,105,12.975,16.0382,3
36,297,3.28255,-1.07213,7
36,321,3.28255,-1.07213,7
36,249,3.28255,-1.07213,7
36,17,2.43226,11.0515,6
36,349,12.951,15.996,3
36,257,3.28255,-1.07213,7
36,153,2.09312,17.5751,6
36,417,12.975,16.0382,3
36,281,10.6132,12.4108,3
36,1,10.0358,11.5698,3
36,373,3.28255,-1.07213,7
36,25,3.28255,-1.07213,7
36,149,3.28255,-1.07213,7
36,381,3.28255,-1.07213,7
36,253,3.28255,-1.07213,7
36,377,-13.0313,-1.20638,2
36,113,9.79419,10.6899,3
36,177,12.975,16.0382,3
36,29,4.75657,2.1454,7
36,205,12.975,16.0382,3
36,421,3.28255,-1.07213,7
36,217,12.975,16.0382,3
36,157,0.0725777,-18.1673,5
36,21,12.975,16.0382,3
36,129,0.703025,3.31841,7
36,285,3.28255,-1.07213,7
36,125,3.28255,-1.07213,7
36,65,3.28255,-1.07213,7
36,101,12.975,16.0382,3
36,353,3.28255,-1.07213,7
36,361,-13.0313,-1.20638,2
36,81,10.5339,12.3803,3
36,269,3.73579,-0.183411,7
36,273,12.975,16.0382,3
36,181,3.28255,-1.07213,7
36,261,3.28255,-1.07213,7
36,425,3.28255,-1.07213,7
36,309,-10.1231,0.239723,2
36,317,3.28255,-1.07213,7
36,369,-0.416631,-23.1992,5
36,89,3.28255,-1.07213,7
36,41,1.01664,-16.8532,5
36,137,4.74735,2.42942,7
36,77,12.5852,15.4468,3
36,441,-0.395996,-23.0852,5
36,173,3.28255,-1.07213,7
36,61,3.92941,0.600404,7
36,13,11.9794,14.7079,3
36,45,3.28255,-1.07213,7
36,301,12.975,16.0382,3
36,305,3.28255,-1.07213,7
36,161,3.28255,-1.07213,7
36,345,3.28255,-1.07213,7
36,393,12.975,16.0382,3
36,93,3.28255,-1.07213,7
36,37,11.976,14.8019,3
36,409,2.09312,17.5751,6
36,225,12.4349,15.2834,3
36,241,-0.0692882,-20.9888,5
36,73,12.975,16.0382,3
36,385,0.0513679,-20.5707,5
36,197,12.975,16.0382,3
36,121,3.28255,-1.07213,7
36,185,3.43748,-1.03876,7
36,365,-13.0313,-1.20638,2
36,193,3.28255,-1.07213,7
36,9,12.8472,15.846,3
36,57,3.28255,-1.07213,7
36,145,11.3633,13.3373,3
36,229,-10.4569,-0.917648,2
36,329,-0.330897,-22.7056,5
36,289,3.19178,-0.958587,7
36,357,-6.90103,11.7833,1
36,85,3.28255,-1.07213,7
36,237,3.28255,-1.07213,7
36,209,12.623,15.382,3
36,429,-0.379648,-22.9855,5
36,33,-49,-1,4
36,221,3.28255,-1.07213,7
36,141,3.76217,-0.190987,7
36,53,2.88807,10.6536,6
36,325,3.28255,-1.07213,7
36,97,3.28255,-1.07213,7
36,337,12.975,16.0382,3
36,109,3.66503,-0.172077,7
36,437,3.28255,-1.07213,7
36,341,-0.156332,-21.7045,5
36,401,3.28255,-1.07213,7
36,201,12.975,16.0381,3
36,405,3.28255,-1.07213,7
36,133,12.975,16.0382,3
36,277,3.38567,-3.45242,7
36,213,3.28255,-1.07213,7
36,445,12.975,16.0382,3
36,169,3.28255,-1.07213,7
36,165,4.06985,0.567014,7
36,5,-0.276325,-22.3739,5
36,433,12.975,16.0382,3
36,69,11.3971,13.8193,3
37,85,3.28255,-1.07213,7
37,213,3.28255,-1.07213,7
37,301,12.975,16.0382,3
37,261,3.28255,-1.07213,7
37,117,15.7783,-12.6259,5
37,57,3.28255,-1.07213,7
37,317,3.28255,-1.07213,7
37,281,10.6686,12.3783,3
37,113,10.326,11.5376,3
37,1,9.62208,10.6546,3
37,269,4.22475,0.688975,7
37,385,-0.29785,-22.54,5
37,293,12.975,16.0382,3
37,241,-0.0614777,-20.9901,5
37,109,3.5243,0.528931,7
37,253,3.28255,-1.07213,7
37,41,0.913691,-16.8373,5
37,229,-10.6149,-0.581705,2
37,361,-13.0313,-1.20638,2
37,149,3.28255,-1.07213,7
37,101,12.975,16.0382,3
37,129,2.49599,2.74207,7
37,93,3.28255,-1.07213,7
37,77,12.951,15.996,3
37,197,12.975,16.0382,3
37,153,2.09312,17.5751,6
37,189,12.975,16.0382,3
37,405,3.28255,-1.07213,7
37,257,3.28255,-1.07213,7
37,337,12.975,16.0382,3
37,25,3.28255,-1.07213,7
37,61,3.28255,-1.07213,7
37,201,12.975,16.0381,3
37,425,3.28255,-1.07213,7
37,89,3.28255,-1.07213,7
37,413,3.28255,-1.07213,7
37,341,-0.159925,-21.7039,5
37,365,-13.0313,-1.20638,2
37,433,12.975,16.0382,3
37,445,12.975,16.0382,3
37,349,12.951,15.996,3
37,309,-10.1708,0.32001,2
37,401,3.28255,-1.07213,7
37,81,11.14,13.1829,3
37,65,3.77357,-0.200994,7
37,17,3.35365,10.7659,6
37,121,3.28255,-1.07213,7
37,345,3.28255,-1.07213,7
37,181,3.28255,-1.07213,7
37,329,-0.331884,-22.7055,5
37,5,-0.585288,-22.4957,5
37,325,3.28255,-1.07213,7
37,173,3.28255,-1.07213,7
37,377,-13.0313,-1.20638,2
37,21,12.975,16.0382,3
37,369,-0.411567,-23.2004,5
37,333,2.09312,17.5751,6
37,297,3.28255,-1.07213,7
37,353,3.28255,-1.07213,7
37,33,-49,-1,4
37,373,3.28255,-1.07213,7
37,177,12.975,16.0382,3
37,221,3.28255,-1.07213,7
37,441,-0.400191,-23.0846,5
37,13,11.3356,14.0804,3
37,53,3.54495,11.1655,6
37,417,12.975,16.0382,3
37,249,3.28255,-1.07213,7
37,125,3.28255,-1.07213,7
37,133,12.975,16.0382,3
37,397,-12.9937,-1.19955,2
37,225,12.3272,15.4169,3
37,277,4.06017,-2.34196,7
37,357,-6.90103,11.7833,1
37,193,3.28255,-1.07213,7
37,245,0.121946,-22.4031,5
37,157,0.158108,-18.1809,5
37,9,12.975,16.0382,3
37,421,3.28255,-1.07213,7
37,141,4.24475,0.684861,7
37,389,-13.0313,-1.20638,2
37,37,11.5593,13.8862,3
37,73,12.975,16.0382,3
37,289,3.42014,-1.03137,7
37,205,12.975,16.0382,3
37,161,3.28255,-1.07213,7
37,49,12.975,16.0382,3
37,29,5.32347,2.97453,7
37,185,3.62505,-1.00692,7
37,237,3.28255,-1.07213,7
37,305,3.28255,-1.07213,7
37,169,3.28255,-1.07213,7
37,393,12.5117,15.1535,3
37,145,11.8117,14.2246,3
37,209,12.7534,15.6607,3
37,321,3.28255,-1.07213,7
37,105,12.975,16.0382,3
37,69,11.4869,14.631,3
37,437,3.28255,-1.07213,7
37,217,12.975,16.0382,3
37,233,11.848,15.7903,3
37,409,2.09312,17.5751,6
37,265,12.3232,14.9731,3
37,381,3.28255,-1.07213,7
37,273,12.975,16.0382,3
37,137,4.19614,1.53581,7
37,313,-6.90103,11.7833,1
37,45,3.09547,-0.317838,7
37,165,3.28255,-1.07213,7
37,429,-0.376559,-22.986,5
37,97,3.76462,-0.196177,7
37,285,3.28255,-1.07213,7
38,61,3.28255,-1.07213,7
38,361,-13.0313,-1.20638,2
38,401,3.28255,-1.07213,7
38,421,3.28255,-1.07213,7
38,97,3.28255,-1.07213,7
38,37,11.3276,13.2386,3
38,325,3.28255,-1.07213,7
38,165,3.73326,-0.180162,7
38,89,3.69879,-0.190696,7
38,49,12.975,16.0382,3
38,357,-6.90103,11.7833,1
38,261,3.28255,-1.07213,7
38,149,3.28255,-1.07213,7
38,369,-0.444038,-23.2182,5
38,81,10.6794,12.294,3
38,409,2.09312,17.5751,6
38,405,3.28255,-1.07213,7
38,1,11.1962,13.2076,3
38,225,12.4486,15.3386,3
38,73,12.975,16.0382,3
38,145,11.313,13.3586,3
38,305,3.28255,-1.07213,7
38,265,11.8221,14.1077,3
38,445,12.975,16.0382,3
38,229,-10.726,-0.364435,2
38,253,3.28255,-1.07213,7
38,93,3.28255,-1.07213,7
38,341,-0.159723,-21.7039,5
38,437,3.28255,-1.07213,7
38,209,12.975,16.0382,3
38,85,3.28255,-1.07213,7
38,153,2.09312,17.5751,6
38,441,-0.396495,-23.0853,5
38,217,12.975,16.0382,3
38,389,-13.0313,-1.20638,2
38,25,3.28255,-1.07213,7
38,13,12.043,14.8087,3
38,193,3.28255,-1.07213,7
38,133,12.975,16.0382,3
38,297,3.28255,-1.07213,7
38,161,3.28255,-1.07213,7
38,373,3.28255,-1.07213,7
38,57,3.28255,-1.07213,7
38,117,15.7783,-12.6259,5
38,17,3.95058,11.2738,6
38,381,3.28255,-1.07213,7
38,157,0.212952,-18.1893,5
38,241,-0.0563082,-20.9909,5
38,293,12.975,16.0382,3
38,433,12.975,16.0382,3
38,349,12.9511,15.996,3
38,333,2.09312,17.5751,6
38,309,-10.0972,0.0189682,2
38,189,12.975,16.0382,3
38,141,3.76798,-0.19424,7
38,33,-49,-1,4
38,257,3.28255,-1.07213,7
38,393,12.4764,14.2302,3
38,221,3.28255,-1.07213,7
38,29,4.90702,2.06264,7
38,121,3.28255,-1.07213,7
38,69,10.9983,13.7692,3
38,185,3.28255,-1.07213,7
38,21,12.975,16.0382,3
38,173,3.28255,-1.07213,7
38,201,12.975,16.0381,3
38,277,3.72154,-0.865913,7
38,429,-0.378668,-22.9856,5
38,45,3.80093,0.451138,7
38,249,3.28255,-1.07213,7
38,213,3.28255,-1.07213,7
38,289,3.28255,-1.07213,7
38,205,12.975,16.0382,3
38,353,3.28255,-1.07213,7
38,137,4.55242,2.42861,7
38,9,12.851,15.8211,3
38,385,-0.54183,-22.6184,5
38,329,-0.332222,-22.7054,5
38,285,3.28255,-1.07213,7
38,169,3.28255,-1.07213,7
38,197,12.975,16.0382,3
38,345,3.28255,-1.07213,7
38,237,3.28255,-1.07213,7
38,273,12.975,16.0382,3
38,281,10.7112,12.3536,3
38,113,10.731,12.4432,3
38,125,3.68421,-0.181809,7
38,269,4.68526,1.57635,7
38,177,12.975,16.0382,3
38,321,3.28255,-1.07213,7
38,313,-6.90103,11.7833,1
38,41,0.865507,-16.8289,5
38,377,-13.0313,-1.20638,2
38,365,-13.0313,-1.20638,2
38,65,3.82698,-0.0989762,7
38,105,12.975,16.0382,3
38,101,12.975,16.0382,3
38,317,3.28255,-1.07213,7
38,425,3.28255,-1.07213,7
38,181,3.28255,-1.07213,7
38,337,12.975,16.0382,3
38,53,4.13942,11.1871,6
38,5,-0.359344,-22.543,5
38,245,-0.0835933,-22.3499,5
38,129,2.89284,1.75316,7
38,109,3.28255,-1.07213,7
38,417,12.975,16.0382,3
38,233,12.4165,15.4973,3
38,301,12.975,16.0382,3
38,77,12.9507,15.9962,3
38,397,-12.9934,-1.20396,2
38,413,3.28255,-1.07213,7
39,353,3.28255,-1.07213,7
39,329,-0.326563,-22.7064,5
39,161,3.28255,-1.07213,7
39,253,3.28255,-1.07213,7
39,189,12.975,16.0382,3
39,89,3.28255,-1.07213,7
39,281,10.7432,12.3351,3
39,185,3.28255,-1.07213,7
39,129,3.28255,-1.07213,7
39,73,12.975,16.0382,3
39,413,3.28255,-1.07213,7
39,401,3.28255,-1.07213,7
39,273,12.975,16.0382,3
39,29,4.46687,1.16359,7
39,317,3.28255,-1.07213,7
39,153,2.09312,17.5751,6
39,77,12.9511,15.996,3
39,397,-12.9934,-1.206,2
39,249,3.28255,-1.07213,7
39,225,12.5102,15.3027,3
39,269,4.22721,0.687089,7
39,437,3.28255,-1.07213,7
39,177,12.975,16.0382,3
39,285,3.28255,-1.07213,7
39,369,-0.419546,-23.2221,5
39,173,3.28255,-1.07213,7
39,293,12.975,16.0382,3
39,265,12.3466,14.9595,3
39,105,12.975,16.0382,3
39,421,3.28255,-1.07213,7
39,221,3.28255,-1.07213,7
39,425,3.28255,-1.07213,7
39,57,3.28255,-1.07213,7
39,145,10.8518,12.4703,3
39,325,3.78744,-0.209153,7
39,409,2.09312,17.5751,6
39,277,3.28153,-1.05926,7
39,97,3.28255,-1.07213,7
39,49,12.975,16.0382,3
39,301,12.975,16.0382,3
39,5,-0.327578,-22.5479,5
39,213,3.28255,-1.07213,7
39,341,-0.152538,-21.7052,5
39,41,0.856898,-16.8272,5
39,229,-10.8085,-0.215144,2
39,433,12.975,16.0382,3
39,201,12.975,16.0381,3
39,361,-13.0313,-1.20638,2
39,349,12.951,15.996,3
39,245,-0.181221,-22.3294,5
39,101,12.975,16.0382,3
39,237,3.28255,-1.07213,7
39,337,12.975,16.0382,3
39,393,11.8793,13.4119,3
39,121,3.28255,-1.07213,7
39,113,11.249,13.2981,3
39,33,-49,-1,4
39,257,3.28255,-1.07213,7
39,53,3.67214,10.1818,6
39,365,-13.0313,-1.20638,2
39,65,3.33704,-0.971075,7
39,165,4.20808,0.699899,7
39,9,12.975,16.0382,3
39,37,11.8069,14.1145,3
39,297,3.28255,-1.07213,7
39,81,11.216,13.1385,3
39,61,3.28255,-1.07213,7
39,333,2.09312,17.5751,6
39,313,-6.90103,11.7833,1
39,93,3.28255,-1.07213,7
39,149,3.28255,-1.07213,7
39,45,3.28255,-1.07213,7
39,117,15.7783,-12.6259,5
39,157,0.266431,-18.1981,5
39,137,4.51035,2.79101,7
39,125,3.28255,-1.07213,7
39,1,10.7301,12.322,3
39,381,3.28255,-1.07213,7
39,169,3.28255,-1.07213,7
39,357,-6.90103,11.7833,1
39,193,3.28255,-1.07213,7
39,85,3.28255,-1.07213,7
39,321,3.28255,-1.07213,7
39,429,-0.379101,-22.9856,5
39,13,12.638,15.6162,3
39,385,-0.402219,-22.6332,5
39,141,4.24768,0.683115,7
39,441,-0.395975,-23.0853,5
39,261,3.28255,-1.07213,7
39,445,12.975,16.0382,3
39,405,3.28255,-1.07213,7
39,21,12.975,16.0382,3
39,241,-0.0516048,-20.9917,5
39,197,12.975,16.0382,3
39,377,-13.0313,-1.20638,2
39,69,11.8622,14.4353,3
39,209,12.975,16.0382,3
39,305,3.28255,-1.07213,7
39,133,12.975,16.0382,3
39,181,3.28255,-1.07213,7
39,389,-13.0313,-1.20638,2
39,289,3.28255,-1.07213,7
39,17,5.22149,12.8967,6
39,109,3.28255,-1.07213,7
39,417,12.975,16.0382,3
39,345,3.28255,-1.07213,7
39,25,3.28255,-1.07213,7
39,309,-10.1259,-0.532805,2
39,233,12.526,15.4273,3
39,373,3.28255,-1.07213,7
39,205,12.975,16.0382,3
39,217,12.975,16.0382,3
40,393,11.3043,12.5862,3
40,85,3.4577,-1.03765,7
40,177,12.975,16.0382,3
40,381,3.28255,-1.07213,7
40,329,-0.32802,-22.7062,5
40,81,10.7456,12.2555,3
40,181,3.28255,-1.07213,7
40,165,3.7608,-0.195211,7
40,93,3.28255,-1.07213,7
40,345,3.28255,-1.07213,7
40,377,-13.0313,-1.20638,2
40,337,12.975,16.0382,3
40,421,3.28255,-1.07213,7
40,21,12.975,16.0382,3
40,413,3.28255,-1.07213,7
40,445,12.975,16.0382,3
40,201,12.975,16.0382,3
40,45,3.28255,-1.07213,7
40,57,3.28255,-1.07213,7
40,121,3.28255,-1.07213,7
40,305,3.28255,-1.07213,7
40,101,12.975,16.0382,3
40,281,11.7756,14.048,3
40,353,3.28255,-1.07213,7
40,65,3.28255,-1.07213,7
40,17,6.37002,14.0764,6
40,193,3.28255,-1.07213,7
40,361,-13.0313,-1.20638,2
40,197,12.975,16.0382,3
40,33,-49,-1,4
40,437,3.28255,-1.07213,7
40,357,-6.90103,11.7833,1
40,97,3.28255,-1.07213,7
40,325,3.28255,-1.07213,7
40,349,12.9511,15.996,3
40,9,12.975,16.0382,3
40,373,3.28255,-1.07213,7
40,389,-13.0313,-1.20638,2
40,133,12.975,16.0382,3
40,221,3.75764,-0.192648,7
40,265,11.8591,14.0864,3
40,317,3.28255,-1.07213,7
40,1,11.226,13.1887,3
40,441,-0.395902,-23.0854,5
40,233,12.5716,15.4001,3
40,113,12.113,14.1826,3
40,269,4.707,1.56391,7
40,5,-0.314966,-22.5499,5
40,313,-6.90103,11.7833,1
40,137,3.93396,0.505919,7
40,185,3.47931,-1.03504,7
40,401,3.28255,-1.07213,7
40,429,-0.37919,-22.9856,5
40,41,0.819312,-16.8207,5
40,341,-0.148452,-21.7059,5
40,333,2.09312,17.5751,6
40,69,12.1194,14.5837,3
40,409,2.09312,17.5751,6
40,125,3.28255,-1.07213,7
40,249,3.28255,-1.07213,7
40,245,-0.212706,-22.3228,5
40,37,12.3495,14.9561,3
40,105,12.975,16.0382,3
40,217,12.975,16.0382,3
40,89,3.28255,-1.07213,7
40,213,3.28255,-1.07213,7
40,425,3.28255,-1.07213,7
40,277,3.77704,-0.190644,7
40,289,3.28255,-1.07213,7
40,229,-10.8838,-0.092394,2
40,309,-10.2374,-0.298577,2
40,365,-13.0313,-1.20638,2
40,169,3.28255,-1.07213,7
40,321,3.28255,-1.07213,7
40,77,12.9511,15.996,3
40,129,3.28255,-1.07213,7
40,257,3.28255,-1.07213,7
40,117,15.7783,-12.6259,5
40,153,2.09312,17.5751,6
40,273,12.975,16.0382,3
40,253,3.28255,-1.07213,7
40,189,12.975,16.0382,3
40,13,12.118,14.7656,3
40,109,3.28255,-1.07213,7
40,225,12.5305,15.2909,3
40,29,4.97746,2.02375,7
40,433,12.975,16.0382,3
40,61,3.77543,-0.202038,7
40,261,3.28255,-1.07213,7
40,73,12.975,16.0382,3
40,241,-0.0386667,-20.994,5
40,301,12.975,16.0382,3
40,157,0.313036,-18.2061,5
40,417,12.975,16.0382,3
40,53,3.90987,9.28545,6
40,385,-0.351448,-22.6405,5
40,145,11.4293,13.2862,3
40,149,3.28255,-1.07213,7
40,369,-0.420345,-23.222,5
40,173,3.28255,-1.07213,7
40,209,12.7592,15.6574,3
40,237,3.28255,-1.07213,7
40,141,3.77099,-0.195943,7
40,297,3.28255,-1.07213,7
40,285,3.28255,-1.07213,7
40,397,-13.0236,-1.19124,2
40,205,12.975,16.0382,3
40,25,3.28255,-1.07213,7
40,49,12.975,16.0382,3
40,161,3.28255,-1.07213,7
40,405,3.28255,-1.07213,7
40,293,12.975,16.0382,3
41,389,-13.0313,-1.20638,2
41,201,12.975,16.0382,3
41,441,-0.39397,-23.0857,5
41,185,3.59426,-1.77896,7
41,325,3.28255,-1.07213,7
41,221,3.28255,-1.07213,7
41,301,12.975,16.0382,3
41,365,-13.0313,-1.20638,2
41,393,10.7481,11.7516,3
41,141,3.28255,-1.07213,7
41,73,12.975,16.0382,3
41,145,11.9218,14.1564,3
41,273,12.975,16.0382,3
41,117,15.7783,-12.6259,5
41,65,3.75688,-0.192124,7
41,217,12.975,16.0382,3
41,105,12.975,16.0382,3
41,373,3.28255,-1.07213,7
41,433,12.975,16.0382,3
41,281,12.772,15.7034,3
41,385,-0.332954,-22.6435,5
41,333,2.09312,17.5751,6
41,9,12.975,16.0382,3
41,405,3.28255,-1.07213,7
41,125,3.28255,-1.07213,7
41,101,12.975,16.0382,3
41,317,3.28255,-1.07213,7
41,409,2.09312,17.5751,6
41,293,12.975,16.0382,3
41,253,3.28255,-1.07213,7
41,45,3.28255,-1.07213,7
41,225,12.975,16.0382,3
41,169,3.28255,-1.07213,7
41,229,-10.8352,-0.476703,2
41,341,-0.155331,-21.7048,5
41,337,12.975,16.0382,3
41,77,12.9507,15.9962,3
41,305,3.28255,-1.07213,7
41,233,12.6264,15.4456,3
41,241,-0.031096,-20.9953,5
41,17,5.40819,12.9273,6
41,149,3.28255,-1.07213,7
41,285,3.28255,-1.07213,7
41,209,12.9605,16.0151,3
41,161,3.28255,-1.07213,7
41,177,12.975,16.0382,3
41,289,3.28255,-1.07213,7
41,89,3.28255,-1.07213,7
41,157,0.349254,-18.2123,5
41,21,12.975,16.0382,3
41,401,3.28255,-1.07213,7
41,129,3.28255,-1.07213,7
41,173,3.28255,-1.07213,7
41,33,-49,-1,4
41,329,-0.327506,-22.7063,5
41,353,3.28255,-1.07213,7
41,297,3.28255,-1.07213,7
41,277,3.30791,0.536477,7
41,57,3.28255,-1.07213,7
41,421,3.28255,-1.07213,7
41,377,-13.0313,-1.20638,2
41,37,12.8498,15.822,3
41,29,4.50634,1.14144,7
41,361,-13.0313,-1.20638,2
41,205,12.975,16.0382,3
41,165,3.75688,-0.192124,7
41,1,11.9285,14.0828,3
41,413,3.28255,-1.07213,7
41,213,3.28255,-1.07213,7
41,93,3.28255,-1.07213,7
41,417,12.975,16.0382,3
41,85,3.76529,-0.196909,7
41,133,12.975,16.0382,3
41,425,3.28255,-1.07213,7
41,437,3.28255,-1.07213,7
41,313,-6.90103,11.7833,1
41,61,4.26831,0.668057,7
41,237,3.28255,-1.07213,7
41,181,3.28255,-1.07213,7
41,109,3.77663,-0.202721,7
41,349,12.9511,15.9959,3
41,245,-0.241615,-22.3176,5
41,113,11.5609,13.3459,3
41,445,12.975,16.0382,3
41,5,-0.309955,-22.5508,5
41,25,3.28255,-1.07213,7
41,397,-13.019,-1.19841,2
41,369,-0.418908,-23.2222,5
41,81,11.1268,13.1689,3
41,265,12.3492,14.9563,3
41,41,0.788739,-16.8154,5
41,321,3.28255,-1.07213,7
41,249,3.28255,-1.07213,7
41,97,3.28255,-1.07213,7
41,49,12.975,16.0382,3
41,309,-11.7715,-0.552872,2
41,13,11.6486,13.8817,3
41,429,-0.376077,-22.9861,5
41,121,3.28255,-1.07213,7
41,193,3.28255,-1.07213,7
41,381,3.28255,-1.07213,7
41,357,-6.90103,11.7833,1
41,269,5.18703,2.44053,7
41,153,2.09312,17.5751,6
41,197,12.975,16.0382,3
41,261,3.28255,-1.07213,7
41,53,4.38883,9.66241,6
41,137,3.76529,-0.196909,7
41,345,3.28255,-1.07213,7
41,257,3.28255,-1.07213,7
41,189,12.975,16.0382,3
41,69,11.6129,13.7218,3
42,149,3.28255,-1.07213,7
42,137,3.28255,-1.07213,7
42,53,4.76246,10.1863,6
42,9,12.4819,15.1682,3
42,285,3.28255,-1.07213,7
42,369,-0.418288,-23.2223,5
42,73,12.975,16.0382,3
42,25,3.28255,-1.07213,7
42,425,3.28255,-1.07213,7
42,273,12.975,16.0382,3
42,309,-11.7354,-0.846723,2
42,401,3.28255,-1.07213,7
42,225,12.975,16.0382,3
42,413,3.28255,-1.07213,7
42,165,3.28255,-1.07213,7
42,373,3.28255,-1.07213,7
42,209,12.975,16.0382,3
42,229,-10.932,-0.302306,2
42,261,3.28255,-1.07213,7
42,201,12.975,16.0382,3
42,237,3.28255,-1.07213,7
42,153,2.09312,17.5751,6
42,345,3.28255,-1.07213,7
42,305,3.28255,-1.07213,7
42,57,3.28255,-1.07213,7
42,389,-13.0313,-1.20638,2
42,393,10.212,10.906,3
42,313,-6.90103,11.7833,1
42,289,3.28255,-1.07213,7
42,265,12.8517,15.821,3
42,61,3.77542,-0.202031,7
42,429,-0.378574,-22.9857,5
42,357,-6.90103,11.7833,1
42,333,2.09312,17.5751,6
42,69,10.6673,14.0691,3
42,293,12.975,16.0382,3
42,329,-0.325751,-22.7066,5
42,301,12.975,16.0382,3
42,121,3.28255,-1.07213,7
42,49,12.975,16.0382,3
42,5,-0.296119,-22.5534,5
42,337,12.975,16.0382,3
42,189,12.975,16.0382,3
42,185,3.8081,-1.23515,7
42,173,3.28255,-1.07213,7
42,245,-0.235976,-22.3188,5
42,37,12.358,14.9513,3
42,253,3.28255,-1.07213,7
42,17,4.69159,11.8607,6
42,77,12.9544,15.9945,3
42,421,3.28255,-1.07213,7
42,29,3.96084,0.312598,7
42,89,3.28255,-1.07213,7
42,113,11.9849,14.2533,3
42,361,-13.0313,-1.20638,2
42,445,12.975,16.0382,3
42,417,12.975,16.0382,3
42,141,3.28255,-1.07213,7
42,365,-13.0313,-1.20638,2
42,193,3.28255,-1.07213,7
42,21,12.975,16.0382,3
42,353,3.28255,-1.07213,7
42,145,11.4258,13.2881,3
42,161,3.28255,-1.07213,7
42,197,12.975,16.0382,3
42,233,12.6211,15.4488,3
42,177,12.975,16.0382,3
42,241,-0.473697,-21.1101,5
42,269,4.85012,1.50495,7
42,297,3.28255,-1.07213,7
42,377,-13.0313,-1.20638,2
42,441,-0.393369,-23.0858,5
42,325,3.62347,-0.141141,7
42,277,4.03966,1.2941,7
42,125,3.28255,-1.07213,7
42,221,3.28255,-1.07213,7
42,105,12.975,16.0382,3
42,133,12.975,16.0382,3
42,65,3.29108,-1.04868,7
42,317,3.28255,-1.07213,7
42,257,3.28255,-1.07213,7
42,13,11.1804,12.9974,3
42,97,3.28255,-1.07213,7
42,281,12.7647,15.7081,3
42,101,12.975,16.0382,3
42,41,0.763873,-16.8111,5
42,93,3.28255,-1.07213,7
42,45,3.28255,-1.07213,7
42,249,3.28255,-1.07213,7
42,341,-0.150515,-21.7056,5
42,213,3.28255,-1.07213,7
42,109,3.96743,0.674121,7
42,181,3.28255,-1.07213,7
42,437,3.28255,-1.07213,7
42,349,12.975,16.0382,3
42,205,12.975,16.0382,3
42,405,3.28255,-1.07213,7
42,81,11.7043,13.9888,3
42,433,12.975,16.0382,3
42,321,3.28255,-1.07213,7
42,129,3.28255,-1.07213,7
42,117,15.7783,-12.6259,5
42,157,0.0632942,-20.1915,5
42,217,12.975,16.0382,3
42,33,-49,-1,4
42,409,2.09312,17.5751,6
42,1,11.1626,13.5042,3
42,381,3.28255,-1.07213,7
42,85,3.28255,-1.07213,7
42,169,3.28255,-1.07213,7
42,385,-0.326211,-22.6446,5
42,397,-13.0185,-1.20553,2
43,297,3.28255,-1.07213,7
43,269,4.31097,0.661425,7
43,285,3.28255,-1.07213,7
43,377,-13.0313,-1.20638,2
43,117,15.7783,-12.6259,5
43,25,3.28255,-1.07213,7
43,89,3.28255,-1.07213,7
43,125,3.28255,-1.07213,7
43,209,12.9638,16.0189,3
43,153,2.09312,17.5751,6
43,317,3.28255,-1.07213,7
43,217,12.975,16.0382,3
43,225,12.975,16.0382,3
43,393,9.66578,10.0672,3
43,253,3.28255,-1.07213,7
43,1,11.6111,14.532,3
43,249,3.28255,-1.07213,7
43,201,12.975,16.0382,3
43,437,3.28255,-1.07213,7
43,425,3.28255,-1.07213,7
43,233,12.6302,15.4436,3
43,85,3.28255,-1.07213,7
43,389,-13.0313,-1.20638,2
43,441,-0.393399,-23.0858,5
43,157,0.0700022,-20.1926,5
43,33,-49,-1,4
43,177,12.975,16.0382,3
43,365,-13.0313,-1.20638,2
43,405,3.28255,-1.07213,7
43,161,3.28255,-1.07213,7
43,309,-13.0313,-1.20638,2
43,329,-0.324922,-22.7067,5
43,357,-6.90103,11.7833,1
43,257,3.28255,-1.07213,7
43,261,3.28255,-1.07213,7
43,325,3.28255,-1.07213,7
43,433,12.975,16.0382,3
43,293,12.975,16.0382,3
43,73,12.975,16.0382,3
43,305,3.28255,-1.07213,7
43,237,3.28255,-1.07213,7
43,445,12.975,16.0382,3
43,141,3.75816,-0.192508,7
43,341,-0.528524,-21.81,5
43,13,10.3674,12.7161,3
43,397,-13.0185,-1.20627,2
43,265,12.3568,14.9521,3
43,5,-0.302527,-22.5523,5
43,385,-0.323752,-22.645,5
43,101,12.975,16.0382,3
43,417,12.975,16.0382,3
43,333,2.09312,17.5751,6
43,21,12.975,16.0382,3
43,361,-13.0313,-1.20638,2
43,97,3.28255,-1.07213,7
43,105,12.975,16.0382,3
43,193,3.28255,-1.07213,7
43,181,3.28255,-1.07213,7
43,277,4.15439,0.534679,7
43,169,3.28255,-1.07213,7
43,413,3.28255,-1.07213,7
43,121,3.28255,-1.07213,7
43,9,11.9891,14.2981,3
43,69,10.4198,13.0422,3
43,113,12.3891,15.2381,3
43,345,3.28255,-1.07213,7
43,229,-11.5134,-1.20887,2
43,165,3.28255,-1.07213,7
43,17,4.21116,10.8233,6
43,137,3.77465,-0.202208,7
43,301,12.975,16.0382,3
43,41,0.743649,-16.8077,5
43,281,12.975,16.0382,3
43,337,12.975,16.0382,3
43,149,3.28255,-1.07213,7
43,65,3.28255,-1.07213,7
43,373,3.28255,-1.07213,7
43,313,-6.90103,11.7833,1
43,429,-0.375953,-22.9862,5
43,129,3.28255,-1.07213,7
43,421,3.28255,-1.07213,7
43,93,3.28255,-1.07213,7
43,213,3.28255,-1.07213,7
43,353,3.28255,-1.07213,7
43,241,-0.332531,-21.1263,5
43,81,12.2496,14.8286,3
43,273,12.975,16.0382,3
43,189,12.975,16.0382,3
43,145,11.8832,14.1777,3
43,409,2.09312,17.5751,6
43,61,3.28255,-1.07213,7
43,133,12.975,16.0382,3
43,321,3.28255,-1.07213,7
43,45,3.28255,-1.07213,7
43,369,-0.418745,-23.2222,5
43,57,3.28255,-1.07213,7
43,349,12.975,16.0382,3
43,77,12.975,16.0382,3
43,185,3.28255,-1.07213,7
43,401,3.28255,-1.07213,7
43,197,12.975,16.0382,3
43,221,3.28255,-1.07213,7
43,49,12.975,16.0382,3
43,205,12.975,16.0382,3
43,173,3.28255,-1.07213,7
43,53,4.25449,9.17165,6
43,109,4.5427,1.49925,7
43,245,-0.424353,-23.2557,5
43,289,3.28255,-1.07213,7
43,37,11.8655,14.081,3
43,29,3.53568,-0.594317,7
43,381,3.28255,-1.07213,7
44,145,12.3112,15.1016,3
44,129,3.28255,-1.07213,7
44,153,2.09312,17.5751,6
44,289,3.48254,-1.03594,7
44,401,3.28255,-1.07213,7
44,285,3.28255,-1.07213,7
44,393,10.1413,10.947,3
44,57,3.28255,-1.07213,7
44,69,11.2088,13.7163,3
44,293,12.975,16.0382,3
44,261,3.28255,-1.07213,7
44,369,-0.417642,-23.2225,5
44,357,-6.90103,11.7833,1
44,49,12.975,16.0382,3
44,233,12.6339,15.4415,3
44,45,3.28255,-1.07213,7
44,209,12.975,16.0382,3
44,53,4.6336,9.66175,6
44,9,11.1893,13.8641,3
44,101,12.975,16.0382,3
44,301,12.975,16.0382,3
44,109,5.07187,2.34936,7
44,213,3.28255,-1.07213,7
44,245,-0.424353,-23.2557,5
44,37,11.8452,14.4094,3
44,157,0.0873435,-20.1957,5
44,421,3.28255,-1.07213,7
44,121,3.28255,-1.07213,7
44,333,2.09312,17.5751,6
44,361,-13.0313,-1.20638,2
44,173,3.28255,-1.07213,7
44,5,-0.30504,-22.5519,5
44,253,3.28255,-1.07213,7
44,217,12.975,16.0382,3
44,201,12.975,16.0382,3
44,221,3.28255,-1.07213,7
44,373,3.28255,-1.07213,7
44,281,12.975,16.0382,3
44,177,12.975,16.0382,3
44,353,3.28255,-1.07213,7
44,125,3.28255,-1.07213,7
44,269,4.75018,1.5605,7
44,33,-49,-1,4
44,345,3.28255,-1.07213,7
44,97,3.28255,-1.07213,7
44,365,-13.0313,-1.20638,2
44,413,3.28255,-1.07213,7
44,77,12.975,16.0382,3
44,429,-0.378553,-22.9857,5
44,305,3.28255,-1.07213,7
44,417,12.975,16.0382,3
44,205,12.975,16.0382,3
44,105,12.975,16.0382,3
44,229,-11.5135,-1.20231,2
44,85,3.28255,-1.07213,7
44,377,-13.0313,-1.20638,2
44,237,3.28255,-1.07213,7
44,1,12.3526,15.2371,3
44,41,0.744853,-16.8079,5
44,133,12.975,16.0382,3
44,73,12.975,16.0382,3
44,65,3.28255,-1.07213,7
44,241,-0.241272,-21.1384,5
44,113,11.8452,14.4094,3
44,337,12.975,16.0382,3
44,381,3.28255,-1.07213,7
44,193,3.28255,-1.07213,7
44,149,3.28255,-1.07213,7
44,225,12.975,16.0382,3
44,181,3.28255,-1.07213,7
44,433,12.975,16.0382,3
44,61,3.28255,-1.07213,7
44,409,2.09312,17.5751,6
44,13,11.1039,13.4312,3
44,441,-0.395544,-23.0854,5
44,277,3.68258,-0.347215,7
44,313,-6.90103,11.7833,1
44,389,-13.0313,-1.20638,2
44,249,3.28255,-1.07213,7
44,81,11.7059,14.2046,3
44,309,-13.0313,-1.20638,2
44,185,3.32602,-1.05963,7
44,329,-0.3247,-22.7068,5
44,385,-0.456657,-22.8074,5
44,165,3.28255,-1.07213,7
44,137,3.28255,-1.07213,7
44,17,3.8938,9.79973,6
44,265,12.3493,15.6691,3
44,321,3.28255,-1.07213,7
44,89,3.28255,-1.07213,7
44,161,3.28255,-1.07213,7
44,169,3.28255,-1.07213,7
44,141,3.28255,-1.07213,7
44,273,12.975,16.0382,3
44,341,-0.370845,-21.8285,5
44,325,3.77621,-0.202479,7
44,93,3.28255,-1.07213,7
44,117,15.7783,-12.6259,5
44,437,3.28255,-1.07213,7
44,297,3.28255,-1.07213,7
44,405,3.28255,-1.07213,7
44,397,-13.0185,-1.20628,2
44,189,12.975,16.0382,3
44,21,12.975,16.0382,3
44,317,3.28255,-1.07213,7
44,25,3.28255,-1.07213,7
44,445,12.975,16.0382,3
44,197,12.975,16.0382,3
44,425,3.28255,-1.07213,7
44,349,12.975,16.0382,3
44,29,4.00261,0.288977,7
44,257,3.28255,-1.07213,7
45,9,10.8196,12.9204,3
45,105,12.975,16.0382,3
45,357,-6.90103,11.7833,1
45,365,-13.0313,-1.20638,2
45,81,12.2696,14.8171,3
45,349,12.975,16.0382,3
45,29,3.54064,-0.598317,7
45,309,-13.0313,-1.20638,2
45,125,3.28255,-1.07213,7
45,313,-6.90103,11.7833,1
45,269,4.30723,0.665372,7
45,45,3.28255,-1.07213,7
45,425,3.28255,-1.07213,7
45,397,-13.0289,-1.20134,2
45,193,3.28255,-1.07213,7
45,113,11.379,13.5233,3
45,237,3.28255,-1.07213,7
45,213,3.28255,-1.07213,7
45,389,-13.0313,-1.20638,2
45,117,15.7783,-12.6259,5
45,129,3.28255,-1.07213,7
45,13,12.8549,15.8666,3
45,441,-0.479254,-23.1254,5
45,369,-0.418731,-23.2223,5
45,121,3.28255,-1.07213,7
45,381,3.28255,-1.07213,7
45,209,12.4176,15.2944,3
45,165,3.28255,-1.07213,7
45,433,12.975,16.0382,3
45,437,3.28255,-1.07213,7
45,37,12.8602,15.8313,3
45,261,3.28255,-1.07213,7
45,161,3.28255,-1.07213,7
45,1,12.9703,16.031,3
45,53,4.93192,10.2239,6
45,417,12.975,16.0382,3
45,329,-0.329776,-22.7059,5
45,189,12.975,16.0382,3
45,409,2.09312,17.5751,6
45,141,3.28255,-1.07213,7
45,377,-13.0313,-1.20638,2
45,65,3.28255,-1.07213,7
45,17,4.32191,10.2944,6
45,69,12.975,16.0382,3
45,317,3.28255,-1.07213,7
45,341,-0.290026,-21.8395,5
45,337,12.975,16.0382,3
45,373,3.28255,-1.07213,7
45,93,3.28255,-1.07213,7
45,97,3.28255,-1.07213,7
45,345,3.28255,-1.07213,7
45,321,3.28255,-1.07213,7
45,257,3.28255,-1.07213,7
45,285,3.28255,-1.07213,7
45,21,12.975,16.0382,3
45,249,3.28255,-1.07213,7
45,289,3.64506,-1.00222,7
45,157,-0.466451,-20.3728,5
45,405,3.28255,-1.07213,7
45,305,3.28255,-1.07213,7
45,413,3.28255,-1.07213,7
45,385,-0.424353,-23.2557,5
45,25,3.28255,-1.07213,7
45,297,3.28255,-1.07213,7
45,49,12.975,16.0382,3
45,153,2.09312,17.5751,6
45,33,-49,-1,4
45,77,12.975,16.0382,3
45,361,-13.0313,-1.20638,2
45,265,12.4772,15.1709,3
45,245,-0.424353,-23.2557,5
45,181,3.28255,-1.07213,7
45,233,12.6354,15.4407,3
45,421,3.28255,-1.07213,7
45,197,12.975,16.0382,3
45,273,12.975,16.0382,3
45,301,12.975,16.0382,3
45,429,-0.379087,-22.9857,5
45,229,-11.6207,-0.915185,2
45,173,3.28255,-1.07213,7
45,225,12.975,16.0382,3
45,277,4.16826,0.526795,7
45,145,12.8967,15.9158,3
45,281,12.975,16.0382,3
45,241,-0.182332,-21.147,5
45,101,12.975,16.0382,3
45,149,3.28255,-1.07213,7
45,253,3.28255,-1.07213,7
45,133,12.975,16.0382,3
45,85,3.28255,-1.07213,7
45,393,9.63301,10.0857,3
45,177,12.975,16.0382,3
45,57,3.28255,-1.07213,7
45,137,3.28255,-1.07213,7
45,109,3.67884,-0.307524,7
45,185,3.28255,-1.07213,7
45,169,3.28255,-1.07213,7
45,73,12.975,16.0382,3
45,293,12.975,16.0382,3
45,41,0.728181,-16.8051,5
45,5,-0.306039,-22.5517,5
45,217,12.975,16.0382,3
45,61,3.28255,-1.07213,7
45,205,12.975,16.0382,3
45,445,12.975,16.0382,3
45,325,3.28255,-1.07213,7
45,353,3.28255,-1.07213,7
45,221,3.28255,-1.07213,7
45,333,2.09312,17.5751,6
45,89,3.655,-0.282983,7
45,201,12.975,16.0382,3
45,401,3.28255,-1.07213,7
46,213,3.28255,-1.07213,7
46,65,3.77095,-0.199523,7
46,321,3.28255,-1.07213,7
46,269,4.76533,1.55458,7
46,21,12.975,16.0382,3
46,45,3.77164,-0.199924,7
46,161,3.28255,-1.07213,7
46,193,3.28255,-1.07213,7
46,353,3.28255,-1.07213,7
46,89,3.28255,-1.07213,7
46,209,12.7698,15.683,3
46,9,11.4413,13.713,3
46,265,11.9216,14.3627,3
46,437,3.28255,-1.07213,7
46,33,-49,-1,4
46,385,-0.424353,-23.2557,5
46,405,3.28255,-1.07213,7
46,25,3.28255,-1.07213,7
46,101,12.975,16.0382,3
46,93,3.28255,-1.07213,7
46,105,12.975,16.0382,3
46,13,12.975,16.0382,3
46,17,4.72045,10.8093,6
46,61,3.28255,-1.07213,7
46,417,12.975,16.0382,3
46,445,12.975,16.0382,3
46,125,3.43305,-0.589697,7
46,181,3.28255,-1.07213,7
46,309,-13.0313,-1.20638,2
46,221,3.28255,-1.07213,7
46,121,3.28255,-1.07213,7
46,425,3.28255,-1.07213,7
46,285,3.28255,-1.07213,7
46,237,3.28255,-1.07213,7
46,333,2.09312,17.5751,6
46,389,-13.0313,-1.20638,2
46,137,3.28255,-1.07213,7
46,141,3.43936,-1.04737,7
46,29,3.28255,-1.07213,7
46,97,3.28255,-1.07213,7
46,85,3.28255,-1.07213,7
46,253,3.28255,-1.07213,7
46,305,3.28255,-1.07213,7
46,341,-0.250216,-21.8452,5
46,349,12.975,16.0382,3
46,257,3.28255,-1.07213,7
46,329,-0.331512,-22.7056,5
46,277,4.64849,1.40376,7
46,157,-0.314192,-20.3904,5
46,433,12.975,16.0382,3
46,377,-13.0313,-1.20638,2
46,145,12.3842,15.0575,3
46,229,-11.614,-1.04137,2
46,365,-13.0313,-1.20638,2
46,337,12.975,16.0382,3
46,57,3.28255,-1.07213,7
46,189,12.975,16.0382,3
46,37,12.3664,14.9618,3
46,345,3.28255,-1.07213,7
46,69,12.975,16.0382,3
46,273,12.975,16.0382,3
46,249,3.28255,-1.07213,7
46,381,3.28255,-1.07213,7
46,149,3.28255,-1.07213,7
46,49,12.975,16.0382,3
46,5,-0.303082,-22.5522,5
46,1,12.4736,15.1632,3
46,261,3.28255,-1.07213,7
46,233,12.6359,15.4403,3
46,41,0.728333,-16.8051,5
46,393,9.13445,9.21887,3
46,109,3.28255,-1.07213,7
46,73,12.975,16.0382,3
46,169,3.28255,-1.07213,7
46,401,3.28255,-1.07213,7
46,317,3.28255,-1.07213,7
46,409,2.09312,17.5751,6
46,185,3.46262,-1.03626,7
46,421,3.28255,-1.07213,7
46,369,-0.418765,-23.2223,5
46,201,12.975,16.0382,3
46,313,-6.90103,11.7833,1
46,117,15.7783,-12.6259,5
46,81,11.8054,14.1456,3
46,53,4.40402,9.20537,6
46,153,2.09312,17.5751,6
46,245,-0.424353,-23.2557,5
46,177,12.975,16.0382,3
46,357,-6.90103,11.7833,1
46,133,12.975,16.0382,3
46,281,12.975,16.0382,3
46,397,-13.0288,-1.20635,2
46,217,12.975,16.0382,3
46,301,12.975,16.0382,3
46,373,3.28255,-1.07213,7
46,241,-0.138717,-21.1539,5
46,173,3.28255,-1.07213,7
46,429,-0.275812,-23.1201,5
46,197,12.975,16.0382,3
46,325,3.42764,-0.812969,7
46,129,3.28255,-1.07213,7
46,289,3.28255,-1.07213,7
46,113,10.9243,12.6313,3
46,361,-13.0313,-1.20638,2
46,293,12.975,16.0382,3
46,413,3.28255,-1.07213,7
46,297,3.28255,-1.07213,7
46,205,12.975,16.0382,3
46,77,12.975,16.0382,3
46,225,12.975,16.0382,3
46,441,-0.412057,-23.1345,5
46,165,3.28255,-1.07213,7
47,137,3.28255,-1.07213,7
47,393,8.50359,8.44624,3
47,81,12.1937,14.9845,3
47,429,-0.380915,-23.0973,5
47,173,3.28255,-1.07213,7
47,309,-13.0313,-1.20638,2
47,109,3.28255,-1.07213,7
47,433,12.975,16.0382,3
47,401,3.28255,-1.07213,7
47,281,12.975,16.0382,3
47,441,-0.405117,-23.1356,5
47,221,3.74782,-0.187758,7
47,33,-49,-1,4
47,325,3.28255,-1.07213,7
47,261,3.28255,-1.07213,7
47,321,3.28255,-1.07213,7
47,369,-0.435607,-23.2298,5
47,413,3.28255,-1.07213,7
47,229,-11.7366,-0.789205,2
47,353,3.28255,-1.07213,7
47,89,3.28255,-1.07213,7
47,41,0.714746,-16.8028,5
47,213,3.28255,-1.07213,7
47,197,12.975,16.0382,3
47,117,15.7783,-12.6259,5
47,77,12.975,16.0382,3
47,329,-0.332105,-22.7055,5
47,73,12.975,16.0382,3
47,381,3.28255,-1.07213,7
47,417,12.975,16.0382,3
47,297,3.28255,-1.07213,7
47,273,12.975,16.0382,3
47,357,-6.90103,11.7833,1
47,17,5.87882,12.5556,6
47,45,3.28255,-1.07213,7
47,385,-0.424353,-23.2557,5
47,305,3.28255,-1.07213,7
47,129,3.58436,-0.166249,7
47,57,3.28255,-1.07213,7
47,361,-13.0313,-1.20638,2
47,265,12.4643,15.2037,3
47,161,3.28255,-1.07213,7
47,201,12.975,16.0382,3
47,149,3.28255,-1.07213,7
47,113,11.3505,13.5254,3
47,349,12.975,16.0382,3
47,225,12.975,16.0382,3
47,409,2.09312,17.5751,6
47,445,12.975,16.0382,3
47,313,-6.90103,11.7833,1
47,293,12.975,16.0382,3
47,1,12.9708,16.0308,3
47,13,12.3418,15.3204,3
47,25,3.28255,-1.07213,7
47,5,-0.305262,-22.5519,5
47,125,3.28255,-1.07213,7
47,165,3.28255,-1.07213,7
47,249,3.28255,-1.07213,7
47,241,-0.116114,-21.1575,5
47,421,3.28255,-1.07213,7
47,245,-0.424353,-23.2557,5
47,285,3.28255,-1.07213,7
47,389,-13.0313,-1.20638,2
47,177,12.975,16.0382,3
47,169,3.28255,-1.07213,7
47,397,-13.0288,-1.20636,2
47,437,3.28255,-1.07213,7
47,29,3.28255,-1.07213,7
47,289,3.28255,-1.07213,7
47,277,4.17247,0.524207,7
47,61,3.28255,-1.07213,7
47,373,3.28255,-1.07213,7
47,65,3.28255,-1.07213,7
47,97,3.28255,-1.07213,7
47,49,12.975,16.0382,3
47,337,12.975,16.0382,3
47,105,12.975,16.0382,3
47,141,3.86316,-0.137868,7
47,253,3.28255,-1.07213,7
47,333,2.09312,17.5751,6
47,9,12.0244,14.5295,3
47,37,12.8502,15.8376,3
47,121,3.28255,-1.07213,7
47,85,3.28255,-1.07213,7
47,317,3.28255,-1.07213,7
47,205,12.975,16.0382,3
47,425,3.28255,-1.07213,7
47,341,-0.597363,-21.9588,5
47,237,3.28255,-1.07213,7
47,181,3.28255,-1.07213,7
47,209,12.4685,15.1443,3
47,257,3.28255,-1.07213,7
47,185,3.28255,-1.07213,7
47,269,3.13581,0.717722,7
47,53,4.15764,6.21657,7
47,233,12.5174,15.5849,3
47,133,12.975,16.0382,3
47,93,3.28255,-1.07213,7
47,21,12.975,16.0382,3
47,345,3.28255,-1.07213,7
47,193,3.28255,-1.07213,7
47,405,3.28255,-1.07213,7
47,217,12.975,16.0382,3
47,189,12.975,16.0382,3
47,153,2.09312,17.5751,6
47,157,-0.390326,-22.389,5
47,145,12.9016,15.9132,3
47,101,12.975,16.0382,3
47,365,-13.0313,-1.20638,2
47,301,12.975,16.0382,3
47,69,12.975,16.0382,3
47,377,-13.0313,-1.20638,2
48,309,-13.0313,-1.20638,2
48,5,-0.306129,-22.5517,5
48,77,12.975,16.0382,3
48,69,12.9615,16.0144,3
48,325,3.28255,-1.07213,7
48,225,12.975,16.0382,3
48,337,12.975,16.0382,3
48,409,2.09312,17.5751,6
48,201,12.975,16.0382,3
48,293,12.975,16.0382,3
48,261,3.28255,-1.07213,7
48,285,3.28255,-1.07213,7
48,161,3.28255,-1.07213,7
48,381,3.28255,-1.07213,7
48,89,3.28255,-1.07213,7
48,405,3.28255,-1.07213,7
48,357,-6.90103,11.7833,1
48,277,3.68783,-0.350531,7
48,217,12.975,16.0382,3
48,433,12.975,16.0382,3
48,249,3.28255,-1.07213,7
48,49,12.975,16.0382,3
48,333,2.09312,17.5751,6
48,441,-0.404399,-23.1358,5
48,117,15.7783,-12.6259,5
48,53,4.46858,4.97198,7
48,85,3.28255,-1.07213,7
48,365,-13.0313,-1.20638,2
48,93,3.28255,-1.07213,7
48,29,3.28255,-1.07213,7
48,109,3.28255,-1.07213,7
48,281,12.975,16.0382,3
48,97,3.28255,-1.07213,7
48,417,12.975,16.0382,3
48,305,3.28255,-1.07213,7
48,13,11.9107,14.4131,3
48,349,12.975,16.0382,3
48,321,3.28255,-1.07213,7
48,289,3.28255,-1.07213,7
48,421,3.28255,-1.07213,7
48,265,12.975,16.0382,3
48,145,12.4009,15.0477,3
48,33,-49,-1,4
48,345,3.28255,-1.07213,7
48,105,12.975,16.0382,3
48,341,-0.261458,-22.1468,5
48,185,3.28255,-1.07213,7
48,165,3.65051,-0.164033,7
48,173,3.28255,-1.07213,7
48,229,-11.722,-0.979087,2
48,329,-0.331428,-22.7057,5
48,313,-6.90103,11.7833,1
48,193,3.28255,-1.07213,7
48,129,3.28255,-1.07213,7
48,401,3.28255,-1.07213,7
48,353,3.28255,-1.07213,7
48,369,-0.437437,-23.2307,5
48,245,-0.424353,-23.2557,5
48,317,3.28255,-1.07213,7
48,177,12.975,16.0382,3
48,413,3.28255,-1.07213,7
48,181,3.28255,-1.07213,7
48,101,12.975,16.0382,3
48,65,3.47173,-0.183836,7
48,169,3.28255,-1.07213,7
48,301,12.975,16.0382,3
48,205,12.975,16.0382,3
48,377,-13.0313,-1.20638,2
48,425,3.28255,-1.07213,7
48,257,3.28255,-1.07213,7
48,197,12.975,16.0382,3
48,9,12.0502,13.6047,3
48,113,10.5735,13.2148,3
48,385,-0.424353,-23.2557,5
48,21,12.975,16.0382,3
48,37,12.975,16.0382,3
48,153,2.09312,17.5751,6
48,221,3.28255,-1.07213,7
48,373,3.28255,-1.07213,7
48,445,12.975,16.0382,3
48,269,2.9229,0.413204,7
48,189,12.975,16.0382,3
48,137,3.28255,-1.07213,7
48,57,3.28255,-1.07213,7
48,157,-0.308141,-22.4037,5
48,81,12.8172,15.7692,3
48,393,8.0689,7.54437,3
48,61,3.78913,-0.210316,7
48,429,-0.389398,-23.0955,5
48,297,3.28255,-1.07213,7
48,17,5.91369,12.8721,6
48,397,-13.0288,-1.20652,2
48,437,3.28255,-1.07213,7
48,141,3.33307,-0.98655,7
48,389,-13.0313,-1.20638,2
48,45,3.28255,-1.07213,7
48,213,3.28255,-1.07213,7
48,273,12.975,16.0382,3
48,41,0.519639,-18.7812,5
48,73,12.975,16.0382,3
48,233,12.5196,15.9552,3
48,149,3.28255,-1.07213,7
48,133,12.975,16.0382,3
48,1,12.4779,15.1607,3
48,209,12.9615,16.0144,3
48,121,3.28255,-1.07213,7
48,25,3.28255,-1.07213,7
48,125,3.28255,-1.07213,7
48,241,-0.0801894,-21.164,5
48,237,3.28255,-1.07213,7
48,361,-13.0313,-1.20638,2
48,253,3.28255,-1.07213,7
49,253,3.28255,-1.07213,7
49,433,12.975,16.0382,3
49,105,12.975,16.0382,3
49,197,12.975,16.0382,3
49,45,3.28255,-1.07213,7
49,341,-0.251153,-22.1485,5
49,173,3.28255,-1.07213,7
49,413,3.28255,-1.07213,7
49,1,11.8118,14.4669,3
49,373,3.28255,-1.07213,7
49,245,-0.424353,-23.2557,5
49,129,3.61466,-0.155322,7
49,393,8.58264,8.40267,3
49,5,-0.306473,-22.5517,5
49,189,12.975,16.0382,3
49,201,12.975,16.0382,3
49,153,2.09312,17.5751,6
49,85,3.28255,-1.07213,7
49,21,12.975,16.0382,3
49,297,3.28255,-1.07213,7
49,281,12.975,16.0382,3
49,405,3.28255,-1.07213,7
49,357,-6.90103,11.7833,1
49,213,3.28255,-1.07213,7
49,109,3.13644,-0.906875,7
49,333,2.09312,17.5751,6
49,217,12.975,16.0382,3
49,185,3.28255,-1.07213,7
49,429,-0.391732,-23.095,5
49,409,2.09312,17.5751,6
49,9,11.4488,12.7934,3
49,209,12.975,16.0382,3
49,305,3.28255,-1.07213,7
49,225,12.975,16.0382,3
49,337,12.975,16.0382,3
49,77,12.975,16.0382,3
49,397,-13.0288,-1.20636,2
49,89,3.28255,-1.07213,7
49,417,12.975,16.0382,3
49,293,12.975,16.0382,3
49,353,3.28255,-1.07213,7
49,421,3.28255,-1.07213,7
49,233,12.7169,15.794,3
49,13,11.0665,14.187,3
49,425,3.28255,-1.07213,7
49,41,0.476703,-18.7735,5
49,369,-0.420921,-23.2334,5
49,301,12.975,16.0382,3
49,229,-11.7161,-1.04833,2
49,121,3.28255,-1.07213,7
49,205,12.975,16.0382,3
49,149,3.28255,-1.07213,7
49,445,12.975,16.0382,3
49,97,3.76274,-0.195171,7
49,345,3.28255,-1.07213,7
49,241,-0.0783459,-21.1643,5
49,385,-0.424353,-23.2557,5
49,401,3.28255,-1.07213,7
49,309,-13.0313,-1.20638,2
49,141,3.28255,-1.07213,7
49,273,12.975,16.0382,3
49,437,3.28255,-1.07213,7
49,181,3.28255,-1.07213,7
49,145,12.9035,15.9123,3
49,325,3.28255,-1.07213,7
49,441,-0.404282,-23.1358,5
49,57,3.28255,-1.07213,7
49,133,12.975,16.0382,3
49,365,-13.0313,-1.20638,2
49,157,-0.305804,-22.404,5
49,165,3.28255,-1.07213,7
49,93,3.28255,-1.07213,7
49,257,3.28255,-1.07213,7
49,261,3.28255,-1.07213,7
49,61,4.27475,0.663893,7
49,65,4.03698,0.650246,7
49,33,-49,-1,4
49,81,12.1149,15.1785,3
49,249,3.28255,-1.07213,7
49,17,4.51062,12.226,6
49,49,12.975,16.0382,3
49,321,3.28255,-1.07213,7
49,193,3.28255,-1.07213,7
49,329,-0.32087,-22.7077,5
49,137,3.28255,-1.07213,7
49,389,-13.0313,-1.20638,2
49,285,3.28255,-1.07213,7
49,349,12.975,16.0382,3
49,361,-13.0313,-1.20638,2
49,221,3.28255,-1.07213,7
49,69,12.407,15.7826,3
49,73,12.975,16.0382,3
49,169,3.28255,-1.07213,7
49,377,-13.0313,-1.20638,2
49,177,12.975,16.0382,3
49,101,12.975,16.0382,3
49,117,15.7783,-12.6259,5
49,113,11.3595,13.8921,3
49,29,3.28255,-1.07213,7
49,237,3.28255,-1.07213,7
49,53,3.87807,2.0308,7
49,25,3.28255,-1.07213,7
49,37,12.4821,15.1681,3
49,277,3.28255,-1.07213,7
49,381,3.28255,-1.07213,7
49,313,-6.90103,11.7833,1
49,125,3.28255,-1.07213,7
49,317,3.28255,-1.07213,7
49,265,12.975,16.0382,3
49,269,3.31641,-0.896467,7
49,161,3.28255,-1.07213,7
49,289,3.28255,-1.07213,7
50,437,3.28255,-1.07213,7
50,405,3.28255,-1.07213,7
50,417,12.975,16.0382,3
50,381,3.28255,-1.07213,7
50,73,12.975,16.0382,3
50,233,12.7843,15.7527,3
50,313,-6.90103,11.7833,1
50,245,-0.424353,-23.2557,5
50,421,3.28255,-1.07213,7
50,109,3.14478,-0.280768,7
50,277,3.28255,-1.07213,7
50,189,12.975,16.0382,3
50,89,3.28255,-1.07213,7
50,225,12.975,16.0382,3
50,197,12.975,16.0382,3
50,377,-13.0313,-1.20638,2
50,169,3.28255,-1.07213,7
50,361,-13.0313,-1.20638,2
50,141,3.29229,-0.0789473,7
50,41,0.443421,-18.7677,5
50,221,3.77075,-0.199403,7
50,125,3.28255,-1.07213,7
50,321,3.28255,-1.07213,7
50,445,12.975,16.0382,3
50,25,3.28255,-1.07213,7
50,341,-0.424353,-23.2557,5
50,9,10.8879,11.9612,3
50,93,3.28255,-1.07213,7
50,369,-0.420641,-23.2334,5
50,317,3.28255,-1.07213,7
50,213,3.28255,-1.07213,7
50,289,3.28255,-1.07213,7
50,253,3.28255,-1.07213,7
50,397,-13.0295,-1.20527,2
50,357,-6.90103,11.7833,1
50,1,12.4459,15.2505,3
50,413,3.28255,-1.07213,7
50,29,3.28255,-1.07213,7
50,217,12.975,16.0382,3
50,5,-0.30661,-22.5516,5
50,297,3.28255,-1.07213,7
50,257,3.28255,-1.07213,7
50,149,3.28255,-1.07213,7
50,77,12.975,16.0382,3
50,425,3.28255,-1.07213,7
50,97,3.29427,-1.03806,7
50,157,-0.292867,-22.4061,5
50,49,12.975,16.0382,3
50,325,3.28255,-1.07213,7
50,21,12.975,16.0382,3
50,309,-13.0313,-1.20638,2
50,269,3.28255,-1.07213,7
50,185,3.50917,-1.03377,7
50,133,12.975,16.0382,3
50,201,12.975,16.0382,3
50,281,12.975,16.0382,3
50,81,12.975,16.0382,3
50,177,12.975,16.0382,3
50,337,12.975,16.0382,3
50,349,12.975,16.0382,3
50,265,12.3485,15.3049,3
50,153,2.09312,17.5751,6
50,409,2.09312,17.5751,6
50,333,2.09312,17.5751,6
50,117,15.7783,-12.6259,5
50,65,4.58352,1.49106,7
50,209,12.9615,16.0144,3
50,273,12.975,16.0382,3
50,105,12.975,16.0382,3
50,121,3.28255,-1.07213,7
50,33,-49,-1,4
50,441,-0.402744,-23.1361,5
50,241,-0.368672,-23.1027,5
50,345,3.28255,-1.07213,7
50,173,3.28255,-1.07213,7
50,429,-0.396586,-23.0942,5
50,57,3.28255,-1.07213,7
50,45,3.28255,-1.07213,7
50,161,3.28255,-1.07213,7
50,17,4.86158,12.3573,6
50,301,12.975,16.0382,3
50,389,-13.0313,-1.20638,2
50,129,3.28255,-1.07213,7
50,305,3.28255,-1.07213,7
50,61,3.28255,-1.07213,7
50,85,3.28255,-1.07213,7
50,393,8.0909,7.53198,3
50,101,12.975,16.0382,3
50,237,3.28255,-1.07213,7
50,385,-0.424353,-23.2557,5
50,285,3.28255,-1.07213,7
50,53,3.86176,0.953668,7
50,229,-11.7139,-1.11735,2
50,165,3.28255,-1.07213,7
50,293,12.975,16.0382,3
50,373,3.28255,-1.07213,7
50,193,3.28255,-1.07213,7
50,249,3.28255,-1.07213,7
50,37,12.975,16.0382,3
50,113,10.6475,13.2558,3
50,69,12.975,16.0382,3
50,261,3.28255,-1.07213,7
50,13,11.9609,14.691,3
50,205,12.975,16.0382,3
50,365,-13.0313,-1.20638,2
50,401,3.28255,-1.07213,7
50,137,3.28255,-1.07213,7
50,145,12.3838,15.0592,3
50,353,3.28255,-1.07213,7
50,329,-0.553217,-22.8079,5
50,433,12.975,16.0382,3
50,181,3.28255,-1.07213,7
51,265,12.975,16.0382,3
51,85,3.28255,-1.07213,7
51,225,12.975,16.0382,3
51,321,3.28255,-1.07213,7
51,329,-0.410772,-22.8226,5
51,177,12.975,16.0382,3
51,373,3.28255,-1.07213,7
51,73,12.975,16.0382,3
51,305,3.28255,-1.07213,7
51,205,12.975,16.0382,3
51,257,3.28255,-1.07213,7
51,357,-6.90103,11.7833,1
51,281,12.975,16.0382,3
51,369,-0.420095,-23.2335,5
51,113,10.3141,12.2914,3
51,273,12.975,16.0382,3
51,53,3.66848,-0.060564,7
51,29,3.28255,-1.07213,7
51,237,3.28255,-1.07213,7
51,149,3.28255,-1.07213,7
51,141,3.28677,-1.06468,7
51,37,12.975,16.0382,3
51,193,3.28255,-1.07213,7
51,81,12.4821,15.1681,3
51,77,12.975,16.0382,3
51,161,3.28255,-1.07213,7
51,353,3.28255,-1.07213,7
51,173,3.28255,-1.07213,7
51,269,3.77543,-0.202038,7
51,25,3.28255,-1.07213,7
51,377,-13.0313,-1.20638,2
51,365,-13.0313,-1.20638,2
51,241,-0.394052,-23.0982,5
51,33,-49,-1,4
51,285,3.28255,-1.07213,7
51,297,3.28255,-1.07213,7
51,385,-0.424353,-23.2557,5
51,181,3.28255,-1.07213,7
51,397,-13.0294,-1.20533,2
51,69,12.2899,15.3596,3
51,129,3.28255,-1.07213,7
51,57,3.28255,-1.07213,7
51,169,3.28255,-1.07213,7
51,117,15.7783,-12.6259,5
51,313,-6.90103,11.7833,1
51,93,3.28255,-1.07213,7
51,361,-13.0313,-1.20638,2
51,105,12.975,16.0382,3
51,217,12.975,16.0382,3
51,145,12.9008,15.9152,3
51,1,12.975,16.0382,3
51,345,3.28255,-1.07213,7
51,389,-13.0313,-1.20638,2
51,101,12.975,16.0382,3
51,409,2.09312,17.5751,6
51,317,3.28255,-1.07213,7
51,413,3.28255,-1.07213,7
51,429,-0.397239,-23.0941,5
51,437,3.28255,-1.07213,7
51,333,2.09312,17.5751,6
51,185,3.28255,-1.07213,7
51,401,3.28255,-1.07213,7
51,21,12.975,16.0382,3
51,245,-0.424353,-23.2557,5
51,125,3.28255,-1.07213,7
51,97,3.78974,-0.169458,7
51,405,3.28255,-1.07213,7
51,445,12.975,16.0382,3
51,277,3.20652,-0.435438,7
51,65,3.85725,1.18561,7
51,109,3.28255,-1.07213,7
51,9,10.367,11.1066,3
51,425,3.28255,-1.07213,7
51,197,12.975,16.0382,3
51,433,12.975,16.0382,3
51,261,3.28255,-1.07213,7
51,17,4.54405,14.2051,6
51,293,12.975,16.0382,3
51,349,12.975,16.0382,3
51,221,3.28255,-1.07213,7
51,309,-13.0313,-1.20638,2
51,153,2.09312,17.5751,6
51,249,3.28255,-1.07213,7
51,421,3.28255,-1.07213,7
51,41,0.058223,-20.7302,5
51,49,12.975,16.0382,3
51,45,3.28255,-1.07213,7
51,5,-0.306665,-22.5516,5
51,189,12.975,16.0382,3
51,209,12.975,16.0382,3
51,417,12.975,16.0382,3
51,301,12.975,16.0382,3
51,165,3.28255,-1.07213,7
51,381,3.28255,-1.07213,7
51,233,12.975,16.0382,3
51,13,11.9852,13.7592,3
51,89,3.28255,-1.07213,7
51,201,12.975,16.0382,3
51,289,3.77744,-0.203185,7
51,121,3.28255,-1.07213,7
51,157,-0.58862,-22.5246,5
51,133,12.975,16.0382,3
51,341,-0.424353,-23.2557,5
51,441,-0.404156,-23.1358,5
51,325,3.28255,-1.07213,7
51,137,3.28255,-1.07213,7
51,337,12.975,16.0382,3
51,229,-12.1706,-1.5959,2
51,61,3.28255,-1.07213,7
51,393,6.2514,5.39407,7
51,253,3.28255,-1.07213,7
51,213,3.28255,-1.07213,7
52,81,12.975,16.0382,3
52,397,-13.0294,-1.20637,2
52,5,-0.424353,-23.2557,5
52,417,12.975,16.0382,3
52,253,3.28255,-1.07213,7
52,329,-0.424353,-23.2557,5
52,381,3.28255,-1.07213,7
52,361,-13.0313,-1.20638,2
52,145,12.4097,15.0441,3
52,57,3.28255,-1.07213,7
52,281,12.975,16.0382,3
52,109,3.28255,-1.07213,7
52,137,3.28255,-1.07213,7
52,157,-0.4188,-22.5405,5
52,153,2.09312,17.5751,6
52,21,12.975,16.0382,3
52,233,12.975,16.0382,3
52,205,12.975,16.0382,3
52,9,10.807,12.006,3
52,125,3.28255,-1.07213,7
52,221,3.28255,-1.07213,7
52,113,11.8601,13.8281,3
52,369,-0.420754,-23.2334,5
52,45,3.28255,-1.07213,7
52,229,-12.1534,-1.37423,2
52,305,3.28255,-1.07213,7
52,301,12.975,16.0382,3
52,161,3.28255,-1.07213,7
52,29,3.28255,-1.07213,7
52,185,3.50908,-1.77425,7
52,173,3.28255,-1.07213,7
52,149,3.28255,-1.07213,7
52,293,12.975,16.0382,3
52,317,3.28255,-1.07213,7
52,313,-6.90103,11.7833,1
52,405,3.28255,-1.07213,7
52,105,12.975,16.0382,3
52,49,12.975,16.0382,3
52,77,12.975,16.0382,3
52,365,-13.0313,-1.20638,2
52,393,5.22962,4.50271,7
52,345,3.28255,-1.07213,7
52,209,12.975,16.0382,3
52,193,3.28255,-1.07213,7
52,69,11.875,14.4411,3
52,341,-0.424353,-23.2557,5
52,421,3.28255,-1.07213,7
52,201,12.975,16.0382,3
52,321,3.28255,-1.07213,7
52,241,-0.333225,-23.1824,5
52,445,12.975,16.0382,3
52,13,11.4097,12.9352,3
52,53,3.28255,-1.07213,7
52,401,3.28255,-1.07213,7
52,389,-13.0313,-1.20638,2
52,429,-0.397327,-23.094,5
52,197,12.975,16.0382,3
52,377,-13.0313,-1.20638,2
52,1,12.4821,15.1681,3
52,273,12.975,16.0382,3
52,409,2.09312,17.5751,6
52,89,3.28255,-1.07213,7
52,437,3.28255,-1.07213,7
52,261,3.28255,-1.07213,7
52,385,-0.424353,-23.2557,5
52,121,3.28255,-1.07213,7
52,165,3.28255,-1.07213,7
52,25,3.28255,-1.07213,7
52,349,12.975,16.0382,3
52,189,12.975,16.0382,3
52,245,-0.424353,-23.2557,5
52,129,3.38956,-0.738638,7
52,237,3.28255,-1.07213,7
52,141,3.28255,-1.07213,7
52,277,3.85537,0.356127,7
52,337,12.975,16.0382,3
52,425,3.28255,-1.07213,7
52,85,3.3901,-0.739496,7
52,169,3.28255,-1.07213,7
52,353,3.28255,-1.07213,7
52,177,12.975,16.0382,3
52,257,3.28255,-1.07213,7
52,441,-0.404302,-23.1358,5
52,117,15.7783,-12.6259,5
52,297,3.28255,-1.07213,7
52,357,-6.90103,11.7833,1
52,37,12.975,16.0382,3
52,41,0.0396144,-20.727,5
52,61,3.28255,-1.07213,7
52,413,3.28255,-1.07213,7
52,97,3.3,-1.04132,7
52,269,3.27929,-0.43965,7
52,17,4.80428,14.2234,6
52,73,12.975,16.0382,3
52,225,12.975,16.0382,3
52,433,12.975,16.0382,3
52,65,3.80009,0.136173,7
52,265,12.975,16.0382,3
52,325,3.28255,-1.07213,7
52,373,3.28255,-1.07213,7
52,101,12.975,16.0382,3
52,133,12.975,16.0382,3
52,217,12.975,16.0382,3
52,333,2.09312,17.5751,6
52,289,4.07706,-0.565844,7
52,309,-13.0313,-1.20638,2
52,93,3.28255,-1.07213,7
52,33,-49,-1,4
52,213,3.28255,-1.07213,7
52,181,3.28255,-1.07213,7
52,249,3.28255,-1.07213,7
52,285,3.28255,-1.07213,7
53,89,3.28255,-1.07213,7
53,13,10.7522,13.3399,3
53,305,3.28255,-1.07213,7
53,441,-0.404317,-23.1358,5
53,397,-13.0294,-1.20637,2
53,437,3.28255,-1.07213,7
53,341,-0.424353,-23.2557,5
53,181,3.28255,-1.07213,7
53,269,3.28255,-1.07213,7
53,21,12.975,16.0382,3
53,97,3.79466,-0.172241,7
53,273,12.975,16.0382,3
53,25,3.28255,-1.07213,7
53,217,12.975,16.0382,3
53,61,3.28255,-1.07213,7
53,445,12.975,16.0382,3
53,249,3.28255,-1.07213,7
53,77,12.975,16.0382,3
53,73,12.975,16.0382,3
53,241,-0.403535,-23.1683,5
53,213,3.28255,-1.07213,7
53,257,3.28255,-1.07213,7
53,385,-0.424353,-23.2557,5
53,321,3.28255,-1.07213,7
53,121,3.28255,-1.07213,7
53,41,0.0268848,-20.7248,5
53,313,-6.90103,11.7833,1
53,345,3.28255,-1.07213,7
53,205,12.975,16.0382,3
53,253,3.28255,-1.07213,7
53,301,12.975,16.0382,3
53,337,12.975,16.0382,3
53,149,3.28255,-1.07213,7
53,429,-0.477343,-23.1329,5
53,317,3.28255,-1.07213,7
53,237,3.28255,-1.07213,7
53,57,3.28255,-1.07213,7
53,413,3.28255,-1.07213,7
53,1,11.9893,14.298,3
53,53,3.28255,-1.07213,7
53,357,-6.90103,11.7833,1
53,245,-0.424353,-23.2557,5
53,45,3.28255,-1.07213,7
53,289,4.25141,-0.718028,7
53,65,3.43061,-0.79652,7
53,129,3.28255,-1.07213,7
53,153,2.09312,17.5751,6
53,381,3.28255,-1.07213,7
53,29,3.28255,-1.07213,7
53,293,12.975,16.0382,3
53,49,12.975,16.0382,3
53,189,12.975,16.0382,3
53,17,5.01994,14.0843,6
53,417,12.975,16.0382,3
53,421,3.28255,-1.07213,7
53,333,2.09312,17.5751,6
53,297,3.28255,-1.07213,7
53,365,-13.0313,-1.20638,2
53,229,-12.4706,-1.64204,2
53,37,12.975,16.0382,3
53,353,3.28255,-1.07213,7
53,33,-49,-1,4
53,141,3.28255,-1.07213,7
53,401,3.28255,-1.07213,7
53,393,5.10618,3.45811,7
53,177,12.975,16.0382,3
53,309,-13.0313,-1.20638,2
53,221,3.28255,-1.07213,7
53,173,3.28255,-1.07213,7
53,349,12.975,16.0382,3
53,5,-0.424353,-23.2557,5
53,169,3.28255,-1.07213,7
53,233,12.975,16.0382,3
53,85,3.28255,-1.07213,7
53,325,3.73265,-0.181806,7
53,193,3.28255,-1.07213,7
53,265,12.4775,15.1707,3
53,165,3.28255,-1.07213,7
53,113,11.3248,12.982,3
53,197,12.975,16.0382,3
53,209,12.975,16.0382,3
53,133,12.975,16.0382,3
53,261,3.28255,-1.07213,7
53,225,12.975,16.0382,3
53,377,-13.0313,-1.20638,2
53,81,12.4975,15.16,3
53,425,3.28255,-1.07213,7
53,329,-0.424353,-23.2557,5
53,277,4.41408,1.19031,7
53,157,-0.35152,-22.5497,5
53,433,12.975,16.0382,3
53,93,3.28255,-1.07213,7
53,9,12.1376,14.5019,3
53,137,3.28255,-1.07213,7
53,409,2.09312,17.5751,6
53,405,3.28255,-1.07213,7
53,69,11.8202,14.6828,3
53,389,-13.0313,-1.20638,2
53,185,3.28255,-1.07213,7
53,117,15.7783,-12.6259,5
53,373,3.28255,-1.07213,7
53,369,-0.42064,-23.2335,5
53,201,12.975,16.0382,3
53,285,3.28255,-1.07213,7
53,145,11.9098,14.178,3
53,361,-13.0313,-1.20638,2
53,109,3.28255,-1.07213,7
53,105,12.975,16.0382,3
53,101,12.975,16.0382,3
53,125,3.28255,-1.07213,7
53,281,12.975,16.0382,3
53,161,3.28255,-1.07213,7
54,225,12.975,16.0382,3
54,369,-0.420638,-23.2335,5
54,113,11.7228,14.5956,3
54,217,12.975,16.0382,3
54,281,12.975,16.0382,3
54,17,4.35018,12.9943,6
54,29,3.77046,-0.19926,7
54,129,3.28255,-1.07213,7
54,229,-12.4752,-1.29638,2
54,157,-0.100666,-22.8251,5
54,169,3.28255,-1.07213,7
54,61,3.75141,-0.189961,7
54,269,3.28255,-1.07213,7
54,189,12.975,16.0382,3
54,245,-0.424353,-23.2557,5
54,297,3.28255,-1.07213,7
54,381,3.28255,-1.07213,7
54,13,11.3228,14.7174,3
54,393,4.84911,2.46955,7
54,165,3.74256,-0.185734,7
54,249,3.28255,-1.07213,7
54,361,-13.0313,-1.20638,2
54,81,12.975,16.0382,3
54,125,3.28255,-1.07213,7
54,25,3.28255,-1.07213,7
54,325,3.28255,-1.07213,7
54,377,-13.0313,-1.20638,2
54,89,3.28255,-1.07213,7
54,261,3.28255,-1.07213,7
54,341,-0.424353,-23.2557,5
54,37,12.975,16.0382,3
54,141,3.28255,-1.07213,7
54,173,3.28255,-1.07213,7
54,265,11.9716,14.3084,3
54,289,3.29409,-1.05145,7
54,305,3.28255,-1.07213,7
54,109,3.28255,-1.07213,7
54,1,11.4241,14.663,3
54,209,12.975,16.0382,3
54,329,-0.424353,-23.2557,5
54,57,3.28255,-1.07213,7
54,93,3.28255,-1.07213,7
54,49,12.975,16.0382,3
54,321,3.28255,-1.07213,7
54,65,3.28255,-1.07213,7
54,397,-13.0308,-1.20718,2
54,73,12.975,16.0382,3
54,445,12.975,16.0382,3
54,309,-13.0313,-1.20638,2
54,429,-0.411193,-23.1428,5
54,385,-0.424353,-23.2557,5
54,41,0.033206,-20.7259,5
54,253,3.28255,-1.07213,7
54,117,15.7783,-12.6259,5
54,153,2.09312,17.5751,6
54,97,3.29857,-1.04176,7
54,333,2.09312,17.5751,6
54,353,3.28255,-1.07213,7
54,145,11.2395,14.4114,3
54,213,3.28255,-1.07213,7
54,45,3.74256,-0.185734,7
54,405,3.28255,-1.07213,7
54,121,3.28255,-1.07213,7
54,149,3.28255,-1.07213,7
54,161,3.28255,-1.07213,7
54,85,3.29857,-1.04176,7
54,33,-49,-1,4
54,433,12.975,16.0382,3
54,365,-13.0313,-1.20638,2
54,293,12.975,16.0382,3
54,417,12.975,16.0382,3
54,345,3.28255,-1.07213,7
54,437,3.28255,-1.07213,7
54,285,3.28255,-1.07213,7
54,313,-6.90103,11.7833,1
54,193,3.28255,-1.07213,7
54,5,-0.424353,-23.2557,5
54,241,-0.407909,-23.1675,5
54,9,12.612,15.3824,3
54,201,12.975,16.0382,3
54,257,3.28255,-1.07213,7
54,421,3.28255,-1.07213,7
54,133,12.975,16.0382,3
54,317,3.28255,-1.07213,7
54,373,3.28255,-1.07213,7
54,205,12.975,16.0382,3
54,337,12.975,16.0382,3
54,69,12.5441,15.4001,3
54,185,3.28255,-1.07213,7
54,21,12.975,16.0382,3
54,401,3.28255,-1.07213,7
54,77,12.975,16.0382,3
54,105,12.975,16.0382,3
54,425,3.28255,-1.07213,7
54,413,3.28255,-1.07213,7
54,357,-6.90103,11.7833,1
54,137,3.28255,-1.07213,7
54,181,3.28255,-1.07213,7
54,233,12.975,16.0382,3
54,197,12.975,16.0382,3
54,177,12.975,16.0382,3
54,237,3.28255,-1.07213,7
54,221,3.28255,-1.07213,7
54,53,3.28255,-1.07213,7
54,301,12.975,16.0382,3
54,389,-13.0313,-1.20638,2
54,441,-0.356492,-23.2032,5
54,349,12.975,16.0382,3
54,277,3.28255,-1.07213,7
54,409,2.09312,17.5751,6
54,101,12.975,16.0382,3
54,273,12.975,16.0382,3
55,241,-0.408243,-23.1674,5
55,57,3.28255,-1.07213,7
55,233,12.975,16.0382,3
55,385,-0.424353,-23.2557,5
55,285,3.28255,-1.07213,7
55,145,12.074,15.0346,3
55,105,12.975,16.0382,3
55,249,3.28255,-1.07213,7
55,33,-49,-1,4
55,229,-12.4741,-1.23352,2
55,317,3.28255,-1.07213,7
55,389,-13.0313,-1.20638,2
55,37,12.975,16.0382,3
55,345,3.28255,-1.07213,7
55,357,-6.90103,11.7833,1
55,349,12.975,16.0382,3
55,245,-0.424353,-23.2557,5
55,297,3.28255,-1.07213,7
55,189,12.975,16.0382,3
55,89,3.28255,-1.07213,7
55,161,3.28255,-1.07213,7
55,405,3.28255,-1.07213,7
55,149,3.28255,-1.07213,7
55,121,3.28255,-1.07213,7
55,185,3.47484,-1.03533,7
55,341,-0.424353,-23.2557,5
55,361,-13.0313,-1.20638,2
55,73,12.975,16.0382,3
55,441,-0.410422,-23.1928,5
55,173,3.28255,-1.07213,7
55,65,3.28255,-1.07213,7
55,85,3.28255,-1.07213,7
55,137,3.28255,-1.07213,7
55,417,12.975,16.0382,3
55,181,3.28255,-1.07213,7
55,125,3.28255,-1.07213,7
55,397,-13.0308,-1.20718,2
55,133,12.975,16.0382,3
55,21,12.975,16.0382,3
55,217,12.975,16.0382,3
55,309,-13.0313,-1.20638,2
55,5,-0.424353,-23.2557,5
55,369,-0.411595,-23.2471,5
55,213,3.28255,-1.07213,7
55,221,3.77225,-0.200257,7
55,305,3.28255,-1.07213,7
55,257,3.28255,-1.07213,7
55,429,-0.406187,-23.1437,5
55,117,15.7783,-12.6259,5
55,97,3.28255,-1.07213,7
55,377,-13.0313,-1.20638,2
55,333,2.09312,17.5751,6
55,273,12.975,16.0382,3
55,289,3.28255,-1.07213,7
55,165,3.28255,-1.07213,7
55,109,3.28255,-1.07213,7
55,225,12.975,16.0382,3
55,325,3.28255,-1.07213,7
55,437,3.28255,-1.07213,7
55,101,12.975,16.0382,3
55,401,3.28255,-1.07213,7
55,209,12.4427,15.2198,3
55,313,-6.90103,11.7833,1
55,445,12.975,16.0382,3
55,29,3.28255,-1.07213,7
55,253,3.28255,-1.07213,7
55,329,-0.424353,-23.2557,5
55,381,3.28255,-1.07213,7
55,421,3.28255,-1.07213,7
55,321,3.28255,-1.07213,7
55,281,12.975,16.0382,3
55,153,2.09312,17.5751,6
55,1,11.1219,13.6737,3
55,9,12.1197,14.5121,3
55,177,12.975,16.0382,3
55,61,3.28255,-1.07213,7
55,81,12.4821,15.1681,3
55,269,3.28255,-1.07213,7
55,41,-0.000596863,-20.7209,5
55,201,12.975,16.0382,3
55,265,11.7961,13.9636,3
55,301,12.975,16.0382,3
55,277,3.28255,-1.07213,7
55,261,3.28255,-1.07213,7
55,113,11.3404,13.6591,3
55,129,3.28255,-1.07213,7
55,205,12.975,16.0382,3
55,169,3.28255,-1.07213,7
55,93,3.28255,-1.07213,7
55,193,3.28255,-1.07213,7
55,353,3.28255,-1.07213,7
55,433,12.975,16.0382,3
55,141,3.28255,-1.07213,7
55,393,3.63464,-0.265736,7
55,49,12.975,16.0382,3
55,13,12.307,15.2311,3
55,373,3.28255,-1.07213,7
55,365,-13.0313,-1.20638,2
55,45,3.28255,-1.07213,7
55,237,3.28255,-1.07213,7
55,17,4.69171,13.2235,6
55,25,3.28255,-1.07213,7
55,197,12.975,16.0382,3
55,413,3.28255,-1.07213,7
55,337,12.975,16.0382,3
55,53,3.28255,-1.07213,7
55,69,12.0737,14.5171,3
55,425,3.28255,-1.07213,7
55,409,2.09312,17.5751,6
55,293,12.975,16.0382,3
55,77,12.975,16.0382,3
55,157,-0.265889,-22.7847,5
56,105,12.975,16.0382,3
56,17,5.86273,14.3794,6
56,97,3.28255,-1.07213,7
56,285,3.28255,-1.07213,7
56,397,-13.0309,-1.20638,2
56,189,12.975,16.0382,3
56,109,3.28255,-1.07213,7
56,209,11.9042,14.3826,3
56,9,11.6244,13.6433,3
56,221,3.28255,-1.07213,7
56,325,3.28255,-1.07213,7
56,13,12.9485,15.9925,3
56,257,3.28255,-1.07213,7
56,173,3.28255,-1.07213,7
56,65,3.28255,-1.07213,7
56,241,-0.409462,-23.1672,5
56,89,3.28255,-1.07213,7
56,357,-6.90103,11.7833,1
56,425,3.28255,-1.07213,7
56,389,-13.0313,-1.20638,2
56,317,3.28255,-1.07213,7
56,1,11.8159,14.4175,3
56,345,3.28255,-1.07213,7
56,229,-12.5764,-1.03418,2
56,5,-0.424353,-23.2557,5
56,437,3.28255,-1.07213,7
56,185,3.66334,-1.00149,7
56,249,3.28255,-1.07213,7
56,253,3.28255,-1.07213,7
56,277,3.28255,-1.07213,7
56,373,3.28255,-1.07213,7
56,213,3.28255,-1.07213,7
56,41,-0.491803,-20.866,5
56,297,3.28255,-1.07213,7
56,61,3.28255,-1.07213,7
56,49,12.975,16.0382,3
56,153,2.09312,17.5751,6
56,117,15.7783,-12.6259,5
56,421,3.28255,-1.07213,7
56,273,12.975,16.0382,3
56,405,3.28255,-1.07213,7
56,433,12.975,16.0382,3
56,409,2.09312,17.5751,6
56,73,12.975,16.0382,3
56,233,12.975,16.0382,3
56,145,11.6746,14.1083,3
56,301,12.975,16.0382,3
56,57,3.28255,-1.07213,7
56,385,-0.424353,-23.2557,5
56,341,-0.424353,-23.2557,5
56,401,3.28255,-1.07213,7
56,93,3.28255,-1.07213,7
56,337,12.975,16.0382,3
56,169,3.28255,-1.07213,7
56,429,-0.4057,-23.1437,5
56,417,12.975,16.0382,3
56,129,3.28255,-1.07213,7
56,137,3.28255,-1.07213,7
56,289,3.28255,-1.07213,7
56,333,2.09312,17.5751,6
56,377,-13.0313,-1.20638,2
56,29,3.54922,-0.155671,7
56,313,-6.90103,11.7833,1
56,197,12.975,16.0382,3
56,81,11.9979,14.2932,3
56,265,11.2822,13.1059,3
56,101,12.975,16.0382,3
56,281,12.975,16.0382,3
56,261,3.28255,-1.07213,7
56,269,3.28255,-1.07213,7
56,217,12.975,16.0382,3
56,245,-0.424353,-23.2557,5
56,393,3.28255,-1.07213,7
56,201,12.975,16.0382,3
56,193,3.28255,-1.07213,7
56,125,3.76575,-0.196757,7
56,113,10.6721,13.8681,3
56,205,12.975,16.0382,3
56,309,-13.0313,-1.20638,2
56,77,12.975,16.0382,3
56,45,3.28255,-1.07213,7
56,413,3.28255,-1.07213,7
56,353,3.28255,-1.07213,7
56,361,-13.0313,-1.20638,2
56,237,3.28255,-1.07213,7
56,161,3.28255,-1.07213,7
56,141,3.77543,-0.202038,7
56,305,3.28255,-1.07213,7
56,121,3.28255,-1.07213,7
56,293,12.975,16.0382,3
56,25,3.28255,-1.07213,7
56,177,12.975,16.0382,3
56,69,12.975,16.0382,3
56,33,-49,-1,4
56,225,12.975,16.0382,3
56,133,12.975,16.0382,3
56,53,3.28255,-1.07213,7
56,445,12.975,16.0382,3
56,365,-13.0313,-1.20638,2
56,157,-0.318838,-22.7746,5
56,321,3.28255,-1.07213,7
56,85,3.28255,-1.07213,7
56,37,12.4918,15.1628,3
56,349,12.975,16.0382,3
56,381,3.28255,-1.07213,7
56,181,3.28255,-1.07213,7
56,369,-0.422483,-23.2452,5
56,21,12.975,16.0382,3
56,441,-0.413554,-23.1923,5
56,149,3.28255,-1.07213,7
56,165,3.76506,-0.196252,7
56,329,-0.424353,-23.2557,5
57,357,-6.90103,11.7833,1
57,421,3.28255,-1.07213,7
57,29,4.12005,0.672794,7
57,425,3.28255,-1.07213,7
57,249,3.28255,-1.07213,7
57,105,12.975,16.0382,3
57,53,3.28255,-1.07213,7
57,365,-13.0313,-1.20638,2
57,109,3.77317,-0.200773,7
57,233,12.975,16.0382,3
57,253,3.28255,-1.07213,7
57,393,3.17262,-0.959994,7
57,137,3.28255,-1.07213,7
57,61,3.28255,-1.07213,7
57,321,3.28255,-1.07213,7
57,221,3.75598,-0.19198,7
57,85,3.76633,-0.197095,7
57,129,3.28255,-1.07213,7
57,201,12.975,16.0382,3
57,441,-0.413735,-23.1922,5
57,349,12.975,16.0382,3
57,161,3.28255,-1.07213,7
57,381,3.28255,-1.07213,7
57,297,3.28255,-1.07213,7
57,341,-0.424353,-23.2557,5
57,189,12.975,16.0382,3
57,305,3.28255,-1.07213,7
57,257,3.28255,-1.07213,7
57,141,3.28255,-1.07213,7
57,281,12.975,16.0382,3
57,113,10.4124,12.8544,3
57,217,12.975,16.0382,3
57,277,3.7668,-0.197316,7
57,413,3.28255,-1.07213,7
57,121,3.28255,-1.07213,7
57,345,3.28255,-1.07213,7
57,149,3.28255,-1.07213,7
57,57,3.28255,-1.07213,7
57,41,-0.340018,-20.883,5
57,25,3.28255,-1.07213,7
57,397,-13.0313,-1.20638,2
57,133,12.975,16.0382,3
57,45,3.47106,-1.03663,7
57,373,3.28255,-1.07213,7
57,329,-0.424353,-23.2557,5
57,417,12.975,16.0382,3
57,313,-6.90103,11.7833,1
57,405,3.28255,-1.07213,7
57,93,3.28255,-1.07213,7
57,13,12.4517,15.1247,3
57,369,-0.422593,-23.2452,5
57,9,12.0815,14.5314,3
57,309,-13.0313,-1.20638,2
57,389,-13.0313,-1.20638,2
57,169,3.28255,-1.07213,7
57,173,3.28255,-1.07213,7
57,209,11.5832,13.8757,3
57,17,8.78678,15.0496,3
57,197,12.975,16.0382,3
57,153,2.09312,17.5751,6
57,429,-0.400767,-23.1448,5
57,97,3.28255,-1.07213,7
57,81,12.429,15.1751,3
57,237,3.28255,-1.07213,7
57,157,-0.419424,-22.7786,5
57,445,12.975,16.0382,3
57,317,3.28255,-1.07213,7
57,325,3.28255,-1.07213,7
57,301,12.975,16.0382,3
57,409,2.09312,17.5751,6
57,269,3.76865,-0.199329,7
57,65,3.28255,-1.07213,7
57,73,12.975,16.0382,3
57,213,3.28255,-1.07213,7
57,225,12.975,16.0382,3
57,33,-49,-1,4
57,5,-0.424353,-23.2557,5
57,361,-13.0313,-1.20638,2
57,433,12.975,16.0382,3
57,377,-13.0313,-1.20638,2
57,101,12.975,16.0382,3
57,337,12.975,16.0382,3
57,385,-0.424353,-23.2557,5
57,37,11.9944,14.2953,3
57,125,3.28255,-1.07213,7
57,261,3.28255,-1.07213,7
57,69,12.975,16.0382,3
57,241,-0.424353,-23.2557,5
57,49,12.975,16.0382,3
57,333,2.09312,17.5751,6
57,181,3.28255,-1.07213,7
57,77,12.975,16.0382,3
57,229,-12.6416,-0.946963,2
57,185,3.84098,-0.969905,7
57,117,15.7783,-12.6259,5
57,293,12.975,16.0382,3
57,265,11.7892,13.9679,3
57,1,11.1114,13.8534,3
57,245,-0.424353,-23.2557,5
57,165,3.28255,-1.07213,7
57,353,3.28255,-1.07213,7
57,89,3.28255,-1.07213,7
57,289,3.28255,-1.07213,7
57,285,3.28255,-1.07213,7
57,21,12.975,16.0382,3
57,205,12.975,16.0382,3
57,437,3.28255,-1.07213,7
57,177,12.975,16.0382,3
57,145,12.2137,14.946,3
57,273,12.975,16.0382,3
57,401,3.28255,-1.07213,7
57,193,3.28255,-1.07213,7
58,41,-0.23862,-20.8963,5
58,429,-0.405207,-23.1441,5
58,169,3.28255,-1.07213,7
58,85,4.23785,0.684131,7
58,153,2.09312,17.5751,6
58,361,-13.0313,-1.20638,2
58,321,3.28255,-1.07213,7
58,385,-0.424353,-23.2557,5
58,249,3.28255,-1.07213,7
58,113,10.0802,11.8907,3
58,73,12.975,16.0382,3
58,201,12.975,16.0382,3
58,241,-0.424353,-23.2557,5
58,393,3.28255,-1.07213,7
58,37,11.3732,14.6134,3
58,117,15.7783,-12.6259,5
58,5,-0.424353,-23.2557,5
58,129,3.28255,-1.07213,7
58,221,4.25507,0.674632,7
58,77,12.975,16.0382,3
58,213,3.28255,-1.07213,7
58,433,12.975,16.0382,3
58,177,12.975,16.0382,3
58,245,-0.424353,-23.2557,5
58,305,3.28255,-1.07213,7
58,425,3.28255,-1.07213,7
58,193,3.28255,-1.07213,7
58,181,3.28255,-1.07213,7
58,109,3.2299,-0.87773,7
58,229,-12.627,-1.13621,2
58,237,3.28255,-1.07213,7
58,157,-0.36431,-22.7873,5
58,293,12.975,16.0382,3
58,225,12.975,16.0382,3
58,29,3.84678,-0.260369,7
58,137,3.28255,-1.07213,7
58,189,12.975,16.0382,3
58,377,-13.0313,-1.20638,2
58,373,3.28255,-1.07213,7
58,409,2.09312,17.5751,6
58,261,3.28255,-1.07213,7
58,285,3.28255,-1.07213,7
58,417,12.975,16.0382,3
58,125,3.28255,-1.07213,7
58,397,-13.0313,-1.20638,2
58,1,11.8596,14.5601,3
58,205,12.975,16.0382,3
58,281,12.975,16.0382,3
58,209,12.975,16.0382,3
58,81,11.9535,14.2951,3
58,277,3.35092,-1.00573,7
58,381,3.28255,-1.07213,7
58,253,3.28255,-1.07213,7
58,357,-6.90103,11.7833,1
58,161,3.28255,-1.07213,7
58,53,3.28255,-1.07213,7
58,325,3.28255,-1.07213,7
58,341,-0.424353,-23.2557,5
58,97,3.75118,-0.189788,7
58,145,12.8299,15.8321,3
58,333,2.09312,17.5751,6
58,301,12.975,16.0382,3
58,349,12.975,16.0382,3
58,317,3.28255,-1.07213,7
58,313,-6.90103,11.7833,1
58,401,3.28255,-1.07213,7
58,273,12.975,16.0382,3
58,105,12.975,16.0382,3
58,297,3.28255,-1.07213,7
58,265,11.3115,13.0894,3
58,345,3.28255,-1.07213,7
58,353,3.28255,-1.07213,7
58,9,12.4788,15.5361,3
58,329,-0.424353,-23.2557,5
58,365,-13.0313,-1.20638,2
58,173,3.28255,-1.07213,7
58,101,12.975,16.0382,3
58,149,3.28255,-1.07213,7
58,421,3.28255,-1.07213,7
58,441,-0.413746,-23.1922,5
58,133,12.975,16.0382,3
58,185,3.28255,-1.07213,7
58,45,3.28255,-1.07213,7
58,69,12.4438,15.1941,3
58,233,12.975,16.0382,3
58,65,3.28255,-1.07213,7
58,13,12.3041,14.9847,3
58,49,12.975,16.0382,3
58,445,12.975,16.0382,3
58,89,3.28255,-1.07213,7
58,217,12.975,16.0382,3
58,141,3.28255,-1.07213,7
58,413,3.28255,-1.07213,7
58,389,-13.0313,-1.20638,2
58,17,10.3679,14.7789,3
58,61,3.28255,-1.07213,7
58,197,12.975,16.0382,3
58,33,-49,-1,4
58,309,-13.0313,-1.20638,2
58,21,12.975,16.0382,3
58,57,3.28255,-1.07213,7
58,165,3.28255,-1.07213,7
58,405,3.28255,-1.07213,7
58,25,3.28255,-1.07213,7
58,93,3.28255,-1.07213,7
58,289,4.01679,-1.75102,7
58,269,3.28255,-1.07213,7
58,369,-0.422594,-23.2452,5
58,337,12.975,16.0382,3
58,121,3.28255,-1.07213,7
58,437,3.28255,-1.07213,7
58,257,3.28255,-1.07213,7
59,337,12.975,16.0382,3
59,149,3.28255,-1.07213,7
59,297,3.28255,-1.07213,7
59,245,-0.424353,-23.2557,5
59,265,10.8172,12.2202,3
59,145,12.9468,15.9885,3
59,377,-13.0313,-1.20638,2
59,277,3.28255,-1.07213,7
59,305,3.28255,-1.07213,7
59,93,3.28255,-1.07213,7
59,169,3.28255,-1.07213,7
59,85,3.53133,0.430138,7
59,413,3.28255,-1.07213,7
59,193,3.28255,-1.07213,7
59,13,11.8317,14.1028,3
59,21,12.975,16.0382,3
59,273,12.975,16.0382,3
59,353,3.28255,-1.07213,7
59,125,3.30028,-1.04984,7
59,349,12.975,16.0382,3
59,301,12.975,16.0382,3
59,233,12.975,16.0382,3
59,197,12.975,16.0382,3
59,381,3.28255,-1.07213,7
59,61,3.77491,-0.201747,7
59,49,12.975,16.0382,3
59,201,12.975,16.0382,3
59,317,3.28255,-1.07213,7
59,261,3.28255,-1.07213,7
59,333,2.09312,17.5751,6
59,213,3.28255,-1.07213,7
59,105,12.975,16.0382,3
59,153,2.09312,17.5751,6
59,221,3.34151,-0.987607,7
59,409,2.09312,17.5751,6
59,361,-13.0313,-1.20638,2
59,129,3.28255,-1.07213,7
59,41,-0.170954,-20.9059,5
59,37,12.4591,15.1578,3
59,73,12.975,16.0382,3
59,45,3.28255,-1.07213,7
59,369,-0.422594,-23.2452,5
59,425,3.28255,-1.07213,7
59,57,3.28255,-1.07213,7
59,321,3.28255,-1.07213,7
59,25,3.28255,-1.07213,7
59,161,3.28255,-1.07213,7
59,429,-0.405639,-23.144,5
59,189,12.975,16.0382,3
59,445,12.975,16.0382,3
59,69,12.4709,15.176,3
59,421,3.28255,-1.07213,7
59,397,-13.0313,-1.20638,2
59,97,3.28255,-1.07213,7
59,441,-0.413746,-23.1922,5
59,89,3.28255,-1.07213,7
59,81,12.6785,15.5341,3
59,181,3.28255,-1.07213,7
59,417,12.975,16.0382,3
59,121,3.28255,-1.07213,7
59,185,3.48086,-1.03495,7
59,285,3.28255,-1.07213,7
59,405,3.28255,-1.07213,7
59,109,3.28255,-1.07213,7
59,393,3.28255,-1.07213,7
59,1,11.4383,13.6479,3
59,257,3.28255,-1.07213,7
59,345,3.28255,-1.07213,7
59,293,12.975,16.0382,3
59,341,-0.424353,-23.2557,5
59,9,11.8525,14.8242,3
59,65,3.77491,-0.201747,7
59,209,12.975,16.0382,3
59,373,3.28255,-1.07213,7
59,117,15.7783,-12.6259,5
59,237,3.28255,-1.07213,7
59,157,-0.351992,-22.7893,5
59,241,-0.424353,-23.2557,5
59,5,-0.424353,-23.2557,5
59,385,-0.424353,-23.2557,5
59,357,-6.90103,11.7833,1
59,17,11.8025,15.063,3
59,137,3.28255,-1.07213,7
59,389,-13.0313,-1.20638,2
59,225,12.975,16.0382,3
59,165,3.28255,-1.07213,7
59,289,3.28255,-1.07213,7
59,401,3.28255,-1.07213,7
59,325,3.28255,-1.07213,7
59,141,3.28255,-1.07213,7
59,77,12.975,16.0382,3
59,33,-49,-1,4
59,101,12.975,16.0382,3
59,229,-12.6256,-1.18495,2
59,329,-0.424353,-23.2557,5
59,253,3.28255,-1.07213,7
59,249,3.28255,-1.07213,7
59,365,-13.0313,-1.20638,2
59,433,12.975,16.0382,3
59,205,12.975,16.0382,3
59,53,3.28255,-1.07213,7
59,29,3.28255,-1.07213,7
59,313,-6.90103,11.7833,1
59,281,12.975,16.0382,3
59,133,12.975,16.0382,3
59,177,12.975,16.0382,3
59,113,10.6434,12.715,3
59,309,-13.0313,-1.20638,2
59,269,3.28255,-1.07213,7
59,173,3.28255,-1.07213,7
59,437,3.28255,-1.07213,7
59,217,12.975,16.0382,3
60,253,3.28255,-1.07213,7
60,117,15.7783,-12.6259,5
60,409,2.09312,17.5751,6
60,5,-0.424353,-23.2557,5
60,313,-6.90103,11.7833,1
60,429,-0.405681,-23.144,5
60,357,-6.90103,11.7833,1
60,301,12.975,16.0382,3
60,245,-0.424353,-23.2557,5
60,57,3.28255,-1.07213,7
60,177,12.975,16.0382,3
60,265,10.3232,11.3507,3
60,109,3.28255,-1.07213,7
60,45,3.28255,-1.07213,7
60,65,4.26737,0.668592,7
60,165,3.28255,-1.07213,7
60,397,-13.0313,-1.20638,2
60,417,12.975,16.0382,3
60,61,3.28255,-1.07213,7
60,97,3.28255,-1.07213,7
60,261,3.28255,-1.07213,7
60,369,-0.422594,-23.2452,5
60,309,-13.0313,-1.20638,2
60,17,12.8989,15.6866,3
60,185,3.67133,-1.00074,7
60,325,3.28255,-1.07213,7
60,137,3.28255,-1.07213,7
60,349,12.975,16.0382,3
60,381,3.28255,-1.07213,7
60,209,12.975,16.0382,3
60,425,3.28255,-1.07213,7
60,317,3.28255,-1.07213,7
60,37,12.482,15.1681,3
60,413,3.28255,-1.07213,7
60,289,3.28255,-1.07213,7
60,113,10.0636,13.1201,3
60,101,12.975,16.0382,3
60,233,12.975,16.0382,3
60,341,-0.424353,-23.2557,5
60,293,12.975,16.0382,3
60,321,3.28255,-1.07213,7
60,173,3.28255,-1.07213,7
60,401,3.28255,-1.07213,7
60,329,-0.424353,-23.2557,5
60,269,3.28255,-1.07213,7
60,9,11.4754,13.8841,3
60,77,12.975,16.0382,3
60,389,-13.0313,-1.20638,2
60,129,3.28255,-1.07213,7
60,141,3.47586,-1.04727,7
60,69,12.482,15.1681,3
60,53,3.28255,-1.07213,7
60,237,3.28255,-1.07213,7
60,89,3.28255,-1.07213,7
60,441,-0.413746,-23.1922,5
60,445,12.975,16.0382,3
60,433,12.975,16.0382,3
60,241,-0.424353,-23.2557,5
60,373,3.28255,-1.07213,7
60,421,3.28255,-1.07213,7
60,93,3.28255,-1.07213,7
60,181,3.28255,-1.07213,7
60,281,12.975,16.0382,3
60,169,3.28255,-1.07213,7
60,333,2.09312,17.5751,6
60,149,3.28255,-1.07213,7
60,13,12.2387,14.8488,3
60,305,3.28255,-1.07213,7
60,385,-0.424353,-23.2557,5
60,377,-13.0313,-1.20638,2
60,33,-49,-1,4
60,393,3.28255,-1.07213,7
60,49,12.975,16.0382,3
60,353,3.28255,-1.07213,7
60,273,12.975,16.0382,3
60,365,-13.0313,-1.20638,2
60,361,-13.0313,-1.20638,2
60,21,12.975,16.0382,3
60,205,12.975,16.0382,3
60,29,3.77543,-0.202038,7
60,41,-0.125811,-20.9127,5
60,189,12.975,16.0382,3
60,285,3.28255,-1.07213,7
60,437,3.28255,-1.07213,7
60,81,12.975,16.0382,3
60,161,3.28255,-1.07213,7
60,153,2.09312,17.5751,6
60,277,3.28255,-1.07213,7
60,193,3.28255,-1.07213,7
60,145,12.452,15.1195,3
60,221,3.77137,-0.199917,7
60,133,12.975,16.0382,3
60,125,3.28255,-1.07213,7
60,405,3.28255,-1.07213,7
60,1,11.7393,13.9829,3
60,197,12.975,16.0382,3
60,85,3.28255,-1.07213,7
60,105,12.975,16.0382,3
60,73,12.975,16.0382,3
60,25,3.28255,-1.07213,7
60,249,3.28255,-1.07213,7
60,297,3.28255,-1.07213,7
60,229,-12.6975,-1.05416,2
60,257,3.28255,-1.07213,7
60,345,3.28255,-1.07213,7
60,201,12.975,16.0382,3
60,157,-0.351353,-22.7894,5
60,225,12.975,16.0382,3
60,121,3.28255,-1.07213,7
60,213,3.28255,-1.07213,7
60,337,12.975,16.0382,3
60,217,12.975,16.0382,3
61,337,12.975,16.0382,3
61,5,-0.424353,-23.2557,5
61,129,3.28255,-1.07213,7
61,425,3.28255,-1.07213,7
61,261,3.28255,-1.07213,7
61,369,-0.422304,-23.2452,5
61,441,-0.413746,-23.1922,5
61,201,12.975,16.0382,3
61,105,12.975,16.0382,3
61,417,12.975,16.0382,3
61,185,3.28255,-1.07213,7
61,133,12.975,16.0382,3
61,429,-0.405685,-23.144,5
61,345,3.28255,-1.07213,7
61,197,12.975,16.0382,3
61,177,12.975,16.0382,3
61,397,-13.0313,-1.20638,2
61,57,3.28255,-1.07213,7
61,317,3.28255,-1.07213,7
61,125,3.28255,-1.07213,7
61,301,12.975,16.0382,3
61,237,3.28255,-1.07213,7
61,149,3.28255,-1.07213,7
61,73,12.975,16.0382,3
61,269,3.77361,-0.201019,7
61,281,12.975,16.0382,3
61,229,-12.717,-1.02234,2
61,161,3.28255,-1.07213,7
61,253,3.28255,-1.07213,7
61,353,3.28255,-1.07213,7
61,17,12.1796,15.029,3
61,101,12.975,16.0382,3
61,289,3.28255,-1.07213,7
61,321,3.28255,-1.07213,7
61,445,12.975,16.0382,3
61,81,12.6678,15.5546,3
61,309,-13.0313,-1.20638,2
61,117,15.7783,-12.6259,5
61,233,12.975,16.0382,3
61,13,12.7713,15.6959,3
61,257,3.28255,-1.07213,7
61,37,12.975,16.0382,3
61,297,3.28255,-1.07213,7
61,21,12.975,16.0382,3
61,265,9.82966,10.481,3
61,433,12.975,16.0382,3
61,273,12.975,16.0382,3
61,377,-13.0313,-1.20638,2
61,109,3.28255,-1.07213,7
61,381,3.28255,-1.07213,7
61,61,3.28255,-1.07213,7
61,193,3.28255,-1.07213,7
61,165,3.28255,-1.07213,7
61,341,-0.424353,-23.2557,5
61,209,12.6422,15.6019,3
61,45,3.28255,-1.07213,7
61,1,12.1951,14.8639,3
61,245,-0.424353,-23.2557,5
61,305,3.28255,-1.07213,7
61,141,3.28255,-1.07213,7
61,65,3.78378,-0.20577,7
61,357,-6.90103,11.7833,1
61,389,-13.0313,-1.20638,2
61,385,-0.424353,-23.2557,5
61,241,-0.424353,-23.2557,5
61,173,3.28255,-1.07213,7
61,217,12.975,16.0382,3
61,29,4.2542,0.675836,7
61,181,3.28255,-1.07213,7
61,421,3.28255,-1.07213,7
61,97,3.28255,-1.07213,7
61,121,3.28255,-1.07213,7
61,69,12.975,16.0382,3
61,293,12.975,16.0382,3
61,205,12.975,16.0382,3
61,77,12.975,16.0382,3
61,169,3.28255,-1.07213,7
61,365,-13.0313,-1.20638,2
61,413,3.28255,-1.07213,7
61,329,-0.424353,-23.2557,5
61,85,3.28255,-1.07213,7
61,189,12.975,16.0382,3
61,373,3.28255,-1.07213,7
61,157,-0.348028,-22.7899,5
61,249,3.28255,-1.07213,7
61,221,3.28255,-1.07213,7
61,405,3.28255,-1.07213,7
61,153,2.09312,17.5751,6
61,409,2.09312,17.5751,6
61,277,3.28255,-1.07213,7
61,213,3.28255,-1.07213,7
61,401,3.28255,-1.07213,7
61,93,3.28255,-1.07213,7
61,49,12.975,16.0382,3
61,325,3.28255,-1.07213,7
61,349,12.975,16.0382,3
61,89,3.28255,-1.07213,7
61,53,3.28255,-1.07213,7
61,285,3.28255,-1.07213,7
61,9,11.0473,12.9763,3
61,333,2.09312,17.5751,6
61,437,3.28255,-1.07213,7
61,137,3.28255,-1.07213,7
61,361,-13.0313,-1.20638,2
61,25,3.28255,-1.07213,7
61,393,3.28255,-1.07213,7
61,113,9.82957,12.0951,3
61,33,-49,-1,4
61,225,12.975,16.0382,3
61,145,12.9468,15.9885,3
61,313,-6.90103,11.7833,1
61,41,-0.0956925,-20.9174,5
62,17,11.7028,14.1475,3
62,373,3.28255,-1.07213,7
62,205,12.975,16.0382,3
62,417,12.975,16.0382,3
62,305,3.28255,-1.07213,7
62,325,3.28255,-1.07213,7
62,81,12.763,15.7438,3
62,61,3.28255,-1.07213,7
62,341,-0.424353,-23.2557,5
62,149,3.28255,-1.07213,7
62,221,3.77543,-0.202038,7
62,65,3.28299,-1.07136,7
62,9,12.6457,15.5151,3
62,285,3.28255,-1.07213,7
62,85,3.28255,-1.07213,7
62,109,3.28255,-1.07213,7
62,405,3.28255,-1.07213,7
62,201,12.975,16.0382,3
62,93,3.28255,-1.07213,7
62,445,12.975,16.0382,3
62,329,-0.424353,-23.2557,5
62,137,3.28255,-1.07213,7
62,41,-0.0755958,-20.9206,5
62,393,3.28255,-1.07213,7
62,261,3.28255,-1.07213,7
62,113,11.1524,12.7954,3
62,77,12.975,16.0382,3
62,413,3.28255,-1.07213,7
62,249,3.28255,-1.07213,7
62,89,3.28255,-1.07213,7
62,365,-13.0313,-1.20638,2
62,429,-0.462276,-23.1717,5
62,317,3.28255,-1.07213,7
62,73,12.975,16.0382,3
62,21,12.975,16.0382,3
62,197,12.975,16.0382,3
62,389,-13.0313,-1.20638,2
62,49,12.975,16.0382,3
62,297,3.28255,-1.07213,7
62,237,3.28255,-1.07213,7
62,53,3.28255,-1.07213,7
62,273,12.975,16.0382,3
62,217,12.975,16.0382,3
62,397,-13.0313,-1.20638,2
62,245,-0.424353,-23.2557,5
62,33,-49,-1,4
62,433,12.975,16.0382,3
62,345,3.28255,-1.07213,7
62,5,-0.424353,-23.2557,5
62,189,12.975,16.0382,3
62,129,3.28255,-1.07213,7
62,141,3.28255,-1.07213,7
62,1,11.7345,13.9751,3
62,361,-13.0313,-1.20638,2
62,125,3.28255,-1.07213,7
62,229,-12.7076,-1.16183,2
62,357,-6.90103,11.7833,1
62,177,12.975,16.0382,3
62,265,10.2512,11.3856,3
62,321,3.28255,-1.07213,7
62,185,3.48663,-1.03462,7
62,441,-0.413746,-23.1922,5
62,313,-6.90103,11.7833,1
62,157,-0.347011,-22.7901,5
62,101,12.975,16.0382,3
62,233,12.975,16.0382,3
62,409,2.09312,17.5751,6
62,45,3.77317,-0.200774,7
62,121,3.28255,-1.07213,7
62,257,3.28255,-1.07213,7
62,385,-0.424353,-23.2557,5
62,57,3.28255,-1.07213,7
62,25,3.28255,-1.07213,7
62,181,3.28255,-1.07213,7
62,381,3.28255,-1.07213,7
62,301,12.975,16.0382,3
62,353,3.28255,-1.07213,7
62,349,12.975,16.0382,3
62,421,3.28255,-1.07213,7
62,37,12.331,15.3454,3
62,29,3.77196,-0.20025,7
62,281,12.975,16.0382,3
62,161,3.28255,-1.07213,7
62,241,-0.424353,-23.2557,5
62,277,3.7717,-0.199958,7
62,153,2.09312,17.5751,6
62,369,-0.422302,-23.2452,5
62,425,3.28255,-1.07213,7
62,145,12.975,16.0382,3
62,133,12.975,16.0382,3
62,377,-13.0313,-1.20638,2
62,69,12.4454,15.1912,3
62,401,3.28255,-1.07213,7
62,97,3.28255,-1.07213,7
62,169,3.28255,-1.07213,7
62,437,3.28255,-1.07213,7
62,193,3.28255,-1.07213,7
62,165,3.77035,-0.199182,7
62,253,3.28255,-1.07213,7
62,293,12.975,16.0382,3
62,209,12.7817,15.7909,3
62,117,15.7783,-12.6259,5
62,105,12.975,16.0382,3
62,213,3.28255,-1.07213,7
62,225,12.975,16.0382,3
62,173,3.28255,-1.07213,7
62,13,12.2845,14.8224,3
62,309,-13.0313,-1.20638,2
62,269,4.26713,0.668717,7
62,337,12.975,16.0382,3
62,333,2.09312,17.5751,6
62,289,3.28255,-1.07213,7
63,1,11.2589,13.0952,3
63,77,12.975,16.0382,3
63,45,3.28255,-1.07213,7
63,101,12.975,16.0382,3
63,93,3.28255,-1.07213,7
63,225,12.975,16.0382,3
63,285,3.28255,-1.07213,7
63,445,12.975,16.0382,3
63,349,12.975,16.0382,3
63,117,15.7783,-12.6259,5
63,357,-6.90103,11.7833,1
63,229,-12.7069,-1.19409,2
63,21,12.975,16.0382,3
63,377,-13.0313,-1.20638,2
63,169,3.28255,-1.07213,7
63,289,3.28255,-1.07213,7
63,333,2.09312,17.5751,6
63,201,12.975,16.0382,3
63,301,12.975,16.0382,3
63,253,3.28255,-1.07213,7
63,313,-6.90103,11.7833,1
63,181,3.28255,-1.07213,7
63,221,3.77507,-0.201835,7
63,173,3.28255,-1.07213,7
63,233,12.975,16.0382,3
63,257,3.28255,-1.07213,7
63,409,2.09312,17.5751,6
63,213,3.28255,-1.07213,7
63,241,-0.424353,-23.2557,5
63,261,3.28255,-1.07213,7
63,185,3.28255,-1.07213,7
63,413,3.28255,-1.07213,7
63,217,12.975,16.0382,3
63,81,12.975,16.0382,3
63,325,3.28255,-1.07213,7
63,73,12.975,16.0382,3
63,25,3.28255,-1.07213,7
63,425,3.28255,-1.07213,7
63,85,3.28255,-1.07213,7
63,141,3.77511,-0.201856,7
63,353,3.28255,-1.07213,7
63,421,3.28255,-1.07213,7
63,433,12.975,16.0382,3
63,417,12.975,16.0382,3
63,157,-0.424353,-23.2557,5
63,205,12.975,16.0382,3
63,121,3.28255,-1.07213,7
63,385,-0.424353,-23.2557,5
63,297,3.28255,-1.07213,7
63,369,-0.422593,-23.2452,5
63,345,3.28255,-1.07213,7
63,53,3.77878,-0.204122,7
63,89,3.28255,-1.07213,7
63,365,-13.0313,-1.20638,2
63,305,3.28255,-1.07213,7
63,437,3.28255,-1.07213,7
63,13,12.9375,15.9901,3
63,393,3.28255,-1.07213,7
63,65,3.28255,-1.07213,7
63,397,-13.0313,-1.20638,2
63,373,3.28255,-1.07213,7
63,341,-0.424353,-23.2557,5
63,61,3.77494,-0.201764,7
63,153,2.09312,17.5751,6
63,41,-0.0510128,-20.9249,5
63,165,4.26352,0.670752,7
63,429,-0.415042,-23.1786,5
63,125,3.47981,-0.469551,7
63,149,3.28255,-1.07213,7
63,113,12.6314,15.3976,3
63,277,4.18413,0.707444,7
63,69,11.9679,14.3124,3
63,177,12.975,16.0382,3
63,309,-13.0313,-1.20638,2
63,317,3.28255,-1.07213,7
63,249,3.28255,-1.07213,7
63,9,12.9352,16.0239,3
63,161,3.28255,-1.07213,7
63,361,-13.0313,-1.20638,2
63,293,12.975,16.0382,3
63,5,-0.424353,-23.2557,5
63,381,3.28255,-1.07213,7
63,441,-0.412877,-23.1924,5
63,209,12.975,16.0382,3
63,193,3.28255,-1.07213,7
63,33,-49,-1,4
63,337,12.975,16.0382,3
63,133,12.975,16.0382,3
63,273,12.975,16.0382,3
63,17,11.26,13.2484,3
63,105,12.975,16.0382,3
63,29,3.28255,-1.07213,7
63,321,3.28255,-1.07213,7
63,237,3.28255,-1.07213,7
63,137,3.28255,-1.07213,7
63,109,3.48226,-1.04617,7
63,37,12.975,16.0382,3
63,189,12.975,16.0382,3
63,57,3.28255,-1.07213,7
63,269,3.72301,-0.160475,7
63,245,-0.424353,-23.2557,5
63,401,3.28255,-1.07213,7
63,329,-0.424353,-23.2557,5
63,49,12.975,16.0382,3
63,145,12.975,16.0382,3
63,265,10.7453,12.255,3
63,405,3.28255,-1.07213,7
63,197,12.975,16.0382,3
63,389,-13.0313,-1.20638,2
63,97,3.28255,-1.07213,7
63,129,3.28255,-1.07213,7
63,281,12.975,16.0382,3
64,25,3.28255,-1.07213,7
64,77,12.975,16.0382,3
64,197,12.975,16.0382,3
64,273,12.975,16.0382,3
64,209,12.975,16.0382,3
64,125,3.28255,-1.07213,7
64,117,15.7783,-12.6259,5
64,433,12.975,16.0382,3
64,253,3.28255,-1.07213,7
64,297,3.28255,-1.07213,7
64,305,3.28255,-1.07213,7
64,321,3.28255,-1.07213,7
64,385,-0.424353,-23.2557,5
64,1,11.7747,13.9521,3
64,141,3.83598,0.706742,7
64,369,-0.422595,-23.2452,5
64,317,3.28255,-1.07213,7
64,13,12.4444,15.1202,3
64,193,3.28255,-1.07213,7
64,157,-0.424353,-23.2557,5
64,269,3.29367,-1.05223,7
64,41,-0.0457904,-20.9257,5
64,361,-13.0313,-1.20638,2
64,333,2.09312,17.5751,6
64,249,3.28255,-1.07213,7
64,53,3.28255,-1.07213,7
64,33,-49,-1,4
64,313,-6.90103,11.7833,1
64,353,3.28255,-1.07213,7
64,149,3.28255,-1.07213,7
64,429,-0.411799,-23.1791,5
64,417,12.975,16.0382,3
64,309,-13.0313,-1.20638,2
64,397,-13.0313,-1.20638,2
64,409,2.09312,17.5751,6
64,65,3.28255,-1.07213,7
64,445,12.975,16.0382,3
64,233,12.975,16.0382,3
64,329,-0.424353,-23.2557,5
64,37,12.975,16.0382,3
64,325,3.28255,-1.07213,7
64,213,3.28255,-1.07213,7
64,413,3.28255,-1.07213,7
64,301,12.975,16.0382,3
64,349,12.975,16.0382,3
64,97,3.28255,-1.07213,7
64,105,12.975,16.0382,3
64,129,3.28255,-1.07213,7
64,437,3.28255,-1.07213,7
64,153,2.09312,17.5751,6
64,441,-0.424353,-23.2557,5
64,293,12.975,16.0382,3
64,177,12.975,16.0382,3
64,173,3.28255,-1.07213,7
64,17,11.5283,13.5765,3
64,257,3.28255,-1.07213,7
64,393,3.28255,-1.07213,7
64,365,-13.0313,-1.20638,2
64,69,12.4777,15.1728,3
64,389,-13.0313,-1.20638,2
64,229,-12.7069,-1.2015,2
64,285,3.28255,-1.07213,7
64,241,-0.424353,-23.2557,5
64,381,3.28255,-1.07213,7
64,373,3.28255,-1.07213,7
64,89,3.28255,-1.07213,7
64,357,-6.90103,11.7833,1
64,401,3.28255,-1.07213,7
64,421,3.28255,-1.07213,7
64,9,12.975,16.0382,3
64,265,11.2578,13.1138,3
64,337,12.975,16.0382,3
64,261,3.28255,-1.07213,7
64,5,-0.424353,-23.2557,5
64,101,12.975,16.0382,3
64,289,3.54996,-0.506159,7
64,121,3.28255,-1.07213,7
64,341,-0.424353,-23.2557,5
64,405,3.28255,-1.07213,7
64,113,12.5114,14.5077,3
64,73,12.975,16.0382,3
64,425,3.28255,-1.07213,7
64,85,3.28255,-1.07213,7
64,57,3.28255,-1.07213,7
64,29,3.28255,-1.07213,7
64,137,3.28255,-1.07213,7
64,189,12.975,16.0382,3
64,205,12.975,16.0382,3
64,61,4.26721,0.668678,7
64,377,-13.0313,-1.20638,2
64,221,3.28255,-1.07213,7
64,81,12.975,16.0382,3
64,181,3.28255,-1.07213,7
64,281,12.975,16.0382,3
64,185,3.48455,-1.03474,7
64,277,4.27321,0.663458,7
64,49,12.975,16.0382,3
64,217,12.975,16.0382,3
64,45,3.28255,-1.07213,7
64,165,3.933,-0.225463,7
64,133,12.975,16.0382,3
64,225,12.975,16.0382,3
64,161,3.28255,-1.07213,7
64,21,12.975,16.0382,3
64,169,3.28255,-1.07213,7
64,109,3.28255,-1.07213,7
64,93,3.28255,-1.07213,7
64,201,12.975,16.0382,3
64,345,3.28255,-1.07213,7
64,245,-0.424353,-23.2557,5
64,237,3.28255,-1.07213,7
64,145,12.975,16.0382,3
65,381,3.28255,-1.07213,7
65,389,-13.0313,-1.20638,2
65,373,3.28255,-1.07213,7
65,321,3.28255,-1.07213,7
65,269,3.28255,-1.07213,7
65,257,3.28255,-1.07213,7
65,185,3.66944,-1.00012,7
65,289,3.28255,-1.07213,7
65,265,12.4822,15.1681,3
65,417,12.975,16.0382,3
65,361,-13.0313,-1.20638,2
65,249,3.28255,-1.07213,7
65,225,12.975,16.0382,3
65,353,3.28255,-1.07213,7
65,401,3.28255,-1.07213,7
65,385,-0.424353,-23.2557,5
65,21,12.975,16.0382,3
65,209,12.975,16.0382,3
65,1,12.2762,14.8173,3
65,137,3.28255,-1.07213,7
65,45,3.28255,-1.07213,7
65,405,3.28255,-1.07213,7
65,29,3.28255,-1.07213,7
65,253,3.28255,-1.07213,7
65,241,-0.424353,-23.2557,5
65,277,3.84208,-0.173015,7
65,73,12.975,16.0382,3
65,309,-13.0313,-1.20638,2
65,77,12.975,16.0382,3
65,301,12.975,16.0382,3
65,345,3.28255,-1.07213,7
65,109,3.28255,-1.07213,7
65,13,12.9375,15.8134,3
65,113,12.3504,13.636,3
65,177,12.975,16.0382,3
65,125,3.28255,-1.07213,7
65,397,-13.0313,-1.20638,2
65,65,3.28255,-1.07213,7
65,369,-0.422595,-23.2452,5
65,105,12.975,16.0382,3
65,433,12.975,16.0382,3
65,53,3.28255,-1.07213,7
65,149,3.28255,-1.07213,7
65,341,-0.424353,-23.2557,5
65,393,3.28255,-1.07213,7
65,349,12.975,16.0382,3
65,89,3.28255,-1.07213,7
65,5,-0.424353,-23.2557,5
65,313,-6.90103,11.7833,1
65,245,-0.424353,-23.2557,5
65,33,-49,-1,4
65,41,-0.0423047,-20.9263,5
65,325,3.28255,-1.07213,7
65,365,-13.0313,-1.20638,2
65,413,3.28255,-1.07213,7
65,205,12.975,16.0382,3
65,9,12.4827,15.1677,3
65,357,-6.90103,11.7833,1
65,181,3.28255,-1.07213,7
65,425,3.28255,-1.07213,7
65,421,3.28255,-1.07213,7
65,317,3.28255,-1.07213,7
65,333,2.09312,17.5751,6
65,157,-0.424353,-23.2557,5
65,129,3.28255,-1.07213,7
65,285,3.28255,-1.07213,7
65,93,3.28255,-1.07213,7
65,201,12.975,16.0382,3
65,197,12.975,16.0382,3
65,441,-0.424353,-23.2557,5
65,329,-0.424353,-23.2557,5
65,237,3.28255,-1.07213,7
65,445,12.975,16.0382,3
65,81,12.42,15.2154,3
65,377,-13.0313,-1.20638,2
65,217,12.975,16.0382,3
65,165,4.37133,0.676385,7
65,297,3.28255,-1.07213,7
65,281,12.975,16.0382,3
65,145,12.975,16.0382,3
65,169,3.28255,-1.07213,7
65,229,-12.7068,-1.20321,2
65,189,12.975,16.0382,3
65,337,12.975,16.0382,3
65,305,3.28255,-1.07213,7
65,161,3.28255,-1.07213,7
65,61,4.7755,1.52975,7
65,193,3.28255,-1.07213,7
65,437,3.28255,-1.07213,7
65,213,3.28255,-1.07213,7
65,173,3.28255,-1.07213,7
65,141,4.44969,1.51257,7
65,409,2.09312,17.5751,6
65,97,3.28255,-1.07213,7
65,429,-0.411576,-23.1791,5
65,17,11.9893,14.298,3
65,153,2.09312,17.5751,6
65,233,12.975,16.0382,3
65,57,3.28255,-1.07213,7
65,25,3.28255,-1.07213,7
65,101,12.975,16.0382,3
65,261,3.28255,-1.07213,7
65,49,12.975,16.0382,3
65,221,3.28255,-1.07213,7
65,37,12.4758,15.1718,3
65,69,12.975,16.0382,3
65,293,12.975,16.0382,3
65,121,3.28255,-1.07213,7
65,133,12.975,16.0382,3
65,85,3.78334,-0.206685,7
65,273,12.975,16.0382,3
65,117,15.7783,-12.6259,5
66,249,3.28255,-1.07213,7
66,93,3.28255,-1.07213,7
66,393,3.28255,-1.07213,7
66,29,3.77261,-0.200453,7
66,329,-0.424353,-23.2557,5
66,201,12.975,16.0382,3
66,165,3.28255,-1.07213,7
66,385,-0.424353,-23.2557,5
66,445,12.975,16.0382,3
66,181,3.28255,-1.07213,7
66,349,12.975,16.0382,3
66,213,3.28255,-1.07213,7
66,177,12.975,16.0382,3
66,293,12.975,16.0382,3
66,13,12.4103,14.9622,3
66,357,-6.90103,11.7833,1
66,265,12.975,16.0382,3
66,153,2.09312,17.5751,6
66,101,12.975,16.0382,3
66,37,12.975,16.0382,3
66,313,-6.90103,11.7833,1
66,161,3.28255,-1.07213,7
66,69,12.4822,15.168,3
66,437,3.28255,-1.07213,7
66,117,15.7783,-12.6259,5
66,241,-0.424353,-23.2557,5
66,381,3.28255,-1.07213,7
66,89,3.28255,-1.07213,7
66,401,3.28255,-1.07213,7
66,389,-13.0313,-1.20638,2
66,129,3.28255,-1.07213,7
66,373,3.28255,-1.07213,7
66,253,3.28255,-1.07213,7
66,397,-13.0313,-1.20638,2
66,81,11.8793,14.3811,3
66,53,3.28255,-1.07213,7
66,333,2.09312,17.5751,6
66,321,3.28255,-1.07213,7
66,137,3.28255,-1.07213,7
66,409,2.09312,17.5751,6
66,345,3.28255,-1.07213,7
66,149,3.28255,-1.07213,7
66,369,-0.422595,-23.2452,5
66,377,-13.0313,-1.20638,2
66,193,3.28255,-1.07213,7
66,61,3.28255,-1.07213,7
66,73,12.975,16.0382,3
66,297,3.28255,-1.07213,7
66,121,3.28255,-1.07213,7
66,309,-13.0313,-1.20638,2
66,425,3.28255,-1.07213,7
66,85,3.28255,-1.07213,7
66,49,12.975,16.0382,3
66,413,3.28255,-1.07213,7
66,197,12.975,16.0382,3
66,25,3.28255,-1.07213,7
66,189,12.975,16.0382,3
66,325,3.28255,-1.07213,7
66,269,3.77525,-0.201935,7
66,5,-0.424353,-23.2557,5
66,145,12.6659,15.515,3
66,185,3.84347,-0.968533,7
66,353,3.28255,-1.07213,7
66,97,3.28255,-1.07213,7
66,125,3.28255,-1.07213,7
66,317,3.28255,-1.07213,7
66,217,12.975,16.0382,3
66,133,12.975,16.0382,3
66,77,12.975,16.0382,3
66,41,0.430067,-21.3724,5
66,33,-49,-1,4
66,257,3.28255,-1.07213,7
66,305,3.28255,-1.07213,7
66,365,-13.0313,-1.20638,2
66,289,3.48046,-1.03606,7
66,341,-0.424353,-23.2557,5
66,209,12.4773,15.171,3
66,205,12.975,16.0382,3
66,417,12.975,16.0382,3
66,225,12.975,16.0382,3
66,21,12.975,16.0382,3
66,1,11.7853,13.946,3
66,141,4.09556,0.570399,7
66,441,-0.424353,-23.2557,5
66,281,12.975,16.0382,3
66,109,3.77491,-0.201742,7
66,17,12.4821,15.1682,3
66,237,3.28255,-1.07213,7
66,157,-0.424353,-23.2557,5
66,57,3.28255,-1.07213,7
66,405,3.28255,-1.07213,7
66,337,12.975,16.0382,3
66,361,-13.0313,-1.20638,2
66,229,-12.7068,-1.2036,2
66,113,12.4513,14.6818,3
66,429,-0.411561,-23.1791,5
66,45,3.28255,-1.07213,7
66,9,12.975,16.0382,3
66,285,3.28255,-1.07213,7
66,273,12.975,16.0382,3
66,65,3.28255,-1.07213,7
66,169,3.28255,-1.07213,7
66,173,3.28255,-1.07213,7
66,105,12.975,16.0382,3
66,233,12.975,16.0382,3
66,221,3.28255,-1.07213,7
66,433,12.975,16.0382,3
66,421,3.28255,-1.07213,7
66,245,-0.424353,-23.2557,5
66,277,3.31196,-1.02144,7
66,261,3.28255,-1.07213,7
66,301,12.975,16.0382,3
67,33,-49,-1,4
67,25,3.28255,-1.07213,7
67,169,3.28255,-1.07213,7
67,185,4.00498,-0.939279,7
67,21,12.975,16.0382,3
67,345,3.28255,-1.07213,7
67,89,3.28255,-1.07213,7
67,429,-0.41156,-23.1791,5
67,405,3.28255,-1.07213,7
67,1,11.2935,13.0753,3
67,181,3.28255,-1.07213,7
67,61,3.75628,-0.194681,7
67,253,3.28255,-1.07213,7
67,269,3.26683,-0.423353,7
67,401,3.28255,-1.07213,7
67,97,3.77543,-0.202038,7
67,29,3.28255,-1.07213,7
67,313,-6.90103,11.7833,1
67,417,12.975,16.0382,3
67,285,3.28255,-1.07213,7
67,205,12.975,16.0382,3
67,17,12.975,16.0382,3
67,77,12.975,16.0382,3
67,37,12.975,16.0382,3
67,281,12.975,16.0382,3
67,233,12.975,16.0382,3
67,65,3.28255,-1.07213,7
67,237,3.28255,-1.07213,7
67,325,3.28255,-1.07213,7
67,105,12.975,16.0382,3
67,341,-0.424353,-23.2557,5
67,201,12.975,16.0382,3
67,321,3.28255,-1.07213,7
67,257,3.28255,-1.07213,7
67,153,2.09312,17.5751,6
67,217,12.975,16.0382,3
67,241,-0.424353,-23.2557,5
67,173,3.28255,-1.07213,7
67,81,12.4379,15.2109,3
67,413,3.28255,-1.07213,7
67,133,12.975,16.0382,3
67,149,3.28255,-1.07213,7
67,193,3.28255,-1.07213,7
67,221,3.28255,-1.07213,7
67,41,0.242437,-21.3272,5
67,209,12.975,16.0382,3
67,273,12.975,16.0382,3
67,245,-0.424353,-23.2557,5
67,13,12.975,16.0382,3
67,385,-0.424353,-23.2557,5
67,361,-13.0313,-1.20638,2
67,157,-0.424353,-23.2557,5
67,129,3.28255,-1.07213,7
67,265,12.975,16.0382,3
67,109,3.27897,-0.440979,7
67,93,3.28255,-1.07213,7
67,9,12.4801,15.1692,3
67,5,-0.424353,-23.2557,5
67,433,12.975,16.0382,3
67,381,3.28255,-1.07213,7
67,373,3.28255,-1.07213,7
67,337,12.975,16.0382,3
67,73,12.975,16.0382,3
67,393,3.28255,-1.07213,7
67,289,3.66673,-1.0028,7
67,357,-6.90103,11.7833,1
67,317,3.28255,-1.07213,7
67,49,12.975,16.0382,3
67,45,3.28255,-1.07213,7
67,333,2.09312,17.5751,6
67,141,3.80757,-0.351799,7
67,53,3.28255,-1.07213,7
67,389,-13.0313,-1.20638,2
67,309,-13.0313,-1.20638,2
67,137,3.28255,-1.07213,7
67,437,3.28255,-1.07213,7
67,101,12.975,16.0382,3
67,189,12.975,16.0382,3
67,301,12.975,16.0382,3
67,177,12.975,16.0382,3
67,305,3.28255,-1.07213,7
67,377,-13.0313,-1.20638,2
67,145,12.9645,16.034,3
67,293,12.975,16.0382,3
67,213,3.28255,-1.07213,7
67,113,11.8891,13.8494,3
67,117,15.7783,-12.6259,5
67,249,3.28255,-1.07213,7
67,397,-13.0313,-1.20638,2
67,57,3.28255,-1.07213,7
67,349,12.975,16.0382,3
67,441,-0.424353,-23.2557,5
67,445,12.975,16.0382,3
67,277,3.80071,-0.14904,7
67,329,-0.424353,-23.2557,5
67,85,3.28255,-1.07213,7
67,197,12.975,16.0382,3
67,409,2.09312,17.5751,6
67,229,-12.7068,-1.20369,2
67,421,3.28255,-1.07213,7
67,225,12.975,16.0382,3
67,353,3.28255,-1.07213,7
67,125,3.28255,-1.07213,7
67,425,3.28255,-1.07213,7
67,365,-13.0313,-1.20638,2
67,369,-0.422595,-23.2452,5
67,121,3.28255,-1.07213,7
67,69,12.481,15.1687,3
67,261,3.28255,-1.07213,7
67,297,3.28255,-1.07213,7
67,165,3.28255,-1.07213,7
67,161,3.28255,-1.07213,7
68,249,3.28255,-1.07213,7
68,293,12.975,16.0382,3
68,149,3.28255,-1.07213,7
68,105,12.975,16.0382,3
68,41,-0.324532,-23.1238,5
68,21,12.975,16.0382,3
68,425,3.28255,-1.07213,7
68,153,2.09312,17.5751,6
68,185,4.1527,-0.912031,7
68,205,12.975,16.0382,3
68,229,-12.7647,-1.09064,2
68,209,12.33,15.3459,3
68,173,3.28255,-1.07213,7
68,17,12.975,16.0382,3
68,169,3.28255,-1.07213,7
68,317,3.28255,-1.07213,7
68,221,3.28255,-1.07213,7
68,437,3.28255,-1.07213,7
68,305,3.28255,-1.07213,7
68,225,12.975,16.0382,3
68,113,12.975,16.0382,3
68,85,3.28255,-1.07213,7
68,145,12.975,16.0382,3
68,261,3.28255,-1.07213,7
68,33,-49,-1,4
68,393,3.28255,-1.07213,7
68,129,3.28255,-1.07213,7
68,73,12.975,16.0382,3
68,441,-0.424353,-23.2557,5
68,9,12.975,16.0382,3
68,101,12.975,16.0382,3
68,165,3.47225,-0.184408,7
68,353,3.28255,-1.07213,7
68,201,12.975,16.0382,3
68,301,12.975,16.0382,3
68,125,3.28255,-1.07213,7
68,177,12.975,16.0382,3
68,269,3.8878,0.382391,7
68,325,3.28255,-1.07213,7
68,381,3.28255,-1.07213,7
68,121,3.28255,-1.07213,7
68,93,3.28255,-1.07213,7
68,69,11.768,14.5483,3
68,329,-0.424353,-23.2557,5
68,29,3.76237,-0.195032,7
68,333,2.09312,17.5751,6
68,433,12.975,16.0382,3
68,357,-6.90103,11.7833,1
68,369,-0.424353,-23.2557,5
68,65,3.77559,-0.20213,7
68,53,3.28255,-1.07213,7
68,57,3.28255,-1.07213,7
68,377,-13.0313,-1.20638,2
68,197,12.975,16.0382,3
68,445,12.975,16.0382,3
68,373,3.28255,-1.07213,7
68,37,12.975,16.0382,3
68,313,-6.90103,11.7833,1
68,413,3.28255,-1.07213,7
68,61,4.25634,0.671369,7
68,385,-0.424353,-23.2557,5
68,401,3.28255,-1.07213,7
68,345,3.28255,-1.07213,7
68,277,3.31192,-1.02131,7
68,297,3.28255,-1.07213,7
68,245,-0.424353,-23.2557,5
68,429,-0.41156,-23.1791,5
68,49,12.975,16.0382,3
68,281,12.975,16.0382,3
68,397,-13.0313,-1.20638,2
68,25,3.28255,-1.07213,7
68,181,3.28255,-1.07213,7
68,389,-13.0313,-1.20638,2
68,81,12.7824,15.9154,3
68,77,12.975,16.0382,3
68,253,3.28255,-1.07213,7
68,13,12.7755,15.1632,3
68,341,-0.424353,-23.2557,5
68,97,3.28255,-1.07213,7
68,213,3.28255,-1.07213,7
68,237,3.28255,-1.07213,7
68,217,12.975,16.0382,3
68,193,3.28255,-1.07213,7
68,257,3.28255,-1.07213,7
68,321,3.28255,-1.07213,7
68,137,3.28255,-1.07213,7
68,45,3.28255,-1.07213,7
68,141,3.30036,-1.05882,7
68,233,12.975,16.0382,3
68,361,-13.0313,-1.20638,2
68,285,3.28255,-1.07213,7
68,417,12.975,16.0382,3
68,157,-0.424353,-23.2557,5
68,365,-13.0313,-1.20638,2
68,109,3.89372,0.367351,7
68,1,11.7756,13.9518,3
68,265,12.4802,15.1695,3
68,133,12.975,16.0382,3
68,337,12.975,16.0382,3
68,189,12.975,16.0382,3
68,161,3.28255,-1.07213,7
68,421,3.28255,-1.07213,7
68,241,-0.424353,-23.2557,5
68,309,-13.0313,-1.20638,2
68,289,3.28255,-1.07213,7
68,405,3.28255,-1.07213,7
68,117,15.7783,-12.6259,5
68,409,2.09312,17.5751,6
68,349,12.975,16.0382,3
68,273,12.975,16.0382,3
68,5,-0.424353,-23.2557,5
68,89,3.28255,-1.07213,7
69,69,12.975,16.0382,3
69,141,3.28255,-1.07213,7
69,269,3.52827,-0.557726,7
69,297,3.28255,-1.07213,7
69,281,12.975,16.0382,3
69,361,-13.0313,-1.20638,2
69,293,12.975,16.0382,3
69,189,12.975,16.0382,3
69,21,12.975,16.0382,3
69,349,12.975,16.0382,3
69,89,3.28255,-1.07213,7
69,273,12.975,16.0382,3
69,301,12.975,16.0382,3
69,445,12.975,16.0382,3
69,365,-13.0313,-1.20638,2
69,61,3.28255,-1.07213,7
69,421,3.28255,-1.07213,7
69,305,3.28255,-1.07213,7
69,117,15.7783,-12.6259,5
69,409,2.09312,17.5751,6
69,357,-6.90103,11.7833,1
69,57,3.28255,-1.07213,7
69,437,3.28255,-1.07213,7
69,241,-0.424353,-23.2557,5
69,321,3.28255,-1.07213,7
69,45,3.28255,-1.07213,7
69,29,3.28255,-1.07213,7
69,93,3.28255,-1.07213,7
69,277,3.28255,-1.07213,7
69,369,-0.424353,-23.2557,5
69,249,3.28255,-1.07213,7
69,13,12.157,14.3656,3
69,245,-0.424353,-23.2557,5
69,325,3.28255,-1.07213,7
69,37,12.4583,15.1831,3
69,217,12.975,16.0382,3
69,393,3.28255,-1.07213,7
69,285,3.28255,-1.07213,7
69,133,12.975,16.0382,3
69,125,3.28255,-1.07213,7
69,389,-13.0313,-1.20638,2
69,113,12.4821,15.1681,3
69,229,-13.0313,-1.20638,2
69,237,3.28255,-1.07213,7
69,373,3.28255,-1.07213,7
69,221,3.47226,-0.184427,7
69,137,3.28255,-1.07213,7
69,257,3.28255,-1.07213,7
69,381,3.28255,-1.07213,7
69,397,-13.0313,-1.20638,2
69,317,3.28255,-1.07213,7
69,413,3.28255,-1.07213,7
69,17,12.4825,15.1679,3
69,405,3.28255,-1.07213,7
69,65,4.27684,0.662924,7
69,289,3.48254,-1.03594,7
69,149,3.28255,-1.07213,7
69,201,12.975,16.0382,3
69,253,3.28255,-1.07213,7
69,225,12.975,16.0382,3
69,81,12.656,15.2559,3
69,161,3.28255,-1.07213,7
69,105,12.975,16.0382,3
69,233,12.975,16.0382,3
69,401,3.28255,-1.07213,7
69,197,12.975,16.0382,3
69,181,3.28255,-1.07213,7
69,429,-0.41052,-23.1793,5
69,73,12.975,16.0382,3
69,109,3.5247,-0.567625,7
69,53,3.28255,-1.07213,7
69,341,-0.424353,-23.2557,5
69,441,-0.424353,-23.2557,5
69,1,11.2864,13.0796,3
69,193,3.28255,-1.07213,7
69,145,12.4452,15.193,3
69,309,-13.0313,-1.20638,2
69,85,3.77505,-0.201821,7
69,129,3.28255,-1.07213,7
69,177,12.975,16.0382,3
69,153,2.09312,17.5751,6
69,9,12.975,16.0382,3
69,313,-6.90103,11.7833,1
69,165,3.28255,-1.07213,7
69,157,-0.424353,-23.2557,5
69,5,-0.424353,-23.2557,5
69,265,12.9733,16.0354,3
69,77,12.975,16.0382,3
69,121,3.28255,-1.07213,7
69,353,3.28255,-1.07213,7
69,337,12.975,16.0382,3
69,261,3.28255,-1.07213,7
69,433,12.975,16.0382,3
69,425,3.28255,-1.07213,7
69,97,3.28255,-1.07213,7
69,49,12.975,16.0382,3
69,209,12.975,16.0382,3
69,417,12.975,16.0382,3
69,33,-49,-1,4
69,173,3.28255,-1.07213,7
69,345,3.28255,-1.07213,7
69,185,3.28255,-1.07213,7
69,41,-0.389235,-23.1104,5
69,377,-13.0313,-1.20638,2
69,101,12.975,16.0382,3
69,205,12.975,16.0382,3
69,385,-0.424353,-23.2557,5
69,25,3.28255,-1.07213,7
69,213,3.28255,-1.07213,7
69,169,3.28255,-1.07213,7
69,329,-0.424353,-23.2557,5
69,333,2.09312,17.5751,6
70,397,-13.0313,-1.20638,2
70,421,3.28255,-1.07213,7
70,33,-49,-1,4
70,313,-6.90103,11.7833,1
70,85,3.28255,-1.07213,7
70,29,3.28255,-1.07213,7
70,393,3.28255,-1.07213,7
70,41,-0.424353,-23.2557,5
70,181,3.28255,-1.07213,7
70,37,12.9734,16.0354,3
70,417,12.975,16.0382,3
70,401,3.28255,-1.07213,7
70,25,3.28255,-1.07213,7
70,105,12.975,16.0382,3
70,257,3.28255,-1.07213,7
70,345,3.28255,-1.07213,7
70,425,3.28255,-1.07213,7
70,301,12.975,16.0382,3
70,277,3.28255,-1.07213,7
70,253,3.28255,-1.07213,7
70,361,-13.0313,-1.20638,2
70,101,12.975,16.0382,3
70,305,3.28255,-1.07213,7
70,233,12.975,16.0382,3
70,49,12.975,16.0382,3
70,325,3.28255,-1.07213,7
70,21,12.975,16.0382,3
70,121,3.28255,-1.07213,7
70,249,3.28255,-1.07213,7
70,117,15.7783,-12.6259,5
70,333,2.09312,17.5751,6
70,1,11.784,13.947,3
70,165,3.77425,-0.201441,7
70,317,3.28255,-1.07213,7
70,409,2.09312,17.5751,6
70,329,-0.424353,-23.2557,5
70,113,11.9854,14.3002,3
70,65,3.77735,-0.203411,7
70,405,3.28255,-1.07213,7
70,349,12.975,16.0382,3
70,185,3.28255,-1.07213,7
70,205,12.975,16.0382,3
70,77,12.975,16.0382,3
70,441,-0.424353,-23.2557,5
70,53,3.77543,-0.202038,7
70,337,12.975,16.0382,3
70,193,3.28255,-1.07213,7
70,125,3.28255,-1.07213,7
70,201,12.975,16.0382,3
70,237,3.28255,-1.07213,7
70,109,3.28255,-1.07213,7
70,149,3.28255,-1.07213,7
70,73,12.975,16.0382,3
70,245,-0.424353,-23.2557,5
70,157,-0.424353,-23.2557,5
70,413,3.28255,-1.07213,7
70,69,12.975,16.0382,3
70,137,3.28255,-1.07213,7
70,13,11.6302,13.5144,3
70,297,3.28255,-1.07213,7
70,225,12.975,16.0382,3
70,369,-0.424353,-23.2557,5
70,341,-0.424353,-23.2557,5
70,97,3.28255,-1.07213,7
70,17,12.975,16.0382,3
70,93,3.28255,-1.07213,7
70,241,-0.424353,-23.2557,5
70,321,3.28255,-1.07213,7
70,145,12.975,16.0382,3
70,89,3.28255,-1.07213,7
70,173,3.28255,-1.07213,7
70,309,-13.0313,-1.20638,2
70,261,3.28255,-1.07213,7
70,133,12.975,16.0382,3
70,9,12.4821,15.1681,3
70,189,12.975,16.0382,3
70,437,3.28255,-1.07213,7
70,213,3.28255,-1.07213,7
70,57,3.28255,-1.07213,7
70,289,3.32123,-0.729211,7
70,61,3.28255,-1.07213,7
70,265,12.975,16.0382,3
70,389,-13.0313,-1.20638,2
70,129,3.28255,-1.07213,7
70,381,3.28255,-1.07213,7
70,141,3.77543,-0.202038,7
70,217,12.975,16.0382,3
70,209,12.4918,15.2477,3
70,221,3.28255,-1.07213,7
70,45,3.28255,-1.07213,7
70,365,-13.0313,-1.20638,2
70,229,-13.0313,-1.20638,2
70,353,3.28255,-1.07213,7
70,269,4.03285,0.305882,7
70,357,-6.90103,11.7833,1
70,281,12.975,16.0382,3
70,429,-0.410449,-23.1793,5
70,5,-0.424353,-23.2557,5
70,177,12.975,16.0382,3
70,445,12.975,16.0382,3
70,293,12.975,16.0382,3
70,169,3.28255,-1.07213,7
70,377,-13.0313,-1.20638,2
70,373,3.28255,-1.07213,7
70,161,3.28255,-1.07213,7
70,197,12.975,16.0382,3
70,385,-0.424353,-23.2557,5
70,433,12.975,16.0382,3
70,285,3.28255,-1.07213,7
70,273,12.975,16.0382,3
70,153,2.09312,17.5751,6
70,81,12.9167,15.9623,3
71,209,12.975,16.0382,3
71,81,12.4294,15.089,3
71,101,12.975,16.0382,3
71,141,4.26832,0.668054,7
71,429,-0.411486,-23.1792,5
71,69,12.476,15.1717,3
71,37,12.9436,15.1642,3
71,353,3.28255,-1.07213,7
71,437,3.28255,-1.07213,7
71,205,12.975,16.0382,3
71,357,-6.90103,11.7833,1
71,385,-0.424353,-23.2557,5
71,177,12.975,16.0382,3
71,365,-13.0313,-1.20638,2
71,57,3.28255,-1.07213,7
71,1,12.2901,14.81,3
71,165,4.27015,0.666935,7
71,265,12.4821,15.1681,3
71,249,3.28255,-1.07213,7
71,241,-0.424353,-23.2557,5
71,441,-0.424353,-23.2557,5
71,389,-13.0313,-1.20638,2
71,109,3.28255,-1.07213,7
71,233,12.975,16.0382,3
71,29,3.28255,-1.07213,7
71,361,-13.0313,-1.20638,2
71,85,3.28255,-1.07213,7
71,281,12.975,16.0382,3
71,277,3.28255,-1.07213,7
71,173,3.28255,-1.07213,7
71,293,12.975,16.0382,3
71,285,3.28255,-1.07213,7
71,157,-0.424353,-23.2557,5
71,21,12.975,16.0382,3
71,301,12.975,16.0382,3
71,253,3.28255,-1.07213,7
71,77,12.975,16.0382,3
71,337,12.975,16.0382,3
71,425,3.28255,-1.07213,7
71,5,-0.424353,-23.2557,5
71,313,-6.90103,11.7833,1
71,197,12.975,16.0382,3
71,345,3.28255,-1.07213,7
71,325,3.28255,-1.07213,7
71,381,3.28255,-1.07213,7
71,397,-13.0313,-1.20638,2
71,45,3.28255,-1.07213,7
71,25,3.28255,-1.07213,7
71,369,-0.424353,-23.2557,5
71,193,3.28255,-1.07213,7
71,373,3.28255,-1.07213,7
71,105,12.975,16.0382,3
71,341,-0.424353,-23.2557,5
71,221,3.28255,-1.07213,7
71,169,3.28255,-1.07213,7
71,309,-13.0313,-1.20638,2
71,61,3.28255,-1.07213,7
71,377,-13.0313,-1.20638,2
71,89,3.28255,-1.07213,7
71,405,3.28255,-1.07213,7
71,417,12.975,16.0382,3
71,401,3.28255,-1.07213,7
71,17,12.4729,15.1735,3
71,185,3.28255,-1.07213,7
71,73,12.975,16.0382,3
71,213,3.28255,-1.07213,7
71,149,3.28255,-1.07213,7
71,161,3.28255,-1.07213,7
71,413,3.28255,-1.07213,7
71,305,3.28255,-1.07213,7
71,333,2.09312,17.5751,6
71,217,12.975,16.0382,3
71,53,3.28255,-1.07213,7
71,229,-13.0313,-1.20638,2
71,33,-49,-1,4
71,129,3.68988,-0.170238,7
71,433,12.975,16.0382,3
71,349,12.975,16.0382,3
71,269,4.534,1.17132,7
71,125,3.28255,-1.07213,7
71,9,12.975,16.0382,3
71,201,12.975,16.0382,3
71,189,12.975,16.0382,3
71,137,3.28255,-1.07213,7
71,297,3.28255,-1.07213,7
71,289,3.28255,-1.07213,7
71,225,12.975,16.0382,3
71,261,3.28255,-1.07213,7
71,245,-0.424353,-23.2557,5
71,121,3.28255,-1.07213,7
71,93,3.28255,-1.07213,7
71,409,2.09312,17.5751,6
71,237,3.28255,-1.07213,7
71,317,3.28255,-1.07213,7
71,117,15.7783,-12.6259,5
71,257,3.28255,-1.07213,7
71,145,12.4816,15.1684,3
71,273,12.975,16.0382,3
71,41,-0.424353,-23.2557,5
71,49,12.975,16.0382,3
71,65,4.26941,0.667153,7
71,393,3.28255,-1.07213,7
71,445,12.975,16.0382,3
71,113,11.958,13.3927,3
71,97,3.28255,-1.07213,7
71,421,3.28255,-1.07213,7
71,153,2.09312,17.5751,6
71,181,3.28255,-1.07213,7
71,321,3.28255,-1.07213,7
71,133,12.975,16.0382,3
71,13,11.1174,12.6555,3
71,329,-0.424353,-23.2557,5
72,17,12.975,16.0382,3
72,137,3.28255,-1.07213,7
72,25,3.28255,-1.07213,7
72,309,-13.0313,-1.20638,2
72,445,12.975,16.0382,3
72,113,11.3325,12.5972,3
72,229,-13.0313,-1.20638,2
72,65,3.94151,-0.229315,7
72,225,12.975,16.0382,3
72,121,3.28255,-1.07213,7
72,305,3.28255,-1.07213,7
72,149,3.28255,-1.07213,7
72,201,12.975,16.0382,3
72,153,2.09312,17.5751,6
72,345,3.28255,-1.07213,7
72,393,3.28255,-1.07213,7
72,409,2.09312,17.5751,6
72,301,12.975,16.0382,3
72,29,3.77543,-0.202038,7
72,1,12.8281,15.6838,3
72,89,3.28255,-1.07213,7
72,93,3.28255,-1.07213,7
72,169,3.28255,-1.07213,7
72,57,3.28255,-1.07213,7
72,41,-0.424353,-23.2557,5
72,117,15.7783,-12.6259,5
72,141,3.28255,-1.07213,7
72,189,12.975,16.0382,3
72,317,3.28255,-1.07213,7
72,273,12.975,16.0382,3
72,217,12.975,16.0382,3
72,49,12.975,16.0382,3
72,293,12.975,16.0382,3
72,281,12.975,16.0382,3
72,313,-6.90103,11.7833,1
72,433,12.975,16.0382,3
72,77,12.975,16.0382,3
72,353,3.28255,-1.07213,7
72,253,3.28255,-1.07213,7
72,5,-0.424353,-23.2557,5
72,341,-0.424353,-23.2557,5
72,193,3.28255,-1.07213,7
72,265,11.783,14.5466,3
72,185,3.28255,-1.07213,7
72,441,-0.424353,-23.2557,5
72,321,3.28255,-1.07213,7
72,125,3.28255,-1.07213,7
72,61,3.28255,-1.07213,7
72,261,3.28255,-1.07213,7
72,389,-13.0313,-1.20638,2
72,357,-6.90103,11.7833,1
72,101,12.975,16.0382,3
72,161,3.28255,-1.07213,7
72,13,10.5994,11.7999,3
72,297,3.28255,-1.07213,7
72,421,3.28255,-1.07213,7
72,413,3.28255,-1.07213,7
72,21,12.975,16.0382,3
72,369,-0.424353,-23.2557,5
72,269,5.0317,2.03868,7
72,373,3.28255,-1.07213,7
72,97,3.62655,-0.239881,7
72,329,-0.424353,-23.2557,5
72,81,12.9279,15.9556,3
72,145,12.975,16.0382,3
72,109,3.28255,-1.07213,7
72,133,12.975,16.0382,3
72,213,3.28255,-1.07213,7
72,349,12.975,16.0382,3
72,249,3.28255,-1.07213,7
72,69,11.9966,14.2941,3
72,385,-0.424353,-23.2557,5
72,425,3.28255,-1.07213,7
72,209,12.975,16.0382,3
72,181,3.28255,-1.07213,7
72,397,-13.0313,-1.20638,2
72,289,3.28255,-1.07213,7
72,241,-0.424353,-23.2557,5
72,285,3.28255,-1.07213,7
72,165,4.76272,1.53721,7
72,157,-0.424353,-23.2557,5
72,73,12.975,16.0382,3
72,53,3.28255,-1.07213,7
72,381,3.28255,-1.07213,7
72,337,12.975,16.0382,3
72,197,12.975,16.0382,3
72,437,3.28255,-1.07213,7
72,405,3.28255,-1.07213,7
72,105,12.975,16.0382,3
72,177,12.975,16.0382,3
72,333,2.09312,17.5751,6
72,233,12.975,16.0382,3
72,417,12.975,16.0382,3
72,129,3.28255,-1.07213,7
72,85,3.28255,-1.07213,7
72,361,-13.0313,-1.20638,2
72,277,3.2013,-0.428125,7
72,37,12.2975,14.3718,3
72,257,3.28255,-1.07213,7
72,245,-0.424353,-23.2557,5
72,237,3.28255,-1.07213,7
72,429,-0.411557,-23.1792,5
72,377,-13.0313,-1.20638,2
72,45,3.28255,-1.07213,7
72,365,-13.0313,-1.20638,2
72,173,3.28255,-1.07213,7
72,401,3.28255,-1.07213,7
72,325,3.28255,-1.07213,7
72,205,12.975,16.0382,3
72,33,-49,-1,4
72,9,12.975,16.0382,3
72,221,3.28255,-1.07213,7
73,241,-0.424353,-23.2557,5
73,273,12.975,16.0382,3
73,105,12.975,16.0382,3
73,377,-13.0313,-1.20638,2
73,261,3.28255,-1.07213,7
73,33,-49,-1,4
73,101,12.975,16.0382,3
73,349,12.975,16.0382,3
73,321,3.28255,-1.07213,7
73,281,12.975,16.0382,3
73,381,3.28255,-1.07213,7
73,45,3.77643,-0.202606,7
73,373,3.28255,-1.07213,7
73,397,-13.0313,-1.20638,2
73,109,3.77543,-0.202038,7
73,393,3.28255,-1.07213,7
73,129,3.28255,-1.07213,7
73,221,3.28255,-1.07213,7
73,297,3.28255,-1.07213,7
73,389,-13.0313,-1.20638,2
73,425,3.28255,-1.07213,7
73,49,12.975,16.0382,3
73,317,3.28255,-1.07213,7
73,197,12.975,16.0382,3
73,245,-0.424353,-23.2557,5
73,313,-6.90103,11.7833,1
73,229,-13.0313,-1.20638,2
73,93,3.28255,-1.07213,7
73,137,3.28255,-1.07213,7
73,205,12.975,16.0382,3
73,277,3.28255,-1.07213,7
73,81,12.4149,15.098,3
73,97,3.28255,-1.07213,7
73,253,3.28255,-1.07213,7
73,61,3.28255,-1.07213,7
73,201,12.975,16.0382,3
73,37,11.881,14.4857,3
73,341,-0.424353,-23.2557,5
73,1,12.6872,14.7973,3
73,293,12.975,16.0382,3
73,9,12.4702,15.1752,3
73,361,-13.0313,-1.20638,2
73,441,-0.424353,-23.2557,5
73,329,-0.424353,-23.2557,5
73,437,3.28255,-1.07213,7
73,357,-6.90103,11.7833,1
73,237,3.28255,-1.07213,7
73,385,-0.424353,-23.2557,5
73,225,12.975,16.0382,3
73,217,12.975,16.0382,3
73,189,12.975,16.0382,3
73,25,3.28255,-1.07213,7
73,41,-0.424353,-23.2557,5
73,125,3.28255,-1.07213,7
73,433,12.975,16.0382,3
73,117,15.7783,-12.6259,5
73,305,3.28255,-1.07213,7
73,169,3.28255,-1.07213,7
73,57,3.28255,-1.07213,7
73,265,11.881,14.4857,3
73,193,3.28255,-1.07213,7
73,413,3.28255,-1.07213,7
73,13,11.5541,12.6764,3
73,285,3.28255,-1.07213,7
73,153,2.09312,17.5751,6
73,157,-0.424353,-23.2557,5
73,17,12.4821,15.1681,3
73,65,3.31645,-1.01441,7
73,401,3.28255,-1.07213,7
73,145,12.4821,15.1681,3
73,429,-0.411562,-23.1792,5
73,29,4.26831,0.668057,7
73,333,2.09312,17.5751,6
73,409,2.09312,17.5751,6
73,249,3.28255,-1.07213,7
73,21,12.975,16.0382,3
73,233,12.975,16.0382,3
73,141,3.71537,-0.176642,7
73,309,-13.0313,-1.20638,2
73,365,-13.0313,-1.20638,2
73,353,3.28255,-1.07213,7
73,77,12.975,16.0382,3
73,113,10.4813,12.1033,3
73,325,3.28255,-1.07213,7
73,161,3.28255,-1.07213,7
73,269,4.92055,2.95585,7
73,149,3.28255,-1.07213,7
73,417,12.975,16.0382,3
73,73,12.975,16.0382,3
73,69,12.975,16.0382,3
73,209,12.975,16.0382,3
73,405,3.28255,-1.07213,7
73,165,4.67827,2.45535,7
73,185,3.48663,-1.03462,7
73,421,3.28255,-1.07213,7
73,445,12.975,16.0382,3
73,257,3.28255,-1.07213,7
73,173,3.28255,-1.07213,7
73,121,3.28255,-1.07213,7
73,177,12.975,16.0382,3
73,5,-0.424353,-23.2557,5
73,89,3.28255,-1.07213,7
73,301,12.975,16.0382,3
73,369,-0.424353,-23.2557,5
73,53,3.28255,-1.07213,7
73,345,3.28255,-1.07213,7
73,289,3.28255,-1.07213,7
73,337,12.975,16.0382,3
73,133,12.975,16.0382,3
73,181,3.28255,-1.07213,7
73,85,3.77543,-0.202038,7
73,213,3.28255,-1.07213,7
74,201,12.975,16.0382,3
74,97,3.77512,-0.201865,7
74,125,3.28255,-1.07213,7
74,105,12.975,16.0382,3
74,77,12.975,16.0382,3
74,21,12.975,16.0382,3
74,225,12.975,16.0382,3
74,269,4.63456,1.97889,7
74,261,3.28255,-1.07213,7
74,65,3.28255,-1.07213,7
74,61,3.28255,-1.07213,7
74,329,-0.424353,-23.2557,5
74,245,-0.424353,-23.2557,5
74,397,-13.0313,-1.20638,2
74,169,3.28255,-1.07213,7
74,73,12.975,16.0382,3
74,181,3.28255,-1.07213,7
74,393,3.28255,-1.07213,7
74,445,12.975,16.0382,3
74,433,12.975,16.0382,3
74,29,3.77543,-0.202038,7
74,377,-13.0313,-1.20638,2
74,353,3.28255,-1.07213,7
74,81,12.975,16.0382,3
74,229,-13.0313,-1.20638,2
74,241,-0.424353,-23.2557,5
74,89,3.71932,-0.177707,7
74,277,3.77767,-0.203321,7
74,357,-6.90103,11.7833,1
74,289,3.28255,-1.07213,7
74,49,12.975,16.0382,3
74,305,3.28255,-1.07213,7
74,5,-0.424353,-23.2557,5
74,237,3.28255,-1.07213,7
74,141,3.28255,-1.07213,7
74,249,3.28255,-1.07213,7
74,53,3.7759,-0.202308,7
74,253,3.28255,-1.07213,7
74,33,-49,-1,4
74,293,12.975,16.0382,3
74,217,12.975,16.0382,3
74,25,3.28255,-1.07213,7
74,93,3.28255,-1.07213,7
74,177,12.975,16.0382,3
74,425,3.28255,-1.07213,7
74,309,-13.0313,-1.20638,2
74,409,2.09312,17.5751,6
74,417,12.975,16.0382,3
74,281,12.975,16.0382,3
74,161,3.28255,-1.07213,7
74,273,12.975,16.0382,3
74,413,3.28255,-1.07213,7
74,317,3.28255,-1.07213,7
74,301,12.975,16.0382,3
74,373,3.28255,-1.07213,7
74,165,3.57452,-0.334223,7
74,333,2.09312,17.5751,6
74,441,-0.424353,-23.2557,5
74,121,3.28255,-1.07213,7
74,193,3.28255,-1.07213,7
74,209,12.975,16.0382,3
74,401,3.28255,-1.07213,7
74,285,3.28255,-1.07213,7
74,57,3.28255,-1.07213,7
74,365,-13.0313,-1.20638,2
74,1,12.2237,14.5674,3
74,101,12.975,16.0382,3
74,361,-13.0313,-1.20638,2
74,349,12.975,16.0382,3
74,221,4.01873,-1.7489,7
74,145,12.4273,14.2638,3
74,233,12.975,16.0382,3
74,437,3.28255,-1.07213,7
74,197,12.975,16.0382,3
74,117,15.7783,-12.6259,5
74,429,-0.411562,-23.1792,5
74,157,-0.424353,-23.2557,5
74,37,12.5468,15.2192,3
74,345,3.28255,-1.07213,7
74,133,12.975,16.0382,3
74,153,2.09312,17.5751,6
74,325,3.28255,-1.07213,7
74,205,12.975,16.0382,3
74,69,12.7988,15.1564,3
74,389,-13.0313,-1.20638,2
74,113,10.0044,11.2243,3
74,41,-0.424353,-23.2557,5
74,265,11.4465,13.5818,3
74,257,3.28255,-1.07213,7
74,13,12.6955,15.4474,3
74,185,3.67412,-0.999907,7
74,405,3.28255,-1.07213,7
74,337,12.975,16.0382,3
74,129,3.28255,-1.07213,7
74,149,3.28255,-1.07213,7
74,45,4.2728,0.665489,7
74,321,3.28255,-1.07213,7
74,385,-0.424353,-23.2557,5
74,341,-0.424353,-23.2557,5
74,297,3.28255,-1.07213,7
74,369,-0.424353,-23.2557,5
74,213,3.28255,-1.07213,7
74,381,3.28255,-1.07213,7
74,313,-6.90103,11.7833,1
74,421,3.28255,-1.07213,7
74,85,3.28255,-1.07213,7
74,109,3.28255,-1.07213,7
74,189,12.975,16.0382,3
74,137,3.28255,-1.07213,7
74,17,11.9892,14.298,3
74,173,3.28255,-1.07213,7
74,9,12.975,16.0382,3
75,85,3.28255,-1.07213,7
75,437,3.28255,-1.07213,7
75,341,-0.424353,-23.2557,5
75,97,3.28255,-1.07213,7
75,369,-0.424353,-23.2557,5
75,377,-13.0313,-1.20638,2
75,277,3.35323,-1.00466,7
75,133,12.975,16.0382,3
75,325,3.28255,-1.07213,7
75,129,3.28255,-1.07213,7
75,309,-13.0313,-1.20638,2
75,353,3.28255,-1.07213,7
75,441,-0.424353,-23.2557,5
75,217,12.975,16.0382,3
75,321,3.28255,-1.07213,7
75,273,12.975,16.0382,3
75,121,3.28255,-1.07213,7
75,229,-13.0313,-1.20638,2
75,365,-13.0313,-1.20638,2
75,145,11.8135,13.4578,3
75,413,3.28255,-1.07213,7
75,385,-0.424353,-23.2557,5
75,381,3.28255,-1.07213,7
75,81,12.4781,15.1706,3
75,289,3.28255,-1.07213,7
75,317,3.28255,-1.07213,7
75,357,-6.90103,11.7833,1
75,149,3.28255,-1.07213,7
75,433,12.975,16.0382,3
75,333,2.09312,17.5751,6
75,253,3.28255,-1.07213,7
75,301,12.975,16.0382,3
75,181,3.28255,-1.07213,7
75,293,12.975,16.0382,3
75,245,-0.424353,-23.2557,5
75,361,-13.0313,-1.20638,2
75,285,3.28255,-1.07213,7
75,25,3.28255,-1.07213,7
75,177,12.975,16.0382,3
75,29,3.27929,-0.43965,7
75,389,-13.0313,-1.20638,2
75,9,12.4703,15.1751,3
75,157,-0.424353,-23.2557,5
75,169,3.28255,-1.07213,7
75,69,12.2018,14.3412,3
75,281,12.975,16.0382,3
75,393,3.28255,-1.07213,7
75,237,3.28255,-1.07213,7
75,21,12.975,16.0382,3
75,117,15.7783,-12.6259,5
75,73,12.975,16.0382,3
75,1,12.6629,15.467,3
75,125,3.28255,-1.07213,7
75,221,3.6895,-0.625973,7
75,101,12.975,16.0382,3
75,65,3.28255,-1.07213,7
75,185,3.82085,-0.966295,7
75,49,12.975,16.0382,3
75,113,10.4815,12.0981,3
75,137,3.28255,-1.07213,7
75,37,12.0257,14.3657,3
75,329,-0.424353,-23.2557,5
75,421,3.28255,-1.07213,7
75,257,3.28255,-1.07213,7
75,105,12.975,16.0382,3
75,337,12.975,16.0382,3
75,425,3.28255,-1.07213,7
75,53,4.24523,0.68042,7
75,17,12.4865,15.1655,3
75,349,12.975,16.0382,3
75,77,12.975,16.0382,3
75,233,12.975,16.0382,3
75,193,3.28255,-1.07213,7
75,45,3.77361,-0.201103,7
75,261,3.28255,-1.07213,7
75,265,10.9861,12.6931,3
75,61,3.47225,-0.184408,7
75,345,3.28255,-1.07213,7
75,297,3.28255,-1.07213,7
75,417,12.975,16.0382,3
75,5,-0.424353,-23.2557,5
75,141,3.28255,-1.07213,7
75,89,3.28255,-1.07213,7
75,305,3.28255,-1.07213,7
75,173,3.28255,-1.07213,7
75,429,-0.452318,-23.2013,5
75,189,12.975,16.0382,3
75,197,12.975,16.0382,3
75,13,12.184,14.5877,3
75,225,12.975,16.0382,3
75,153,2.09312,17.5751,6
75,93,3.28255,-1.07213,7
75,109,3.28255,-1.07213,7
75,269,3.94218,1.6,7
75,161,3.28255,-1.07213,7
75,209,12.975,16.0382,3
75,57,3.28255,-1.07213,7
75,33,-49,-1,4
75,41,-0.424353,-23.2557,5
75,201,12.975,16.0382,3
75,205,12.975,16.0382,3
75,241,-0.424353,-23.2557,5
75,409,2.09312,17.5751,6
75,249,3.28255,-1.07213,7
75,373,3.28255,-1.07213,7
75,165,3.28255,-1.07213,7
75,445,12.975,16.0382,3
75,397,-13.0313,-1.20638,2
75,405,3.28255,-1.07213,7
75,213,3.28255,-1.07213,7
75,401,3.28255,-1.07213,7
75,313,-6.90103,11.7833,1
76,217,12.975,16.0382,3
76,441,-0.424353,-23.2557,5
76,361,-13.0313,-1.20638,2
76,265,11.2616,13.8226,3
76,97,3.77543,-0.202038,7
76,425,3.28255,-1.07213,7
76,69,11.6592,13.4985,3
76,121,3.28255,-1.07213,7
76,433,12.975,16.0382,3
76,261,3.28255,-1.07213,7
76,321,3.28255,-1.07213,7
76,141,3.28255,-1.07213,7
76,169,3.28255,-1.07213,7
76,17,11.9633,14.3139,3
76,273,12.975,16.0382,3
76,413,3.28255,-1.07213,7
76,5,-0.424353,-23.2557,5
76,301,12.975,16.0382,3
76,313,-6.90103,11.7833,1
76,193,3.28255,-1.07213,7
76,177,12.975,16.0382,3
76,309,-13.0313,-1.20638,2
76,293,12.975,16.0382,3
76,85,3.28255,-1.07213,7
76,269,4.63808,2.36397,7
76,25,3.28255,-1.07213,7
76,229,-13.0313,-1.20638,2
76,93,3.28255,-1.07213,7
76,9,11.982,14.3024,3
76,189,12.975,16.0382,3
76,341,-0.424353,-23.2557,5
76,29,3.28255,-1.07213,7
76,305,3.28255,-1.07213,7
76,45,4.26282,0.671044,7
76,157,-0.424353,-23.2557,5
76,165,3.28255,-1.07213,7
76,1,12.1699,14.597,3
76,333,2.09312,17.5751,6
76,65,3.77543,-0.202038,7
76,149,3.28255,-1.07213,7
76,173,3.28255,-1.07213,7
76,161,3.28255,-1.07213,7
76,377,-13.0313,-1.20638,2
76,445,12.975,16.0382,3
76,81,12.975,16.0382,3
76,33,-49,-1,4
76,237,3.28255,-1.07213,7
76,409,2.09312,17.5751,6
76,201,12.975,16.0382,3
76,285,3.28255,-1.07213,7
76,181,3.28255,-1.07213,7
76,153,2.09312,17.5751,6
76,113,10.0407,11.1982,3
76,317,3.28255,-1.07213,7
76,13,12.975,16.0382,3
76,373,3.28255,-1.07213,7
76,385,-0.424353,-23.2557,5
76,389,-13.0313,-1.20638,2
76,437,3.28255,-1.07213,7
76,405,3.28255,-1.07213,7
76,53,3.76981,-0.199445,7
76,21,12.975,16.0382,3
76,429,-0.417202,-23.2071,5
76,421,3.28255,-1.07213,7
76,105,12.975,16.0382,3
76,245,-0.424353,-23.2557,5
76,253,3.28255,-1.07213,7
76,221,3.26044,-0.80534,7
76,365,-13.0313,-1.20638,2
76,397,-13.0313,-1.20638,2
76,257,3.28255,-1.07213,7
76,41,-0.424353,-23.2557,5
76,145,11.2517,12.6257,3
76,125,3.28255,-1.07213,7
76,357,-6.90103,11.7833,1
76,133,12.975,16.0382,3
76,137,3.28255,-1.07213,7
76,249,3.28255,-1.07213,7
76,57,3.28255,-1.07213,7
76,73,12.975,16.0382,3
76,281,12.975,16.0382,3
76,89,3.28255,-1.07213,7
76,297,3.28255,-1.07213,7
76,289,3.28255,-1.07213,7
76,197,12.975,16.0382,3
76,37,11.5006,13.5154,3
76,329,-0.424353,-23.2557,5
76,101,12.975,16.0382,3
76,209,12.975,16.0382,3
76,417,12.975,16.0382,3
76,337,12.975,16.0382,3
76,369,-0.424353,-23.2557,5
76,77,12.975,16.0382,3
76,401,3.28255,-1.07213,7
76,233,12.975,16.0382,3
76,185,3.4726,-1.00435,7
76,129,3.46922,-0.182281,7
76,325,3.28255,-1.07213,7
76,213,3.28255,-1.07213,7
76,49,12.975,16.0382,3
76,349,12.975,16.0382,3
76,241,-0.424353,-23.2557,5
76,117,15.7783,-12.6259,5
76,109,3.78175,-0.205724,7
76,345,3.28255,-1.07213,7
76,393,3.77199,-0.200533,7
76,205,12.975,16.0382,3
76,225,12.975,16.0382,3
76,381,3.28255,-1.07213,7
76,277,3.28255,-1.07213,7
76,353,3.28255,-1.07213,7
76,61,3.28255,-1.07213,7
77,421,3.28255,-1.07213,7
77,381,3.28255,-1.07213,7
77,181,3.28255,-1.07213,7
77,349,12.975,16.0382,3
77,393,3.28255,-1.07213,7
77,5,-0.424353,-23.2557,5
77,157,-0.424353,-23.2557,5
77,101,12.975,16.0382,3
77,177,12.975,16.0382,3
77,273,12.975,16.0382,3
77,317,3.28255,-1.07213,7
77,133,12.975,16.0382,3
77,21,12.975,16.0382,3
77,81,12.4813,15.1687,3
77,337,12.975,16.0382,3
77,165,3.82641,-0.238787,7
77,45,3.69222,-0.116901,7
77,269,5.25974,3.16333,7
77,193,3.28255,-1.07213,7
77,137,3.28255,-1.07213,7
77,249,3.28255,-1.07213,7
77,29,3.28255,-1.07213,7
77,225,12.975,16.0382,3
77,113,10.5873,12.0372,3
77,205,12.975,16.0382,3
77,413,3.28255,-1.07213,7
77,353,3.28255,-1.07213,7
77,389,-13.0313,-1.20638,2
77,97,3.77474,-0.200096,7
77,297,3.28255,-1.07213,7
77,345,3.28255,-1.07213,7
77,301,12.975,16.0382,3
77,149,3.28255,-1.07213,7
77,237,3.28255,-1.07213,7
77,281,12.975,16.0382,3
77,365,-13.0313,-1.20638,2
77,61,3.28255,-1.07213,7
77,425,3.28255,-1.07213,7
77,341,-0.424353,-23.2557,5
77,109,3.28059,-0.416823,7
77,373,3.28255,-1.07213,7
77,433,12.975,16.0382,3
77,189,12.975,16.0382,3
77,357,-6.90103,11.7833,1
77,53,3.28255,-1.07213,7
77,313,-6.90103,11.7833,1
77,213,3.28255,-1.07213,7
77,405,3.28255,-1.07213,7
77,121,3.28255,-1.07213,7
77,93,3.28255,-1.07213,7
77,37,11.0179,12.6395,3
77,57,3.28255,-1.07213,7
77,289,3.47777,-1.03621,7
77,385,-0.424353,-23.2557,5
77,285,3.28255,-1.07213,7
77,141,3.77479,-0.201676,7
77,241,-0.424353,-23.2557,5
77,129,3.28255,-1.07213,7
77,245,-0.424353,-23.2557,5
77,1,11.6644,13.7341,3
77,41,-0.424353,-23.2557,5
77,217,12.975,16.0382,3
77,437,3.28255,-1.07213,7
77,409,2.09312,17.5751,6
77,229,-13.0313,-1.20638,2
77,293,12.975,16.0382,3
77,153,2.09312,17.5751,6
77,361,-13.0313,-1.20638,2
77,305,3.28255,-1.07213,7
77,33,-49,-1,4
77,49,12.975,16.0382,3
77,429,-0.416306,-23.2073,5
77,25,3.28255,-1.07213,7
77,77,12.975,16.0382,3
77,13,12.4814,15.1685,3
77,401,3.28255,-1.07213,7
77,169,3.28255,-1.07213,7
77,197,12.975,16.0382,3
77,329,-0.424353,-23.2557,5
77,221,3.28255,-1.07213,7
77,233,12.975,16.0382,3
77,261,3.28255,-1.07213,7
77,185,3.28255,-1.07213,7
77,417,12.975,16.0382,3
77,321,3.28255,-1.07213,7
77,257,3.28255,-1.07213,7
77,73,12.975,16.0382,3
77,145,10.7146,11.7804,3
77,117,15.7783,-12.6259,5
77,253,3.28255,-1.07213,7
77,85,3.39406,-1.05123,7
77,209,12.975,16.0382,3
77,89,3.28255,-1.07213,7
77,445,12.975,16.0382,3
77,161,3.28255,-1.07213,7
77,9,11.4623,13.4486,3
77,325,3.7701,-0.199193,7
77,69,11.0462,12.709,3
77,369,-0.424353,-23.2557,5
77,201,12.975,16.0382,3
77,105,12.975,16.0382,3
77,125,3.28255,-1.07213,7
77,441,-0.424353,-23.2557,5
77,309,-13.0313,-1.20638,2
77,17,12.4763,15.1724,3
77,277,3.28255,-1.07213,7
77,377,-13.0313,-1.20638,2
77,333,2.09312,17.5751,6
77,397,-13.0313,-1.20638,2
77,173,3.28255,-1.07213,7
77,65,3.60893,-0.251207,7
77,265,12.0787,14.343,3
78,429,-0.414512,-23.2077,5
78,305,3.28255,-1.07213,7
78,169,3.28255,-1.07213,7
78,405,3.28255,-1.07213,7
78,257,3.28255,-1.07213,7
78,413,3.28255,-1.07213,7
78,297,3.28255,-1.07213,7
78,377,-13.0313,-1.20638,2
78,417,12.975,16.0382,3
78,333,2.09312,17.5751,6
78,85,3.28255,-1.07213,7
78,361,-13.0313,-1.20638,2
78,209,12.975,16.0382,3
78,353,3.28255,-1.07213,7
78,293,12.975,16.0382,3
78,321,3.28255,-1.07213,7
78,73,12.975,16.0382,3
78,269,4.895,2.2245,7
78,161,3.28255,-1.07213,7
78,181,3.28255,-1.07213,7
78,337,12.975,16.0382,3
78,437,3.28255,-1.07213,7
78,301,12.975,16.0382,3
78,201,12.975,16.0382,3
78,313,-6.90103,11.7833,1
78,261,3.28255,-1.07213,7
78,317,3.28255,-1.07213,7
78,421,3.28255,-1.07213,7
78,229,-13.0313,-1.20638,2
78,441,-0.424353,-23.2557,5
78,137,3.28255,-1.07213,7
78,149,3.28255,-1.07213,7
78,309,-13.0313,-1.20638,2
78,281,12.975,16.0382,3
78,141,4.26698,0.66881,7
78,217,12.975,16.0382,3
78,173,3.28255,-1.07213,7
78,425,3.28255,-1.07213,7
78,401,3.28255,-1.07213,7
78,249,3.28255,-1.07213,7
78,409,2.09312,17.5751,6
78,185,3.28255,-1.07213,7
78,117,15.7783,-12.6259,5
78,381,3.28255,-1.07213,7
78,329,-0.424353,-23.2557,5
78,273,12.975,16.0382,3
78,113,12.131,14.6096,3
78,153,2.09312,17.5751,6
78,393,3.28255,-1.07213,7
78,397,-13.0313,-1.20638,2
78,221,3.21363,-0.445798,7
78,157,-0.424353,-23.2557,5
78,433,12.975,16.0382,3
78,57,3.28255,-1.07213,7
78,93,3.28255,-1.07213,7
78,357,-6.90103,11.7833,1
78,213,3.28255,-1.07213,7
78,69,12.0488,14.4395,3
78,145,9.8741,11.2896,3
78,109,3.10794,-0.583237,7
78,41,-0.424353,-23.2557,5
78,97,4.26765,0.669985,7
78,349,12.975,16.0382,3
78,37,10.5319,11.7655,3
78,237,3.28255,-1.07213,7
78,277,3.21562,-0.448787,7
78,345,3.28255,-1.07213,7
78,21,12.975,16.0382,3
78,265,12.5312,15.2353,3
78,241,-0.424353,-23.2557,5
78,65,3.22011,-0.485135,7
78,9,10.9799,12.5725,3
78,89,3.28255,-1.07213,7
78,49,12.975,16.0382,3
78,5,-0.424353,-23.2557,5
78,61,3.77505,-0.201826,7
78,77,12.975,16.0382,3
78,133,12.975,16.0382,3
78,369,-0.424353,-23.2557,5
78,165,3.28255,-1.07213,7
78,125,3.28255,-1.07213,7
78,245,-0.424353,-23.2557,5
78,365,-13.0313,-1.20638,2
78,33,-49,-1,4
78,17,12.975,16.0382,3
78,385,-0.424353,-23.2557,5
78,177,12.975,16.0382,3
78,29,3.28255,-1.07213,7
78,105,12.975,16.0382,3
78,233,12.975,16.0382,3
78,193,3.28255,-1.07213,7
78,253,3.28255,-1.07213,7
78,445,12.975,16.0382,3
78,373,3.28255,-1.07213,7
78,325,3.28255,-1.07213,7
78,129,3.28255,-1.07213,7
78,197,12.975,16.0382,3
78,121,3.28255,-1.07213,7
78,1,11.3282,14.3623,3
78,25,3.28255,-1.07213,7
78,205,12.975,16.0382,3
78,341,-0.424353,-23.2557,5
78,225,12.975,16.0382,3
78,45,3.29857,-1.03999,7
78,189,12.975,16.0382,3
78,389,-13.0313,-1.20638,2
78,13,11.9888,14.2982,3
78,289,3.28255,-1.07213,7
78,285,3.28255,-1.07213,7
78,101,12.975,16.0382,3
78,81,12.975,16.0382,3
78,53,3.29857,-1.03999,7
79,373,3.28255,-1.07213,7
79,365,-13.0313,-1.20638,2
79,145,11.5291,13.7913,3
79,53,3.28255,-1.07213,7
79,81,12.5043,15.2161,3
79,433,12.975,16.0382,3
79,89,3.69327,-0.296412,7
79,193,3.28255,-1.07213,7
79,17,12.975,16.0382,3
79,149,3.28255,-1.07213,7
79,161,3.28255,-1.07213,7
79,217,12.975,16.0382,3
79,85,3.78074,-0.205134,7
79,61,3.28255,-1.07213,7
79,417,12.975,16.0382,3
79,237,3.28255,-1.07213,7
79,241,-0.424353,-23.2557,5
79,313,-6.90103,11.7833,1
79,321,3.28255,-1.07213,7
79,253,3.28255,-1.07213,7
79,189,12.975,16.0382,3
79,289,3.28255,-1.07213,7
79,381,3.28255,-1.07213,7
79,21,12.975,16.0382,3
79,173,3.28255,-1.07213,7
79,317,3.28255,-1.07213,7
79,349,12.975,16.0382,3
79,45,3.28255,-1.07213,7
79,49,12.975,16.0382,3
79,249,3.28255,-1.07213,7
79,413,3.28255,-1.07213,7
79,437,3.28255,-1.07213,7
79,441,-0.424353,-23.2557,5
79,265,12.0241,14.3735,3
79,33,-49,-1,4
79,357,-6.90103,11.7833,1
79,205,12.975,16.0382,3
79,401,3.28255,-1.07213,7
79,129,3.28255,-1.07213,7
79,133,12.975,16.0382,3
79,337,12.975,16.0382,3
79,25,3.28255,-1.07213,7
79,113,12.6471,15.4663,3
79,201,12.975,16.0382,3
79,69,12.6854,15.5651,3
79,409,2.09312,17.5751,6
79,101,12.975,16.0382,3
79,325,3.28255,-1.07213,7
79,153,2.09312,17.5751,6
79,229,-13.0313,-1.20638,2
79,181,3.28255,-1.07213,7
79,393,3.28255,-1.07213,7
79,301,12.975,16.0382,3
79,377,-13.0313,-1.20638,2
79,389,-13.0313,-1.20638,2
79,5,-0.424353,-23.2557,5
79,293,12.975,16.0382,3
79,177,12.975,16.0382,3
79,333,2.09312,17.5751,6
79,429,-0.416197,-23.2074,5
79,41,-0.424353,-23.2557,5
79,341,-0.424353,-23.2557,5
79,245,-0.424353,-23.2557,5
79,385,-0.424353,-23.2557,5
79,225,12.975,16.0382,3
79,57,3.28255,-1.07213,7
79,13,11.4961,13.428,3
79,165,3.77522,-0.201919,7
79,261,3.28255,-1.07213,7
79,1,12.1693,14.9905,3
79,109,3.28255,-1.07213,7
79,425,3.28255,-1.07213,7
79,273,12.975,16.0382,3
79,29,3.77519,-0.201905,7
79,9,10.1844,12.0404,3
79,73,12.975,16.0382,3
79,197,12.975,16.0382,3
79,137,3.28255,-1.07213,7
79,445,12.975,16.0382,3
79,121,3.28255,-1.07213,7
79,97,3.28255,-1.07213,7
79,345,3.28255,-1.07213,7
79,297,3.28255,-1.07213,7
79,157,-0.424353,-23.2557,5
79,65,3.28255,-1.07213,7
79,117,15.7783,-12.6259,5
79,77,12.975,16.0382,3
79,37,10.0435,10.8928,3
79,221,3.28255,-1.07213,7
79,329,-0.424353,-23.2557,5
79,309,-13.0313,-1.20638,2
79,169,3.28255,-1.07213,7
79,277,3.85829,0.345684,7
79,213,3.28255,-1.07213,7
79,421,3.28255,-1.07213,7
79,141,4.75787,1.54003,7
79,281,12.975,16.0382,3
79,233,12.975,16.0382,3
79,105,12.975,16.0382,3
79,185,3.28255,-1.07213,7
79,305,3.28255,-1.07213,7
79,93,3.28255,-1.07213,7
79,257,3.28255,-1.07213,7
79,353,3.28255,-1.07213,7
79,369,-0.424353,-23.2557,5
79,125,3.28255,-1.07213,7
79,361,-13.0313,-1.20638,2
79,397,-13.0313,-1.20638,2
79,269,5.4426,3.06403,7
79,405,3.28255,-1.07213,7
79,209,12.975,16.0382,3
79,285,3.28255,-1.07213,7
80,269,5.0041,2.16389,7
80,97,3.28255,-1.07213,7
80,281,12.975,16.0382,3
80,109,3.77522,-0.201922,7
80,425,3.28255,-1.07213,7
80,125,3.28255,-1.07213,7
80,365,-13.0313,-1.20638,2
80,29,4.26817,0.668137,7
80,253,3.28255,-1.07213,7
80,213,3.28255,-1.07213,7
80,33,-49,-1,4
80,297,3.28255,-1.07213,7
80,329,-0.424353,-23.2557,5
80,405,3.28255,-1.07213,7
80,353,3.28255,-1.07213,7
80,273,12.975,16.0382,3
80,133,12.975,16.0382,3
80,117,15.7783,-12.6259,5
80,21,12.975,16.0382,3
80,429,-0.416272,-23.2074,5
80,177,12.975,16.0382,3
80,113,12.975,16.0382,3
80,161,3.28255,-1.07213,7
80,309,-13.0313,-1.20638,2
80,437,3.28255,-1.07213,7
80,389,-13.0313,-1.20638,2
80,289,3.77589,-0.2023,7
80,137,3.28255,-1.07213,7
80,141,4.5668,2.03918,7
80,261,3.28255,-1.07213,7
80,333,2.09312,17.5751,6
80,77,12.975,16.0382,3
80,445,12.975,16.0382,3
80,265,11.5327,13.5026,3
80,173,3.28255,-1.07213,7
80,129,3.28255,-1.07213,7
80,325,3.28255,-1.07213,7
80,441,-0.424353,-23.2557,5
80,5,-0.424353,-23.2557,5
80,181,3.28255,-1.07213,7
80,277,4.40711,1.18562,7
80,49,12.975,16.0382,3
80,393,3.28255,-1.07213,7
80,65,3.28255,-1.07213,7
80,201,12.975,16.0382,3
80,93,3.28255,-1.07213,7
80,373,3.28255,-1.07213,7
80,13,11.768,14.5486,3
80,153,2.09312,17.5751,6
80,85,4.32227,0.632636,7
80,317,3.28255,-1.07213,7
80,349,12.975,16.0382,3
80,313,-6.90103,11.7833,1
80,53,3.28255,-1.07213,7
80,185,3.48663,-1.03462,7
80,245,-0.424353,-23.2557,5
80,433,12.975,16.0382,3
80,193,3.28255,-1.07213,7
80,101,12.975,16.0382,3
80,321,3.28255,-1.07213,7
80,397,-13.0313,-1.20638,2
80,221,3.28255,-1.07213,7
80,225,12.975,16.0382,3
80,377,-13.0313,-1.20638,2
80,417,12.975,16.0382,3
80,197,12.975,16.0382,3
80,121,3.28255,-1.07213,7
80,381,3.28255,-1.07213,7
80,237,3.28255,-1.07213,7
80,413,3.28255,-1.07213,7
80,305,3.28255,-1.07213,7
80,401,3.28255,-1.07213,7
80,369,-0.424353,-23.2557,5
80,1,11.77,14.1157,3
80,337,12.975,16.0382,3
80,345,3.28255,-1.07213,7
80,9,9.79506,11.1108,3
80,169,3.28255,-1.07213,7
80,149,3.28255,-1.07213,7
80,421,3.28255,-1.07213,7
80,249,3.28255,-1.07213,7
80,361,-13.0313,-1.20638,2
80,69,12.2,14.6908,3
80,233,12.975,16.0382,3
80,229,-13.0313,-1.20638,2
80,385,-0.424353,-23.2557,5
80,57,3.28255,-1.07213,7
80,73,12.975,16.0382,3
80,89,3.28255,-1.07213,7
80,301,12.975,16.0382,3
80,285,3.28255,-1.07213,7
80,61,3.27839,-1.06547,7
80,145,12.975,16.0382,3
80,17,12.4845,15.1667,3
80,105,12.975,16.0382,3
80,165,3.28255,-1.07213,7
80,241,-0.424353,-23.2557,5
80,189,12.975,16.0382,3
80,357,-6.90103,11.7833,1
80,45,3.28255,-1.07213,7
80,217,12.975,16.0382,3
80,25,3.28255,-1.07213,7
80,257,3.28255,-1.07213,7
80,81,12.975,16.0382,3
80,341,-0.424353,-23.2557,5
80,209,12.975,16.0382,3
80,205,12.975,16.0382,3
80,37,9.45112,11.5299,3
80,293,12.975,16.0382,3
80,157,-0.424353,-23.2557,5
80,409,2.09312,17.5751,6
80,41,-0.424353,-23.2557,5
81,361,-13.0313,-1.20638,2
81,325,3.28255,-1.07213,7
81,437,3.28255,-1.07213,7
81,41,-0.424353,-23.2557,5
81,57,3.28255,-1.07213,7
81,105,12.975,16.0382,3
81,61,3.28255,-1.07213,7
81,357,-6.90103,11.7833,1
81,413,3.28255,-1.07213,7
81,269,4.55415,1.26999,7
81,117,15.7783,-12.6259,5
81,129,3.28255,-1.07213,7
81,205,12.975,16.0382,3
81,229,-13.0313,-1.20638,2
81,321,3.28255,-1.07213,7
81,157,-0.424353,-23.2557,5
81,365,-13.0313,-1.20638,2
81,349,12.975,16.0382,3
81,85,3.77271,-0.200622,7
81,273,12.975,16.0382,3
81,249,3.28255,-1.07213,7
81,445,12.975,16.0382,3
81,369,-0.424353,-23.2557,5
81,421,3.28255,-1.07213,7
81,337,12.975,16.0382,3
81,21,12.975,16.0382,3
81,425,3.28255,-1.07213,7
81,313,-6.90103,11.7833,1
81,133,12.975,16.0382,3
81,137,3.28255,-1.07213,7
81,277,4.93249,2.03771,7
81,245,-0.424353,-23.2557,5
81,265,11.5288,13.4993,3
81,201,12.975,16.0382,3
81,429,-0.416275,-23.2074,5
81,65,3.28255,-1.07213,7
81,101,12.975,16.0382,3
81,441,-0.424353,-23.2557,5
81,73,12.975,16.0382,3
81,285,3.28255,-1.07213,7
81,53,3.28255,-1.07213,7
81,305,3.28255,-1.07213,7
81,113,12.4728,15.1736,3
81,69,12.7007,15.5564,3
81,5,-0.424353,-23.2557,5
81,385,-0.424353,-23.2557,5
81,121,3.28255,-1.07213,7
81,145,12.4821,15.1681,3
81,309,-13.0313,-1.20638,2
81,253,3.28255,-1.07213,7
81,217,12.975,16.0382,3
81,417,12.975,16.0382,3
81,397,-13.0313,-1.20638,2
81,345,3.28255,-1.07213,7
81,293,12.975,16.0382,3
81,193,3.28255,-1.07213,7
81,161,3.28255,-1.07213,7
81,173,3.28255,-1.07213,7
81,125,3.28255,-1.07213,7
81,329,-0.424353,-23.2557,5
81,257,3.28255,-1.07213,7
81,225,12.975,16.0382,3
81,153,2.09312,17.5751,6
81,297,3.28255,-1.07213,7
81,317,3.28255,-1.07213,7
81,177,12.975,16.0382,3
81,141,4.1947,-0.321645,7
81,341,-0.424353,-23.2557,5
81,1,12.3249,14.9493,3
81,33,-49,-1,4
81,281,12.975,16.0382,3
81,393,3.28255,-1.07213,7
81,181,3.28255,-1.07213,7
81,17,11.9877,14.2991,3
81,197,12.975,16.0382,3
81,93,3.28255,-1.07213,7
81,261,3.28255,-1.07213,7
81,373,3.28255,-1.07213,7
81,149,3.28255,-1.07213,7
81,77,12.975,16.0382,3
81,97,3.7357,-0.182884,7
81,241,-0.424353,-23.2557,5
81,81,12.975,16.0382,3
81,405,3.28255,-1.07213,7
81,213,3.28255,-1.07213,7
81,433,12.975,16.0382,3
81,169,3.28255,-1.07213,7
81,401,3.28255,-1.07213,7
81,377,-13.0313,-1.20638,2
81,13,11.8311,13.6031,3
81,209,12.975,16.0382,3
81,189,12.975,16.0382,3
81,221,3.28255,-1.07213,7
81,353,3.28255,-1.07213,7
81,109,3.28255,-1.07213,7
81,45,3.28255,-1.07213,7
81,89,3.28255,-1.07213,7
81,237,3.28255,-1.07213,7
81,389,-13.0313,-1.20638,2
81,289,3.28255,-1.07213,7
81,37,10.2043,12.2407,3
81,49,12.975,16.0382,3
81,9,10.4097,11.9079,3
81,301,12.975,16.0382,3
81,25,3.28255,-1.07213,7
81,185,3.28255,-1.07213,7
81,381,3.28255,-1.07213,7
81,409,2.09312,17.5751,6
81,29,3.77594,-0.202326,7
81,233,12.975,16.0382,3
81,165,3.28255,-1.07213,7
81,333,2.09312,17.5751,6
82,89,3.28255,-1.07213,7
82,229,-13.0313,-1.20638,2
82,189,12.975,16.0382,3
82,73,12.975,16.0382,3
82,217,12.975,16.0382,3
82,117,15.7783,-12.6259,5
82,213,3.28255,-1.07213,7
82,325,3.28255,-1.07213,7
82,309,-13.0313,-1.20638,2
82,261,3.28255,-1.07213,7
82,341,-0.424353,-23.2557,5
82,109,3.28255,-1.07213,7
82,305,3.28255,-1.07213,7
82,93,3.28255,-1.07213,7
82,209,12.975,16.0382,3
82,57,3.28255,-1.07213,7
82,429,-0.416275,-23.2074,5
82,81,12.975,16.0382,3
82,233,12.975,16.0382,3
82,293,12.975,16.0382,3
82,225,12.975,16.0382,3
82,337,12.975,16.0382,3
82,177,12.975,16.0382,3
82,237,3.28255,-1.07213,7
82,289,3.28255,-1.07213,7
82,329,-0.424353,-23.2557,5
82,437,3.28255,-1.07213,7
82,241,-0.424353,-23.2557,5
82,161,3.28255,-1.07213,7
82,373,3.28255,-1.07213,7
82,245,-0.424353,-23.2557,5
82,281,12.975,16.0382,3
82,33,-49,-1,4
82,5,-0.424353,-23.2557,5
82,13,11.0671,13.8756,3
82,41,-0.424353,-23.2557,5
82,401,3.28255,-1.07213,7
82,65,3.28255,-1.07213,7
82,69,12.2269,14.6757,3
82,25,3.28255,-1.07213,7
82,121,3.28255,-1.07213,7
82,165,3.28255,-1.07213,7
82,129,3.52105,-0.602024,7
82,433,12.975,16.0382,3
82,417,12.975,16.0382,3
82,369,-0.424353,-23.2557,5
82,377,-13.0313,-1.20638,2
82,365,-13.0313,-1.20638,2
82,137,3.28255,-1.07213,7
82,353,3.28255,-1.07213,7
82,1,11.6154,14.3132,3
82,9,9.9489,11.0193,3
82,301,12.975,16.0382,3
82,445,12.975,16.0382,3
82,297,3.28255,-1.07213,7
82,221,3.28255,-1.07213,7
82,133,12.975,16.0382,3
82,269,4.08773,0.385131,7
82,389,-13.0313,-1.20638,2
82,201,12.975,16.0382,3
82,421,3.28255,-1.07213,7
82,21,12.975,16.0382,3
82,153,2.09312,17.5751,6
82,53,3.28255,-1.07213,7
82,397,-13.0313,-1.20638,2
82,141,3.58399,-0.904362,7
82,357,-6.90103,11.7833,1
82,85,3.28255,-1.07213,7
82,29,4.26862,0.667887,7
82,413,3.28255,-1.07213,7
82,361,-13.0313,-1.20638,2
82,249,3.28255,-1.07213,7
82,333,2.09312,17.5751,6
82,45,3.28255,-1.07213,7
82,277,3.52646,-0.612402,7
82,321,3.28255,-1.07213,7
82,381,3.28255,-1.07213,7
82,77,12.975,16.0382,3
82,125,3.28255,-1.07213,7
82,385,-0.424353,-23.2557,5
82,313,-6.90103,11.7833,1
82,349,12.975,16.0382,3
82,157,-0.424353,-23.2557,5
82,105,12.975,16.0382,3
82,113,12.0772,14.2654,3
82,393,3.28255,-1.07213,7
82,409,2.09312,17.5751,6
82,441,-0.424353,-23.2557,5
82,317,3.28255,-1.07213,7
82,181,3.28255,-1.07213,7
82,205,12.975,16.0382,3
82,37,10.8886,12.9921,3
82,193,3.28255,-1.07213,7
82,49,12.975,16.0382,3
82,405,3.28255,-1.07213,7
82,257,3.28255,-1.07213,7
82,173,3.28255,-1.07213,7
82,169,3.28255,-1.07213,7
82,145,12.9741,16.0366,3
82,425,3.28255,-1.07213,7
82,253,3.28255,-1.07213,7
82,101,12.975,16.0382,3
82,17,11.24,13.7049,3
82,273,12.975,16.0382,3
82,265,11.952,14.4533,3
82,61,3.28255,-1.07213,7
82,197,12.975,16.0382,3
82,149,3.28255,-1.07213,7
82,185,3.48663,-1.03462,7
82,345,3.28255,-1.07213,7
82,285,3.28255,-1.07213,7
82,97,4.21532,0.69453,7
83,85,3.76612,-0.196835,7
83,353,3.28255,-1.07213,7
83,5,-0.424353,-23.2557,5
83,241,-0.424353,-23.2557,5
83,405,3.28255,-1.07213,7
83,153,2.09312,17.5751,6
83,413,3.28255,-1.07213,7
83,41,-0.424353,-23.2557,5
83,53,3.28255,-1.07213,7
83,345,3.28255,-1.07213,7
83,117,15.7783,-12.6259,5
83,237,3.28255,-1.07213,7
83,289,3.28255,-1.07213,7
83,337,12.975,16.0382,3
83,313,-6.90103,11.7833,1
83,273,12.975,16.0382,3
83,329,-0.424353,-23.2557,5
83,217,12.975,16.0382,3
83,17,11.914,14.4601,3
83,277,3.28255,-1.07213,7
83,361,-13.0313,-1.20638,2
83,21,12.975,16.0382,3
83,229,-13.0313,-1.20638,2
83,145,12.975,16.0382,3
83,133,12.975,16.0382,3
83,61,3.28255,-1.07213,7
83,1,11.3258,13.3445,3
83,285,3.28255,-1.07213,7
83,261,3.28255,-1.07213,7
83,57,3.28255,-1.07213,7
83,293,12.975,16.0382,3
83,113,11.6093,13.3833,3
83,129,3.28255,-1.07213,7
83,73,12.975,16.0382,3
83,137,3.28255,-1.07213,7
83,165,3.28255,-1.07213,7
83,373,3.28255,-1.07213,7
83,377,-13.0313,-1.20638,2
83,341,-0.424353,-23.2557,5
83,281,12.975,16.0382,3
83,93,3.28255,-1.07213,7
83,69,11.728,13.809,3
83,201,12.975,16.0382,3
83,417,12.975,16.0382,3
83,45,3.48254,-1.03594,7
83,125,3.28255,-1.07213,7
83,385,-0.424353,-23.2557,5
83,257,3.28255,-1.07213,7
83,221,3.28255,-1.07213,7
83,177,12.975,16.0382,3
83,77,12.975,16.0382,3
83,245,-0.424353,-23.2557,5
83,225,12.975,16.0382,3
83,49,12.975,16.0382,3
83,389,-13.0313,-1.20638,2
83,121,3.28255,-1.07213,7
83,109,3.76405,-0.195789,7
83,409,2.09312,17.5751,6
83,253,3.28255,-1.07213,7
83,37,10.8188,13.3771,3
83,305,3.28255,-1.07213,7
83,381,3.28255,-1.07213,7
83,89,3.28255,-1.07213,7
83,233,12.975,16.0382,3
83,205,12.975,16.0382,3
83,9,10.4506,11.8834,3
83,317,3.28255,-1.07213,7
83,25,3.28255,-1.07213,7
83,433,12.975,16.0382,3
83,149,3.28255,-1.07213,7
83,29,3.77553,-0.202091,7
83,429,-0.424353,-23.2557,5
83,349,12.975,16.0382,3
83,13,10.5087,14.084,3
83,161,3.28255,-1.07213,7
83,97,3.75252,-0.192033,7
83,269,3.45148,0.126144,7
83,197,12.975,16.0382,3
83,321,3.28255,-1.07213,7
83,189,12.975,16.0382,3
83,445,12.975,16.0382,3
83,81,12.975,16.0382,3
83,393,3.28255,-1.07213,7
83,309,-13.0313,-1.20638,2
83,301,12.975,16.0382,3
83,265,11.4323,13.6021,3
83,157,-0.424353,-23.2557,5
83,209,12.975,16.0382,3
83,249,3.28255,-1.07213,7
83,369,-0.424353,-23.2557,5
83,193,3.28255,-1.07213,7
83,173,3.28255,-1.07213,7
83,325,3.28255,-1.07213,7
83,421,3.28255,-1.07213,7
83,65,3.49744,-0.175508,7
83,397,-13.0313,-1.20638,2
83,141,3.28255,-1.07213,7
83,105,12.975,16.0382,3
83,101,12.975,16.0382,3
83,437,3.28255,-1.07213,7
83,357,-6.90103,11.7833,1
83,425,3.28255,-1.07213,7
83,181,3.28255,-1.07213,7
83,169,3.28255,-1.07213,7
83,333,2.09312,17.5751,6
83,401,3.28255,-1.07213,7
83,33,-49,-1,4
83,297,3.28255,-1.07213,7
83,185,3.28255,-1.07213,7
83,213,3.28255,-1.07213,7
83,365,-13.0313,-1.20638,2
83,441,-0.424353,-23.2557,5
84,341,-0.424353,-23.2557,5
84,317,3.28255,-1.07213,7
84,169,3.28255,-1.07213,7
84,205,12.975,16.0382,3
84,57,3.28255,-1.07213,7
84,401,3.28255,-1.07213,7
84,249,3.28255,-1.07213,7
84,73,12.975,16.0382,3
84,273,12.975,16.0382,3
84,389,-13.0313,-1.20638,2
84,241,-0.424353,-23.2557,5
84,221,3.28255,-1.07213,7
84,153,2.09312,17.5751,6
84,345,3.28255,-1.07213,7
84,253,3.28255,-1.07213,7
84,245,-0.424353,-23.2557,5
84,257,3.28255,-1.07213,7
84,289,3.28255,-1.07213,7
84,157,-0.424353,-23.2557,5
84,165,3.77178,-0.199982,7
84,413,3.28255,-1.07213,7
84,357,-6.90103,11.7833,1
84,233,12.975,16.0382,3
84,321,3.28255,-1.07213,7
84,373,3.28255,-1.07213,7
84,129,3.28255,-1.07213,7
84,113,11.0853,12.5306,3
84,325,3.28255,-1.07213,7
84,13,10.8207,13.03,3
84,49,12.975,16.0382,3
84,369,-0.424353,-23.2557,5
84,117,15.7783,-12.6259,5
84,201,12.975,16.0382,3
84,53,3.47553,-1.03634,7
84,409,2.09312,17.5751,6
84,265,10.9502,13.295,3
84,25,3.28255,-1.07213,7
84,405,3.28255,-1.07213,7
84,137,3.28255,-1.07213,7
84,61,3.28255,-1.07213,7
84,209,12.975,16.0382,3
84,269,4.09774,0.917955,7
84,361,-13.0313,-1.20638,2
84,85,3.28255,-1.07213,7
84,65,4.08425,0.644699,7
84,261,3.28255,-1.07213,7
84,381,3.28255,-1.07213,7
84,277,3.28255,-1.07213,7
84,349,12.975,16.0382,3
84,133,12.975,16.0382,3
84,337,12.975,16.0382,3
84,5,-0.424353,-23.2557,5
84,301,12.975,16.0382,3
84,97,3.28255,-1.07213,7
84,225,12.975,16.0382,3
84,393,3.28255,-1.07213,7
84,33,-49,-1,4
84,145,12.5269,15.159,3
84,149,3.28255,-1.07213,7
84,141,3.28255,-1.07213,7
84,313,-6.90103,11.7833,1
84,329,-0.424353,-23.2557,5
84,437,3.28255,-1.07213,7
84,29,4.26836,0.66803,7
84,189,12.975,16.0382,3
84,385,-0.424353,-23.2557,5
84,89,3.28255,-1.07213,7
84,309,-13.0313,-1.20638,2
84,429,-0.424353,-23.2557,5
84,181,3.28255,-1.07213,7
84,213,3.28255,-1.07213,7
84,21,12.975,16.0382,3
84,41,-0.424353,-23.2557,5
84,161,3.28255,-1.07213,7
84,17,11.4638,13.5653,3
84,173,3.28255,-1.07213,7
84,9,11.0096,12.7142,3
84,37,10.4645,12.425,3
84,229,-13.0313,-1.20638,2
84,197,12.975,16.0382,3
84,377,-13.0313,-1.20638,2
84,177,12.975,16.0382,3
84,417,12.975,16.0382,3
84,109,3.28255,-1.07213,7
84,297,3.28255,-1.07213,7
84,305,3.28255,-1.07213,7
84,433,12.975,16.0382,3
84,125,3.28255,-1.07213,7
84,281,12.975,16.0382,3
84,193,3.28255,-1.07213,7
84,81,12.975,16.0382,3
84,121,3.28255,-1.07213,7
84,285,3.28255,-1.07213,7
84,425,3.28255,-1.07213,7
84,93,3.28255,-1.07213,7
84,421,3.28255,-1.07213,7
84,217,12.975,16.0382,3
84,333,2.09312,17.5751,6
84,365,-13.0313,-1.20638,2
84,77,12.975,16.0382,3
84,441,-0.424353,-23.2557,5
84,1,11.8586,14.1917,3
84,101,12.975,16.0382,3
84,69,11.9612,14.3316,3
84,237,3.28255,-1.07213,7
84,397,-13.0313,-1.20638,2
84,293,12.975,16.0382,3
84,105,12.975,16.0382,3
84,353,3.28255,-1.07213,7
84,445,12.975,16.0382,3
84,45,4.08149,-0.524926,7
84,185,3.47888,-1.03507,7
85,353,3.28255,-1.07213,7
85,109,3.77421,-0.201348,7
85,325,3.28255,-1.07213,7
85,293,12.975,16.0382,3
85,217,12.975,16.0382,3
85,401,3.28255,-1.07213,7
85,257,3.28255,-1.07213,7
85,157,-0.424353,-23.2557,5
85,5,-0.424353,-23.2557,5
85,113,11.5425,13.4206,3
85,317,3.28255,-1.07213,7
85,305,3.28255,-1.07213,7
85,373,3.28255,-1.07213,7
85,261,3.28255,-1.07213,7
85,437,3.28255,-1.07213,7
85,245,-0.424353,-23.2557,5
85,421,3.28255,-1.07213,7
85,129,3.28255,-1.07213,7
85,341,-0.424353,-23.2557,5
85,73,12.975,16.0382,3
85,213,3.28255,-1.07213,7
85,385,-0.424353,-23.2557,5
85,357,-6.90103,11.7833,1
85,181,3.28255,-1.07213,7
85,133,12.975,16.0382,3
85,57,3.28255,-1.07213,7
85,297,3.28255,-1.07213,7
85,17,10.997,12.6803,3
85,189,12.975,16.0382,3
85,369,-0.424353,-23.2557,5
85,241,-0.424353,-23.2557,5
85,349,12.975,16.0382,3
85,265,10.5319,12.38,3
85,253,3.28255,-1.07213,7
85,185,3.28255,-1.07213,7
85,117,15.7783,-12.6259,5
85,49,12.975,16.0382,3
85,429,-0.424353,-23.2557,5
85,69,12.4785,15.1876,3
85,25,3.28255,-1.07213,7
85,33,-49,-1,4
85,137,3.28255,-1.07213,7
85,309,-13.0313,-1.20638,2
85,205,12.975,16.0382,3
85,277,3.44326,-0.774211,7
85,433,12.975,16.0382,3
85,301,12.975,16.0382,3
85,105,12.975,16.0382,3
85,125,3.28255,-1.07213,7
85,413,3.28255,-1.07213,7
85,289,3.28255,-1.07213,7
85,81,12.4719,15.1739,3
85,249,3.28255,-1.07213,7
85,393,3.28255,-1.07213,7
85,85,3.28255,-1.07213,7
85,377,-13.0313,-1.20638,2
85,361,-13.0313,-1.20638,2
85,281,12.975,16.0382,3
85,365,-13.0313,-1.20638,2
85,221,3.28255,-1.07213,7
85,149,3.28255,-1.07213,7
85,193,3.28255,-1.07213,7
85,141,3.28255,-1.07213,7
85,201,12.975,16.0382,3
85,313,-6.90103,11.7833,1
85,333,2.09312,17.5751,6
85,37,11.0965,13.2107,3
85,145,12.0181,14.2979,3
85,93,3.28255,-1.07213,7
85,445,12.975,16.0382,3
85,197,12.975,16.0382,3
85,397,-13.0313,-1.20638,2
85,441,-0.424353,-23.2557,5
85,285,3.28255,-1.07213,7
85,165,3.28255,-1.07213,7
85,177,12.975,16.0382,3
85,9,10.5028,11.8542,3
85,169,3.28255,-1.07213,7
85,77,12.975,16.0382,3
85,121,3.28255,-1.07213,7
85,225,12.975,16.0382,3
85,389,-13.0313,-1.20638,2
85,409,2.09312,17.5751,6
85,153,2.09312,17.5751,6
85,233,12.975,16.0382,3
85,161,3.28255,-1.07213,7
85,329,-0.424353,-23.2557,5
85,209,12.4776,15.1707,3
85,89,3.28255,-1.07213,7
85,273,12.975,16.0382,3
85,269,3.76852,-0.0367345,7
85,13,10.9935,12.7254,3
85,53,3.28255,-1.07213,7
85,101,12.975,16.0382,3
85,405,3.28255,-1.07213,7
85,41,-0.424353,-23.2557,5
85,237,3.28255,-1.07213,7
85,381,3.28255,-1.07213,7
85,173,3.28255,-1.07213,7
85,61,3.75522,-0.191277,7
85,345,3.28255,-1.07213,7
85,417,12.975,16.0382,3
85,65,3.67881,0.270189,7
85,97,3.77154,-0.199861,7
85,29,3.77538,-0.202008,7
85,1,11.2598,13.4057,3
85,425,3.28255,-1.07213,7
85,229,-13.0313,-1.20638,2
85,45,4.41668,0.442748,7
85,21,12.975,16.0382,3
85,337,12.975,16.0382,3
85,321,3.28255,-1.07213,7
86,21,12.975,16.0382,3
86,313,-6.90103,11.7833,1
86,329,-0.424353,-23.2557,5
86,213,3.28255,-1.07213,7
86,57,3.28255,-1.07213,7
86,381,3.28255,-1.07213,7
86,301,12.975,16.0382,3
86,413,3.28255,-1.07213,7
86,385,-0.424353,-23.2557,5
86,433,12.975,16.0382,3
86,237,3.28255,-1.07213,7
86,373,3.28255,-1.07213,7
86,417,12.975,16.0382,3
86,305,3.28255,-1.07213,7
86,77,12.975,16.0382,3
86,221,3.28255,-1.07213,7
86,1,10.8217,12.5043,3
86,297,3.28255,-1.07213,7
86,45,3.7581,-0.325048,7
86,89,3.28255,-1.07213,7
86,269,3.27807,-0.285942,7
86,429,-0.424353,-23.2557,5
86,229,-13.0313,-1.20638,2
86,13,11.8057,14.2435,3
86,5,-0.424353,-23.2557,5
86,209,11.9891,14.2981,3
86,137,3.28255,-1.07213,7
86,285,3.28255,-1.07213,7
86,85,3.28255,-1.07213,7
86,217,12.975,16.0382,3
86,265,12.0489,14.6402,3
86,73,12.975,16.0382,3
86,197,12.975,16.0382,3
86,261,3.28255,-1.07213,7
86,125,3.28255,-1.07213,7
86,289,3.28255,-1.07213,7
86,445,12.975,16.0382,3
86,117,15.7783,-12.6259,5
86,409,2.09312,17.5751,6
86,129,3.28255,-1.07213,7
86,361,-13.0313,-1.20638,2
86,345,3.28255,-1.07213,7
86,257,3.28255,-1.07213,7
86,393,3.28255,-1.07213,7
86,233,12.975,16.0382,3
86,253,3.28255,-1.07213,7
86,205,12.975,16.0382,3
86,401,3.28255,-1.07213,7
86,349,12.975,16.0382,3
86,365,-13.0313,-1.20638,2
86,121,3.28255,-1.07213,7
86,69,11.989,14.3156,3
86,173,3.28255,-1.07213,7
86,49,12.975,16.0382,3
86,389,-13.0313,-1.20638,2
86,53,3.28255,-1.07213,7
86,397,-13.0313,-1.20638,2
86,141,3.7748,-0.201691,7
86,25,3.28255,-1.07213,7
86,181,3.28255,-1.07213,7
86,105,12.975,16.0382,3
86,437,3.28255,-1.07213,7
86,177,12.975,16.0382,3
86,97,3.28255,-1.07213,7
86,321,3.28255,-1.07213,7
86,17,11.5155,13.5358,3
86,421,3.28255,-1.07213,7
86,241,-0.424353,-23.2557,5
86,377,-13.0313,-1.20638,2
86,33,-49,-1,4
86,441,-0.424353,-23.2557,5
86,273,12.975,16.0382,3
86,157,-0.424353,-23.2557,5
86,189,12.975,16.0382,3
86,29,3.34793,-1.0074,7
86,249,3.28255,-1.07213,7
86,405,3.28255,-1.07213,7
86,185,3.47068,-1.03563,7
86,193,3.28255,-1.07213,7
86,37,10.6636,12.306,3
86,353,3.28255,-1.07213,7
86,161,3.28255,-1.07213,7
86,153,2.09312,17.5751,6
86,201,12.975,16.0382,3
86,281,12.975,16.0382,3
86,61,4.25937,0.672399,7
86,337,12.975,16.0382,3
86,165,3.28255,-1.07213,7
86,325,3.28255,-1.07213,7
86,149,3.28255,-1.07213,7
86,425,3.28255,-1.07213,7
86,169,3.28255,-1.07213,7
86,225,12.975,16.0382,3
86,317,3.28255,-1.07213,7
86,245,-0.424353,-23.2557,5
86,369,-0.424353,-23.2557,5
86,293,12.975,16.0382,3
86,41,-0.424353,-23.2557,5
86,81,11.9805,14.303,3
86,145,12.4801,15.1874,3
86,101,12.975,16.0382,3
86,133,12.975,16.0382,3
86,277,3.28255,-1.07213,7
86,309,-13.0313,-1.20638,2
86,333,2.09312,17.5751,6
86,9,10.0301,10.9727,3
86,113,11.0383,12.5569,3
86,93,3.28255,-1.07213,7
86,357,-6.90103,11.7833,1
86,65,3.23682,-0.00113471,7
86,109,3.2151,-0.452044,7
86,341,-0.424353,-23.2557,5
87,377,-13.0313,-1.20638,2
87,189,12.975,16.0382,3
87,121,3.28255,-1.07213,7
87,77,12.975,16.0382,3
87,265,12.2514,14.8477,3
87,97,3.28255,-1.07213,7
87,289,3.28255,-1.07213,7
87,341,-0.424353,-23.2557,5
87,245,-0.424353,-23.2557,5
87,169,3.28255,-1.07213,7
87,73,12.975,16.0382,3
87,125,3.45662,-0.571256,7
87,353,3.28255,-1.07213,7
87,317,3.28255,-1.07213,7
87,49,12.975,16.0382,3
87,437,3.28255,-1.07213,7
87,357,-6.90103,11.7833,1
87,113,11.2057,13.7446,3
87,285,3.28255,-1.07213,7
87,321,3.28255,-1.07213,7
87,413,3.28255,-1.07213,7
87,85,3.28255,-1.07213,7
87,441,-0.424353,-23.2557,5
87,237,3.28255,-1.07213,7
87,337,12.975,16.0382,3
87,249,3.28255,-1.07213,7
87,301,12.975,16.0382,3
87,305,3.28255,-1.07213,7
87,281,12.975,16.0382,3
87,325,3.28255,-1.07213,7
87,253,3.28255,-1.07213,7
87,293,12.975,16.0382,3
87,17,10.8903,12.7776,3
87,365,-13.0313,-1.20638,2
87,333,2.09312,17.5751,6
87,45,3.28255,-1.07213,7
87,345,3.28255,-1.07213,7
87,101,12.975,16.0382,3
87,25,3.28255,-1.07213,7
87,21,12.975,16.0382,3
87,93,3.28255,-1.07213,7
87,41,-0.424353,-23.2557,5
87,257,3.28255,-1.07213,7
87,13,12.3748,15.0669,3
87,117,15.7783,-12.6259,5
87,385,-0.424353,-23.2557,5
87,61,3.28255,-1.07213,7
87,109,3.28255,-1.07213,7
87,81,12.975,16.0382,3
87,273,12.975,16.0382,3
87,393,3.28255,-1.07213,7
87,373,3.28255,-1.07213,7
87,409,2.09312,17.5751,6
87,405,3.28255,-1.07213,7
87,33,-49,-1,4
87,329,-0.424353,-23.2557,5
87,421,3.28255,-1.07213,7
87,313,-6.90103,11.7833,1
87,29,3.77814,-0.337904,7
87,57,3.28255,-1.07213,7
87,417,12.975,16.0382,3
87,369,-0.424353,-23.2557,5
87,69,11.5283,13.428,3
87,65,3.17796,-0.80729,7
87,89,3.28255,-1.07213,7
87,229,-13.0313,-1.20638,2
87,425,3.28255,-1.07213,7
87,105,12.975,16.0382,3
87,429,-0.424353,-23.2557,5
87,389,-13.0313,-1.20638,2
87,181,3.28255,-1.07213,7
87,213,3.28255,-1.07213,7
87,185,3.64536,-1.00191,7
87,433,12.975,16.0382,3
87,397,-13.0313,-1.20638,2
87,161,3.28255,-1.07213,7
87,269,3.28255,-1.07213,7
87,133,12.975,16.0382,3
87,53,3.28255,-1.07213,7
87,261,3.28255,-1.07213,7
87,173,3.28255,-1.07213,7
87,37,10.1859,11.427,3
87,221,3.28255,-1.07213,7
87,141,3.28255,-1.07213,7
87,277,3.77174,-0.19996,7
87,5,-0.424353,-23.2557,5
87,297,3.28255,-1.07213,7
87,197,12.975,16.0382,3
87,309,-13.0313,-1.20638,2
87,165,3.28255,-1.07213,7
87,1,10.3598,11.6165,3
87,401,3.28255,-1.07213,7
87,129,3.28255,-1.07213,7
87,361,-13.0313,-1.20638,2
87,149,3.28255,-1.07213,7
87,153,2.09312,17.5751,6
87,157,-0.424353,-23.2557,5
87,241,-0.424353,-23.2557,5
87,225,12.975,16.0382,3
87,349,12.975,16.0382,3
87,205,12.975,16.0382,3
87,381,3.28255,-1.07213,7
87,233,12.975,16.0382,3
87,177,12.975,16.0382,3
87,201,12.975,16.0382,3
87,217,12.975,16.0382,3
87,137,3.28255,-1.07213,7
87,445,12.975,16.0382,3
87,145,12.5733,15.4168,3
87,193,3.28255,-1.07213,7
87,9,10.5434,11.8311,3
87,209,12.975,16.0382,3
88,245,-0.424353,-23.2557,5
88,357,-6.90103,11.7833,1
88,293,12.975,16.0382,3
88,261,3.28255,-1.07213,7
88,205,12.975,16.0382,3
88,309,-13.0313,-1.20638,2
88,93,3.28255,-1.07213,7
88,373,3.28255,-1.07213,7
88,1,9.88853,10.7342,3
88,445,12.975,16.0382,3
88,209,12.4846,15.1667,3
88,29,3.48608,-0.711294,7
88,425,3.28255,-1.07213,7
88,385,-0.424353,-23.2557,5
88,229,-13.0313,-1.20638,2
88,401,3.28255,-1.07213,7
88,89,3.28255,-1.07213,7
88,265,11.7551,13.9798,3
88,149,3.28255,-1.07213,7
88,273,12.975,16.0382,3
88,313,-6.90103,11.7833,1
88,137,3.28255,-1.07213,7
88,437,3.28255,-1.07213,7
88,289,3.28255,-1.07213,7
88,5,-0.424353,-23.2557,5
88,345,3.28255,-1.07213,7
88,297,3.28255,-1.07213,7
88,353,3.28255,-1.07213,7
88,145,12.975,16.0382,3
88,17,10.4309,11.8881,3
88,109,3.28255,-1.07213,7
88,285,3.28255,-1.07213,7
88,321,3.28255,-1.07213,7
88,269,3.28255,-1.07213,7
88,221,3.28255,-1.07213,7
88,41,-0.424353,-23.2557,5
88,337,12.975,16.0382,3
88,81,12.4821,15.1681,3
88,101,12.975,16.0382,3
88,277,3.65064,-0.475156,7
88,317,3.28255,-1.07213,7
88,9,11.0504,12.6932,3
88,33,-49,-1,4
88,53,3.28255,-1.07213,7
88,305,3.28255,-1.07213,7
88,117,15.7783,-12.6259,5
88,73,12.975,16.0382,3
88,377,-13.0313,-1.20638,2
88,429,-0.424353,-23.2557,5
88,181,3.28255,-1.07213,7
88,253,3.28255,-1.07213,7
88,381,3.28255,-1.07213,7
88,65,3.28255,-1.07213,7
88,369,-0.424353,-23.2557,5
88,257,3.28255,-1.07213,7
88,153,2.09312,17.5751,6
88,405,3.28255,-1.07213,7
88,349,12.975,16.0382,3
88,281,12.975,16.0382,3
88,225,12.975,16.0382,3
88,37,9.72726,10.5375,3
88,45,3.28255,-1.07213,7
88,389,-13.0313,-1.20638,2
88,249,3.28255,-1.07213,7
88,133,12.975,16.0382,3
88,433,12.975,16.0382,3
88,217,12.975,16.0382,3
88,25,3.28255,-1.07213,7
88,173,3.28255,-1.07213,7
88,441,-0.424353,-23.2557,5
88,105,12.975,16.0382,3
88,417,12.975,16.0382,3
88,169,3.28255,-1.07213,7
88,157,-0.424353,-23.2557,5
88,393,3.28255,-1.07213,7
88,97,3.47743,-1.04727,7
88,241,-0.424353,-23.2557,5
88,77,12.975,16.0382,3
88,197,12.975,16.0382,3
88,333,2.09312,17.5751,6
88,185,3.53334,-0.993998,7
88,421,3.28255,-1.07213,7
88,193,3.28255,-1.07213,7
88,13,11.8967,14.1884,3
88,409,2.09312,17.5751,6
88,165,3.28255,-1.07213,7
88,57,3.28255,-1.07213,7
88,213,3.28255,-1.07213,7
88,177,12.975,16.0382,3
88,201,12.975,16.0382,3
88,237,3.28255,-1.07213,7
88,413,3.28255,-1.07213,7
88,21,12.975,16.0382,3
88,125,3.28255,-1.07213,7
88,161,3.28255,-1.07213,7
88,233,12.975,16.0382,3
88,361,-13.0313,-1.20638,2
88,113,12.2529,14.557,3
88,365,-13.0313,-1.20638,2
88,325,3.28255,-1.07213,7
88,341,-0.424353,-23.2557,5
88,141,3.28255,-1.07213,7
88,85,3.28255,-1.07213,7
88,397,-13.0313,-1.20638,2
88,189,12.975,16.0382,3
88,301,12.975,16.0382,3
88,61,3.28255,-1.07213,7
88,121,3.28255,-1.07213,7
88,69,12.975,16.0382,3
88,329,-0.424353,-23.2557,5
88,49,12.975,16.0382,3
88,129,3.28255,-1.07213,7
89,89,3.28255,-1.07213,7
89,57,3.28255,-1.07213,7
89,249,3.28255,-1.07213,7
89,165,3.77146,-0.199823,7
89,229,-13.0313,-1.20638,2
89,73,12.975,16.0382,3
89,257,3.28255,-1.07213,7
89,197,12.975,16.0382,3
89,77,12.975,16.0382,3
89,381,3.28255,-1.07213,7
89,253,3.28255,-1.07213,7
89,373,3.28255,-1.07213,7
89,125,3.28255,-1.07213,7
89,277,3.23078,-0.457906,7
89,429,-0.424353,-23.2557,5
89,121,3.28255,-1.07213,7
89,201,12.975,16.0382,3
89,353,3.28255,-1.07213,7
89,5,-0.424353,-23.2557,5
89,269,3.28255,-1.07213,7
89,409,2.09312,17.5751,6
89,213,3.28255,-1.07213,7
89,309,-13.0313,-1.20638,2
89,289,3.28255,-1.07213,7
89,357,-6.90103,11.7833,1
89,97,3.28255,-1.07213,7
89,93,3.28255,-1.07213,7
89,9,11.5502,13.5593,3
89,317,3.28255,-1.07213,7
89,1,9.41131,9.85519,3
89,17,10.9891,12.7198,3
89,113,11.5756,14.7605,3
89,393,3.28255,-1.07213,7
89,433,12.975,16.0382,3
89,25,3.28255,-1.07213,7
89,325,3.28255,-1.07213,7
89,13,12.7427,15.0395,3
89,417,12.975,16.0382,3
89,117,15.7783,-12.6259,5
89,425,3.28255,-1.07213,7
89,133,12.975,16.0382,3
89,421,3.28255,-1.07213,7
89,369,-0.424353,-23.2557,5
89,21,12.975,16.0382,3
89,129,3.28255,-1.07213,7
89,313,-6.90103,11.7833,1
89,65,3.28255,-1.07213,7
89,337,12.975,16.0382,3
89,221,3.28255,-1.07213,7
89,81,11.9893,14.298,3
89,345,3.28255,-1.07213,7
89,149,3.28255,-1.07213,7
89,109,3.28255,-1.07213,7
89,161,3.28255,-1.07213,7
89,377,-13.0313,-1.20638,2
89,245,-0.424353,-23.2557,5
89,181,3.28255,-1.07213,7
89,321,3.28255,-1.07213,7
89,69,12.5976,15.3982,3
89,349,12.975,16.0382,3
89,329,-0.424353,-23.2557,5
89,217,12.975,16.0382,3
89,189,12.975,16.0382,3
89,385,-0.424353,-23.2557,5
89,441,-0.424353,-23.2557,5
89,145,12.3283,15.3466,3
89,305,3.28255,-1.07213,7
89,397,-13.0313,-1.20638,2
89,185,3.72065,-0.98175,7
89,141,3.77473,-0.201642,7
89,61,3.28255,-1.07213,7
89,169,3.28255,-1.07213,7
89,41,-0.424353,-23.2557,5
89,241,-0.424353,-23.2557,5
89,333,2.09312,17.5751,6
89,237,3.28255,-1.07213,7
89,177,12.975,16.0382,3
89,389,-13.0313,-1.20638,2
89,193,3.28255,-1.07213,7
89,401,3.28255,-1.07213,7
89,265,11.2628,13.1095,3
89,137,3.28255,-1.07213,7
89,365,-13.0313,-1.20638,2
89,281,12.975,16.0382,3
89,45,3.28255,-1.07213,7
89,53,3.21333,-0.449117,7
89,261,3.28255,-1.07213,7
89,301,12.975,16.0382,3
89,405,3.28255,-1.07213,7
89,341,-0.424353,-23.2557,5
89,413,3.28255,-1.07213,7
89,173,3.28255,-1.07213,7
89,85,3.28255,-1.07213,7
89,233,12.975,16.0382,3
89,293,12.975,16.0382,3
89,49,12.975,16.0382,3
89,105,12.975,16.0382,3
89,157,-0.424353,-23.2557,5
89,273,12.975,16.0382,3
89,445,12.975,16.0382,3
89,209,12.975,16.0382,3
89,285,3.28255,-1.07213,7
89,29,3.28255,-1.07213,7
89,225,12.975,16.0382,3
89,101,12.975,16.0382,3
89,437,3.28255,-1.07213,7
89,361,-13.0313,-1.20638,2
89,37,11.2494,13.1227,3
89,297,3.28255,-1.07213,7
89,33,-49,-1,4
89,153,2.09312,17.5751,6
89,205,12.975,16.0382,3
90,289,3.28255,-1.07213,7
90,309,-13.0313,-1.20638,2
90,273,12.975,16.0382,3
90,361,-13.0313,-1.20638,2
90,329,-0.424353,-23.2557,5
90,365,-13.0313,-1.20638,2
90,141,3.28255,-1.07213,7
90,369,-0.424353,-23.2557,5
90,257,3.28255,-1.07213,7
90,357,-6.90103,11.7833,1
90,321,3.28255,-1.07213,7
90,349,12.975,16.0382,3
90,213,3.28255,-1.07213,7
90,89,3.28255,-1.07213,7
90,293,12.975,16.0382,3
90,9,12.0516,14.4246,3
90,121,3.28255,-1.07213,7
90,373,3.28255,-1.07213,7
90,237,3.28255,-1.07213,7
90,265,10.8214,12.2124,3
90,65,3.28255,-1.07213,7
90,201,12.975,16.0382,3
90,61,3.77526,-0.201945,7
90,225,12.975,16.0382,3
90,129,3.28255,-1.07213,7
90,345,3.28255,-1.07213,7
90,425,3.28255,-1.07213,7
90,161,3.28255,-1.07213,7
90,197,12.975,16.0382,3
90,113,11.2429,13.7891,3
90,317,3.28255,-1.07213,7
90,45,3.28255,-1.07213,7
90,445,12.975,16.0382,3
90,209,12.975,16.0382,3
90,413,3.28255,-1.07213,7
90,21,12.975,16.0382,3
90,109,3.85639,-0.27005,7
90,193,3.28255,-1.07213,7
90,217,12.975,16.0382,3
90,333,2.09312,17.5751,6
90,5,-0.424353,-23.2557,5
90,101,12.975,16.0382,3
90,313,-6.90103,11.7833,1
90,385,-0.424353,-23.2557,5
90,353,3.28255,-1.07213,7
90,253,3.28255,-1.07213,7
90,305,3.28255,-1.07213,7
90,149,3.28255,-1.07213,7
90,25,3.28255,-1.07213,7
90,93,3.28255,-1.07213,7
90,173,3.28255,-1.07213,7
90,117,15.7783,-12.6259,5
90,429,-0.424353,-23.2557,5
90,37,11.2738,13.1031,3
90,341,-0.424353,-23.2557,5
90,297,3.28255,-1.07213,7
90,137,3.28255,-1.07213,7
90,53,3.28255,-1.07213,7
90,233,12.975,16.0382,3
90,377,-13.0313,-1.20638,2
90,1,9.91638,10.7184,3
90,85,3.28255,-1.07213,7
90,81,12.4732,15.1728,3
90,169,3.28255,-1.07213,7
90,261,3.28255,-1.07213,7
90,97,3.28255,-1.07213,7
90,145,12.975,16.0382,3
90,189,12.975,16.0382,3
90,397,-13.0313,-1.20638,2
90,417,12.975,16.0382,3
90,401,3.28255,-1.07213,7
90,277,3.28255,-1.07213,7
90,437,3.28255,-1.07213,7
90,221,3.28255,-1.07213,7
90,181,3.28255,-1.07213,7
90,69,12.1005,14.5308,3
90,57,3.28255,-1.07213,7
90,73,12.975,16.0382,3
90,33,-49,-1,4
90,125,3.28255,-1.07213,7
90,269,3.28255,-1.07213,7
90,177,12.975,16.0382,3
90,153,2.09312,17.5751,6
90,133,12.975,16.0382,3
90,433,12.975,16.0382,3
90,165,3.26739,-0.398663,7
90,381,3.28255,-1.07213,7
90,77,12.975,16.0382,3
90,41,-0.424353,-23.2557,5
90,301,12.975,16.0382,3
90,17,12.3137,14.8788,3
90,185,3.89511,-0.956686,7
90,105,12.975,16.0382,3
90,157,-0.424353,-23.2557,5
90,421,3.28255,-1.07213,7
90,245,-0.424353,-23.2557,5
90,325,3.28255,-1.07213,7
90,393,3.28255,-1.07213,7
90,389,-13.0313,-1.20638,2
90,205,12.975,16.0382,3
90,13,12.1458,14.2243,3
90,405,3.28255,-1.07213,7
90,337,12.975,16.0382,3
90,49,12.975,16.0382,3
90,229,-13.0313,-1.20638,2
90,441,-0.424353,-23.2557,5
90,285,3.28255,-1.07213,7
90,409,2.09312,17.5751,6
90,241,-0.424353,-23.2557,5
90,29,3.28255,-1.07213,7
90,249,3.28255,-1.07213,7
90,281,12.975,16.0382,3
91,213,3.28255,-1.07213,7
91,233,12.975,16.0382,3
91,361,-13.0313,-1.20638,2
91,397,-13.0313,-1.20638,2
91,25,3.28255,-1.07213,7
91,305,3.28255,-1.07213,7
91,413,3.28255,-1.07213,7
91,145,12.4824,15.1679,3
91,253,3.28255,-1.07213,7
91,437,3.28255,-1.07213,7
91,289,3.50905,-1.77816,7
91,21,12.975,16.0382,3
91,265,11.3097,13.085,3
91,393,3.28255,-1.07213,7
91,113,11.94,14.5295,3
91,433,12.975,16.0382,3
91,365,-13.0313,-1.20638,2
91,61,3.28255,-1.07213,7
91,285,3.28255,-1.07213,7
91,313,-6.90103,11.7833,1
91,229,-13.0313,-1.20638,2
91,281,12.975,16.0382,3
91,153,2.09312,17.5751,6
91,209,12.975,16.0382,3
91,401,3.28255,-1.07213,7
91,421,3.28255,-1.07213,7
91,249,3.28255,-1.07213,7
91,149,3.28255,-1.07213,7
91,385,-0.424353,-23.2557,5
91,121,3.28255,-1.07213,7
91,357,-6.90103,11.7833,1
91,377,-13.0313,-1.20638,2
91,349,12.975,16.0382,3
91,37,10.8189,12.2138,3
91,125,3.28255,-1.07213,7
91,257,3.28255,-1.07213,7
91,185,4.05635,-0.929952,7
91,381,3.28255,-1.07213,7
91,109,4.31019,0.622624,7
91,117,15.7783,-12.6259,5
91,201,12.975,16.0382,3
91,33,-49,-1,4
91,445,12.975,16.0382,3
91,85,3.28255,-1.07213,7
91,389,-13.0313,-1.20638,2
91,417,12.975,16.0382,3
91,17,11.8221,14.008,3
91,429,-0.424353,-23.2557,5
91,245,-0.424353,-23.2557,5
91,297,3.28255,-1.07213,7
91,53,3.28255,-1.07213,7
91,269,3.28255,-1.07213,7
91,217,12.975,16.0382,3
91,197,12.975,16.0382,3
91,317,3.28255,-1.07213,7
91,13,11.5961,13.3859,3
91,177,12.975,16.0382,3
91,301,12.975,16.0382,3
91,337,12.975,16.0382,3
91,321,3.28255,-1.07213,7
91,205,12.975,16.0382,3
91,97,3.28255,-1.07213,7
91,293,12.975,16.0382,3
91,173,3.28255,-1.07213,7
91,341,-0.424353,-23.2557,5
91,105,12.975,16.0382,3
91,373,3.28255,-1.07213,7
91,353,3.28255,-1.07213,7
91,9,12.548,15.2927,3
91,261,3.28255,-1.07213,7
91,165,3.28255,-1.07213,7
91,221,3.28255,-1.07213,7
91,49,12.975,16.0382,3
91,57,3.28255,-1.07213,7
91,237,3.28255,-1.07213,7
91,137,3.28255,-1.07213,7
91,5,-0.424353,-23.2557,5
91,169,3.28255,-1.07213,7
91,29,3.28255,-1.07213,7
91,161,3.28255,-1.07213,7
91,329,-0.424353,-23.2557,5
91,273,12.975,16.0382,3
91,181,3.28255,-1.07213,7
91,441,-0.424353,-23.2557,5
91,69,12.3818,15.6504,3
91,369,-0.424353,-23.2557,5
91,405,3.28255,-1.07213,7
91,45,3.5082,-1.77756,7
91,101,12.975,16.0382,3
91,157,-0.424353,-23.2557,5
91,129,3.28255,-1.07213,7
91,425,3.28255,-1.07213,7
91,309,-13.0313,-1.20638,2
91,89,3.28255,-1.07213,7
91,333,2.09312,17.5751,6
91,345,3.28255,-1.07213,7
91,189,12.975,16.0382,3
91,141,3.28255,-1.07213,7
91,277,3.28255,-1.07213,7
91,133,12.975,16.0382,3
91,81,11.9785,14.3043,3
91,1,11.4515,13.2924,3
91,41,-0.424353,-23.2557,5
91,193,3.28255,-1.07213,7
91,241,-0.424353,-23.2557,5
91,65,3.28255,-1.07213,7
91,77,12.975,16.0382,3
91,93,3.28255,-1.07213,7
91,409,2.09312,17.5751,6
91,325,3.28255,-1.07213,7
91,225,12.975,16.0382,3
91,73,12.975,16.0382,3
92,85,3.28255,-1.07213,7
92,237,3.28255,-1.07213,7
92,81,12.975,16.0382,3
92,357,-6.90103,11.7833,1
92,113,12.5496,15.2918,3
92,37,12.2767,14.8346,3
92,5,-0.424353,-23.2557,5
92,193,3.28255,-1.07213,7
92,265,11.7998,13.9567,3
92,129,3.28255,-1.07213,7
92,249,3.28255,-1.07213,7
92,73,12.975,16.0382,3
92,65,3.28255,-1.07213,7
92,393,3.28255,-1.07213,7
92,397,-13.0313,-1.20638,2
92,205,12.975,16.0382,3
92,245,-0.424353,-23.2557,5
92,1,10.9516,12.4263,3
92,61,3.28255,-1.07213,7
92,349,12.975,16.0382,3
92,261,3.28255,-1.07213,7
92,225,12.975,16.0382,3
92,109,3.59757,0.367791,7
92,421,3.28255,-1.07213,7
92,209,12.975,16.0382,3
92,153,2.09312,17.5751,6
92,281,12.975,16.0382,3
92,181,3.28255,-1.07213,7
92,185,3.28255,-1.07213,7
92,373,3.28255,-1.07213,7
92,257,3.28255,-1.07213,7
92,425,3.28255,-1.07213,7
92,101,12.975,16.0382,3
92,333,2.09312,17.5751,6
92,369,-0.424353,-23.2557,5
92,217,12.975,16.0382,3
92,329,-0.424353,-23.2557,5
92,381,3.28255,-1.07213,7
92,177,12.975,16.0382,3
92,169,3.28255,-1.07213,7
92,121,3.28255,-1.07213,7
92,309,-13.0313,-1.20638,2
92,13,11.8229,14.0076,3
92,337,12.975,16.0382,3
92,77,12.975,16.0382,3
92,313,-6.90103,11.7833,1
92,437,3.28255,-1.07213,7
92,289,3.28255,-1.07213,7
92,429,-0.424353,-23.2557,5
92,277,3.28255,-1.07213,7
92,53,3.28255,-1.07213,7
92,233,12.975,16.0382,3
92,241,-0.424353,-23.2557,5
92,413,3.28255,-1.07213,7
92,141,3.28255,-1.07213,7
92,317,3.28255,-1.07213,7
92,97,3.28255,-1.07213,7
92,433,12.975,16.0382,3
92,405,3.28255,-1.07213,7
92,149,3.28255,-1.07213,7
92,117,15.7783,-12.6259,5
92,273,12.975,16.0382,3
92,417,12.975,16.0382,3
92,145,11.9893,14.298,3
92,105,12.975,16.0382,3
92,365,-13.0313,-1.20638,2
92,285,3.28255,-1.07213,7
92,269,3.28255,-1.07213,7
92,213,3.28255,-1.07213,7
92,409,2.09312,17.5751,6
92,173,3.28255,-1.07213,7
92,189,12.975,16.0382,3
92,441,-0.424353,-23.2557,5
92,385,-0.424353,-23.2557,5
92,361,-13.0313,-1.20638,2
92,401,3.28255,-1.07213,7
92,389,-13.0313,-1.20638,2
92,133,12.975,16.0382,3
92,301,12.975,16.0382,3
92,305,3.28255,-1.07213,7
92,69,12.001,14.7091,3
92,93,3.28255,-1.07213,7
92,161,3.28255,-1.07213,7
92,353,3.28255,-1.07213,7
92,41,-0.424353,-23.2557,5
92,345,3.28255,-1.07213,7
92,293,12.975,16.0382,3
92,89,3.28255,-1.07213,7
92,197,12.975,16.0382,3
92,201,12.975,16.0382,3
92,321,3.28255,-1.07213,7
92,125,3.23058,-0.416639,7
92,221,3.28255,-1.07213,7
92,21,12.975,16.0382,3
92,137,3.28255,-1.07213,7
92,445,12.975,16.0382,3
92,9,11.8421,14.6655,3
92,25,3.28255,-1.07213,7
92,45,3.28255,-1.07213,7
92,49,12.975,16.0382,3
92,57,3.28255,-1.07213,7
92,297,3.28255,-1.07213,7
92,165,3.28255,-1.07213,7
92,253,3.28255,-1.07213,7
92,341,-0.424353,-23.2557,5
92,377,-13.0313,-1.20638,2
92,33,-49,-1,4
92,157,-0.424353,-23.2557,5
92,325,3.28255,-1.07213,7
92,229,-13.0313,-1.20638,2
92,29,3.28255,-1.07213,7
92,17,11.3155,13.146,3
93,373,3.28255,-1.07213,7
93,129,3.28255,-1.07213,7
93,281,12.975,16.0382,3
93,33,-49,-1,4
93,125,3.96827,0.281256,7
93,421,3.28255,-1.07213,7
93,233,12.975,16.0382,3
93,377,-13.0313,-1.20638,2
93,301,12.975,16.0382,3
93,317,3.28255,-1.07213,7
93,17,11.8163,14.0116,3
93,285,3.28255,-1.07213,7
93,333,2.09312,17.5751,6
93,209,12.4809,15.1688,3
93,329,-0.424353,-23.2557,5
93,113,12.0575,14.4212,3
93,1,10.4541,11.5588,3
93,289,3.28255,-1.07213,7
93,109,3.4816,-0.651543,7
93,277,3.28255,-1.07213,7
93,133,12.975,16.0382,3
93,293,12.975,16.0382,3
93,405,3.28255,-1.07213,7
93,369,-0.424353,-23.2557,5
93,121,3.28255,-1.07213,7
93,417,12.975,16.0382,3
93,57,3.28255,-1.07213,7
93,365,-13.0313,-1.20638,2
93,81,12.975,16.0382,3
93,321,3.28255,-1.07213,7
93,53,3.28255,-1.07213,7
93,177,12.975,16.0382,3
93,197,12.975,16.0382,3
93,165,3.77101,-0.199587,7
93,105,12.975,16.0382,3
93,69,11.655,13.7685,3
93,41,-0.424353,-23.2557,5
93,217,12.975,16.0382,3
93,185,3.48663,-1.03462,7
93,97,3.28255,-1.07213,7
93,205,12.975,16.0382,3
93,21,12.975,16.0382,3
93,157,-0.424353,-23.2557,5
93,253,3.28255,-1.07213,7
93,273,12.975,16.0382,3
93,361,-13.0313,-1.20638,2
93,29,3.28255,-1.07213,7
93,101,12.975,16.0382,3
93,213,3.28255,-1.07213,7
93,141,3.77489,-0.201733,7
93,145,11.4964,13.4279,3
93,49,12.975,16.0382,3
93,409,2.09312,17.5751,6
93,65,3.28255,-1.07213,7
93,425,3.28255,-1.07213,7
93,169,3.28255,-1.07213,7
93,325,3.28255,-1.07213,7
93,345,3.28255,-1.07213,7
93,137,3.28255,-1.07213,7
93,93,3.28255,-1.07213,7
93,441,-0.424353,-23.2557,5
93,85,3.28255,-1.07213,7
93,349,12.975,16.0382,3
93,401,3.28255,-1.07213,7
93,37,11.7883,13.962,3
93,353,3.28255,-1.07213,7
93,225,12.975,16.0382,3
93,193,3.28255,-1.07213,7
93,77,12.975,16.0382,3
93,45,3.28255,-1.07213,7
93,173,3.28255,-1.07213,7
93,89,3.45116,-0.513535,7
93,237,3.28255,-1.07213,7
93,229,-13.0313,-1.20638,2
93,269,3.28255,-1.07213,7
93,13,11.3335,13.1355,3
93,297,3.28255,-1.07213,7
93,181,3.28255,-1.07213,7
93,257,3.28255,-1.07213,7
93,357,-6.90103,11.7833,1
93,245,-0.424353,-23.2557,5
93,249,3.28255,-1.07213,7
93,341,-0.424353,-23.2557,5
93,337,12.975,16.0382,3
93,149,3.28255,-1.07213,7
93,153,2.09312,17.5751,6
93,385,-0.424353,-23.2557,5
93,381,3.28255,-1.07213,7
93,73,12.975,16.0382,3
93,393,3.77487,-0.201726,7
93,261,3.28255,-1.07213,7
93,413,3.28255,-1.07213,7
93,445,12.975,16.0382,3
93,161,3.28255,-1.07213,7
93,201,12.975,16.0382,3
93,221,3.28255,-1.07213,7
93,117,15.7783,-12.6259,5
93,5,-0.424353,-23.2557,5
93,389,-13.0313,-1.20638,2
93,189,12.975,16.0382,3
93,25,3.28255,-1.07213,7
93,313,-6.90103,11.7833,1
93,437,3.28255,-1.07213,7
93,309,-13.0313,-1.20638,2
93,433,12.975,16.0382,3
93,9,11.4416,13.7403,3
93,429,-0.424353,-23.2557,5
93,241,-0.424353,-23.2557,5
93,265,11.306,13.0872,3
93,305,3.28255,-1.07213,7
93,61,3.28255,-1.07213,7
93,397,-13.0313,-1.20638,2
94,261,3.28255,-1.07213,7
94,337,12.975,16.0382,3
94,57,3.28255,-1.07213,7
94,89,3.28255,-1.07213,7
94,165,3.28255,-1.07213,7
94,277,3.28255,-1.07213,7
94,245,-0.424353,-23.2557,5
94,85,3.28255,-1.07213,7
94,205,12.975,16.0382,3
94,161,3.28255,-1.07213,7
94,289,3.28255,-1.07213,7
94,137,3.28255,-1.07213,7
94,305,3.28255,-1.07213,7
94,405,3.28255,-1.07213,7
94,17,11.3224,13.1421,3
94,233,12.975,16.0382,3
94,73,12.975,16.0382,3
94,213,3.28255,-1.07213,7
94,445,12.975,16.0382,3
94,325,3.28255,-1.07213,7
94,285,3.28255,-1.07213,7
94,117,15.7783,-12.6259,5
94,297,3.28255,-1.07213,7
94,397,-13.0313,-1.20638,2
94,177,12.975,16.0382,3
94,253,3.28255,-1.07213,7
94,429,-0.424353,-23.2557,5
94,321,3.28255,-1.07213,7
94,5,-0.424353,-23.2557,5
94,357,-6.90103,11.7833,1
94,37,11.298,13.0904,3
94,225,12.975,16.0382,3
94,81,12.6265,15.4306,3
94,309,-13.0313,-1.20638,2
94,421,3.28255,-1.07213,7
94,417,12.975,16.0382,3
94,413,3.28255,-1.07213,7
94,365,-13.0313,-1.20638,2
94,361,-13.0313,-1.20638,2
94,9,11.0017,12.8396,3
94,249,3.28255,-1.07213,7
94,313,-6.90103,11.7833,1
94,345,3.28255,-1.07213,7
94,145,11.0035,12.5578,3
94,189,12.975,16.0382,3
94,433,12.975,16.0382,3
94,101,12.975,16.0382,3
94,141,3.28255,-1.07213,7
94,149,3.28255,-1.07213,7
94,209,12.975,16.0382,3
94,385,-0.424353,-23.2557,5
94,425,3.28255,-1.07213,7
94,437,3.28255,-1.07213,7
94,353,3.28255,-1.07213,7
94,373,3.28255,-1.07213,7
94,125,3.28255,-1.07213,7
94,265,12.7808,15.6996,3
94,113,12.5512,15.2908,3
94,217,12.975,16.0382,3
94,21,12.975,16.0382,3
94,49,12.975,16.0382,3
94,33,-49,-1,4
94,133,12.975,16.0382,3
94,77,12.975,16.0382,3
94,377,-13.0313,-1.20638,2
94,229,-13.0313,-1.20638,2
94,341,-0.424353,-23.2557,5
94,241,-0.424353,-23.2557,5
94,329,-0.424353,-23.2557,5
94,53,3.28255,-1.07213,7
94,269,3.77005,-0.199051,7
94,121,3.28255,-1.07213,7
94,181,3.28255,-1.07213,7
94,129,3.28255,-1.07213,7
94,221,3.28255,-1.07213,7
94,45,3.28255,-1.07213,7
94,381,3.28255,-1.07213,7
94,93,3.28255,-1.07213,7
94,301,12.975,16.0382,3
94,97,3.28255,-1.07213,7
94,281,12.975,16.0382,3
94,1,9.95791,10.6906,3
94,13,12.8101,15.747,3
94,41,-0.424353,-23.2557,5
94,409,2.09312,17.5751,6
94,393,3.28255,-1.07213,7
94,293,12.975,16.0382,3
94,389,-13.0313,-1.20638,2
94,169,3.28255,-1.07213,7
94,369,-0.424353,-23.2557,5
94,201,12.975,16.0382,3
94,333,2.09312,17.5751,6
94,257,3.28255,-1.07213,7
94,173,3.28255,-1.07213,7
94,105,12.975,16.0382,3
94,193,3.28255,-1.07213,7
94,237,3.28255,-1.07213,7
94,29,3.75076,-0.188559,7
94,69,12.1644,14.6291,3
94,109,3.9884,0.210755,7
94,273,12.975,16.0382,3
94,441,-0.424353,-23.2557,5
94,157,-0.424353,-23.2557,5
94,349,12.975,16.0382,3
94,153,2.09312,17.5751,6
94,65,3.28255,-1.07213,7
94,317,3.28255,-1.07213,7
94,197,12.975,16.0382,3
94,185,3.28255,-1.07213,7
94,25,3.28255,-1.07213,7
94,61,3.28255,-1.07213,7
94,401,3.28255,-1.07213,7
95,317,3.28255,-1.07213,7
95,41,-0.424353,-23.2557,5
95,21,12.975,16.0382,3
95,373,3.28255,-1.07213,7
95,429,-0.424353,-23.2557,5
95,173,3.28255,-1.07213,7
95,37,12.3968,15.0288,3
95,9,12.5805,15.3896,3
95,93,3.28255,-1.07213,7
95,101,12.975,16.0382,3
95,57,3.28255,-1.07213,7
95,445,12.975,16.0382,3
95,409,2.09312,17.5751,6
95,293,12.975,16.0382,3
95,257,3.28255,-1.07213,7
95,401,3.28255,-1.07213,7
95,393,3.44662,-0.195515,7
95,289,3.48254,-1.03594,7
95,129,3.28255,-1.07213,7
95,177,12.975,16.0382,3
95,205,12.975,16.0382,3
95,277,3.77509,-0.201846,7
95,49,12.975,16.0382,3
95,353,3.28255,-1.07213,7
95,309,-13.0313,-1.20638,2
95,333,2.09312,17.5751,6
95,125,3.21242,-1.0336,7
95,329,-0.424353,-23.2557,5
95,345,3.28255,-1.07213,7
95,233,12.975,16.0382,3
95,141,3.28255,-1.07213,7
95,325,3.28255,-1.07213,7
95,297,3.28255,-1.07213,7
95,381,3.28255,-1.07213,7
95,285,3.28255,-1.07213,7
95,225,12.975,16.0382,3
95,181,3.28255,-1.07213,7
95,197,12.975,16.0382,3
95,321,3.28255,-1.07213,7
95,25,3.28255,-1.07213,7
95,241,-0.424353,-23.2557,5
95,313,-6.90103,11.7833,1
95,113,12.3413,14.5154,3
95,361,-13.0313,-1.20638,2
95,369,-0.424353,-23.2557,5
95,337,12.975,16.0382,3
95,169,3.28255,-1.07213,7
95,385,-0.424353,-23.2557,5
95,17,10.8322,12.2705,3
95,117,15.7783,-12.6259,5
95,61,3.28255,-1.07213,7
95,301,12.975,16.0382,3
95,165,3.28255,-1.07213,7
95,217,12.975,16.0382,3
95,145,10.5106,11.6877,3
95,13,12.3156,14.8778,3
95,305,3.28255,-1.07213,7
95,69,12.5404,15.2739,3
95,261,3.28255,-1.07213,7
95,157,-0.424353,-23.2557,5
95,437,3.28255,-1.07213,7
95,97,3.77199,-0.20012,7
95,253,3.28255,-1.07213,7
95,109,3.63487,-0.660092,7
95,441,-0.424353,-23.2557,5
95,153,2.09312,17.5751,6
95,365,-13.0313,-1.20638,2
95,45,3.28255,-1.07213,7
95,417,12.975,16.0382,3
95,421,3.28255,-1.07213,7
95,269,3.35121,-1.00568,7
95,133,12.975,16.0382,3
95,433,12.975,16.0382,3
95,273,12.975,16.0382,3
95,29,3.82378,0.71888,7
95,349,12.975,16.0382,3
95,249,3.28255,-1.07213,7
95,161,3.28255,-1.07213,7
95,85,3.28255,-1.07213,7
95,73,12.975,16.0382,3
95,245,-0.424353,-23.2557,5
95,265,12.975,16.0382,3
95,405,3.28255,-1.07213,7
95,185,3.51008,-1.77496,7
95,65,3.28255,-1.07213,7
95,89,3.19179,-0.716677,7
95,77,12.975,16.0382,3
95,425,3.28255,-1.07213,7
95,389,-13.0313,-1.20638,2
95,53,3.28255,-1.07213,7
95,5,-0.424353,-23.2557,5
95,209,12.975,16.0382,3
95,397,-13.0313,-1.20638,2
95,237,3.28255,-1.07213,7
95,413,3.28255,-1.07213,7
95,81,12.1349,14.5598,3
95,221,3.28255,-1.07213,7
95,213,3.28255,-1.07213,7
95,137,3.28255,-1.07213,7
95,341,-0.424353,-23.2557,5
95,193,3.28255,-1.07213,7
95,105,12.975,16.0382,3
95,121,3.28255,-1.07213,7
95,201,12.975,16.0382,3
95,357,-6.90103,11.7833,1
95,377,-13.0313,-1.20638,2
95,33,-49,-1,4
95,1,10.4494,11.5615,3
95,189,12.975,16.0382,3
95,229,-13.0313,-1.20638,2
95,281,12.975,16.0382,3
95,149,3.28255,-1.07213,7
96,285,3.28255,-1.07213,7
96,329,-0.424353,-23.2557,5
96,309,-13.0313,-1.20638,2
96,197,12.975,16.0382,3
96,109,4.08403,0.235382,7
96,361,-13.0313,-1.20638,2
96,357,-6.90103,11.7833,1
96,125,3.28255,-1.07213,7
96,253,3.28255,-1.07213,7
96,169,3.28255,-1.07213,7
96,229,-13.0313,-1.20638,2
96,337,12.975,16.0382,3
96,365,-13.0313,-1.20638,2
96,433,12.975,16.0382,3
96,293,12.975,16.0382,3
96,37,11.6962,14.4026,3
96,369,-0.424353,-23.2557,5
96,317,3.28255,-1.07213,7
96,81,11.6436,13.6888,3
96,1,9.95452,10.6925,3
96,13,11.8073,14.0168,3
96,105,12.975,16.0382,3
96,425,3.28255,-1.07213,7
96,325,3.28255,-1.07213,7
96,289,3.28255,-1.07213,7
96,401,3.28255,-1.07213,7
96,161,3.28255,-1.07213,7
96,45,3.28255,-1.07213,7
96,389,-13.0313,-1.20638,2
96,49,12.975,16.0382,3
96,205,12.975,16.0382,3
96,301,12.975,16.0382,3
96,101,12.975,16.0382,3
96,149,3.28255,-1.07213,7
96,269,3.28255,-1.07213,7
96,241,-0.424353,-23.2557,5
96,341,-0.424353,-23.2557,5
96,65,3.28255,-1.07213,7
96,217,12.975,16.0382,3
96,297,3.28255,-1.07213,7
96,381,3.28255,-1.07213,7
96,153,2.09312,17.5751,6
96,9,12.975,16.0382,3
96,277,3.28255,-1.07213,7
96,189,12.975,16.0382,3
96,221,3.28255,-1.07213,7
96,385,-0.424353,-23.2557,5
96,333,2.09312,17.5751,6
96,57,3.28255,-1.07213,7
96,257,3.28255,-1.07213,7
96,61,3.77428,-0.20139,7
96,213,3.28255,-1.07213,7
96,429,-0.424353,-23.2557,5
96,397,-13.0313,-1.20638,2
96,89,3.28255,-1.07213,7
96,173,3.28255,-1.07213,7
96,321,3.28255,-1.07213,7
96,201,12.975,16.0382,3
96,185,3.28398,-1.1226,7
96,445,12.975,16.0382,3
96,181,3.28255,-1.07213,7
96,373,3.28255,-1.07213,7
96,113,12.6983,15.4567,3
96,21,12.975,16.0382,3
96,97,3.28255,-1.07213,7
96,281,12.975,16.0382,3
96,225,12.975,16.0382,3
96,313,-6.90103,11.7833,1
96,409,2.09312,17.5751,6
96,133,12.975,16.0382,3
96,305,3.28255,-1.07213,7
96,117,15.7783,-12.6259,5
96,349,12.975,16.0382,3
96,245,-0.424353,-23.2557,5
96,437,3.28255,-1.07213,7
96,165,3.28255,-1.07213,7
96,177,12.975,16.0382,3
96,41,-0.424353,-23.2557,5
96,237,3.28255,-1.07213,7
96,353,3.28255,-1.07213,7
96,53,3.28255,-1.07213,7
96,157,-0.424353,-23.2557,5
96,129,3.28255,-1.07213,7
96,261,3.28255,-1.07213,7
96,193,3.28255,-1.07213,7
96,141,3.28255,-1.07213,7
96,145,10.0177,10.8176,3
96,417,12.975,16.0382,3
96,249,3.28255,-1.07213,7
96,121,3.28255,-1.07213,7
96,25,3.28255,-1.07213,7
96,405,3.28255,-1.07213,7
96,137,3.28255,-1.07213,7
96,209,12.975,16.0382,3
96,393,3.28255,-1.07213,7
96,17,10.341,11.3994,3
96,345,3.28255,-1.07213,7
96,93,3.28255,-1.07213,7
96,377,-13.0313,-1.20638,2
96,85,3.28255,-1.07213,7
96,441,-0.424353,-23.2557,5
96,69,12.972,16.0331,3
96,77,12.975,16.0382,3
96,421,3.28255,-1.07213,7
96,29,4.44073,1.52338,7
96,73,12.975,16.0382,3
96,5,-0.424353,-23.2557,5
96,413,3.28255,-1.07213,7
96,265,12.4785,15.1701,3
96,273,12.975,16.0382,3
96,233,12.975,16.0382,3
96,33,-49,-1,4
97,409,2.09312,17.5751,6
97,77,12.975,16.0382,3
97,397,-13.0313,-1.20638,2
97,349,12.975,16.0382,3
97,81,12.1366,14.5588,3
97,93,3.28255,-1.07213,7
97,69,12.4869,15.1588,3
97,17,10.8336,12.2697,3
97,193,3.28255,-1.07213,7
97,261,3.28255,-1.07213,7
97,333,2.09312,17.5751,6
97,149,3.28255,-1.07213,7
97,325,3.28255,-1.07213,7
97,389,-13.0313,-1.20638,2
97,101,12.975,16.0382,3
97,377,-13.0313,-1.20638,2
97,217,12.975,16.0382,3
97,257,3.28255,-1.07213,7
97,309,-13.0313,-1.20638,2
97,33,-49,-1,4
97,401,3.28255,-1.07213,7
97,157,-0.424353,-23.2557,5
97,89,3.28255,-1.07213,7
97,293,12.975,16.0382,3
97,129,3.28255,-1.07213,7
97,41,-0.424353,-23.2557,5
97,341,-0.424353,-23.2557,5
97,113,12.975,16.0382,3
97,161,3.28255,-1.07213,7
97,109,4.55942,1.11546,7
97,177,12.975,16.0382,3
97,289,3.28255,-1.07213,7
97,189,12.975,16.0382,3
97,25,3.28255,-1.07213,7
97,393,3.28255,-1.07213,7
97,65,3.77136,-0.199779,7
97,241,-0.424353,-23.2557,5
97,357,-6.90103,11.7833,1
97,441,-0.424353,-23.2557,5
97,209,12.975,16.0382,3
97,285,3.28255,-1.07213,7
97,185,3.28255,-1.07213,7
97,429,-0.424353,-23.2557,5
97,413,3.28255,-1.07213,7
97,437,3.28255,-1.07213,7
97,273,12.975,16.0382,3
97,329,-0.424353,-23.2557,5
97,361,-13.0313,-1.20638,2
97,21,12.975,16.0382,3
97,145,10.511,11.6875,3
97,417,12.975,16.0382,3
97,225,12.975,16.0382,3
97,169,3.28255,-1.07213,7
97,173,3.28255,-1.07213,7
97,181,3.28255,-1.07213,7
97,9,12.975,16.0382,3
97,85,3.28255,-1.07213,7
97,265,11.8038,15.1359,3
97,29,4.07986,0.583445,7
97,369,-0.424353,-23.2557,5
97,305,3.28255,-1.07213,7
97,1,9.46014,9.82328,3
97,385,-0.424353,-23.2557,5
97,133,12.975,16.0382,3
97,405,3.28255,-1.07213,7
97,353,3.28255,-1.07213,7
97,337,12.975,16.0382,3
97,253,3.28255,-1.07213,7
97,317,3.28255,-1.07213,7
97,425,3.28255,-1.07213,7
97,313,-6.90103,11.7833,1
97,373,3.28255,-1.07213,7
97,97,3.28255,-1.07213,7
97,213,3.28255,-1.07213,7
97,13,12.312,14.8802,3
97,301,12.975,16.0382,3
97,121,3.28255,-1.07213,7
97,433,12.975,16.0382,3
97,5,-0.424353,-23.2557,5
97,117,15.7783,-12.6259,5
97,345,3.28255,-1.07213,7
97,45,3.28255,-1.07213,7
97,381,3.28255,-1.07213,7
97,165,3.28255,-1.07213,7
97,61,3.28255,-1.07213,7
97,53,3.28255,-1.07213,7
97,221,3.77543,-0.202036,7
97,269,3.77535,-0.201994,7
97,49,12.975,16.0382,3
97,245,-0.424353,-23.2557,5
97,141,3.77531,-0.201969,7
97,137,3.28255,-1.07213,7
97,277,3.28255,-1.07213,7
97,421,3.28255,-1.07213,7
97,237,3.28255,-1.07213,7
97,229,-13.0313,-1.20638,2
97,105,12.975,16.0382,3
97,197,12.975,16.0382,3
97,281,12.975,16.0382,3
97,201,12.975,16.0382,3
97,205,12.975,16.0382,3
97,445,12.975,16.0382,3
97,249,3.28255,-1.07213,7
97,233,12.975,16.0382,3
97,57,3.28255,-1.07213,7
97,73,12.975,16.0382,3
97,37,12.975,16.0382,3
97,321,3.28255,-1.07213,7
97,297,3.28255,-1.07213,7
97,125,3.28255,-1.07213,7
97,365,-13.0313,-1.20638,2
97,153,2.09312,17.5751,6
98,105,12.975,16.0382,3
98,81,11.8015,14.7206,3
98,261,3.28255,-1.07213,7
98,21,12.975,16.0382,3
98,205,12.975,16.0382,3
98,285,3.28255,-1.07213,7
98,405,3.28255,-1.07213,7
98,301,12.975,16.0382,3
98,145,11.9879,14.2987,3
98,265,12.4791,15.1633,3
98,233,12.975,16.0382,3
98,325,3.28255,-1.07213,7
98,189,12.975,16.0382,3
98,249,3.28255,-1.07213,7
98,433,12.975,16.0382,3
98,149,3.28255,-1.07213,7
98,181,3.28255,-1.07213,7
98,129,3.62153,-0.250815,7
98,141,4.23206,0.686627,7
98,305,3.28255,-1.07213,7
98,17,11.1824,14.2498,3
98,213,3.28255,-1.07213,7
98,365,-13.0313,-1.20638,2
98,13,12.596,15.7462,3
98,369,-0.424353,-23.2557,5
98,361,-13.0313,-1.20638,2
98,409,2.09312,17.5751,6
98,49,12.975,16.0382,3
98,45,3.28255,-1.07213,7
98,441,-0.424353,-23.2557,5
98,281,12.975,16.0382,3
98,401,3.28255,-1.07213,7
98,37,12.9722,16.0333,3
98,5,-0.424353,-23.2557,5
98,421,3.28255,-1.07213,7
98,309,-13.0313,-1.20638,2
98,253,3.28255,-1.07213,7
98,445,12.975,16.0382,3
98,185,3.51008,-1.77496,7
98,353,3.28255,-1.07213,7
98,241,-0.424353,-23.2557,5
98,437,3.28255,-1.07213,7
98,413,3.28255,-1.07213,7
98,165,3.28255,-1.07213,7
98,417,12.975,16.0382,3
98,229,-13.0313,-1.20638,2
98,121,3.28255,-1.07213,7
98,1,10.8645,12.4697,3
98,293,12.975,16.0382,3
98,321,3.28255,-1.07213,7
98,61,3.77303,-0.200685,7
98,341,-0.424353,-23.2557,5
98,77,12.975,16.0382,3
98,169,3.28255,-1.07213,7
98,53,3.47779,-1.04727,7
98,85,3.28255,-1.07213,7
98,133,12.975,16.0382,3
98,225,12.975,16.0382,3
98,57,3.28255,-1.07213,7
98,273,12.975,16.0382,3
98,329,-0.424353,-23.2557,5
98,345,3.28255,-1.07213,7
98,381,3.28255,-1.07213,7
98,221,3.28255,-1.07213,7
98,297,3.28255,-1.07213,7
98,29,4.60953,1.43311,7
98,313,-6.90103,11.7833,1
98,97,3.77535,-0.201993,7
98,69,12.975,16.0382,3
98,161,3.28255,-1.07213,7
98,337,12.975,16.0382,3
98,177,12.975,16.0382,3
98,429,-0.424353,-23.2557,5
98,117,15.7783,-12.6259,5
98,197,12.975,16.0382,3
98,193,3.28255,-1.07213,7
98,25,3.28255,-1.07213,7
98,101,12.975,16.0382,3
98,109,4.21082,0.209295,7
98,157,-0.424353,-23.2557,5
98,9,12.491,15.1632,3
98,137,3.28255,-1.07213,7
98,209,12.4813,15.1685,3
98,389,-13.0313,-1.20638,2
98,277,3.28255,-1.07213,7
98,41,-0.424353,-23.2557,5
98,269,3.28255,-1.07213,7
98,257,3.28255,-1.07213,7
98,393,3.28255,-1.07213,7
98,217,12.975,16.0382,3
98,333,2.09312,17.5751,6
98,349,12.975,16.0382,3
98,201,12.975,16.0382,3
98,357,-6.90103,11.7833,1
98,289,3.28255,-1.07213,7
98,65,3.28255,-1.07213,7
98,245,-0.424353,-23.2557,5
98,397,-13.0313,-1.20638,2
98,373,3.28255,-1.07213,7
98,317,3.28255,-1.07213,7
98,73,12.975,16.0382,3
98,89,3.28255,-1.07213,7
98,237,3.28255,-1.07213,7
98,377,-13.0313,-1.20638,2
98,125,3.28255,-1.07213,7
98,113,12.4681,15.1765,3
98,93,3.28255,-1.07213,7
98,425,3.28255,-1.07213,7
98,153,2.09312,17.5751,6
98,33,-49,-1,4
98,385,-0.424353,-23.2557,5
98,173,3.28255,-1.07213,7
99,213,3.28255,-1.07213,7
99,277,3.35267,-0.972344,7
99,289,3.28255,-1.07213,7
99,413,3.28255,-1.07213,7
99,309,-13.0313,-1.20638,2
99,393,3.28255,-1.07213,7
99,77,12.975,16.0382,3
99,229,-13.0313,-1.20638,2
99,233,12.975,16.0382,3
99,9,11.9945,14.2952,3
99,361,-13.0313,-1.20638,2
99,137,3.28255,-1.07213,7
99,425,3.28255,-1.07213,7
99,373,3.28255,-1.07213,7
99,317,3.28255,-1.07213,7
99,37,12.4818,15.1618,3
99,45,3.35267,-0.972344,7
99,285,3.28255,-1.07213,7
99,421,3.28255,-1.07213,7
99,149,3.28255,-1.07213,7
99,441,-0.424353,-23.2557,5
99,205,12.975,16.0382,3
99,253,3.28255,-1.07213,7
99,377,-13.0313,-1.20638,2
99,61,3.28255,-1.07213,7
99,241,-0.424353,-23.2557,5
99,369,-0.424353,-23.2557,5
99,225,12.975,16.0382,3
99,145,11.5145,13.4182,3
99,65,3.76599,-0.196805,7
99,293,12.975,16.0382,3
99,117,15.7783,-12.6259,5
99,33,-49,-1,4
99,121,3.28255,-1.07213,7
99,249,3.28255,-1.07213,7
99,141,4.73817,1.54926,7
99,17,12.6975,15.5522,3
99,305,3.28255,-1.07213,7
99,261,3.28255,-1.07213,7
99,269,3.76884,-0.198418,7
99,337,12.975,16.0382,3
99,409,2.09312,17.5751,6
99,429,-0.424353,-23.2557,5
99,221,3.28255,-1.07213,7
99,265,11.9506,14.3157,3
99,97,3.28255,-1.07213,7
99,381,3.28255,-1.07213,7
99,101,12.975,16.0382,3
99,313,-6.90103,11.7833,1
99,85,3.28255,-1.07213,7
99,49,12.975,16.0382,3
99,273,12.975,16.0382,3
99,25,3.28255,-1.07213,7
99,325,3.28255,-1.07213,7
99,365,-13.0313,-1.20638,2
99,445,12.975,16.0382,3
99,153,2.09312,17.5751,6
99,397,-13.0313,-1.20638,2
99,357,-6.90103,11.7833,1
99,181,3.28255,-1.07213,7
99,105,12.975,16.0382,3
99,353,3.28255,-1.07213,7
99,417,12.975,16.0382,3
99,133,12.975,16.0382,3
99,257,3.28255,-1.07213,7
99,297,3.28255,-1.07213,7
99,433,12.975,16.0382,3
99,245,-0.424353,-23.2557,5
99,41,-0.424353,-23.2557,5
99,173,3.28255,-1.07213,7
99,333,2.09312,17.5751,6
99,89,3.36885,-0.957067,7
99,329,-0.424353,-23.2557,5
99,81,12.5268,15.4404,3
99,113,12.975,16.0382,3
99,93,3.28255,-1.07213,7
99,5,-0.424353,-23.2557,5
99,1,10.3901,11.5891,3
99,401,3.28255,-1.07213,7
99,341,-0.424353,-23.2557,5
99,21,12.975,16.0382,3
99,157,-0.424353,-23.2557,5
99,129,3.28255,-1.07213,7
99,53,3.28255,-1.07213,7
99,321,3.28255,-1.07213,7
99,13,11.9763,15.0397,3
99,281,12.975,16.0382,3
99,385,-0.424353,-23.2557,5
99,185,3.7319,-2.45709,7
99,73,12.975,16.0382,3
99,345,3.28255,-1.07213,7
99,209,12.6984,15.5517,3
99,301,12.975,16.0382,3
99,437,3.28255,-1.07213,7
99,189,12.975,16.0382,3
99,69,12.4821,15.1681,3
99,109,3.28255,-1.07213,7
99,193,3.28255,-1.07213,7
99,217,12.975,16.0382,3
99,177,12.975,16.0382,3
99,57,3.28255,-1.07213,7
99,125,3.81845,-0.234417,7
99,405,3.28255,-1.07213,7
99,165,3.28255,-1.07213,7
99,237,3.28255,-1.07213,7
99,169,3.28255,-1.07213,7
99,389,-13.0313,-1.20638,2
99,349,12.975,16.0382,3
99,201,12.975,16.0382,3
99,161,3.28255,-1.07213,7
99,197,12.975,16.0382,3
99,29,5.12355,2.29132,7
